# name	lat	lon	ele	kind	sitelinks	wikidata
جبال لبنان الغربية	34.00000	36.50000		peak	62	Q243276
القرنة السوداء	34.30128	36.11513	3088	peak	31	Q311330
Όλυμπος	34.93661	32.86495	1952	peak	43	Q819979
Αφέντης Χριστός	35.09280	25.47120	2141	peak	6	Q11849857
Βoυβaλa	35.11857	24.64087	947	peak	4	Q24889123
Σπαθί	35.11806	25.49723	2148	peak	4	Q1851640
Καψᾶς	35.13225	25.87778	997	peak	5	Q25054208
Σιδέρωτας	35.15019	24.57551	1177	peak	3	Q24921142
Κέντρος	35.18255	24.61785	1777	peak	15	Q3559973
Σάμιτος	35.21085	24.66018	1013	peak	4	Q24924223
Mont Gourougou ⴰⴷⵔⴰⵔ ⴻⵏ ⴳⵓⵔⴳⵓ جبل كوروكو	35.22068	-2.99735	890	peak	11	Q3111756
Καρφί	35.21796	25.47147	1148	peak	14	Q1734354
Κρυονερίτης	35.23196	24.32807	1310	peak	4	Q25020821
Σωρός	35.22754	24.56219	1152	peak	4	Q24913827
Ψηλορείτης	35.22631	24.77080	2456	peak	41	Q83659
Όρος Παναγία	35.23120	25.72905	215	peak	14	Q1485229
Γιούχτας	35.23992	25.14400	811	peak	14	Q3321879
Βολακιάς	35.28807	23.92773	2117	peak	3	Q24882320
Πάχνες	35.29193	24.03211	2453	peak	9	Q2527686
Βρύσινας	35.31102	24.49693	857	peak	9	Q7943207
Djebel Chélia	35.31842	6.63674	2326	peak	16	Q4115846
Selvili Tepe	35.31920	33.16209	1023	peak	16	Q6578056
Τουρλή	35.33250	23.86680	1454	peak	3	Q24888085
Στρούμπουλας	35.33575	25.00210	790	peak	5	Q30626384
العرين	35.37807	36.89829		peak	7	Q21743351
خان شيخون	35.44355	36.64642		peak	31	Q603516
Jbel Dersa جبل درسة	35.59657	-5.38935	549	peak	5	Q12204829
Mont Murdjadjo	35.70890	-0.66743	429	peak	7	Q687029
جبل الزاوية	35.73324	36.69972		peak	10	Q8067497
مائدة يوغرطة	35.74389	8.38019	1271	peak	17	Q2391544
تل حمكي	35.74897	36.39088		peak	7	Q21743357
Filfla	35.78722	14.41054	60	peak	48	Q743970
تل طوقان	35.82601	36.95694		peak	6	Q7697524
Ta’ Dmejrek	35.84570	14.39701	253	peak	29	Q1850604
Jbel Mousa جبل موسى	35.89895	-5.41296	839	peak	30	Q1026739
Monte Hacho	35.89693	-5.28674	204	peak	28	Q1130287
Kel Dağı	35.95203	35.96916	1717	peak	18	Q383473
Ta’ Dbieġi	36.05191	14.21322	193	peak	6	Q20922960
Il-Gelmus	36.04804	14.23335	147	peak	4	Q20922726
جبل برقو	36.05958	9.60849	1268	peak	10	Q3032823
Għolja Tas-Salvatur	36.06652	14.25439	86	peak	4	Q20922742
Rock of Gibraltar	36.12857	-5.34441	426	peak	46	Q690347
Ακραμίτης	36.15887	27.76323	825	peak	5	Q420744
Musa Dağı	36.18382	35.93355	1355	peak	20	Q1953975
Habib-i Neccar Dağı	36.19931	36.17893	501	peak	4	Q7515566
Αττάβυρος	36.20997	27.86444	1213	peak	18	Q757912
Ξανθό	36.27205	27.93285	792	peak	6	Q2112070
Mont Zaccar	36.33109	2.21337	1585	peak	6	Q2423720
Djebel Zaghouan	36.35192	10.11215	1295	peak	13	Q3032859
Μέσα Βουνό	36.36350	25.47815	365	peak	5	Q16523339
Προφήτης Ηλίας	36.36809	25.46372	567	peak	7	Q15104260
Maouna	36.37860	7.37928	1300	peak	5	Q476281
Koudiat Sidi Abdelkader	36.40303	2.83736	1629	peak	3	Q3199245
Σαντορίνη	36.40443	25.39586	134	peak	31	Q2071883
Φιλέρημος	36.39934	28.14485	266	peak	8	Q1412642
Chréa	36.43050	2.88620	1500	peak	17	Q959927
Tamguṭ	36.44756	4.22835	2308	peak	18	Q3216533
Tizi n Kulal	36.47372	4.23597		pass	3	Q23807096
Belen Geçidi	36.48129	36.22529	660	pass	11	Q2890848
Aljibe	36.51022	-5.60788	1092	peak	3	Q23988828
Κολούμπο	36.51703	25.49396	-18	peak	23	Q1513696
Babadağ	36.53033	29.18094	1969	peak	13	Q4837427
Tahtalı Dağı	36.53629	30.44218	2366	peak	17	Q2388359
جبل الرصاص	36.60579	10.33612	795	peak	12	Q3032847
Torrecilla	36.67595	-4.99622	1919	peak	11	Q6150741
Navazo Alto	36.69827	-5.40019	1395	peak	3	Q9049010
جبل بوقرنين	36.70503	10.33339	576	peak	14	Q3032830
Monte Gibralfaro	36.72352	-4.41056	130	peak	17	Q3751086
Monte Sancha	36.72389	-4.40264	111	peak	4	Q5406836
Cerro del Simancón	36.73479	-5.38189	1566	peak	3	Q5646224
Reloj	36.73470	-5.37707	1535	peak	3	Q6075139
Monte Victoria	36.73145	-4.40676	194	peak	3	Q8538787
Monte Coronado	36.74124	-4.44247	217	peak	3	Q6022380
Puerto del Boyar	36.75554	-5.39463	1105	pass	3	Q7258845
Sierra Prieta	36.76899	-4.87984	1519	peak	4	Q23982959
Blanquilla	36.77606	-5.03679	1428	peak	5	Q23987913
El Fraile	36.78232	-2.08094	493	peak	7	Q6409435
Sierra de Gibalbín	36.83184	-5.95608	410	peak	5	Q6127758
Δίκαιος	36.83436	27.20701	846	peak	3	Q26398315
Davudi Dağı	36.82780	35.63802	518	peak	3	Q31526354
Navachica	36.84178	-3.81512	1831	peak	4	Q23982091
Cerro de los Lobos	36.84154	-2.00303	265	peak	3	Q5763097
Sierra de Aguas	36.86014	-4.76806	938	peak	4	Q6127632
Maroma	36.90279	-4.04548	2069	peak	8	Q1540798
Morrón de la Lagunilla	36.90304	-2.82707	2249	peak	3	Q6024445
Piorno	36.91068	-2.65919	1444	peak	3	Q23982819
Monte Racello	36.97151	14.66300	541	peak	3	Q678160
Monte Raci	36.97424	14.67034	611	peak	3	Q678160
Terril	36.99883	-5.17319	1128	peak	5	Q23978837
Colativí	36.99524	-2.30130	1387	peak	3	Q5549745
Ταΰγετος	37.00026	22.29919	1500	peak	42	Q515809
Cerro del Caballo	37.01192	-3.43978	3011	peak	5	Q7191025
Monte Arcibessi	37.03083	14.71623	903	peak	5	Q3861200
Ζας (ή Ζεύς)	37.03042	25.50230	1001	peak	6	Q26831020
Pico de Mulhacén	37.05338	-3.31156	3479	peak	52	Q209528
Pico del Veleta	37.05602	-3.36569	3396	peak	26	Q1420262
Peña de los Enamorados	37.06798	-4.49020	878	peak	15	Q1983409
La Alcazaba	37.06787	-3.30116	3369	peak	13	Q2096768
Chullo	37.09499	-3.00006	2612	peak	4	Q5768477
Cerro del Almirez	37.08896	-2.91016	2514	peak	5	Q23988870
Serra Casale	37.09712	14.82068	910	peak	7	Q3957960
جبل إشكل	37.12465	9.65322	511	peak	6	Q12204708
Monte Lauro	37.11700	14.81959	985	peak	11	Q1059942
Banco Graham - ex Isola Ferdinandea	37.16638	12.71660	-7	peak	32	Q833975
Monte Grande	37.19833	13.68051	264	peak	3	Q3861607
Calar Alto	37.22159	-2.54871	2168	peak	8	Q3650066
Calar Alto	37.22340	-2.54625	2163	peak	8	Q3650066
Tetica de Bacares	37.25258	-2.41299	2080	peak	5	Q6143604
Monte Formaggio	37.27198	14.26522	638	peak	3	Q3861550
Monte della Ganzaria	37.26701	14.44200	762	peak	3	Q3861071
Gülek Boğazı	37.28539	34.78589	1050	pass	33	Q128884
Fóia	37.31560	-8.59644	902	peak	12	Q913368
Τσεμπερού	37.34834	22.25001	1233	peak	6	Q7849519
Aydos Dağı	37.34536	34.35932	3433	peak	3	Q6014888
Düldül Dağı	37.34848	36.51561	2448	peak	3	Q6013357
Cozzo Busune	37.37515	13.53071	312	peak	6	Q1438307
Κύνθος	37.39479	25.27362	112	peak	16	Q285086
Medetsiz Dağı	37.39313	34.63087	3524	peak	8	Q30621465
Λύκαιο	37.45631	21.97253	1421	peak	19	Q1878690
Ζάβιτσα	37.45930	22.70396	974	peak	7	Q24881175
Μίνθη	37.47288	21.86389	1344	peak	8	Q3561330
Monte Iudica	37.50452	14.63846	765	peak	4	Q3861645
Monte San Calogero	37.51897	13.11438	370	peak	6	Q3861951
Kızılhisar Dağı	37.51541	29.21764	2239	peak	3	Q1797546
Ορθολίθι	37.52917	23.24722	1080	peak	5	Q16328394
Cerro Jabalcón	37.57085	-2.81665	1492	peak	14	Q3750768
Εξώμβουργο	37.57754	25.16786	641	peak	8	Q3560397
Cabezo de la Fuente	37.60349	-0.77128	336	peak	3	Q11910446
Monte Cammarata	37.61946	13.60760	1578	peak	6	Q17636611
Monti Rossi	37.61927	15.01103	949	peak	5	Q3862456
Αρτεμίσιο	37.61978	22.51488	1750	peak	9	Q16331587
Cabezo Beaza	37.62844	-0.95604	158	peak	5	Q5738128
Κρόνιος λόφος	37.64085	21.63110	150	peak	8	Q1250184
Αραχναίο	37.64138	22.97056	1150	peak	7	Q17521327
Monte Rose	37.65286	13.41772	1436	peak	5	Q1470226
Madranbaba Dağı	37.64616	28.24265	1792	peak	8	Q1771677
Kolsuz Geçidi	37.65234	34.53308	1490	pass	4	Q6427900
Monte Altesinella	37.66256	14.28866	1041	peak	4	Q12954324
Monte Ilice	37.66467	15.08171	911	peak	3	Q3861632
Honaz Dağı	37.67847	29.28486	2527	peak	17	Q611484
Monte Genuardo	37.68958	13.17490	1180	peak	3	Q20706389
Meke Gölü	37.68550	33.64031	981	peak	6	Q6065286
Monte dei Cavalli	37.70196	13.43706	1004	peak	4	Q18747368
Monte Zoccolaro	37.71446	15.05639	1739	peak	4	Q3862136
Karacadağ	37.71143	39.82905	1957	peak	21	Q187946
Mágina	37.72600	-3.46410	2165	peak	9	Q3818022
Κέρκης	37.72637	26.62206	1443	peak	13	Q1367959
Monte Barracù	37.74523	13.32979	1420	peak	3	Q18747317
Etna	37.75103	14.99403	3403	peak	125	Q16990
Davraz Dağı	37.75458	30.72514	2637	peak	13	Q6920390
Cabezo Gordo	37.80160	-0.90807	312	peak	4	Q5738133
Kızılkaya	37.79681	35.15573	3771	peak	6	Q19611707
Cabañas	37.81173	-2.95542	2026	peak	5	Q5737959
Ολίγυρτος	37.80656	22.38676	1935	peak	10	Q7086865
Monte Roccelto	37.83591	13.79831	1146	peak	3	Q3862024
Demirkazık	37.83890	35.14810	3756	peak	18	Q3022142
Isola Bella	37.85016	15.30069		peak	12	Q642924
Rocca Busambra	37.85571	13.39438	1613	peak	12	Q1772490
Koyunoluk Dağı	37.85710	36.58077	2359	peak	3	Q31512648
Monte Mufara	37.86832	14.02062	1865	peak	3	Q12954336
Munti Castedda	37.88361	14.39967	1566	peak	3	Q3861420
Pizzo Carbonara	37.89412	14.02519	1979	peak	14	Q965689
Pizzo Fau	37.90582	14.52367	1686	peak	4	Q318899
Monte Soro	37.93210	14.69497	1847	peak	7	Q3862034
Monte San Calogero	37.94429	13.73369	1329	peak	5	Q3861950
Montagna Grande	37.93659	15.19145	1376	peak	4	Q3861070
Κυλλήνη	37.93905	22.39583	2374	peak	26	Q1232572
Ηφαίστειο Σουσάκι	37.93717	23.08705	108	peak	7	Q7565236
Καστέλλα	37.94065	23.65589	96	peak	14	Q1611219
La Sagra	37.95006	-2.56538	2386	peak	8	Q8538308
Cabezo del Corral de Nogueras	37.95274	-1.50811	584	peak	4	Q25409793
Monte Bonifato	37.95455	12.96437	825	peak	6	Q3861244
Beşparmak Dağı	37.95220	29.61711		peak	3	Q854645
Ayasluğ	37.95549	27.36808	63	peak	5	Q6101813
Monte Jato	37.96778	13.19555	852	peak	3	Q1167158
Λόφος Φιλοπάππου	37.96756	23.72212	147	peak	9	Q2088161
Άρειος Πάγος	37.97241	23.72310	102	peak	56	Q202487
Αρδηττός	37.96763	23.73984	133	peak	5	Q12873973
Portella Ginestra	37.97634	13.25540	857	pass	3	Q17622248
Λυκαβηττός	37.98187	23.74324	277	peak	38	Q1357713
Nemrut Dağı	37.98076	38.74084	2150	peak	61	Q207917
Monte Pizzuta - Mali Picuta	37.99247	13.26225	1333	peak	5	Q3861851
Monte Inici	38.00112	12.85904	1064	peak	6	Q3861633
Rocca Novara	37.99504	15.14637	1340	peak	6	Q2160142
Las Banderillas	38.01366	-2.78376	1993	peak	5	Q6492067
Rocche del Crasto	38.01338	14.74000	1313	peak	3	Q3939523
Pizzo di Vernà	38.01077	15.24078	1288	peak	4	Q18603071
Monte San Fratello	38.03333	14.59653	711	peak	4	Q3861955
Monte Erice	38.03529	12.59214	751	peak	10	Q3861524
Gallesion	38.04558	27.39396	764	peak	4	Q112450928
Monte Sparagio	38.05555	12.77567	1111	peak	4	Q3862031
Monte Scuderi	38.06398	15.40128	1253	peak	5	Q3861999
Monte Grifone	38.06626	13.39224	832	peak	4	Q3861613
Πυργάρι	38.08144	23.88271	1109	peak	31	Q1125206
Σκεπαστό	38.08808	22.06437	1570	peak	4	Q24921318
Güresentepe	38.11447	34.60925		pass	3	Q6013616
Montagna Longa	38.12159	13.14900	935	peak	4	Q3861066
Monte Cuccio	38.11501	13.26551	1050	peak	4	Q3861501
Hasan Dağı	38.12653	34.16511	3256	peak	37	Q1302768
Ρούσκιο	38.14389	22.11500	1457	peak	3	Q24993046
Κλωκός	38.15028	22.05112	1778	peak	3	Q25023171
Montalto	38.15858	15.91995	1956	peak	5	Q3861112
Μπαρμπάς	38.15953	21.96365	1613	peak	5	Q6919611
Monte Monaco	38.16708	12.75695	532	peak	3	Q3861753
Monte Pellegrino	38.16611	13.35380	594	peak	17	Q731916
Göllü Dağ	38.25466	34.54460	2172	peak	15	Q1559343
Καλόν Όρος	38.33583	20.57667	863	peak	4	Q6354242
Monte Sant'Elia	38.34653	15.84075	582	peak	4	Q3861978
Lloma dels Galls	38.35933	-0.51374	110	peak	3	Q73716979
Serra Grossa	38.35888	-0.45900	177	peak	7	Q8538974
Βαράσοβα	38.36251	21.59252	917	peak	12	Q3561875
Κλόκοβα	38.36221	21.68237	1037	peak	10	Q12879148
Passo della Limina	38.39303	16.18835	820	pass	4	Q3897398
Kamışlık Dağı	38.39085	39.08666	2012	peak	3	Q31519572
Vulcano	38.40442	14.96180	212	peak	12	Q1648022
Νήριτο	38.41695	20.66555	809	peak	3	Q25016169
Vulcanello	38.42676	14.96421	120	peak	7	Q1321161
Monte Mammicomito	38.46078	16.42486	1047	peak	4	Q3861721
Monte Stella	38.46627	16.44125	832	peak	9	Q724206
Monte Consolino	38.47938	16.46192	701	peak	9	Q765929
Ψηλή Κορυφή	38.47840	23.86423	1171	peak	8	Q8525023
el Maigmó	38.50188	-0.63129	1296	peak	3	Q8538033
Çatal Dağı	38.49549	33.01227	1000	peak	36	Q1127771
Monte Pecoraro	38.52485	16.34530	1423	peak	8	Q725715
Cabeçó d'Or	38.52775	-0.39529	1210	peak	6	Q1024813
Tossal de la Cala	38.52504	-0.16154	101	peak	5	Q6151066
Yamanlar Dağı	38.53460	27.18698	1076	peak	12	Q962205
Erciyes Dağı	38.53195	35.44895	3917	peak	49	Q126804
Erciyes Dağı	38.53274	35.45022	3916	peak	49	Q126804
Acıgöl-Nevşehir	38.54065	34.61728	1689	peak	9	Q345086
Monte Fossa delle Felci	38.55683	14.84570	962	peak	5	Q3322534
Monte dei Porri	38.56534	14.81575	858	peak	4	Q3322583
Spil Dağı	38.56698	27.45484	1493	peak	24	Q532698
Kula	38.57622	28.54856		peak	9	Q4175805
Port de la Carrasqueta	38.60426	-0.48600	1022	pass	3	Q2104795
el Puigcampana	38.59722	-0.19307	1408	peak	11	Q6746532
Monte Poro	38.60363	15.91044	710	peak	3	Q3861861
Χλωμό	38.59944	23.00251	1100	peak	8	Q5102897
Penyal d'Ifac	38.63496	0.07446	332	peak	19	Q657937
Δίρφη	38.62660	23.84102	1743	peak	18	Q5280742
Serra de Toix	38.63530	0.01385	338	peak	3	Q23979001
Ekecek Dağı	38.64221	34.04249	2125	peak	3	Q31524766
Κόρακας	38.68108	22.14427	2495	peak	18	Q1244234
Κοκκινιάς	38.69874	21.88289	1800	peak	3	Q16330597
Καντήλιο	38.69928	23.43532	1246	peak	6	Q3561932
Montcabrer	38.75785	-0.48784	1390	peak	6	Q8538196
Ψηλή Κορυφή	38.75806	20.99435	1588	peak	3	Q24992996
Stromboli	38.79303	15.21085	926	peak	85	Q131148
el Capurutxo	38.80353	-0.89880	901	peak	3	Q24021625
Καλιακούδα	38.79604	21.75897	2099	peak	8	Q12878662
Λόφος του Κολωνού	38.79577	22.53715	9	peak	3	Q16858451
Sardinhas	38.83243	-9.22982	331	peak	3	Q31796788
Γουλινάς	38.86179	22.07605	1398	peak	3	Q25069840
Ξηρόν Όρος	38.86305	23.31189	990	peak	3	Q24882475
Talaia de Sant Josep	38.91321	1.27581	463	peak	14	Q648438
Cerro Masatrigo	38.93350	-5.20760	528	peak	6	Q23984079
Murat Dağı	38.93303	29.70974	2312	peak	8	Q649261
Τυμφρηστός	38.94387	21.82415	2313	peak	19	Q391510
el Mondúver	39.00909	-0.26658	843	peak	6	Q8538291
Monte Reventino	39.04034	16.30972	1417	peak	4	Q3933920
Όλυμπος	39.07244	26.35343	967	peak	6	Q12872594
Monte Femminamorta	39.10838	16.66617	1723	peak	3	Q3861538
Monte Gariglione	39.13668	16.64207	1765	peak	3	Q3861569
Monte Is Caravius	39.14861	8.82632	1113	peak	4	Q3861641
Monti Latias	39.14762	8.83765	1086	peak	3	Q3861666
Alter Pedroso	39.18912	-7.62276	413	peak	4	Q5049747
Monte Arcosu	39.19486	8.85681	948	peak	6	Q3861199
Monte Cocuzzo	39.21860	16.13305	1541	peak	7	Q2840768
Marsili	39.26122	14.39626	-450	peak	20	Q1572574
Monte Botte Donato	39.28327	16.45194	1928	peak	7	Q3861251
Cuccuru Matta Masonis	39.28968	9.14261	102	peak	3	Q8545616
Monte Ferru	39.30373	9.60279	300	peak	3	Q1945828
São Mamede	39.31349	-7.36055	1027	peak	8	Q2273942
Καράβα (Αγράφων)	39.31170	21.55746	2184	peak	6	Q24921337
Monte Volpintesta	39.32406	16.57829	1729	peak	3	Q3862128
Punta Serpeddi	39.36678	9.29676	1069	peak	3	Q21183685
Monte Pettinascura	39.37169	16.61509	1689	peak	3	Q3861834
Πήλιο	39.36509	23.13556		peak	35	Q1334825
Ξεροβούνι	39.39373	20.99268	1660	peak	12	Q3555829
Puig de sa Talaia	39.40979	3.20588	192	peak	3	Q19368190
Χατζή	39.41045	21.32447	2038	peak	5	Q25069912
Cerro da Velha	39.41927	-9.49753	47	peak	3	Q8344264
Türkmendağı	39.43131	30.38645	1833	peak	5	Q6033528
Punta Perda de Sa Mesa	39.44817	8.61762	1236	peak	10	Q3861687
Villuercas	39.46945	-5.40267	1595	peak	9	Q6075060
Γκορίλας	39.47293	20.54736	1658	peak	4	Q16328220
Palinuro	39.48130	14.82287		peak	6	Q12647181
Αβγό	39.48952	21.38353	2138	peak	7	Q8054153
Puig de ses Bruixes	39.51964	2.89606	352	peak	4	Q11943718
Puig de Randa	39.52709	2.92484	540	peak	10	Q1502386
Κακαρδίτσα	39.52721	21.20056	2429	peak	5	Q16737702
Puig de Bonany	39.59153	3.08385	316	peak	3	Q9064656
Monte Arcuentu	39.59769	8.54641	781	peak	8	Q3861194
Mola de s'Esclop	39.62536	2.44609	928	peak	5	Q9034195
Puig de Galatzó	39.63393	2.48667	1027	peak	6	Q8538539
Passo dello Scalone	39.62951	15.93864	744	pass	3	Q3897421
Fita del Ram	39.64975	2.55189	832	peak	3	Q11922142
Mola de Segart	39.67146	-0.38068	565	peak	5	Q11937202
Puig de sa Gúbia	39.69727	2.67402	609	peak	3	Q11930544
Kazdağı	39.70441	26.82919	1774	peak	36	Q1127771
puig des Racó	39.71119	3.38922	386	peak	3	Q26268611
Μιτσικέλι	39.71348	20.90415	1810	peak	11	Q752012
Πυξάρι	39.71349	21.62236	408	peak	3	Q112220771
Αγιά (Αϊά)	39.71168	21.62442	630	peak	3	Q112893524
Αδράχτι	39.71340	21.62624	474	peak	3	Q112280159
Άλτσος / Άλσος	39.71373	21.63004	620	peak	3	Q112220769
Bec de Ferrutx	39.71765	3.28557	523	peak	3	Q1293619
Μόδι	39.71582	21.62969	547	peak	3	Q112220770
Puig des Teix	39.73130	2.66136	1064	peak	5	Q1755316
Puig d'Alaró	39.73254	2.79391	821	peak	3	Q18006001
Monte Ferru	39.73238	9.62913	875	peak	4	Q1945835
Puig de s'Alcadena	39.73720	2.81404	817	peak	3	Q11943490
sa Galera	39.75030	2.66695	908	peak	3	Q17616155
Puig des Coll des Jou	39.74862	2.74755	1052	peak	3	Q11943762
Puig de Sant Miquel	39.74853	2.80977	661	peak	5	Q29882982
Παντοκράτωρ	39.74806	19.87208	906	peak	17	Q333229
Puig des Moro	39.75875	2.67440	785	peak	4	Q9064660
Puig de l'Ofre	39.76337	2.76703	1091	peak	8	Q1652824
Monte Santa Vittoria	39.75804	9.30532	1209	peak	3	Q3861980
Puig de na Franquesa	39.76884	2.77599	1067	peak	3	Q11938297
Puig de sa Rateta S	39.77136	2.78314	1085	peak	5	Q11943703
Puig dels Tossals Verds	39.78415	2.82039	1118	peak	6	Q18006003
Μουργκάνα	39.78674	20.38460	1806	peak	11	Q258996
puig de la Bassa	39.79975	2.73886	819	peak	5	Q9072406
Penyal des Migdia	39.80206	2.78402	1398	peak	6	Q11698795
Puig de ses Bassetes	39.79943	2.84376	1212	peak	3	Q18005997
Puig de n'Alí	39.79816	2.87410	1035	peak	3	Q11943744
Monte Tisiddu	39.80089	9.49965		peak	3	Q3862069
Αυχένας Κατάρας	39.79664	21.22905	1690	pass	5	Q6375129
Όσσα-Κίσσαβος	39.79571	22.68516	1978	peak	32	Q1471677
Puig de Bàlitx	39.81144	2.72027	580	peak	4	Q18005992
Puig Major	39.80721	2.79409	1436	peak	23	Q587189
Puig de ses Vinyes	39.80604	2.80928	1106	peak	4	Q11943746
Puig de Massanella	39.80604	2.85295	1365	peak	15	Q638628
Puig d'en Galileu	39.81343	2.86442	1195	peak	5	Q16623261
muntanya de Moncaire	39.81721	2.76347	859	peak	3	Q11937914
Puig Tomir	39.84320	2.92572	1104	peak	9	Q1164350
Ημεροβίγλι	39.84384	19.38717	393	peak	7	Q38186305
Puig Roig	39.86067	2.86050	1003	peak	4	Q11943443
Kızıldağ Geçidi	39.85998	38.42786	2163	pass	5	Q6454841
Talaia d'Alcúdia	39.86607	3.17364	446	peak	4	Q11950805
La Salada	39.89301	-0.80712	1586	peak	3	Q6117109
Serra Dolcedorme	39.89437	16.21575	2267	peak	8	Q3957956
Perda e Liana	39.90938	9.41122	1293	peak	4	Q3861829
Monte Pollino	39.90764	16.18849	2248	peak	7	Q3861856
Serra del Prete	39.91979	16.15847	2181	peak	5	Q3957966
Monte Sparviere	39.91938	16.36040	1713	peak	3	Q3862028
Πυροστιά	39.91775	21.17471	1967	peak	3	Q24997411
Αυγό	39.92526	21.09577	2177	peak	3	Q25162432
Qafa Muzinës	39.94011	20.22323	572	pass	5	Q2121346
Serra di Castrocucco	39.95068	15.75039		peak	3	Q3957970
Hüseyingazi Zirvesi	39.94628	32.96216	1406	peak	3	Q108538343
Βουνάσα	39.95523	21.77570	1580	peak	5	Q24882354
El Toro	39.98508	4.11309	362	peak	9	Q474901
Perda Cràpias/Punta La Marmora	39.98786	9.32460	1833	peak	25	Q385753
Bruncu Spina	40.01601	9.30192	1828	peak	5	Q3645560
Rabaçal	40.03038	-8.50045	532	peak	3	Q10370500
Βασιλίτσα	40.03491	21.07869	2248	peak	11	Q3659498
Pico del Buitre	40.04172	-1.01621	1956	pass	7	Q21482490
Τραπεζίτσα	40.04428	20.80258	2024	peak	6	Q25122863
Monte Coccovello	40.04825	15.71768	1511	peak	5	Q3861460
El Gavilán	40.07189	-1.11081	1751	peak	5	Q48781858
Monte Spada	40.06818	9.29369	1595	peak	5	Q3862027
Arcu Correboi	40.07471	9.35936	1246	pass	3	Q3897432
Monte Bulgheria	40.06977	15.43107	1224	peak	8	Q851796
Uludağ	40.07053	29.22201	2543	peak	38	Q925688
Gardunha	40.08059	-7.52501	1227	peak	10	Q3028369
Alto de las Barracas	40.07735	-1.09068	1838	peak	5	Q8344234
Kösedağ	40.07733	37.97172	2808	peak	3	Q122875832
Σμόλικας	40.08897	20.92515	2631	peak	35	Q139362
Μύτικας	40.08624	22.35855	2918	peak	11	Q545768
Javalambre	40.09700	-1.02476	2018	peak	16	Q3500432
Monte Alpi (Cima Pizzo Falcone)	40.12126	15.97442	1900	peak	8	Q3861183
Maja e Drites	40.12406	20.43256	2482	peak	8	Q8528315
Αστραποκαμένο	40.11572	23.84283	808	peak	3	Q25155073
Port del Rebolcador	40.14108	-0.35023	988	pass	3	Q11942412
Monte Entu	40.14309	8.60084	1027	peak	3	Q24934838
Monte Urtigu	40.14385	8.60774	1052	peak	5	Q16579704
Cruz de los tres Reinos	40.14519	-1.44886	1558	peak	5	Q8351969
Tekeli Dağı	40.14762	37.46233	2624	peak	3	Q6076389
Άθως	40.15842	24.32726	2033	peak	87	Q130321
Αντιάθωνας	40.18760	24.29247	1042	peak	4	Q25154887
Monte Raparo	40.20193	15.97805	1764	peak	4	Q31615606
Monte Calvario	40.19503	16.42318	777	peak	4	Q3861283
Qafa e Llogarasë	40.19819	19.59241	1027	pass	15	Q1747237
Maja Çikës	40.19815	19.63973	2045	peak	20	Q1886014
Maja e Dhembelit	40.19968	20.31320	2050	peak	8	Q14933109
São Pedro de Açor	40.21559	-7.81803	1342	peak	7	Q10370452
Covacha	40.21666	-5.59881	2395	peak	3	Q5407208
Penyagolosa	40.22276	-0.34974	1815	peak	13	Q3571460
Monte Gelbison	40.21668	15.33587	1705	peak	8	Q1635935
Monte Gonare	40.22757	9.20278	1083	peak	5	Q3861595
Jálama	40.23869	-6.75555	1492	peak	10	Q5957272
Monte Corrasi	40.24285	9.43141	1463	peak	7	Q21183692
Monte Stella	40.23778	15.06694	1131	peak	5	Q1945938
Pico Almanzor	40.24603	-5.29748	2592	peak	30	Q203353
Morezón	40.24980	-5.26850	2389	peak	3	Q6024140
La Galana	40.25625	-5.29947	2572	peak	3	Q6075002
La Mira	40.25992	-5.18253	2341	peak	8	Q3612390
Mogote del Cervunal	40.27301	-5.29374	2426	peak	4	Q5738043
Monte Tului	40.26583	9.59063	917	peak	3	Q29650012
Monte Cervati	40.28490	15.48365	1899	peak	12	Q1139820
Calvitero	40.29213	-5.74083	2399	peak	4	Q8255935
Peñon del Mediodía	40.28714	-5.13639	2218	peak	3	Q6074043
Monte Bardia	40.28776	9.60165	882	peak	3	Q3861212
Maja Këndrevcës	40.28658	19.85016	2122	peak	6	Q8536495
Canchal de la Ceja	40.30453	-5.72894	2427	peak	7	Q5747046
Monte Santu Padre	40.29793	8.84000	1025	peak	6	Q3861982
El Cabezo	40.31157	-4.89552	2191	peak	84	Q55288
Cerro de Buenavista	40.30500	-3.75679	703	peak	3	Q8344230
Cerro de los Ángeles	40.30843	-3.68447	670	peak	18	Q3314909
Estrela	40.32188	-7.61293	1993	peak	17	Q2746237
Puerto del Pico	40.32210	-5.01404	1391	pass	4	Q6092513
Torozo	40.31772	-4.98663	2021	peak	3	Q6149963
Monte Ortobene	40.32205	9.36880	955	peak	12	Q1945886
Punta Palai	40.33880	8.91904	1200	peak	4	Q3925699
(Γράμμος/Gramoz)	40.35586	20.77639	2475	peak	28	Q1285400
Monte Tuttavista	40.37926	9.63434	806	peak	5	Q21357528
Cerro Almodóvar	40.38627	-3.59796	726	peak	4	Q24003581
Peñarroya	40.39017	-0.66531	2021	peak	5	Q6075083
Monte Vesole	40.40578	15.15435	1210	peak	3	Q4010344
Monte Pruno	40.41176	15.36296	878	peak	5	Q1240860
Monte Volturino	40.41232	15.80958	1835	peak	6	Q3862131
Monte Rasu	40.42178	9.00448	1259	peak	11	Q732021
Cerro de Garabitas	40.43449	-3.75650	675	peak	9	Q5763007
Monte Minerva	40.44281	8.53791	644	peak	4	Q21183689
Almenara	40.44893	-4.25598	1259	peak	3	Q5651738
Puerto de Chía	40.45583	-5.16258	1663	pass	3	Q2982036
Monte Traessu	40.46390	8.67535	717	peak	3	Q21451583
Αλεβίτσα	40.45651	20.95593	1585	peak	3	Q105154918
Χολομώντας	40.45923	23.51848	1165	peak	17	Q1075970
Φεγγάρι	40.46166	25.58750	1611	peak	12	Q2223986
Mola d'Ares	40.46816	-0.12845	1323	peak	8	Q3781440
Monte Annaru	40.46982	8.75391	388	peak	3	Q3862722
Monte Cujaru	40.47454	8.83696	492	peak	3	Q30261499
Puerto de Menga	40.47609	-5.01261	1573	pass	4	Q5689767
Pico Zapatero	40.49215	-4.87025	2158	peak	4	Q6075065
Monte Cuccuruddu	40.50214	8.72148	678	peak	3	Q3861504
Peña de Francia	40.51235	-6.16902	1723	peak	9	Q2438981
Caimodorro	40.51195	-1.68492	1936	peak	4	Q8254911
Puerto de Villatoro	40.53760	-5.16057	1386	pass	3	Q2885712
Puig Gros	40.55307	0.45669	204	peak	3	Q11943387
Monte Solaro	40.54513	14.22374	589	peak	15	Q3322117
Monte Lachesos	40.56363	8.84292	546	peak	3	Q21634265
Serranetta	40.56304	15.81944	1475	peak	3	Q3685339
Monte Santo	40.57809	8.78218	733	peak	8	Q17334557
Χορτιάτης	40.58352	23.11838	1201	peak	18	Q1076591
Alto de Malagón	40.60415	-4.17367	1536	pass	3	Q2840482
Mola Cima	40.60789	0.52488	749	peak	6	Q6895635
Torreta de Montsià	40.61361	0.53031	763	peak	6	Q11952584
Monte Timidone	40.61242	8.17159	361	peak	3	Q31202207
Monte Ruiu	40.61126	8.74033	536	peak	3	Q31614925
Monte Lerno	40.60669	9.16636	1094	peak	5	Q3861683
Montelongu	40.61253	9.73915	150	peak	3	Q30286399
Abantos	40.61609	-4.15084	1753	peak	8	Q3845789
lo Molló	40.61651	0.43059	378	peak	4	Q17482688
la Foradada	40.63230	0.54419	683	peak	7	Q6462598
Moleta de Fredes	40.63471	0.55091	508	peak	3	Q17482670
Monte Doglia	40.62766	8.24269	432	peak	3	Q29649966
Monti Li Foj	40.63694	15.69157	1354	peak	3	Q3862453
Mount Tomorr	40.63629	20.16264	2384	peak	24	Q2305090
Κράνος	40.63876	22.99420	422	peak	3	Q12283999
Zigana Geçidi	40.63895	39.40512	2050	pass	11	Q4812403
Mata-redona	40.64839	0.53983	618	peak	3	Q11936150
Monti Li Foj di Picerno	40.65108	15.70809	1350	peak	3	Q3862453
Monte Sant'Elia	40.65239	17.11274	450	peak	4	Q3861975
Cerro de Gorría	40.65794	-4.98472	1726	peak	9	Q8355779
Monte Ripalta	40.66154	15.08696	1014	peak	3	Q3861907
Torre del Telégranfo en Cabeza Mediana	40.68419	-3.99531	1331	peak	4	Q2893942
Montsianell	40.68290	0.55556	292	peak	4	Q18004976
Monte San Liberatore	40.67951	14.72991	466	peak	3	Q3861958
Cueva Valiente	40.68985	-4.19258	1903	peak	4	Q5486294
Cabeza Líjar	40.68967	-4.16034	1823	peak	4	Q5738033
Monte Finestra	40.68892	14.67136	1145	peak	4	Q3861542
Monte Costa Calda	40.69242	15.06549	1166	peak	4	Q3861489
Τρικλάριο	40.68502	21.11376	1749	peak	6	Q12283712
Υψάριο	40.70333	24.70559	1204	peak	14	Q1409519
Puerto de Guadarrama o Alto del León	40.71012	-4.14020	1511	pass	6	Q3925445
Cabeza Reina	40.72029	-4.17915	1479	peak	3	Q5413857
Tossal d'en Cervera	40.72413	0.19729	1348	peak	6	Q7827872
Monte Forte	40.72069	8.25913	464	peak	4	Q17384107
Valico di Chiunzi	40.71875	14.61978	656	pass	4	Q3675234
Monte Stella	40.72318	14.80833	953	peak	3	Q21194658
Monte Polveracchio	40.72307	15.12748	1790	peak	5	Q3907710
Cerro de San Pedro	40.72933	-3.71036	1425	peak	5	Q5763351
Tossal del Rei	40.73274	0.17025	1350	peak	11	Q6748219
el Negrell	40.73419	0.22736	1345	peak	6	Q5351683
Punta de la Puça	40.73116	0.26210	1148	peak	3	Q11943976
Flaret	40.72929	0.35048	704	peak	3	Q17482004
los Castellets	40.72579	0.35655	577	peak	3	Q11933930
Monte Epomeo	40.73023	13.89448	789	peak	14	Q729764
Mola del Boix	40.73777	0.28047	1222	peak	3	Q11937210
Τσουτσούλι (Βροντερό)	40.73877	21.06279	1457	peak	4	Q25122894
La Peñota	40.74798	-4.10066	1944	peak	9	Q5964816
Roca Bruna	40.74554	0.29658	1119	peak	4	Q17481416
La Maliciosa Baja	40.76358	-3.95185	1938	peak	9	Q1412468
Peña del Yelmo	40.75873	-3.87061	1718	peak	5	Q1976065
Majalinos	40.75841	-0.61306	1601	peak	3	Q9077106
Castell de l'Airosa	40.75695	0.33963	1034	peak	6	Q17481594
Mola Cantando	40.76001	0.37142	554	peak	3	Q11937191
Monte Caruso	40.76257	15.71578	1238	peak	4	Q3861414
Monte Carmine	40.76150	15.74585	1228	peak	3	Q3861407
Κορυφή Μελισσοχώρι (Σιβρί Τεπέ)	40.76083	22.89276	561	peak	5	Q12884407
La Maliciosa	40.76713	-3.96862	2227	peak	9	Q1412468
El Pájaro	40.77141	-3.87660	1549	peak	3	Q6109084
Alto del Telégrafo	40.78308	-4.01434	1978	peak	4	Q5671137
Alto de las Guarramillas (Bola del Mundo)	40.78469	-3.97975	2265	peak	13	Q2095610
Mola del Boix	40.78095	0.30844	1333	peak	3	Q11937210
Monte Accellica	40.77755	15.00562	1660	peak	6	Q3861165
Monte Cervialto	40.78172	15.13073	1809	peak	5	Q3861439
Puerto de la Fuenfría	40.79222	-4.05985	1796	pass	6	Q6092315
Puerto de Navacerrada	40.78891	-4.00358	1858	pass	11	Q547949
Cerro de Valdemartín	40.79294	-3.96243	2282	peak	5	Q8344272
els Pallers	40.79256	0.32589	1261	peak	4	Q17482909
Mola del Moro	40.79373	0.36425	936	peak	3	Q17482798
Monte Torre del Gatto	40.79439	14.67549	612	peak	3	Q3861246
Maja e Valamarës	40.79418	20.46522	2373	peak	16	Q7909224
Peña el Oso	40.80412	-4.10418	2196	peak	3	Q6073936
Montón de Trigo	40.80007	-4.07112	2161	peak	5	Q6022891
Caro	40.80313	0.34311	1441	peak	12	Q599722
Pizzo San Michele	40.79953	14.84413	1567	peak	4	Q3906014
La Pinareja	40.81017	-4.09417	2197	peak	6	Q5964846
Mola del Boix	40.80939	0.35258	1334	peak	3	Q11937210
la Barcina	40.81372	0.36125	1354	peak	3	Q17481306
Κερδύλια όρη	40.80981	23.63809	744	peak	7	Q12879050
Puerto de Cotos	40.82327	-3.96243	1830	pass	4	Q3925446
La Najarra	40.81540	-3.82807	2120	peak	4	Q23996068
Vesuvio	40.82140	14.42620	1281	peak	136	Q524
Puerto de la Morcuera	40.82822	-3.83188	1773	pass	6	Q960162
Campi Flegrei	40.82746	14.14023		peak	75	Q755123
Solfatara	40.82732	14.14039		peak	30	Q943209
Monte Echia	40.83123	14.24792		peak	7	Q2794197
Καμήλα	40.83035	22.95969	569	peak	4	Q12872623
Cabeza Mediana	40.84479	-3.90705	1693	peak	4	Q5738040
la Miranda de Terranyes	40.83500	0.28033	1181	peak	3	Q11930611
Monte Nuovo	40.83503	14.08759	14	peak	18	Q1084616
Monte Gauro	40.84472	14.10963	331	peak	11	Q3321680
Monte Terminio	40.83876	14.93842	1806	peak	4	Q281691
Peñalara	40.85004	-3.95607	2428	peak	25	Q1478880
Tosseta Rasa	40.84502	0.32744	1217	peak	5	Q7827878
Marofa	40.86411	-6.99171	976	peak	4	Q7455212
Risco de los Claveles	40.85512	-3.95233	2387	peak	5	Q6109089
Risco de los Pájaros	40.85984	-3.95073	2265	peak	3	Q6109091
Punta del Safrà	40.85559	0.29127	913	peak	3	Q17483436
l'Enclusa	40.85614	0.60761	645	peak	4	Q11930087
Collina dei Camaldoli	40.85843	14.19218	457	peak	7	Q3683240
Puig Moltó	40.86507	0.74799	207	peak	5	Q11943406
São Macário	40.87576	-8.06132	1052	peak	5	Q10370434
l'Espina	40.87935	0.36091	1181	peak	3	Q17481950
Monte Faliesi	40.87660	14.75713	954	peak	4	Q3738641
Pllaja e Pusit	40.88341	20.84053	2288	peak	5	Q7205046
Sis Dağı	40.88437	39.10127	2172	peak	9	Q6923703
Tossal de Montclí	40.88582	0.38294	962	peak	3	Q17482731
Punta de la Buinaca	40.88978	0.61756	765	peak	6	Q4986703
Roques del Duc	40.89530	0.29007	670	peak	3	Q11946268
Cap de Gos	40.90305	0.33100	986	peak	3	Q17481532
la Coscollosa	40.90237	0.41356	879	peak	4	Q11930418
la Moleta	40.89929	0.41787	812	peak	7	Q6463934
Morral de Cabrafeixet	40.89860	0.62498	753	peak	5	Q6913486
Moleta de les Canals	40.90903	0.36274	1070	peak	3	Q11937230
Punta de l'Aigua	40.92773	0.36881	1092	peak	5	Q7260567
Mola de Viamar	40.93456	0.60518	767	peak	5	Q7827864
Punta del Pollo	40.92591	0.60883	694	peak	5	Q7260574
la Barra	40.92914	0.70222	362	peak	3	Q11930268
Кајмакчалан	40.93065	21.78620	2524	peak	18	Q1288074
Aydos Dağı	40.93152	29.25454	537	peak	8	Q4817974
Tossal d'Engrilló	40.94304	0.37080	1072	peak	6	Q7827870
Mola Grossa	40.94339	0.38240	1044	peak	4	Q17482164
Creu de Santos	40.94078	0.58722	942	peak	7	Q5184752
Tossal de Montagut	40.94131	0.71471	394	peak	3	Q11952694
Monte Vergine	40.93937	14.72443	1493	peak	7	Q1157122
Старков Гроб	40.94342	21.70542	1850	peak	4	Q12759657
Monte Vulture	40.95067	15.63564	1326	peak	21	Q509433
Monte Vulture	40.95073	15.63628	1326	peak	21	Q509433
Puerto de Malangosto	40.95653	-3.90445	1928	pass	3	Q23995473
Muntanya de Santa Bàrbara	40.95687	0.33832	752	peak	7	Q6936983
Punta de l'Àliga	40.95826	0.41020	759	peak	3	Q11943960
Mola Rasa	40.96055	0.42222	641	peak	4	Q11937195
Punta de l'Àliga	40.95726	0.62608	340	peak	4	Q17481222
Montemuro	40.97394	-7.98777	1381	peak	5	Q10370414
Tossal de l'Alzina	40.96809	0.80955	697	peak	3	Q17481238
Moleta de l'Amunt	40.96917	0.81988	586	peak	3	Q17481242
el Torn	40.96575	0.88337	152	peak	3	Q11918606
Kayış Dağı	40.97072	29.16362	438	peak	9	Q6056994
Puerto de Navafría	40.98664	-3.81406	1774	pass	5	Q3925447
la Tossa	40.98658	0.42045	639	peak	4	Q11930895
Coll de Pins	40.98741	0.59358	500	peak	3	Q11914516
Molló Puntaire	40.99062	0.84783	727	peak	4	Q17307008
Monte Abbalata	40.99910	9.04232	636	peak	3	Q3603150
Пелистер	41.00266	21.18319	2601	peak	13	Q2008252
Peña de la Cabra	41.01080	-3.48149	1831	peak	3	Q6073918
Mola de Genessies	41.01627	0.78543	711	peak	3	Q17482098
Monte Caccia	41.01839	16.22233	680	peak	3	Q3861267
Puig Cavaller	41.02773	0.43766	707	peak	5	Q17481651
la Tossa	41.02894	0.73628	718	peak	3	Q17482310
Punta de Jovara	41.02878	0.78064	765	peak	3	Q17483206
Çamlıca Tepesi	41.02782	29.06927	262	peak	10	Q2414579
Puig de la Cabrafiga	41.05344	0.89508	619	peak	3	Q17481441
Punta Redona	41.05883	0.50094	659	peak	3	Q11943920
Montalt	41.06342	0.80254	749	peak	9	Q6904197
Qafë Thanë	41.06506	20.60880	936	pass	14	Q1425677
Ѓавато	41.06543	21.10348	1168	pass	3	Q104330163
Ѓавато	41.06600	21.10351	1168	pass	3	Q104330163
Mont-redon	41.08010	0.86941	864	peak	3	Q11937365
Cavall Bernat	41.08406	0.87515	840	peak	3	Q11913314
la Miranda	41.09263	0.86262	919	peak	7	Q6463887
Monte Taburno	41.09264	14.60366	1394	peak	8	Q1088931
Ocejón	41.10455	-3.25542	2049	peak	5	Q6075028
l'Areny	41.10028	0.93278	394	peak	3	Q17482276
la Picossa	41.10935	0.57623	496	peak	5	Q17482302
Mola de Colldejou	41.10740	0.87373	922	peak	7	Q6895629
la Tosseta	41.12090	0.76051	305	peak	3	Q17483743
Puerto de Somosierra	41.13315	-3.58120	1444	pass	14	Q1989399
Punta Redona	41.13131	0.33958	417	peak	4	Q11943921
Tossal de la Gaeta	41.13136	0.44626	548	peak	3	Q11952771
Sant Simplici	41.14490	1.33704	111	peak	3	Q17483522
Τσαλ Νταγ	41.13972	24.49056	1301	peak	6	Q1816498
el Bres	41.15395	0.97744	526	peak	3	Q17481410
Monte Massico	41.16278	13.91680	813	peak	11	Q586646
Tres Provincias - Cebollera Vieja	41.16505	-3.53981	2126	peak	9	Q8537996
Herrera	41.16838	-1.10578	1349	peak	3	Q27908085
Дувало	41.16941	20.83713	740	peak	12	Q5317613
Pico del Lobo	41.18331	-3.46618	2274	peak	4	Q6075132
Τσάλ (Αχλαδόβουνο)	41.17528	24.80278	1415	peak	5	Q12292750
la Cogulla	41.19152	0.65672	499	peak	3	Q17482282
La Miranda de Puigcerver	41.19359	0.93159	834	peak	3	Q17483161
Tossal de Canta-ranes	41.20116	0.61406	236	peak	3	Q11931504
la Cogulla	41.20637	1.39212	244	peak	37	Q1233504
el Mallol	41.20891	1.39607	255	peak	3	Q17482446
la Mola	41.21166	1.41731	317	peak	5	Q17482640
la Plana del Xim	41.21100	1.47579	272	peak	3	Q17483879
Sant Gervasi	41.21149	1.71061	23	peak	3	Q17483472
Puig d'en Gulló	41.21573	1.06531	578	peak	3	Q17482223
Puig d'en Cama	41.22025	1.09405	717	peak	5	Q11943515
el Juí del Moro	41.22194	1.68261	84	peak	3	Q11918355
el Fitó	41.22151	1.75941	56	peak	3	Q11918317
la Rodona	41.22303	1.76433	55	peak	3	Q11930752
el Codolet	41.22416	1.77046	53	peak	3	Q11918255
Puig Lleó	41.22840	1.49473	312	peak	3	Q17482366
Puig de Sant Antoni	41.24376	1.47435	409	peak	3	Q11943622
les Torretes	41.23837	1.51376	250	peak	3	Q17483685
Penya del Llamp	41.24265	1.84657	246	peak	3	Q11940826
Monte Circeo	41.23795	13.04593	541	peak	17	Q2530284
Marão	41.24846	-7.88698	1416	peak	7	Q976135
Buitrera	41.25251	-3.39977	2044	peak	3	Q6075094
Puig de Gallicant	41.24950	0.96075	1010	peak	3	Q11943585
Punta del Sec	41.24604	1.00329	982	peak	3	Q11944034
Punta de les Airasses	41.25137	1.02868	993	peak	3	Q11943987
Tossa Grossa de Montferri	41.25345	1.37048	387	peak	5	Q11952596
Puig de l'Aranyó	41.25219	1.41814	366	peak	3	Q11943658
Turó de la Picarola	41.24764	1.64801	243	peak	3	Q11953645
Pujol dels Llops	41.25108	1.66177	180	peak	3	Q11943886
Fita dels Tres Termes	41.24672	1.66972	276	peak	3	Q17483759
la Talaia	41.24974	1.67091	269	peak	3	Q11930832
Turó del Tancat	41.24917	1.81878	120	peak	3	Q11953754
Turó de la Fleca	41.25169	1.83516	293	peak	3	Q11953632
Puig d'en Boronet	41.24962	1.83752	316	peak	3	Q11943510
Puig de Sant Isidre	41.24538	1.83931	272	peak	3	Q17483475
Pujol Petit	41.24855	1.84061	286	peak	3	Q11943879
el Castellot	41.25089	1.88389	223	peak	3	Q17481632
la Falconera	41.25054	1.89465	126	peak	3	Q17481977
Monte Carbonaro	41.25257	13.53531	491	peak	3	Q3861308
Црн Камен	41.24620	20.52182	2257	peak	5	Q4921915
Puig de la Torre	41.25795	1.05546	1055	peak	6	Q8531548
la Carsosa	41.26026	1.79585	142	peak	3	Q11930335
Puig d'en Pacurri	41.26430	1.82129	227	peak	3	Q11943536
la Sivina	41.26060	1.83329	271	peak	3	Q17483611
Turó del Rave	41.25666	1.84933	233	peak	3	Q11953747
Monte Cefalo	41.26183	13.53196	543	peak	3	Q3861431
Маказа	41.26484	25.42942	682	pass	8	Q12285568
Puig Pelat	41.26629	1.05451	1076	peak	3	Q11943422
el Montgròs	41.26871	1.74004	358	peak	3	Q17300747
Penya del Duc	41.26837	1.81055	211	peak	3	Q11940827
la Fita Grossa	41.26733	1.83458	300	peak	3	Q11930486
Penya Riscle	41.26834	1.83743	307	peak	3	Q17483280
Pujol d'en Pei	41.26617	1.86157	242	peak	3	Q17482959
Pic de Martell	41.27442	1.92330	363	peak	3	Q17482487
Боска	41.27127	22.67131	720	peak	3	Q20935747
Puntal dels Escambrons	41.27607	0.43267	495	peak	7	Q7152210
la Cogulla	41.27751	0.80568	1062	peak	3	Q17481694
Piló dels Senyalets	41.28169	0.82661	1107	peak	6	Q7194558
la Mola	41.28125	0.99243	942	peak	3	Q17482641
Punta de Barrina	41.27728	1.06851	1014	peak	6	Q11943928
Turó de les Tres Partions	41.28038	1.69310	435	peak	3	Q11953695
Puig de l'Àliga	41.28387	1.69742	465	peak	4	Q11943664
Puig dels Sumidors	41.28250	1.76912	283	peak	3	Q17483628
Puig d'en Carbonell	41.27502	1.82169	276	peak	3	Q11943516
Puig d'Espinal	41.27536	1.86596	387	peak	3	Q11943497
Puig Sabataire	41.27892	1.89312	463	peak	3	Q17483430
Puig del Cèrvol	41.28012	1.94531	306	peak	3	Q11943765
Turó del Fanxó	41.28407	1.95407	279	peak	3	Q11953709
el Picorandan	41.28793	1.01716	991	peak	7	Q7191062
Pena-roja	41.29358	1.05076	1031	peak	3	Q11940791
Penya de l'Escofet	41.28919	1.70160	444	peak	3	Q17481939
Turó del Veguer	41.29467	1.73818	261	peak	3	Q17483823
Roca del Bisbe	41.28958	1.78764	271	peak	3	Q17481353
la Bena	41.28730	1.90264	555	peak	3	Q17481338
Turó del Gall	41.28809	1.95980	199	peak	3	Q17482070
Turó d'en Vinader	41.29303	1.96828	184	peak	3	Q11953467
Monte Orso	41.29195	13.56530	1023	peak	3	Q3861797
Puig Francàs	41.30117	1.45889	551	peak	3	Q17482058
Roca Blanca	41.29720	1.46613	426	peak	3	Q11945898
el Pi Sol	41.30421	1.52505	414	peak	3	Q11918445
la Morella	41.29651	1.91548	594	peak	7	Q8531595
Roca del Migdia	41.30196	1.96582	168	peak	3	Q17482568
Turó de Caçagats	41.29745	1.99010	78	peak	3	Q17481449
Le Rave Fosche	41.29736	13.55142	800	peak	54	Q128092
Monte Tuonaco	41.29582	13.57934	1179	peak	3	Q3862094
Punta dels Pins Carrassers	41.30563	0.84202	1062	peak	3	Q11944040
les Solius	41.30847	1.88676	533	peak	3	Q11931702
Puig de les Agulles	41.30913	1.93498	552	peak	3	Q11943715
Monte Ruazzo	41.30915	13.58291	1314	peak	4	Q3861934
Monte Altino	41.31347	13.63673	1367	peak	3	Q3861175
Monte Vomero	41.30691	13.67466	1196	peak	3	Q3862129
Pico de Grado	41.31994	-3.24401	1517	peak	4	Q6075073
Mola de Roquerola	41.32034	1.06530	1058	peak	3	Q11937206
Puigcabrer	41.31533	1.19129	524	peak	3	Q11943813
Roca de l'Àliga	41.31506	1.43643	641	peak	3	Q17481217
Puig de Migdia	41.31927	1.43936	690	peak	3	Q17482561
Puig de la Cova	41.31525	1.47500	672	peak	3	Q11943680
Puig de la Tiula	41.32210	1.53992	416	peak	3	Q11943706
Penya del Papiol	41.32297	1.74385	381	peak	3	Q11940837
Puig de la Mola	41.31932	1.84790	534	peak	7	Q7259033
Puig Castellar	41.32043	1.92362	473	peak	3	Q17481600
la Desfeta	41.31742	1.94560	525	peak	3	Q17481874
Monte Petrella	41.32221	13.66554	1533	peak	6	Q3861840
Радомир / Σιδηρόπετρα	41.32059	23.12066	2031	peak	13	Q7281542
Tossal de la Baltasana	41.32599	1.00419	1201	peak	7	Q7827873
Mola d'Estat	41.32549	1.05911	1127	peak	8	Q8531534
Puig de les Forques	41.32556	1.44862	710	peak	3	Q11943734
Alt del Coscó	41.32789	1.82436	357	peak	3	Q11905153
Roca del Barret	41.33443	1.94947	299	peak	3	Q17483310
el Pedró	41.33261	1.99599	192	peak	3	Q17482953
Monte Fusco	41.32919	13.52720	645	peak	3	Q3861565
Punta del General	41.34143	0.87815	924	peak	3	Q11944010
Mola del Guerxet	41.33797	1.06900	1121	peak	5	Q6895630
Puig de la Talaia	41.33578	1.46672	861	peak	6	Q7259035
el Castellot	41.33763	1.57863	465	peak	3	Q17481628
Turó de les Llebres	41.34196	1.77454	352	peak	3	Q11953681
Turó del Tàbor	41.34470	1.98712	356	peak	3	Q11953756
Montbaig	41.33765	2.01089	295	peak	5	Q9034703
Monte Revole	41.33739	13.60276	1285	peak	3	Q3861898
Тумба / Τούμπα	41.33845	22.92755	1880	peak	18	Q2458111
la Cogulla	41.34880	1.22482	786	peak	5	Q6461875
el Pujol	41.34893	1.78927	309	peak	3	Q17483192
Montau	41.34585	1.88501	658	peak	7	Q6904469
Puig Saiada	41.35151	1.89602	621	peak	3	Q11943450
Monte le Pezze	41.35028	13.53630	1000	peak	3	Q3862178
Punta del Curull	41.35526	0.96436	1022	peak	7	Q7260573
Tossal de la Somerota	41.35691	1.22568	764	peak	3	Q11952787
Turó dels Pins del Samuntà	41.36436	1.61159	452	peak	3	Q17483033
Puig de la Mireta	41.35507	1.78496	362	peak	3	Q17482617
Puig Rodó	41.36281	1.80428	329	peak	3	Q11943431
Montjuïc	41.36315	2.16561	177	peak	30	Q1122701
Monte Fammera	41.35777	13.71093	1168	peak	3	Q3861533
Циганско градище/Γυφτόκαστρο	41.36002	24.78474	1827	peak	4	Q7925045
Tossal de la Creu	41.37180	1.08274	731	peak	3	Q17481821
Puig de les Forques	41.36900	1.45943	800	peak	3	Q17482035
Puig Vicenç	41.36778	1.95403	468	peak	3	Q11943482
Montpedrós	41.36944	2.00287	348	peak	4	Q10915449
Monte Faggeto	41.36713	13.56213	1256	peak	3	Q3861527
Mali i Dajtit	41.36664	19.92402	1613	peak	33	Q1157724
Tossal Gros	41.37535	1.23939	867	peak	6	Q7827867
Mont Tàber	41.38336	2.17716	17	peak	8	Q549314
Monte Mutria	41.38462	14.52556	1823	peak	5	Q1179065
Punta de Montmaneu	41.38871	0.40138	495	peak	10	Q11943937
Clapí Vell	41.38804	1.54270	704	peak	3	Q11913992
Pedró de la Granada	41.38551	1.70598	308	peak	3	Q11940745
Sant Pere Màrtir	41.39345	2.09811	389	peak	7	Q17482898
Montmany	41.40392	1.93107	498	peak	3	Q17482759
Puig Castellar	41.39737	1.99513	187	peak	3	Q11943346
Penya del Moro	41.39691	2.06877	275	peak	3	Q9061218
Turó Rodó	41.40293	2.07490	353	peak	3	Q18008726
Turó de la Coscollera	41.40292	2.07789	360	peak	3	Q17481793
Turó de Monterols	41.40216	2.14079	127	peak	4	Q15130999
Monte delle Fate	41.40279	13.30527	1090	peak	3	Q8545638
Cividade de Terroso	41.41259	-8.72101	153	peak	3	Q5124379
Montagut	41.40685	1.42223	963	peak	7	Q6904169
Puig de les Torres	41.40966	1.54480	750	peak	3	Q17483683
el Montcau	41.41092	1.86584	646	peak	3	Q17482725
Roc de Forellac	41.41177	1.88062	629	peak	3	Q17482026
Puig d'Agulles	41.40809	1.88497	653	peak	4	Q11701298
Mulei	41.40878	2.03866	226	peak	3	Q11937873
Puig d'Olorda	41.41220	2.05519	450	peak	3	Q11943503
Turó de la Qüestió	41.41077	2.07663	364	peak	3	Q11953649
Turó d'en Merlès	41.40939	2.08407	417	peak	3	Q11953457
Turó d'en Corts	41.40516	2.10180	390	peak	3	Q17481786
Monte Chiavino	41.41005	13.43094	1028	peak	3	Q16579591
Puig de Formigosa	41.42171	1.44198	1002	peak	3	Q11943580
Pujol de Migjorn	41.42304	1.88742	601	peak	3	Q11943881
Turó d'en Quirze	41.42378	2.04241	230	peak	3	Q11953460
Turó d'en Serra	41.41831	2.06283	396	peak	3	Q11953463
Turó de Can Mallol	41.41889	2.07072	409	peak	3	Q17481494
Turó de l'Alzinar	41.42331	2.08017	399	peak	3	Q11953583
Turó de Castellví	41.41769	2.08723	461	peak	3	Q11953506
el Tibidabo	41.42237	2.11891	512	peak	31	Q658271
Turó de la Creueta del Coll	41.41987	2.14689	246	peak	3	Q11953626
Turó del Carmel	41.41835	2.15327	266	peak	6	Q8538595
Turó de la Rovira	41.41926	2.16154	262	peak	6	Q11953660
São Félix	41.43499	-8.71528	202	peak	5	Q7665476
Penha	41.42975	-8.26860	613	peak	3	Q10332057
Serra Grossa	41.43489	0.52808	315	peak	4	Q17483576
el Cogulló	41.42903	1.30565	879	peak	3	Q17481698
Puig Corbera	41.42588	1.88890	583	peak	3	Q11943358
Creu de l'Aragall	41.43248	1.91530	548	peak	3	Q11930441
el Pi del Balç	41.42593	2.00962	114	peak	3	Q17482998
Turó d'en Balasc	41.43213	2.07211	294	peak	3	Q11953468
Turó del Puig	41.42830	2.10954	475	peak	3	Q11953742
Turó de Santa Maria	41.43388	2.12807	446	peak	3	Q17483537
Turó de la Peira	41.43279	2.16550	138	peak	3	Q17482961
Monte Schierano	41.43397	13.48797	870	peak	3	Q8545767
Ножот	41.42934	21.76298	727	peak	3	Q12273269
Парилска седловина	41.42601	23.64993	1174	pass	5	Q12289948
Tossal de Sant Blai	41.44033	0.85236	608	peak	3	Q17483458
Punta del Pouet	41.44468	0.87768	654	peak	3	Q11944024
Puig de Solanes	41.43563	1.49577	914	peak	4	Q17483623
el Castellot	41.44277	1.58530	793	peak	3	Q11918236
el Puig Cúgol	41.44240	1.71098	357	peak	3	Q11918490
Turó de Can Xandri	41.44136	1.92586	426	peak	3	Q11953499
Turó del Fumet	41.43863	2.08733	357	peak	3	Q11953714
Turó del Mallol	41.44015	2.09911	352	peak	3	Q17482448
Turó del Maltall de Magarola	41.44215	2.12969	430	peak	3	Q17482418
Turó del Trac	41.44281	2.13636	368	peak	3	Q17483744
Colle la Croce	41.43928	14.14472	811	peak	5	Q3682737
Punta dels Marquesos	41.45186	0.87147	652	peak	3	Q17482480
Punta de Ràfols	41.44642	1.00336	653	peak	4	Q11943941
Puig Castellar	41.44822	1.51643	943	peak	5	Q11943350
Montpedrós	41.45333	1.63540	546	peak	4	Q11937495
Turó del Castell	41.45086	1.91985	360	peak	3	Q11953701
el Pi Tallat	41.44623	1.94602	256	peak	3	Q11918446
Puig Madrona	41.45126	2.02400	356	peak	4	Q11943401
Puig del Rossinyol	41.44680	2.02717	258	peak	3	Q17483411
Turó de Sant Medir	41.44647	2.12484	354	peak	3	Q17483499
Turó d'en Gras	41.44982	2.15529	286	peak	3	Q11953448
Turó Sul	41.45032	2.16105	280	peak	3	Q17483627
Turó Blau	41.45156	2.16552	310	peak	3	Q17481373
Turó de Roquetes	41.45131	2.17029	304	peak	3	Q17483408
Monte Miletto	41.44962	14.37209	2050	peak	7	Q3861747
Punta del Puig	41.45575	0.97327	575	peak	3	Q11944026
Turó de les Clivelleres	41.46267	1.62572	744	peak	3	Q17481672
Montgoi	41.45706	1.92462	329	peak	3	Q11937454
Turó de les Guàrdies	41.46222	1.98298	136	peak	3	Q11953680
Puig Pedrós de l'Obac	41.46496	2.02632	164	peak	3	Q17482957
Turó de Sant Adjutori	41.45638	2.11821	265	peak	3	Q17483451
Turó de Can Cerdà	41.45948	2.13514	295	peak	3	Q11953485
Montigalà	41.46479	2.23120	151	peak	3	Q11937467
Mali i Lopës	41.46251	20.27062		peak	12	Q6743329
els Bessons	41.46655	0.84713	593	peak	5	Q11918926
Tossal Gros de Vallbona	41.46878	1.11301	804	peak	7	Q7827869
Montclar	41.46573	1.34566	948	peak	3	Q11937423
Turó de Can Calopa	41.46743	2.01412	124	peak	3	Q11953483
Turó de Torreferrera	41.46620	2.11762	202	peak	3	Q11953573
Puig Castellar	41.47029	2.20656	303	peak	3	Q17481609
Turó d'en Sariol	41.47086	2.25975	170	peak	3	Q17483550
Turó de Montgat	41.46588	2.27852	40	peak	3	Q11953539
Monte Calvilli	41.46695	13.44486	1116	peak	3	Q8545763
Turó de Ca n'Oliver	41.48093	2.13507	136	peak	3	Q17481433
Puig de la Guàrdia	41.47657	2.13607	198	peak	3	Q17482179
Turó de Montcada	41.47721	2.17663	273	peak	4	Q11953538
Turó d'en Tort	41.48245	2.20296	183	peak	3	Q11953465
Turó de Can Devesa	41.47608	2.20600	214	peak	3	Q17481484
Turó de l'Home	41.48472	2.24836	362	peak	3	Q11953591
Qafa e Buallit	41.48200	20.19534	842	pass	5	Q2121335
la Talaia	41.49313	1.48867	727	peak	3	Q17483632
Turó de Guiera	41.48528	2.13642	108	peak	3	Q17482207
Turó de Moià	41.48834	2.20419	239	peak	3	Q17482625
Turó del Valent	41.49401	2.20706	181	peak	3	Q17483812
Turó de la Roca Plana	41.48881	2.21416	335	peak	3	Q11953655
les Corones	41.49303	2.22419	464	peak	3	Q17481782
el Pi Candeler	41.49234	2.22460	462	peak	3	Q17482995
la Coscollada	41.49247	2.22989	466	peak	3	Q11930415
Montecassino	41.48995	13.81333	520	peak	43	Q154372
Turó del Pou de Glaç	41.50425	2.21567	218	peak	3	Q17483077
Turó de Donadéu	41.49765	2.22052	402	peak	3	Q11953520
Turó del Reig	41.49586	2.25552	368	peak	3	Q17483266
Turó d'en Galzeran	41.50463	2.26662	484	peak	3	Q11953446
els Ginestells	41.50038	2.27039	433	peak	3	Q17481912
Serrabrisa	41.50865	0.44164	229	peak	4	Q11948850
Turó de Can Camps	41.50684	2.07164	286	peak	3	Q17481481
els Figuerals	41.51395	2.28181	443	peak	3	Q11918974
Turó de Can Colomer	41.51468	2.30740	360	peak	3	Q17481483
Turó d'en Baldiri	41.50823	2.32926	431	peak	3	Q11953438
Colle Aquilone	41.51271	13.93311	1270	peak	3	Q16542874
Grony de Miralles	41.51671	1.49219	866	peak	3	Q17482600
l'Agulla Grossa	41.51716	1.49636	846	peak	3	Q17481195
Turó de la Vinya Vella	41.52258	1.51255	735	peak	3	Q17483862
Turó de la Bandera	41.51719	2.22423	175	peak	3	Q11953608
Qafë-Shtamë	41.52224	19.89874	1232	pass	4	Q22007469
Turó de l'Infern	41.52785	2.38155	324	peak	3	Q17483784
Montcabrer	41.52575	2.38395	317	peak	3	Q11937416
Turó de Can Vidal	41.54462	1.56564	624	peak	3	Q17481506
Miramar	41.53763	1.70337	594	peak	3	Q17482606
el Telègraf	41.53947	2.25203	223	peak	3	Q11918601
Turó de Burriac	41.53746	2.38727	392	peak	3	Q11910197
Monte Cairo	41.54161	13.76038	1669	peak	6	Q3861274
Turó del Galutxo	41.55497	1.38090	852	peak	7	Q7856611
les Tres Creus	41.55213	2.25727	150	peak	3	Q11931731
Turó Rodó	41.55334	2.33855	528	peak	3	Q17483800
Turó d'Onofre Arnau	41.55452	2.46903	131	peak	3	Q17482891
Montfred	41.55774	1.39314	833	peak	3	Q11937451
Tossa de Montbui	41.55702	1.58152	620	peak	4	Q17482719
Turó del Castell d'Arraona	41.56425	2.11225	212	peak	3	Q17481589
Turó de Céllecs	41.55681	2.33829	536	peak	3	Q11953519
Uomo di Cagna	41.56221	9.06466	1217	peak	4	Q3552060
Jошков Камен	41.56222	21.10502	1917	peak	34	Q1572650
Tossal de Suró	41.57280	1.30489	828	peak	4	Q23992072
les Planes	41.57057	1.68047	548	peak	3	Q11931658
Turó de l'Avellana	41.56565	1.71703	717	peak	3	Q11953584
Roca dels Corbs	41.56654	1.83584	436	peak	3	Q17481772
Agulles del Petintó	41.57133	1.88786	443	peak	3	Q17481198
Turó de la Gronya	41.56816	1.89806	520	peak	3	Q11953638
Turó d'en Torres	41.57044	2.28833	171	peak	3	Q11953464
Monte Semprevisa	41.56976	13.09177	1536	peak	5	Q3862004
Monte Sentinella	41.57281	13.17652	1109	peak	3	Q16579684
Monte Cacume	41.57377	13.23085	1095	peak	3	Q3861269
Puig de l'Hospici	41.58332	1.88941	518	peak	3	Q17482243
Puig Cendrós	41.57565	1.89300	499	peak	3	Q11943355
Turó del Ros	41.57633	1.93396	640	peak	3	Q11912148
Turó Gros	41.58015	2.33539	297	peak	3	Q17482157
Monte Belvedere	41.57992	13.05545	1260	peak	3	Q3861221
Рудина	41.57953	20.56390	2238	peak	3	Q20932698
la Palomera	41.59343	1.79964	850	peak	3	Q17482910
la Gorra Frígia	41.58999	1.82597	1152	peak	3	Q11924512
Trencabarrals	41.59117	1.82744	1016	peak	3	Q11918638
Cul de Portadora	41.59235	1.86333	461	peak	3	Q17481856
Turó de la Socarrada	41.58524	1.88083	519	peak	3	Q11953669
Turó de Cardús	41.59158	1.94229	572	peak	3	Q17481564
el Pedró	41.58570	2.29188	171	peak	3	Q17482950
Puig Gros	41.59575	1.43672	765	peak	3	Q11943389
Puig d'Aguilera	41.60470	1.67086	626	peak	3	Q11943484
el Catarro	41.60066	1.68836	509	peak	3	Q11918241
La Desapercebuda	41.60286	1.80130	1073	peak	3	Q17481656
el Cilindre	41.60311	1.80186	1100	peak	3	Q17481656
Coll de les Comes	41.60391	1.80227	1050	pass	3	Q17481656
Roca Plana dels Llamps	41.60136	1.80482	1162	peak	3	Q11945944
Montgròs	41.59998	1.80510	1133	peak	3	Q17482743
l'Eco Superior	41.60499	1.80668	1223	peak	3	Q17481656
l'Albarda Castellana	41.60102	1.81336	1178	peak	3	Q11930022
el Moro	41.60354	1.81574	1206	peak	3	Q11918410
el Cavall Bernat	41.60068	1.82272	1111	peak	3	Q11918243
Turó de Castellar	41.60073	2.46071	427	peak	3	Q11953505
Montalt	41.60407	2.49551	597	peak	3	Q11937395
Голям Перелик	41.60272	24.57449	2191	peak	16	Q1548833
Cerro de San Cristóbal	41.61420	-4.69894	844	peak	3	Q20088118
la Fita Alta	41.61300	0.84350	286	peak	3	Q11930487
Castellferran	41.60829	1.76407	791	peak	3	Q11913179
Roca Gran de la Portella	41.60541	1.78074	933	peak	3	Q17483318
la Bola de la Partió	41.60859	1.78525	1038	peak	3	Q17481388
el Lloro	41.61055	1.79265	1128	peak	3	Q17482391
Sant Jeroni	41.60537	1.81150	1238	peak	11	Q7419090
Turó de les Pedritxes	41.61497	1.99009	791	peak	3	Q11953690
Turó de Sant Joan	41.60645	2.00431	620	peak	3	Q17483482
el Pujol	41.61109	2.02751	617	peak	3	Q11918496
Mont-rodon	41.61183	2.04281	618	peak	3	Q11937369
Pedracastell	41.61107	2.57573	308	peak	3	Q11940669
Monte Malaina	41.60502	13.15134	1482	peak	3	Q3861714
Turó de l'Ermità	41.62026	1.81502	595	peak	3	Q17481930
Puig de Popa	41.62186	2.63870	210	peak	3	Q17483128
Turó de Comellats	41.62949	1.82156	576	peak	3	Q17481759
Turó de Morrolius	41.63175	1.83135	438	peak	3	Q17482810
Turó de l'Escletxa	41.62871	1.88696	447	peak	3	Q11953588
Turó de la Mamella	41.62901	1.96207	789	peak	5	Q7856608
Puig Codina	41.63047	1.98175	854	peak	3	Q17481683
Puig de la Creu	41.62947	2.10116	668	peak	3	Q11943683
el Corredor	41.62501	2.47970	642	peak	3	Q17481904
Puig de Sant Miquel	41.63723	1.58098	733	peak	3	Q11943634
Turó del Marquès	41.64155	1.85042	358	peak	3	Q17482478
Castell de Bocs	41.64237	1.94182	662	peak	3	Q17481591
el Paller de Tot l'Any o el Muronell	41.64153	1.95844	817	peak	3	Q17482908
Roca Salvatge	41.63873	1.96366	774	peak	3	Q17483447
Castellsapera	41.64454	1.97087	939	peak	3	Q11913195
Turó de la Carlina	41.63541	1.97684	931	peak	3	Q17481571
Roca del Corb	41.63517	1.98232	878	peak	3	Q11946036
la Mola	41.64129	2.01792	1103	peak	5	Q1844624
Turó de Llevant	41.64053	2.64963	405	peak	3	Q17483792
Montpalau	41.64221	2.67036	265	peak	3	Q11937489
Веливар	41.63742	20.52512	2373	peak	4	Q7919053
el Morinyol	41.64648	1.51651	578	peak	3	Q11918408
Coll de Gossem	41.64905	1.69005	799	peak	3	Q11914493
Turó de les Nou Cabres	41.65391	2.01831	901	peak	3	Q11953689
Turó Gros	41.64596	2.18608	400	peak	3	Q11953423
Còpia de Palomes	41.65974	1.60280	834	peak	8	Q17482913
Punxabudell	41.66249	1.80279	398	peak	3	Q11944053
Serrat Rodó	41.65792	1.83869	329	peak	3	Q17184219
la Morella	41.65801	1.93051	646	peak	3	Q17183494
Pic del Vent	41.65533	2.12827	816	peak	3	Q17483827
Puigcastell	41.65942	2.51215	396	peak	3	Q11943812
Turó d'en Vives	41.65926	2.55513	760	peak	4	Q17318029
Turó Gros	41.66148	2.57658	758	peak	6	Q7856602
Punta di a Vacca Morta	41.65543	9.16382	1314	peak	3	Q3410872
Tossal de les Forques	41.67002	1.28194	562	peak	3	Q17482043
Puigsoler Petit	41.66964	1.88928	471	peak	3	Q11943863
Puigsoler	41.66789	1.89289	524	peak	3	Q11943857
Turó del Mal Pas	41.67138	1.95470	755	peak	3	Q17482431
Montcau	41.67494	2.00464	1056	peak	9	Q4895920
Coll d'Eres	41.67067	2.00755	942	pass	3	Q21995975
Roca Mur	41.66883	2.02417	790	peak	3	Q11945934
Puig del Prat	41.67307	2.15767	597	peak	3	Q11943780
Montllorer	41.67119	2.53501	558	peak	3	Q11937474
sa Palomera	41.67064	2.79183	21	peak	4	Q3944148
Punta de Palomes	41.68235	1.68042	879	peak	3	Q11943939
el Talló	41.67849	1.82370	443	peak	3	Q11918596
Turó de la Creueta o Puig Andreu	41.67981	1.96324	753	peak	3	Q17483153
Puigbò	41.67784	1.96852	772	peak	3	Q11943808
Agulles de Finestrelles	41.68045	2.01318	883	peak	3	Q11904382
Turó de Solanes	41.68246	2.14693	706	peak	3	Q11953568
Pedra Miradora	41.67535	2.50727	321	peak	3	Q11940665
Turó de Sant Joan	41.67907	2.79847	170	peak	3	Q11953558
Cogulló de Cal Torre	41.68747	1.68645	881	peak	3	Q17481702
Turó de les Tres Creus	41.69399	1.70244	796	peak	3	Q17483751
Pòpia del Montgròs	41.68653	1.73223	669	peak	3	Q11944126
Roca Sareny	41.69451	2.01791	804	peak	3	Q17483546
Monte La Meta	41.68890	13.93980	2242	peak	9	Q3861742
Monte Saraceno	41.69426	16.05082	260	peak	5	Q3861983
lo Vilot	41.70260	0.41451	281	peak	3	Q11933847
la Mola	41.70277	2.12296	942	peak	4	Q17147114
Turó de les Onze Hores	41.70472	2.21366	666	peak	3	Q11953691
Turó Roig	41.70264	2.22272	551	peak	3	Q11953432
Puiggraciós	41.70298	2.24128	809	peak	3	Q11943831
Turó de Puioret	41.69641	2.24874	599	peak	3	Q11953547
Turó dels Tremolencs	41.69672	2.25996	558	peak	3	Q11953784
Turó de Santa Margarida	41.70368	2.30922	796	peak	3	Q17483534
Turó de l'Ullar	41.70894	2.20830	597	peak	3	Q11953598
Puiggiró	41.71133	2.23555	857	peak	3	Q17481663
Джангал (Момини двори)	41.70658	23.49779	2729	peak	8	Q5319656
Serra da Nogueira	41.71731	-6.85545	1320	peak	4	Q10370365
Tossal de la Caperutxa	41.71859	0.50798	349	peak	3	Q11952754
Turó de Ferrera	41.71623	1.49039	767	peak	3	Q11953521
Puig Descalç	41.71798	2.22430	848	peak	3	Q17481873
Roca Centella	41.71968	2.32218	1000	peak	6	Q7353671
Colle Nero	41.71730	13.84966	1991	peak	3	Q16542881
Leiranco	41.73272	-7.64715	1155	peak	3	Q31798200
Puigfred	41.72693	2.23115	944	peak	3	Q17483165
la Trona	41.73313	2.24129	806	peak	3	Q17483764
el Mojó	41.72726	2.32227	1019	peak	3	Q17482638
Turó de Sant Elies	41.73007	2.37968	999	peak	6	Q7856605
Monte Petroso	41.72742	13.91865	2249	peak	3	Q31616708
Monte Calvo	41.72707	15.77262	1056	peak	4	Q3861289
Maja Grames	41.73112	20.49336	2344	peak	13	Q6743326
Синаница	41.72600	23.35830	2518	peak	8	Q12293800
Газей	41.72840	23.48294	2768	peak	4	Q5529121
Полежан	41.72512	23.49619	2852	peak	9	Q577235
Безбог	41.73055	23.51223	2653	peak	3	Q12273060
Penya del Sagrat Cor	41.73766	0.57968	387	peak	3	Q11940834
Collbaix	41.74086	1.78097	544	peak	3	Q17481728
Puig del Rossinyol	41.73719	2.01351	686	peak	3	Q11943779
Trullars	41.74484	2.03463	711	peak	3	Q11953236
el Castellar	41.74088	2.05958	832	peak	3	Q17481599
Turó Monner	41.73956	2.31595	1107	peak	3	Q11953426
Turó del Samon	41.74282	2.36565	1272	peak	8	Q7856613
Фојник;Црквица	41.73664	21.14909	1421	peak	3	Q20937003
lo Pilar d'Almenara	41.75332	1.06729	459	peak	3	Q17481224
Muntanya de la Sala	41.75154	2.04546	657	peak	3	Q11937935
Tagamanent	41.74743	2.29576	1058	peak	7	Q7856606
el Parany	41.74968	2.31361	1152	peak	3	Q11918425
Turó del Pla dels Emprius	41.75152	2.32179	1196	peak	3	Q11953739
Turó de la Primavera	41.75452	2.32673	1234	peak	3	Q17483090
Roca Roja	41.75402	2.34259	1295	peak	3	Q11945957
el Sui	41.74911	2.34565	1318	peak	6	Q5352208
Turó de Puigmarí	41.75456	2.73042	233	peak	4	Q6092626
Monte Cavo	41.75217	12.71009	949	peak	18	Q1729630
Forca d'Acero	41.75176	13.81578	1538	pass	4	Q3747928
Bocca di Forlì	41.74970	14.13092	891	pass	4	Q338470
Тодорка	41.75274	23.43179	2746	peak	6	Q7812850
Каймакчал	41.74560	23.48954	2762	peak	3	Q12282325
la Torre de Santmartí	41.75623	1.87772	310	peak	3	Q11930870
Puig-agut	41.76018	2.26948	702	peak	5	Q17483152
Puig Drau	41.76414	2.34834	1346	peak	7	Q7259022
Turó de la Ventosa	41.75958	2.34940	1215	peak	3	Q17483837
Turó de Can Berenguer	41.75882	2.50611	681	peak	3	Q17481342
Turó de Martinell	41.75726	2.50880	611	peak	3	Q11953529
Puig de ses Cadiretes	41.75752	2.92820	518	peak	5	Q11943721
Monte San Petru	41.75888	8.99275	1400	peak	3	Q12800725
Monte Spigno	41.76286	15.90903	1008	peak	3	Q16579695
Monte Sacro	41.75792	16.04166	872	peak	4	Q3861946
Свети Јовански Рид	41.76497	22.01186	755	peak	3	Q12910234
Тиски Врв	41.75904	22.03430	747	peak	3	Q20941917
Turó de Boixadors	41.77065	1.57486	848	peak	3	Q11953472
el Trompo	41.76541	2.04445	676	peak	3	Q11918637
Puig Sesolles	41.77350	2.43819	1667	peak	3	Q17483601
Turó Gros	41.77245	2.44530	1644	peak	3	Q17482155
Montllobar	41.76641	2.45399	1460	peak	3	Q17482754
Turó de Morou	41.77255	2.48095	1312	peak	6	Q7856603
Puig Ventós	41.76833	2.85000	422	peak	3	Q11943483
Montagut	41.76599	2.93904	501	peak	5	Q8539209
Turó de l'Avi	41.77443	2.96114	356	peak	3	Q17481287
Вихрен	41.76733	23.39884	2914	peak	33	Q1140684
Tossal de Mormur	41.77993	0.74976	326	peak	3	Q11952699
la Pinada	41.77732	1.41091	617	peak	3	Q11930681
Serrat de Baiones	41.78432	2.04131	697	peak	4	Q11948941
Turó de l'Home	41.77649	2.43482	1706	peak	10	Q4893362
Montsoriu	41.78314	2.54060	633	peak	3	Q17482780
Puig de Sant Baldiri	41.77835	2.96492	402	peak	3	Q11943624
Puig de les Cols	41.78050	2.97566	416	peak	6	Q8538094
Puig Gros	41.77502	2.99796	325	peak	6	Q11943391
Puig de les Forques	41.78040	3.04168	76	peak	3	Q11943730
Бански суходол	41.78427	23.39092	2884	peak	4	Q4857146
Кутело 2	41.78001	23.39536	2907	peak	6	Q59836
Кутело	41.77687	23.40003	2908	peak	6	Q59836
Mahya Dağı	41.78306	27.62000	1031	peak	18	Q1402638
Pico Frentes	41.79079	-2.56242	1382	peak	3	Q6075070
Moncayo	41.78716	-1.83971	2314	peak	16	Q2330837
Goberna	41.79331	1.61086	916	peak	3	Q17482106
el Putxó	41.79102	1.73370	597	peak	3	Q17483224
Puig Ventós	41.79147	2.35128	1242	peak	3	Q11943480
les Agudes	41.78932	2.44395	1705	peak	9	Q6529125
Turó de Montfort	41.79313	2.51018	736	peak	3	Q11953540
Montclar	41.78866	2.95622	401	peak	3	Q11918407
Carcaixells d'en Dalmau	41.79322	2.95912	322	peak	3	Q11912282
Maja e Kunora e Lurës	41.78542	20.18156	2119	peak	5	Q6444969
Голем Кораб	41.79034	20.54686	2764	peak	48	Q912579
Беслет	41.78812	23.86648	1938	peak	3	Q12273188
Tossal de la Morera	41.80016	1.39421	472	peak	3	Q11952779
Tossals d'Escomelles	41.80338	1.43102	507	peak	3	Q17481940
Puigsagordi	41.80377	2.20149	983	peak	4	Q11943848
Turó del Faig de la Bandera	41.79917	2.34243	1284	peak	3	Q11953708
Turó de Morera	41.80480	2.37608	1577	peak	3	Q17483795
Turó de Sant Marçal	41.80233	2.40297	1528	peak	3	Q17483494
Turó de Grenys	41.79658	2.47581	1116	peak	3	Q17481254
Col de Bavella	41.79587	9.22496	1218	pass	5	Q1107323
Monte Pratillo	41.80281	13.49880	2007	peak	3	Q3905990
Monte Cornacchia	41.80256	13.63737	2003	peak	5	Q8540842
Monte Greco	41.79831	13.99441	2285	peak	6	Q3861611
Louriça	41.81375	-8.19556	1359	peak	3	Q9335617
A Portela do Home / Portela do Homem	41.80907	-8.13148	822	pass	3	Q8558897
Puigdellívol	41.80520	1.65977	899	peak	3	Q11943821
Puig-alter	41.81393	1.78554	522	peak	3	Q11943322
el Cogulló	41.80888	1.88913	474	peak	3	Q17481701
Matagalls	41.80880	2.38272	1697	peak	10	Q6785970
Turó Sesportadores	41.80584	2.39555	1603	peak	3	Q11953430
Monte La Monna	41.80640	13.37109	1952	peak	4	Q3861757
Monte Capraro	41.80571	14.25034	1730	peak	3	Q3861304
Pico da Nevosa	41.82485	-8.04107	1546	peak	4	Q10349484
la Costa Gran	41.82358	1.87972	470	peak	3	Q17481795
Montcogul	41.82142	1.93236	598	peak	3	Q18004952
el Castellar	41.81952	2.19797	1015	peak	6	Q7259016
Serrat del Prat d'Ori	41.82318	2.30346	842	peak	3	Q17483085
Turó del Mig	41.81642	2.37208	1582	peak	3	Q11953724
Turó del Villaró	41.82499	2.44170	714	peak	3	Q11953761
Monte Pila Rocca	41.81695	13.16142	1108	peak	3	Q8545634
Maja e Veles	41.81841	19.72344	1169	peak	5	Q22007588
Голям Персенк	41.81693	24.54360	2091	peak	5	Q3110295
Pedra Alçada	41.82964	-8.74544	742	peak	4	Q10370394
Tossal del Mas de Nadal	41.82556	1.31736	526	peak	3	Q17482507
Pinós	41.83358	1.52896	928	peak	4	Q11941682
Roc de la Guàrdia	41.82520	2.20362	891	peak	6	Q7353669
Turó del Pou d'en Sala	41.83256	2.34743	1265	peak	3	Q17483439
Camp dels Ninots	41.83492	2.79696		peak	3	Q1030029
Puig de les Teules	41.82573	3.01229	273	peak	3	Q11943741
Passo Godi	41.83495	13.93156	1630	pass	3	Q3897330
Mali Shëngjinit	41.83276	19.58786	361	peak	4	Q22011720
Punta di u Furnellu	41.83627	9.23232	1902	peak	3	Q31644153
Torreta dels Quatre Batlles	41.85165	0.76892	616	peak	3	Q11952585
Tossal de la Creu	41.84657	1.40207	658	peak	3	Q11952765
Puig Rodó	41.84954	2.12433	1056	peak	4	Q17483341
Turó de Bellver	41.84717	2.17140	1042	peak	5	Q7856604
Turó d'en Puig	41.84839	2.46649	916	peak	3	Q17483773
Monte Incudine	41.84947	9.20738	2134	peak	11	Q1412839
Monte Scalambra	41.84741	13.12192	1420	peak	5	Q3861986
Monteró	41.86286	0.85302	575	peak	3	Q11937435
Pedrafita	41.86431	1.34608	675	peak	3	Q17482939
Turó del Vent	41.86127	2.63096	442	peak	3	Q11953758
Чуката	41.85573	24.95449	1140	peak	3	Q20500725
la Devesa	41.87027	2.10828	972	peak	3	Q11930463
Roca d'en Pla	41.87032	2.52652	903	peak	3	Q17483036
Puig Aldric	41.86754	2.96592	421	peak	3	Q17481202
Larouco	41.88277	-7.72490	1536	peak	4	Q10370481
Rocabandera	41.87773	1.30139	541	peak	5	Q11946072
Puig de la Caritat	41.87585	2.10882	1010	peak	3	Q17481566
Puig-l'agulla	41.88301	2.32796	810	peak	5	Q7259015
Aventino	41.88369	12.47942		peak	54	Q194103
Monte Viglio	41.88476	13.37388	2156	peak	4	Q3862123
Шерупа / Ksulje e Priftit	41.87719	20.59437	2092	peak	7	Q8082758
Предел	41.88127	23.34841	1140	pass	7	Q1249163
Monte de Santa Trega	41.88806	-8.87149	344	peak	8	Q3946633
lo Castellot	41.89195	1.05479	478	peak	3	Q11933732
Sant Quintí	41.89040	1.62357	712	peak	3	Q17483509
Roques del Rei	41.88520	2.56555	852	peak	3	Q11946271
Puig Gros	41.88559	2.95721	461	peak	3	Q11943392
Puig d'Arques	41.88906	2.99721	528	peak	10	Q7259025
Puig Cargol	41.88780	3.09142	363	peak	3	Q11943341
Montagut	41.88626	3.10916	266	peak	3	Q11937391
Celio	41.88510	12.49582		peak	45	Q216104
Monte Castelfraiano	41.88510	14.40883	1415	peak	5	Q3861416
Pala dels Pelats	41.89555	0.83232	927	peak	3	Q11939818
Pala Alta	41.89629	0.83636	949	peak	3	Q11939807
Pala del Coll de Porta	41.89690	0.84773	892	peak	3	Q11939819
l'Extrem	41.89637	0.87110	763	peak	3	Q11930130
Punta de l'Extrem	41.90295	0.87856	715	peak	3	Q11937371
el Mu	41.89969	0.89883	718	peak	3	Q11918411
Colle Vaticano	41.90278	12.44989	75	peak	34	Q1053000
Kulla e Gurit të Zi	41.90063	20.66380	2118	peak	5	Q5186994
Голема Враца / Vraca e Madhe	41.89678	20.75157	2582	peak	11	Q4906649
Puig Cornador	41.90719	2.38978	683	peak	4	Q7259021
Monte Guadagnolo	41.91315	12.92859	1218	peak	7	Q389494
Maja e Krushevaçkës	41.90963	20.61633	2048	peak	5	Q6439577
Mramor	41.90814	20.73216	2298	peak	5	Q15260141
Peña Mira	41.92268	-6.46590	1240	peak	6	Q6073864
Castellàs	41.92103	0.92814	772	peak	3	Q11913207
Serrat de l'Àliga	41.91902	1.90388	527	peak	3	Q17481218
Sant Miquel de Solterra	41.92315	2.53289	1209	peak	8	Q7419105
Volcà de la Crosa	41.92389	2.74052	155	peak	4	Q2877324
Puig d'en Carreres	41.92018	2.90851	398	peak	3	Q11943513
Monte Mario	41.92440	12.45213	139	peak	21	Q692719
Monte Cerella	41.92194	12.92666	1205	peak	3	Q16579588
Kallabak	41.91751	20.57577	2174	peak	6	Q6350001
Рудока/Rudoka	41.91849	20.77652	2661	peak	17	Q20568528
los Picons	41.92584	0.64158	951	peak	3	Q11919029
Malera	41.92991	0.72044	878	peak	3	Q17482439
Sant Sebastià	41.92618	2.19929	770	peak	3	Q17483519
Santa Bàrbara	41.92611	2.61800	852	peak	3	Q11947482
Puig de la Bandera	41.93251	3.12454	163	peak	3	Q11943667
Бориславец	41.93456	20.79871	2675	peak	7	Q9177635
la Grossa de Queralt	41.93881	0.84303	711	peak	3	Q11930543
Puig Cornador	41.94435	2.40933	621	peak	4	Q8531591
Monte Formicula	41.94495	9.21927	1981	peak	4	Q3322530
Cima Serra Leardi	41.94047	13.89432	2083	peak	3	Q31621513
Murgë	41.93781	20.61829	2025	peak	3	Q6938440
Punta d'Óssos	41.94980	0.63240	1014	peak	3	Q11943927
el Coscoll	41.94568	0.85547	696	peak	3	Q11918282
Santes Creus de Bordell	41.94953	1.31301	781	peak	3	Q11947662
Turó de la Creu de Gurb	41.95206	2.21054	842	peak	6	Q7856609
Sant Benet	41.94871	2.51352	1150	peak	7	Q7419083
Puig de Son Ric	41.94743	3.20885	322	peak	3	Q11943643
Monte Genzana	41.94805	13.88745	2170	peak	3	Q31621513
Челепински Врв / Qelepina e Madhe	41.94679	20.75475	2554	peak	3	Q27343728
Serrat del Portell	41.95786	2.19595	840	peak	4	Q11949362
Roca Falconera	41.95568	2.37581	718	peak	3	Q17481978
Puig del Far	41.95963	2.37616	832	peak	3	Q11943764
Puig de Sant Gregori	41.96457	2.57110	1090	peak	7	Q7419089
Quermany Gros	41.96022	3.17012	222	peak	3	Q11944227
Monte Catillo	41.96498	12.80562	350	peak	3	Q3321735
Monte Autore	41.95841	13.20360	1855	peak	4	Q3861206
Ovshinec	41.95929	20.68934	2177	peak	5	Q7114228
Трпезница Trpeznica	41.96276	20.76712	2610	peak	7	Q12911050
Esculqueira	41.97048	-7.08596	1145	peak	4	Q12400336
Camprodon	41.97195	1.95895	791	peak	3	Q8261258
Monte Porrara	41.96568	14.09599	2137	peak	5	Q3861863
Guri i Dhelprës	41.96905	20.68701	2010	peak	5	Q6558930
Крстовар	41.96505	21.39478	1066	peak	4	Q4499665
Sant Mamet	41.97788	0.94129	1390	peak	6	Q7419099
Turó del Castell	41.98310	2.39630	851	peak	7	Q7856610
Montdois	41.97878	2.48019	928	peak	6	Q6904618
Мал Турчин	41.98370	20.79728	2702	peak	6	Q20931795
Велиица	41.97796	23.76243	1712	peak	3	Q12274979
Serra de Montesinho	41.98846	-6.80738	1486	peak	4	Q3479913
Sant Quilis	41.99290	0.47221	1084	peak	3	Q25405360
Serrat de Pui	41.98862	0.76177	788	peak	3	Q17483095
Serrat de la Madrona	41.99049	1.84338	682	peak	3	Q11949196
Sant Grau	41.99258	2.71482	493	peak	4	Q17318030
Qula	41.98719	20.74031	2220	peak	5	Q5587115
Титов Врв	41.99201	20.79824	2747	peak	22	Q1638613
Бакардан	41.98915	20.81755	2700	peak	4	Q12905076
Puig de Millà	42.00171	0.67216	1025	peak	3	Q17482582
el Cogulló	41.99818	1.03919	1002	peak	3	Q11918263
l'Agullola	42.00451	2.48296	922	peak	7	Q8534972
Puig de Queralb	42.00327	2.97454	200	peak	3	Q17483232
Puig Cornell	41.99675	3.02255	79	peak	3	Q11943361
Roca Alta	42.01398	0.90521	1178	peak	3	Q11945894
Serrat de Sant Bartomeu	42.01368	1.52901	870	peak	3	Q11949055
Rocallarga	42.00978	2.44566	1186	peak	7	Q7353679
Sant Miquel	42.00687	2.86210	385	peak	3	Q17482837
Puig Vilar	42.01193	3.09762	93	peak	3	Q17483851
Tossal de les Torretes	42.02199	0.93835	1676	peak	6	Q7827876
Tossal de Mirapallars	42.02107	0.95903	1676	peak	6	Q7827874
Puig del Camí Ramader	42.02057	0.97325	1637	peak	3	Q11943754
Roca Alta	42.02126	1.01022	1438	peak	3	Q11945895
la Miranda	42.01912	2.20923	912	peak	3	Q17482607
el Far	42.02109	2.53690	1125	peak	7	Q5351265
Maja e Gjallicës	42.01667	20.47417	2489	peak	21	Q944830
Koka e Kaqit	42.01708	20.71446	2207	peak	5	Q6381856
Попова Шапка	42.01658	20.88604	1853	peak	15	Q3112563
A Portela da Canda	42.03377	-6.96487	1262	pass	4	Q22083416
lo Peladet	42.02567	0.91345	1466	peak	3	Q11933771
Roca Roja	42.02511	1.06035	1071	peak	3	Q17483324
Puig de la Banya del Boc	42.03261	2.67951	451	peak	3	Q8242290
Muntanya de Velers	42.03186	2.71344	545	peak	3	Q11937926
Col de Verde	42.02820	9.19481	1289	pass	5	Q3682486
Monte Morra	42.03126	12.83127	1036	peak	4	Q16579646
Sant Alís	42.03983	0.76651	1675	peak	6	Q7419072
Tossal de l'Osca	42.04095	0.83133	1521	peak	3	Q18008656
Roques Blanques	42.04201	0.90021	827	peak	3	Q17483399
Col de Scalella	42.04191	9.03525	1193	pass	4	Q21294334
Monte Follettoso	42.04358	12.86633	1006	peak	3	Q16579620
Monte Pallano	42.03940	14.38906	1020	peak	4	Q3861810
Muntanya del Montgrí	42.05209	3.13163	303	peak	5	Q11937456
Punta alla Vetta	42.05195	9.11188	2255	peak	3	Q19947778
Monte Midia	42.05180	13.18702	1737	peak	3	Q31618856
Tossal del Vigatà	42.05740	1.02571	1240	peak	3	Q11952882
Sant Miquel	42.06221	1.09795	1190	peak	3	Q11947242
Serrat de Porredon	42.05864	1.39732	854	peak	3	Q11949028
Puig Rodó	42.05797	3.12057	308	peak	3	Q17483340
Montplà (Montgrí)	42.05622	3.14172	310	peak	4	Q8539027
el Tossal Gros	42.05721	3.17663	159	peak	3	Q17483730
Torre Moratxa	42.05570	3.18379	220	peak	3	Q17483680
Roca Maura	42.05540	3.18984	225	peak	3	Q11945931
Monte Renoso	42.05972	9.13380	2352	peak	9	Q3322570
Monte Gennaro	42.06056	12.80660	1272	peak	7	Q6698111
Forca Caruso	42.06388	13.70582	1100	pass	3	Q3747926
Черновец	42.06020	23.90460	1834	peak	3	Q33137781
Roc de Cogul	42.06529	1.26542	885	peak	3	Q11945830
Tambors de Rof	42.07342	1.35197	970	peak	3	Q11950850
Cap dels Plans	42.06792	1.70582	1384	peak	3	Q11912159
Serrat de les Tombes	42.07275	1.77131	1204	peak	3	Q17483667
Puig Martorell	42.06944	2.03138	961	peak	3	Q17482490
Puig de la Bastida	42.06935	2.42752	1239	peak	5	Q17482280
Puigsou	42.07261	2.68610	988	peak	6	Q7259040
Puig de les Cogullades	42.06654	3.12902	210	peak	3	Q11943719
Passo San Leonardo	42.07367	14.03031	1282	pass	3	Q3897339
Monte Aloia	42.08187	-8.68083	633	peak	12	Q3394948
Tossal de Vilabella	42.08420	0.74625	1106	peak	3	Q17483847
Roca del Corb	42.07725	1.25795	995	peak	3	Q11946035
Agulla del Corb	42.07620	1.26157	956	peak	3	Q11904375
Roques de Sant Honorat	42.08410	1.26934	1068	peak	3	Q18006837
Roc de Rombau	42.07752	1.28169	991	peak	3	Q11945835
Puig Rodon	42.08107	1.68843	1338	peak	3	Q11943427
Puig Gertell	42.07544	1.69112	1388	peak	3	Q11943384
Serrat de la Llosa	42.07783	1.76506	1236	peak	3	Q11949191
els Munts	42.07874	2.15328	1057	peak	6	Q5367368
Tossa de Pujolriu	42.08201	2.44707	932	peak	5	Q17483201
Puig Sesarques	42.08269	2.68102	880	peak	5	Q7259024
Kozjak	42.07876	19.22269	1427	peak	8	Q103021183
Кара Никола / Kara Nikolla	42.08364	20.79423	2409	peak	6	Q11001944
Tossal de Cortiuda	42.08924	1.24221	1016	peak	3	Q11952684
Roc de les Tres Creus	42.09126	1.30948	854	peak	3	Q17483750
la Roca de Montpolt	42.08803	1.40514	1012	peak	3	Q17482772
la Guàrdia	42.09283	1.62407	1437	peak	3	Q17482177
Turó de l'Escala	42.09384	1.66314	1278	peak	3	Q11953586
Tossal de Vilella	42.09141	1.72225	1526	peak	3	Q11952734
els Tossals	42.08925	1.72745	1525	peak	3	Q17483739
Serrat de Runers	42.08715	1.75012	1500	peak	3	Q17483425
Serrat de Sant Isidre	42.09051	1.96199	1117	peak	3	Q11949058
Puig Capell	42.08900	2.63189	876	peak	4	Q17481549
Puig Moragues	42.08806	3.09347	34	peak	3	Q11943407
Monte Amaro	42.08633	14.08591	2793	peak	7	Q21992975
Tossal de les Barranques	42.10492	1.15147	1191	peak	3	Q17481310
el Tossal	42.09808	1.27101	1018	peak	3	Q11918619
Roc del Migdia	42.10454	1.36240	1153	peak	3	Q17482564
el Castellot d'Orriols	42.09643	1.68204	1187	peak	3	Q17481624
Bellmunt	42.10152	2.29371	1248	peak	6	Q4884080
el Pla de la Grevolosa	42.10360	2.37992	1274	peak	4	Q11918460
Puig Sabarraca	42.10334	2.41394	1266	peak	4	Q17483429
Puig Satoies	42.09690	2.41544	1251	peak	3	Q11943452
Puig de la Miranda	42.09997	2.48777	631	peak	4	Q11943698
Monte Pellecchia	42.10378	12.86676	1370	peak	3	Q8545704
Rumija	42.10319	19.18860	1594	peak	19	Q1785716
Кобилица / Kobilicë	42.09609	20.88370	2528	peak	10	Q3300104
Solà de Mont-rebei	42.10892	0.71225	689	peak	3	Q11950138
les Mosques	42.10607	0.83612	1032	peak	3	Q11931625
Cogulló de Sant Quiri	42.10843	1.13215	1356	peak	3	Q11914431
lo Coscollet	42.11414	1.26752	1610	peak	8	Q5351076
Roca del Borrut	42.10950	1.54778	1126	peak	3	Q17481403
Turó de les Armes	42.11217	1.54987	1197	peak	3	Q11953677
la Castelloneta	42.11239	1.55492	1112	peak	3	Q11930360
el Cogul	42.11004	1.63946	1526	peak	6	Q5351039
Tossal de les Viudes	42.11476	1.65923	1379	peak	3	Q11952817
Tossal Gran	42.11452	1.66985	1300	peak	3	Q17483725
Tossal Pla	42.10736	1.70918	1134	peak	3	Q11952633
Agulles del Mercadal	42.11276	1.83914	1061	peak	3	Q11904386
Collada de Bracons	42.10836	2.37632	1132	pass	4	Q11914632
Cim de la Pastera	42.10549	2.37644	1201	peak	4	Q11913795
Faig Rodó	42.11434	2.57821	1020	peak	3	Q11921502
Sant Patllari	42.11208	2.71173	646	peak	3	Q11947288
Puig Segalar	42.11251	3.04993	177	peak	3	Q11943459
Puig Sec	42.10819	3.15377	61	peak	3	Q11943454
Montgó	42.11080	3.17402	96	peak	3	Q11937466
Col de Vizzavona	42.11189	9.11215	1183	pass	6	Q2982142
Tossal de l'Abadia	42.12461	0.71349	727	peak	3	Q20102478
los Tossalets	42.12220	0.80630	1012	peak	3	Q17483738
Tossal de Vall-llonga	42.12148	1.58246	1251	peak	3	Q17483813
Tossal del Bisbe	42.11888	1.62360	1198	peak	3	Q11952822
Rocaterçana	42.11584	1.73148	1382	peak	3	Q11946095
Cogulló d'Estela	42.12160	1.78709	1870	peak	3	Q11914430
Serrat de Migdia	42.11815	1.93165	1082	peak	3	Q11949011
Pic de Perris	42.11682	1.93789	1046	peak	3	Q11941493
Salga Aguda	42.11926	1.95141	1172	peak	3	Q17483443
Serrat dels Teixons	42.12176	1.95879	1057	peak	3	Q17483652
Puig Tosell Gros	42.11658	2.37394	1462	peak	5	Q11943476
Puig de les Civaderes	42.11934	2.37666	1448	peak	4	Q11943722
Puigsacalm Xic	42.12430	2.38575	1490	peak	8	Q7259039
Puig Blanc	42.11541	2.48446	729	peak	3	Q17481356
Puigsallança	42.11505	2.58151	1027	peak	8	Q7259041
Милеви скали	42.12427	24.06252	1593	peak	4	Q12286712
Tossal de les Barranques	42.12522	0.80263	1023	peak	3	Q17481310
Turó de la Colomera	42.12784	1.09435	1065	peak	3	Q17481745
Serrat de Carrasquers	42.13255	1.19270	1430	peak	3	Q17481573
Roca del Coscolló	42.12782	1.35436	1290	peak	3	Q11918283
Puig Sobirà Oriental	42.13407	1.49764	1938	peak	3	Q17483614
Roca de Canalda	42.13033	1.50784	1691	peak	3	Q17481511
Tossal de la Creu del Codó	42.13305	1.55276	1528	peak	3	Q17481831
Roca d'Auró	42.12710	1.78757	1948	peak	3	Q17481276
Puig Anyívol	42.12792	2.30166	1195	peak	3	Q11943330
Puig Castellar	42.12730	2.30437	1251	peak	3	Q17481610
la Talaia	42.13068	2.31062	1255	peak	3	Q11930836
Puig de Miralles	42.13007	2.36698	1435	peak	5	Q17482602
Puigsacalm	42.12517	2.38792	1514	peak	12	Q7259038
Puig dels Llops	42.12924	2.39247	1485	peak	5	Q17482386
Puig Cornelis	42.13070	2.39773	1359	peak	5	Q17481779
Puig Clarà	42.13279	2.73828	315	peak	4	Q11943356
Puig de Sant Martirià	42.13183	2.76320	242	peak	3	Q17482348
Црн Врв / Maja e Zezë	42.12858	20.92001	2528	peak	11	Q1140631
Galiñeiro	42.13557	-8.70141	709	peak	3	Q18585200
Roc del Pas de Finestres	42.13562	1.09669	1088	peak	3	Q17482927
Montlleó	42.13777	1.62892	1212	peak	3	Q11937471
Cap de la Serra	42.13606	1.75854	1846	peak	3	Q17483570
Rasos de Baix	42.13696	1.78044	2058	peak	3	Q17483252
Puig Cornador	42.13974	2.10834	1229	peak	6	Q7259018
Turó Gran de Bufadors	42.13802	2.24238	1006	peak	3	Q11953422
Puig de Palou	42.14358	2.30203	1427	peak	3	Q11943608
Puig Cubell	42.13766	2.35087	1488	peak	5	Q11943576
Puig Bronzer	42.13702	2.48192	924	peak	4	Q17481412
Roca Lladre	42.13652	2.49816	907	peak	4	Q17482325
Volcà del Puig de la Costa	42.14417	2.52772	727	peak	3	Q11954949
Volcà de Santa Margarida	42.14142	2.54392	766	peak	16	Q1859850
Volcà de Rocanegra	42.13998	2.55535	654	peak	4	Q11954941
Volcà del Puig Subià	42.13521	2.55800	710	peak	3	Q11954947
Puig de les Gitanes	42.13662	2.72949	378	peak	3	Q11943732
Monte d'Oro	42.13746	9.09861	2389	peak	11	Q2572089
Monte Magnola	42.14185	13.45915	2220	peak	3	Q31619759
Пескови / Bistër	42.13988	20.97960	2651	peak	9	Q6980796
Младежки хълм	42.13693	24.73196	284	peak	4	Q5319673
Tossal Gros	42.14886	0.75613	1085	peak	3	Q17482152
Montllobar	42.14661	0.79781	1104	peak	3	Q11937472
Tossal de la Doba	42.15389	1.05536	822	peak	3	Q11952768
Roca de la Rua	42.14534	1.15848	1110	peak	3	Q18006383
Roca Alta	42.14711	1.34222	1501	peak	3	Q17481235
Pic de Turp	42.15114	1.34728	1620	peak	3	Q17483805
Tossal de la Pinassa	42.14534	1.35829	1474	peak	3	Q17301295
Puig de les Morreres	42.15100	1.53988	2212	peak	3	Q17482815
Roca de Guixers	42.14733	1.62622	1407	peak	3	Q17482220
el Tossal	42.15203	1.72020	1552	peak	3	Q11918620
Puig de la Bicoca	42.14992	2.34438	1445	peak	3	Q11943669
els Gronys	42.14997	2.37290	1290	peak	4	Q17482124
Puig de l'Amat	42.15212	2.38858	942	peak	4	Q17483120
Volcà del Croscat	42.15400	2.53605	789	peak	14	Q1141050
Monte Velino	42.14704	13.38166	2486	peak	14	Q2631149
Monte Sirente	42.14517	13.61101	2348	peak	9	Q3322114
Maja Livadh	42.14896	20.99567	2497	peak	5	Q6737323
Сахат тепе	42.14530	24.74716	211	peak	4	Q12293012
Peña Isasa	42.16285	-2.14665	1472	peak	6	Q2888170
Puig Falconer	42.16361	0.96589	799	peak	3	Q11943375
Roca de Viella	42.16281	1.07664	1196	peak	3	Q18006386
Tossal dels Tres Senyors	42.16351	1.18048	1363	peak	4	Q8540011
Tossal de Cambrils	42.15514	1.41586	1803	peak	3	Q17481470
Cap d'Urdiets	42.15921	1.55664	2145	peak	3	Q11919018
Puig de l'Obiol	42.15786	2.30465	1544	peak	6	Q7259031
Puig de Gorners	42.16208	2.38523	1100	peak	4	Q11943590
Puig d'Aulines	42.15784	2.40129	879	peak	4	Q17481274
Volcà del Puig de Martinyà	42.15556	2.54639	658	peak	3	Q11954950
Руен	42.15801	22.51627	2251	peak	11	Q46499
la Torreta de Suterranya	42.16930	0.96916	958	peak	3	Q11930883
Roca de Monteguida	42.17372	1.07552	1510	peak	3	Q17482737
Roca de l'Espluga de Ninou	42.17187	1.07621	1506	peak	3	Q11946001
lo Picalt	42.16729	1.16572	1225	peak	3	Q11933775
la Roca Alta	42.16722	1.16924	1404	peak	3	Q11930743
Tossal Rodó	42.17412	1.68696	1437	peak	3	Q11952645
Sobrepuny	42.16772	1.91070	1655	peak	3	Q17483615
Milany	42.16552	2.28953	1529	peak	7	Q6850793
Puig de l'Ofrena	42.17172	2.36387	1351	peak	4	Q17482881
Puig de Llandrics	42.16552	2.38244	1206	peak	4	Q11943594
Volcà de Pujalós	42.17162	2.53495	779	peak	4	Q11954938
Мальовица	42.17382	23.36302	2729	peak	13	Q210004
Злия зъб	42.17210	23.38508		peak	3	Q9391456
Ибър	42.17327	23.71100	2664	peak	3	Q12280639
Puig de Galliner	42.18235	0.94144	836	peak	3	Q11943586
Roc de Neret	42.17528	0.94653	906	peak	3	Q11945833
Sant Corneli	42.18280	1.00281	1351	peak	6	Q7419084
Gallinova	42.18457	1.07777	1687	peak	3	Q17482078
Setcomelles	42.17501	1.18519	1518	peak	3	Q11949499
Tossal de la Feixa	42.18194	1.24873	1297	peak	3	Q11952767
Gespeguera	42.17522	1.50464	2332	peak	3	Q17482292
Pedró dels Quatre Batlles	42.18475	1.52087	2386	peak	5	Q7160088
el Vulturó	42.17967	1.52202	2349	peak	3	Q17483872
Roques del Minguell	42.17812	1.62035	1493	peak	3	Q11946273
Roca de Suquer	42.18147	1.70989	1639	peak	3	Q11945999
Roca Gran de Ferrús	42.18385	1.73847	2128	peak	3	Q17483317
Pedró d'Arquers	42.18050	2.12872	1238	peak	3	Q11940744
Puig de la Rauta	42.17770	2.41360	952	peak	3	Q11943616
Volcà de les Bisaroques	42.18204	2.50424	546	peak	4	Q11954944
Monte Rocca Romana	42.17636	12.23620	612	peak	5	Q8545686
Monte Cervia	42.17704	13.02186	1431	peak	3	Q24052842
Мусала	42.17919	23.58528	2926	peak	55	Q209341
Малка Мусала	42.18020	23.59138	2902	peak	4	Q11772443
Иречек	42.18393	23.59183	2852	peak	4	Q151882
Белмекен	42.18060	23.77150	2626	peak	6	Q26144
O Seixo	42.19430	-7.35767	1706	peak	3	Q12393504
Vizcodillo	42.19422	-6.50620	2122	peak	4	Q6164291
Peñalmonte	42.18834	-2.20848	1276	peak	5	Q6073976
Montagut	42.18913	1.05406	1348	peak	3	Q17482709
Pical Ras	42.19197	1.13695	1782	peak	3	Q17483014
Tossa Pelada	42.19061	1.52242	2379	peak	3	Q11952597
Tossal d'Estivella	42.19336	1.54024	2338	peak	5	Q17481963
Roc del Migdia dels Clots	42.19268	1.58865	1538	peak	3	Q11945879
Roques Blanques	42.19064	1.73055	2149	peak	3	Q17481368
Cap de la Gallina Pelada	42.18941	1.73806	2321	peak	5	Q17482071
Serrat Voltor	42.18812	1.77703	2281	peak	3	Q11948927
Volcà del Montsacopa	42.18793	2.48865	516	peak	12	Q3562719
Volcà de la Garrinada	42.19179	2.49511	473	peak	9	Q3562714
Maja Maranajt	42.19133	19.59712	1576	peak	3	Q27908482
Maja e Arnenit	42.18559	20.96263	1948	peak	3	Q25572346
Дамга (Вазов)	42.18654	23.31822	2677	peak	5	Q275680
Moncalvo	42.19820	-6.80885	2044	peak	3	Q10911532
Roc de Galliner	42.19807	1.41097	1630	peak	3	Q17482077
Roc del Migdia de la Colilla	42.19771	1.58550	1780	peak	3	Q11945880
Roca d'en Carbassa	42.20258	1.58922	1947	peak	3	Q17481557
Cap del Verd	42.20082	1.61371	2284	peak	6	Q5034455
Cap de Prat d'Aubes	42.19787	1.62520	2252	peak	3	Q17483083
Cap d'Urdet	42.19661	1.64047	2240	peak	3	Q11912079
Roques d'Empalomar	42.19675	1.80607	1483	peak	3	Q17481915
el Pedró	42.20272	1.94892	1765	peak	3	Q17482947
Volcà d'Aiguanegra	42.20483	2.51760	592	peak	4	Q5661189
Oshlak	42.19662	20.89191	2212	peak	12	Q7116823
Дено	42.19675	23.60319	2790	peak	4	Q25803262
Peña Falconera	42.20535	-0.09643	724	peak	8	Q2487532
Roca de Migdia	42.20793	1.56814	1870	peak	3	Q17482566
Collada de Sentigosa	42.21077	2.33261	1064	pass	3	Q20985631
A Maniccia	42.21062	9.04616	2496	peak	3	Q15992393
Narce	42.21207	12.41916	200	peak	4	Q3336046
Љуботен / Maja e Lubotenit	42.20684	21.11910	2498	peak	21	Q927599
Col de Sevi	42.22350	8.82989	1103	pass	3	Q16507516
Lombarduccio	42.21902	9.01298	2268	peak	3	Q21427563
Monte Rotondo	42.21613	9.05795	2622	peak	14	Q641239
San Millán	42.23190	-3.20628	2129	peak	11	Q48781639
Sant Cosme	42.23444	0.75576	1128	peak	3	Q17483461
Tossa de Puigbò	42.22999	2.06783	1269	peak	3	Q17483157
Monte Cardo	42.23030	9.12027	2453	peak	5	Q3322517
Pena Trevinca	42.24237	-6.79607	2127	peak	14	Q3328243
Monte San Lorenzo	42.24258	-2.97261	2271	peak	9	Q3322098
Roc de Santa	42.24372	1.01769	1113	peak	3	Q17483524
Montpedrós	42.24188	1.08054	1614	peak	3	Q17482767
Cap de Boumort	42.23502	1.13466	2077	peak	10	Q5034453
Roca de Santaló	42.24394	1.55745	1766	peak	3	Q17483541
els Cloterons	42.23814	1.62602	2179	peak	3	Q17481679
el Calderer	42.23902	1.70619	2500	peak	3	Q11918202
Pollegó Inferior	42.23563	1.70703	2444	peak	3	Q60847492
Pashallore	42.24047	20.90985	2092	peak	10	Q3357447
A Pena Negra	42.24954	-6.79420	2121	peak	4	Q12397462
Pic de Santa Magdalena	42.24938	0.95048	812	peak	3	Q11941502
Roc de Tomàs	42.25098	1.04017	1005	peak	3	Q17483668
Roc de Penalta	42.24544	1.09854	1697	peak	3	Q18006369
Roc de l'Àliga	42.24671	1.54779	1672	peak	3	Q11945845
Puig Rom	42.25011	3.18932	225	peak	4	Q17483394
Monte Soratte	42.24562	12.50194	691	peak	17	Q1334215
Cabeza de Manzaneda	42.25711	-7.29788	1781	peak	7	Q12255583
Pena Surbia	42.25565	-6.77588	2116	peak	4	Q5401659
Roca Mosquera	42.25840	0.81748	1211	peak	3	Q17483320
Tossal del Càvet	42.26274	0.89016	1263	peak	3	Q11952835
lo Castell	42.26467	0.92349	997	peak	3	Q11933730
el Pui	42.25948	1.51697	1581	peak	3	Q11918479
Puig Galliner	42.25721	1.57412	1876	peak	3	Q17482075
Cadinell	42.26438	1.59784	2113	peak	3	Q17481450
Sant Marc de Brocà	42.26494	1.89875	1611	peak	5	Q11947189
Sant Eloi	42.25652	2.01719	1442	peak	4	Q17483466
el Cuàs	42.25719	2.13689	1419	peak	3	Q17481848
les Aiades	42.25881	2.26528	1351	peak	3	Q11931473
Castellets	42.25762	2.68051	986	peak	3	Q11913176
el Mont	42.25888	2.70631	1125	peak	8	Q6758738
Castell de Falgars	42.25576	2.72997	978	peak	3	Q11913034
Punta Artica	42.26468	8.97044	2327	peak	6	Q3410862
Pic de Lleràs	42.26920	0.85265	1692	peak	6	Q7259011
Roca Foradada	42.27392	0.96146	1054	peak	3	Q11945917
Tossal Gros	42.27276	0.99907	1082	peak	3	Q17482143
Coll de Jovell	42.27085	1.59754	1792	pass	4	Q11914498
Roques de l'Espluga	42.26630	2.05239	1493	peak	3	Q11946250
Puig de Sant Pere	42.26878	2.09655	1644	peak	3	Q17483503
Puig de Sant Amand	42.26535	2.20731	1851	peak	6	Q7419073
Turó dels Castellets	42.26533	2.25985	1368	peak	3	Q17481621
Montmajor	42.26879	2.48306	1073	peak	5	Q11937479
Puig Alt	42.27148	3.22691	488	peak	3	Q17481228
les Picorres	42.27777	0.88280	1312	peak	3	Q11931645
Cap de Pla Redon	42.27552	1.26702	1846	peak	3	Q17483042
Cap de la Fesa	42.28200	1.55529	2382	peak	3	Q11912121
Puig de la Canal del Cristall	42.28372	1.65485	2588	peak	3	Q17481508
Pic de Costa Cabirolera	42.28146	1.67041	2604	peak	8	Q4892698
Comabona	42.28369	1.72629	2549	peak	8	Q5150472
Puig Terrers	42.28247	1.73812	2466	peak	3	Q11943469
la Covil	42.28165	2.09759	2002	peak	3	Q11930430
la Berruga	42.27578	2.12197	1787	peak	3	Q11930286
Taga	42.28076	2.20990	2040	peak	4	Q8538568
Turó de la Portella d'Ogassa	42.27845	2.21927	1902	peak	3	Q17483073
Puig de Coma d'Olla	42.28242	2.23855	1938	peak	3	Q11943573
Puig Estela	42.28430	2.25401	2013	peak	6	Q7259023
Puig Ou	42.28411	2.42779	1300	peak	3	Q11943413
El Talló	42.28048	2.44782	1277	peak	3	Q11918598
Puig de l'Àliga	42.28050	3.20497	463	peak	3	Q17481209
el Pení	42.28140	3.24320	608	peak	6	Q11940847
Tozal de Guara	42.28866	-0.22943	2078	peak	6	Q6075076
les Tres Peires	42.28830	0.87925	1465	peak	3	Q17483753
Taula d'Enserola	42.29121	0.91997	1021	peak	3	Q17483649
Torreta de Cadí	42.28709	1.58420	2562	peak	8	Q7827079
Vulturó	42.28578	1.63642	2649	peak	11	Q2693141
Roca de l'Ordiguer	42.28753	1.65690	2346	peak	3	Q17482892
Roca Verda	42.28649	1.66029	2400	peak	3	Q11945967
Coll de Tancalaporta	42.28756	1.73710	2343	pass	3	Q17301483
Pradell	42.29331	1.76217	2212	peak	3	Q17483080
Cap de la Boixassa	42.28856	1.79861	1819	peak	3	Q17481385
Tossal d'Orriols	42.29340	1.99392	1913	peak	3	Q11952664
l'Emperadora	42.29105	2.06437	1962	peak	3	Q17481916
Cim del Plà de Pujalts o Costa Pubilla	42.28570	2.08076	2056	peak	6	Q5120045
la Pedra dels Tres Bisbats	42.29422	2.27835	1899	peak	3	Q17482938
el Ferran	42.29489	2.57246	985	peak	3	Q11918314
Puig dels Boixos	42.28859	2.67013	788	peak	3	Q11943786
Col de Vergio	42.29032	8.87840	1467	pass	8	Q1107407
lo Tossalet	42.29822	0.97442	1411	peak	3	Q11933838
Rocs de Canells	42.29928	1.90911	2254	peak	3	Q11946101
Puigllançada	42.30048	1.93551	2409	peak	8	Q7259037
Pedra Picada	42.29610	2.05084	2010	peak	3	Q11940664
Puig dels Bufadors	42.30107	3.24874	432	peak	3	Q17481417
Puig de s'Alqueria	42.30103	3.28909	53	peak	3	Q17481225
Capu a Cuccula	42.29635	8.84983	2049	peak	3	Q25675368
Punta a e Cricche	42.30049	8.85904	2057	peak	3	Q25675389
Qafa e Prushit	42.30200	20.38317	649	pass	8	Q27340521
Porto de Fonte da Cova	42.31362	-6.73138	1850	pass	4	Q8538863
l'Avedoga d'Adons	42.31412	0.83819	1839	peak	3	Q17481280
Roc de Sant Aventí	42.30722	0.97425	1480	peak	3	Q11945838
Pui de la Bastida	42.31024	1.47248	1314	peak	3	Q17483097
Pic de la Roca Foradada	42.30606	1.75910	1772	peak	3	Q17482017
Penyes Altes de Moixeró	42.30631	1.84248	2276	peak	8	Q7165403
Cap del Serrat Gran	42.31074	1.91020	2402	peak	3	Q11912149
la Creueta	42.30555	2.00231	2066	peak	3	Q17481836
Pleta Roja	42.30739	2.01382	2031	peak	3	Q17483052
els Coforns	42.30533	2.15882	1259	peak	3	Q17481689
Roca de la Creu	42.30740	2.16750	999	peak	3	Q17483306
Sant Antoni Vell	42.30552	2.37996	1340	peak	3	Q17483456
Martanyà	42.30963	2.60676	1031	peak	3	Q11935659
Puig de Bassegoda	42.31280	2.63077	1373	peak	8	Q4894784
Puig Pelegrí	42.31229	3.29049	130	peak	3	Q11943418
Monte do Faro	42.31663	-8.70378	636	peak	4	Q6022401
Peña Bajenza	42.31859	-2.50794	943	peak	4	Q7179685
Roc de Sant Cugat	42.32497	0.75402	1328	peak	3	Q11945839
Pala del Teller	42.31686	0.80946	1889	peak	3	Q17482903
les Piques	42.32097	1.17586	1969	peak	3	Q11931652
la Tosa	42.32058	1.89266	2536	peak	11	Q3776656
Puig d'Alp	42.32188	1.90688	2407	peak	4	Q11943487
Sant Salvador Saverdera	42.31996	3.16783	682	peak	3	Q17483518
Tossal Gros	42.33307	0.77111	1546	peak	3	Q11952623
Puig Cornador	42.33129	2.19971	1800	peak	6	Q7259019
Comanegra	42.33330	2.52776	1558	peak	11	Q4889555
Capo alle Giargiole	42.33016	8.85458	2105	peak	3	Q31643346
Punta di Caldane	42.32948	9.34708	1724	peak	4	Q22248767
Monte Fogliano	42.32653	12.14407	965	peak	3	Q3861548
Monte Pizzuto	42.33491	12.72516	1288	peak	3	Q3861847
Monte Tancia	42.32774	12.74276	1292	peak	3	Q8545690
Cap del Roc	42.34117	1.27508	1448	peak	3	Q11912147
Collada de Toses	42.33603	1.99112	1791	pass	4	Q17598430
Pla de la Bassa	42.34219	2.00387	2028	peak	3	Q11941814
Cim d'Estremera	42.33738	2.12431	1948	peak	3	Q11913788
Puig Cerverís	42.33766	2.22285	2207	peak	6	Q7259017
Sant Bernabé	42.33989	2.42797	1370	peak	3	Q11946944
Roc del Tabal	42.34403	2.47250	1306	peak	4	Q11945886
Coll del Perer	42.33983	2.54894	1117	pass	3	Q24003086
Roca de Miralles	42.34222	3.13311	278	peak	3	Q11945989
Capo Tafonatu	42.34071	8.86783	2335	peak	8	Q749865
Paglia Orba	42.34311	8.87868	2525	peak	11	Q1935119
Monte Venere	42.34202	12.18427	851	peak	4	Q3862113
Teleno	42.34591	-6.39374	2183	peak	6	Q3326787
Monte Laturce	42.35304	-2.41681	1039	peak	4	Q6022443
Monte Macchia Gelata	42.35051	12.72375	1258	peak	4	Q8545698
Coll de la Creu de Pervés	42.35779	0.84215	1334	pass	3	Q11914551
lo Tossal	42.36462	0.91052	1307	peak	3	Q17483704
Roca Castellana	42.36336	1.89630	1381	peak	3	Q11945902
Puig de Dòrria	42.36176	2.08467	2547	peak	7	Q7259027
Roques de l'Oratori	42.36431	2.16428	1744	peak	3	Q11946256
Castell dels Moros	42.35548	2.25467	2132	peak	3	Q17301127
Puig de les Agudes	42.36292	2.31790	1974	peak	5	Q11943708
Montfalgars	42.36321	2.45692	1610	peak	4	Q11937445
Mont Nègre	42.36221	2.55989	1425	peak	3	Q11937482
Castell de Bac Grillera	42.36012	2.70386	1057	peak	3	Q17481590
Poggio Nibbio	42.36175	12.17349	896	peak	3	Q8545680
Monte Alto	42.35676	12.73120	1245	peak	3	Q8545701
Port del Cantó	42.37036	1.23777	1718	pass	6	Q11942406
Roc Beneïdor	42.37121	1.56051	1681	peak	3	Q11945808
Tossal Negre	42.37445	1.70617	1358	peak	4	Q11952632
Tossa del Pas dels Lladres	42.37385	2.08946	2661	peak	3	Q11952601
Collada de Fontalba	42.36678	2.15212	2070	pass	3	Q17604937
el Balandrau	42.37014	2.21956	2585	peak	7	Q4850026
Puig Moscós	42.37112	2.37299	1739	peak	3	Q17482820
Col d'Ares	42.36701	2.45630	1512	pass	10	Q2981983
Capu Larghia	42.37394	8.92344	2475	peak	5	Q2937694
Monte Porco Morto	42.37323	12.71667	1258	peak	3	Q8545707
Monte Capo di Serre	42.37298	13.75146	1771	peak	3	Q3861300
Cima della Cioccola	42.37255	13.82567	1581	peak	3	Q3676805
la Faiada de Malpàs	42.37504	0.77522	1699	peak	5	Q8539444
Tossal Gros	42.37886	0.84054	1476	peak	3	Q17482147
Pui del Far	42.38418	0.89844	1622	peak	3	Q11943312
Santa Bàrbara	42.38079	0.92342	1613	peak	3	Q11947480
Puigmal d'Err	42.38327	2.11679	2910	peak	20	Q17477
Puig de Fontlletera	42.37680	2.23573	2581	peak	6	Q8531448
Puig Sistra	42.38060	2.34291	1990	peak	3	Q17483608
Puig Falcó	42.37529	2.66709	1097	peak	5	Q11943374
Punta Minuta	42.37522	8.91392	2556	peak	8	Q955366
Monte Cinto	42.37971	8.94569	2706	peak	26	Q1415428
Monte Ruzza	42.38147	13.56223	1643	peak	3	Q3861939
Maja Hekurave	42.38412	19.96876	2560	peak	8	Q6737375
Cap de la Ginebrera	42.39082	1.00718	1772	peak	3	Q17482102
Tossal de Sant Quiri	42.39359	1.01455	1834	peak	3	Q17483511
Tossal d'Isòvol	42.38521	1.81486	1282	peak	4	Q17482251
Pic Petit de Segre	42.39459	2.11485	2810	peak	6	Q7190454
Torreneules	42.39089	2.19621	2713	peak	9	Q7827019
Puig de Pastuira	42.38726	2.27193	2353	peak	6	Q7259029
Puig de l'Artiga del Rei	42.39491	2.39982	1641	peak	3	Q17481269
Coll Pregón	42.39289	2.40803		pass	3	Q17615576
Puig de la Clapa	42.39379	2.42478	1654	peak	4	Q17481665
Puig d'Esquers	42.39265	3.09646	605	peak	3	Q17481953
Capo al Berdato	42.39174	8.97892	2583	peak	6	Q16861935
Cima di Monte Bolza	42.39026	13.68998	1927	peak	3	Q31626104
Cabeza de Yegua	42.40252	-6.54293	2142	peak	4	Q5738070
la Serra des Fronts	42.40063	0.83903	1545	peak	3	Q11930817
Tossal de Sant Martí	42.40007	0.88050	1363	peak	3	Q17483497
Tossal del Tuiro	42.40307	0.92575	1770	peak	3	Q17483768
Roca de Coma-sarrera	42.40300	1.21713	2374	peak	3	Q11945978
Pla de Llet	42.40463	1.63223	2141	peak	3	Q17483040
Pic del Segre	42.39706	2.12133	2843	peak	9	Q1477225
Pic de l'Àliga	42.39664	2.16619	2422	peak	4	Q11941524
Puig de Fontnegra	42.40316	2.18179	2727	peak	9	Q7259030
Cim de la Coma del Clot	42.39660	2.18523	2739	peak	5	Q5150470
les Borregues	42.39634	2.24773	2692	peak	5	Q6529253
Capo Bianco	42.40284	8.98866	2562	peak	7	Q16861938
Monte San Petrone	42.39625	9.32681	1767	peak	9	Q3322576
Monte Bertona	42.39968	13.85359	1220	peak	3	Q3861228
Štirovnik	42.39917	18.81843	1748	peak	5	Q9396999
Pico Tuerto	42.41307	-6.57073	2051	peak	3	Q2882122
Puerto del Morredero	42.40968	-6.51264	1736	pass	4	Q6092268
Tossal de Sant Quiri	42.40634	0.84388	1626	peak	3	Q17483512
Torreta de l'Orri	42.40873	1.21470	2438	peak	3	Q11952583
Tossal del Roure	42.40555	1.42855	1691	peak	4	Q11952878
Coll de Finestrelles	42.40844	2.12487	2605	pass	3	Q11914492
Puig del Coll de Finestrelles	42.41126	2.12787	2743	peak	3	Q17483134
Pic de Finestrelles	42.41443	2.13347	2827	peak	7	Q7190460
Rocs Blancs	42.40789	2.18532	2784	peak	3	Q11946102
Gra de Fajol Petit	42.41329	2.25966	2566	peak	6	Q5590538
Coll de la Dona Morta	42.40902	2.69590	1082	pass	4	Q24001873
Puig del Faig	42.41162	2.77047	922	peak	4	Q11943766
Monte Cimino	42.40780	12.20122	1053	peak	7	Q3861452
Qafa e Valbonës	42.40569	19.81520	1795	pass	7	Q2121353
Maja Grykat e Hapëta	42.40833	19.90472	2625	peak	11	Q6737303
Qafa e Morinës	42.41260	20.22202	563	pass	4	Q1244630
Turbón	42.41691	0.50531	2492	peak	15	Q1324683
Tossal Roi	42.42232	0.74548	1128	peak	4	Q17483369
Turó Punçó	42.42456	1.60099	2493	peak	4	Q17483202
Tossal Gros	42.42072	1.73492	2256	peak	3	Q11952615
Pic de Núria	42.41663	2.14305	2790	peak	3	Q11941490
Pic d’Eyne	42.42348	2.15694	2789	peak	8	Q1742230
Pic de les Nou Fonts	42.42490	2.16763	2861	peak	10	Q1269228
Pic de Noucreus	42.41949	2.18420	2801	peak	7	Q7190463
Pic de la Fossa del Gegant	42.41733	2.19050	2808	peak	7	Q3382408
Pic de l'Infern	42.42394	2.21374	2870	peak	8	Q4314599
Pic de Freser	42.42302	2.21935	2834	peak	5	Q7190461
Gra de Fajol	42.41548	2.24775	2714	peak	6	Q5590537
Puig dels Lladres	42.42304	2.25927	2374	peak	3	Q17482327
Puig de la Llosa	42.42300	2.29649	2504	peak	3	Q17482394
Coll de Pal	42.41604	2.33459	2318	pass	3	Q17598182
Costabona	42.41689	2.34392	2465	peak	10	Q3382362
Roc de la Sentinella	42.41524	2.70887	1380	peak	4	Q17483561
Roc de Frausa	42.42273	2.72417	1421	peak	11	Q3437347
Roc del Comptador	42.42278	2.72730	1451	peak	6	Q7353670
el Moixer	42.42264	2.72976	1444	peak	8	Q5351613
Roc del Pou	42.42475	2.74240	1288	peak	4	Q3437354
Coll de Manrella	42.42150	2.80113	716	pass	4	Q17598259
el Castellar Gran	42.41557	2.98159	532	peak	3	Q11918230
el Castellar Petit	42.41895	2.98258	530	peak	3	Q11918233
Puig del Falcó	42.41622	3.14817	372	peak	4	Q17481973
Capu a u Ceppu	42.41911	8.85580	1951	peak	3	Q25675372
Roca Castellana	42.43031	1.35363	1628	peak	4	Q11945905
La Tour d’Eyne	42.43444	2.14713	2831	peak	3	Q56401322
Pic del Racó Gros	42.43221	2.18712	2782	peak	3	Q31632368
Bastiments	42.42622	2.23286	2881	peak	12	Q3138291
Puig d'Ombriaga	42.43363	2.25080	2639	peak	5	Q7259026
Portella de Mentet	42.43288	2.27363	2413	pass	3	Q49146497
Roca Colom	42.42508	2.31879	2506	peak	7	Q3437330
Puig de les Pedrisses	42.42540	2.75140	1331	peak	5	Q429731
Pic de les Salines	42.42546	2.75184	1333	peak	5	Q429731
Puig dels Pruners	42.42800	2.80294	832	peak	4	Q11943802
Puig d'en Jordà	42.42776	3.08204	754	peak	5	Q11943529
Puig de Taravaus	42.42511	3.09873	699	peak	3	Q11943648
Coll dels Belitres	42.43491	3.15962	165	pass	8	Q2982221
Monte Giano	42.43232	13.10973	1817	peak	4	Q3777927
Monte della Scindarella	42.42893	13.58359	2233	peak	4	Q2218606
Maja e Radohimës	42.42750	19.72639	2568	peak	15	Q2126597
Santo Domingo	42.44237	-0.91778	1524	peak	4	Q65398079
Tossal de la Costa	42.44244	0.95621	2604	peak	3	Q11952761
Pic del Coll de la Barra	42.44300	1.59720	2633	peak	4	Q17483008
Pic de la Dona	42.43750	2.26109	2702	peak	9	Q384203
Puig de Calmelles	42.44063	2.82837	736	peak	4	Q11943564
Puig de la Roureda	42.44142	2.97770	731	peak	4	Q17483415
Puig de la Calma	42.43576	3.06999	715	peak	3	Q11943671
Puig del Torn	42.43538	3.07652	663	peak	3	Q11943785
Puig de Querroig	42.43832	3.12095	670	peak	4	Q11943615
Monte Prena	42.44227	13.68282	2561	peak	8	Q2121362
Monte Camicia	42.43922	13.71842	2564	peak	11	Q929442
Qafa e Pejës	42.44387	19.77062	1742	pass	5	Q2121350
Maja e Jezercës	42.44209	19.81283	2694	peak	42	Q1032440
Cap dels Vedats d'Erta	42.45410	0.85295	2632	peak	3	Q11912156
Pica de Cerví	42.45295	0.87924	2754	peak	3	Q11941568
Pic de Llena	42.44694	0.91787	2686	peak	3	Q11941472
Monturull	42.45019	1.58121	2760	peak	13	Q6906641
La Carbassa	42.45301	1.72697	2736	peak	5	Q6461537
Pic de la Serre Gallinière	42.45053	2.25504	2663	peak	5	Q7190468
Puig de la Collada Verda	42.45461	2.39696	2403	peak	8	Q7259032
Pic de Fontfrède	42.44721	2.75581	1093	peak	4	Q3382365
Col de Panissars	42.45450	2.85763	325	pass	6	Q2982097
Col de Banyuls	42.45010	3.05414	357	pass	8	Q2982011
Pizzo Cefalone	42.45087	13.52470	2533	peak	7	Q848255
Monte Portella	42.44755	13.54603	2385	peak	6	Q1829349
Monte Brancastello	42.44736	13.63990	2385	peak	6	Q429784
Gorica	42.44878	19.27265	130	peak	3	Q27560902
Maja e Harapit	42.44530	19.75519	2218	peak	8	Q626160
Maja e Kokërhanes	42.45026	19.81570	2495	peak	3	Q6737313
el Corronco	42.46213	0.82850	2543	peak	9	Q4887373
Pic Negre de Claror	42.45866	1.56114	2642	peak	6	Q17483010
Pic de Perafita	42.45912	1.58552	2753	peak	5	Q11952788
Pic del Sirvent	42.46475	1.60582	2722	peak	6	Q17483009
Tossal Bovinar	42.46273	1.63168	2842	peak	5	Q11952606
Coll del Pertús	42.46446	2.86560	298	pass	7	Q2982308
Puig de la Puja	42.46047	2.88240	673	peak	4	Q17483181
Collada del Pla de l'Arca	42.46089	2.88807	601	pass	3	Q24004116
Coll Forcat	42.45781	2.92132	828	pass	3	Q24004117
Puig Pinyer	42.45862	2.92453	952	peak	4	Q17483034
Puig de les Eres	42.46157	3.04550	698	peak	4	Q11943726
Valico delle Capannelle	42.45934	13.35144	1300	pass	5	Q2426888
Monte Aquila	42.45639	13.56855	2494	peak	7	Q427856
Maja Shkëlzenit	42.45744	20.12820	2405	peak	8	Q7499537
Monte da Siradella	42.47052	-8.88097	166	peak	4	Q12393497
Pic de la Pala de Ginebrell	42.47322	0.85949	2324	peak	4	Q11941538
Fitero	42.47201	0.95566	2464	peak	3	Q11922143
Pui d'Urdosa	42.47119	1.24832	2226	peak	3	Q17483809
Pic de la Colilla	42.46547	1.62057	2836	peak	8	Q11941529
Pic del Feixar	42.47174	1.63448	2722	peak	3	Q21329618
Tossa Plana de Lles	42.46823	1.65655	2905	peak	12	Q11941543
Tosseta de Vallcivera	42.47479	1.66240	2852	peak	4	Q11952912
Tossal de la Muga	42.47476	1.67764	2860	peak	3	Q17482826
Roc dels Tres Termes	42.47442	2.93293	1129	peak	4	Q11945887
Puig de Pradets	42.47402	2.98969	1176	peak	5	Q11943614
Puig de la Carbassera	42.46640	3.01304	1001	peak	3	Q17481559
Pic de Sallfort	42.47349	3.03805	994	peak	5	Q3382387
Pic de Sallfort	42.47458	3.04056	982	peak	5	Q3382387
Capo al Dente	42.47337	8.91737	2029	peak	4	Q2937697
Monte Padro	42.46677	8.98892	2390	peak	6	Q31635146
Monte Terminillo	42.47330	12.99736	2217	peak	15	Q953994
Sella di Leonessa	42.47373	13.00618	1900	pass	5	Q1859988
Maja e Bojës	42.46601	19.79906	2461	peak	3	Q6737297
Maja e Thatë	42.46807	19.86909	2406	peak	3	Q6737388
Monte Castrove	42.48003	-8.69828	613	peak	3	Q28726762
Cap de les Raspes Roies	42.47678	0.89009	2759	peak	4	Q11912134
Coll de Vista	42.47638	1.43979	1923	pass	3	Q11914541
Pic des Sept Hommes	42.48476	2.43964	2651	peak	5	Q3382416
Puig Neulós	42.48211	2.94718	1257	peak	14	Q7093
Monte Corvo	42.47918	13.49352	2623	peak	6	Q2343705
Corno Piccolo	42.47913	13.55998	2655	peak	6	Q2997570
Maja e Rosit / Rosni vrh	42.47948	19.85050	2522	peak	12	Q7369089
Zla Kolata / Kollate e Keqe	42.48493	19.89603	2535	peak	40	Q2720697
Tossal de la Moixa	42.49277	0.75336	2178	peak	3	Q17482629
Port de Rus	42.48674	0.92211	2617	pass	4	Q11942396
el Castell de Rus	42.49164	0.92404	2777	peak	3	Q11918229
Tuc de la Mina	42.49358	0.93366	2732	peak	3	Q11953315
Puigpedrós	42.48759	1.76186	2915	peak	12	Q968445
Puig Farinós	42.48957	1.79760	2572	peak	3	Q11943373
Puig Roja	42.48798	2.45313	2724	peak	5	Q20049435
Puig dels Tres Vents	42.49211	2.46861	2731	peak	7	Q7838888
Puig de Sant Cristau	42.49211	2.89091	1015	peak	4	Q3410619
Dobra Kolata / Kollate e Mires	42.48891	19.89985	2525	peak	8	Q4178776
Tossal de l'Orri	42.49899	0.75193	2294	peak	3	Q11952748
Roca de la Feixa	42.50358	0.83872	2093	peak	6	Q7353676
Pic Petit del Pessó	42.50344	0.91719	2793	peak	3	Q11933773
Pic de l'Estanyet	42.49720	0.91966	2776	peak	3	Q17481958
Pic de l'Espada	42.49918	0.97188	2548	peak	3	Q11941516
Montorroio	42.50311	1.03113	2862	peak	3	Q11937485
Bony de la Pica	42.50448	1.46033	2402	peak	4	Q17481918
Col de la Perche	42.49647	2.09234	1579	pass	6	Q3682487
Puig del Roc Negre	42.50014	2.47119	2714	peak	3	Q24019060
Monte Grosso	42.50168	8.92282	1937	peak	8	Q3322546
Rrasa e Zogut	42.50210	20.17909	2305	peak	5	Q7375561
Turrieiro	42.50535	-7.00098	1614	peak	4	Q12264972
Cotiella	42.51198	0.31978	2912	peak	9	Q5790190
Cap de Concesse	42.50817	0.75823	2332	peak	3	Q11912091
Tuc des Carants	42.51405	0.90334	2791	peak	4	Q11953327
Gran Pic del Pessó	42.50948	0.92409	2894	peak	3	Q11924604
Pic Salado	42.50654	0.95366	2512	peak	3	Q11941443
Vallalta	42.50908	1.21283	1422	peak	3	Q11954276
Pic de Màniga	42.50576	1.32887	2517	peak	3	Q11941484
Pic de Salòria	42.51445	1.38515	2789	peak	6	Q7190467
Pic d'Enclar	42.51000	1.46839	2383	peak	5	Q109517079
Pic Carroi	42.51431	1.49434	2331	peak	6	Q21329274
Pessons	42.50813	1.66467	2864	peak	5	Q21330136
Montmalús	42.50896	1.68656	2791	peak	9	Q2717368
Pic dels Moros	42.51382	1.99087	2138	peak	4	Q31637874
Tres Esteles	42.50877	2.32322	2099	peak	3	Q49753386
Puig Sec	42.50963	2.46416	2665	peak	5	Q3410622
Puig de l'Estelle	42.51473	2.55356	1778	peak	6	Q3382402
Monte di Cambio	42.51261	13.02479	2081	peak	4	Q3862157
Vranica Pass	42.51218	19.98352	1630	pass	3	Q7265822
Манастирище	42.51248	23.40836	1338	peak	4	Q12285797
Peña Oroel / Peña Uruel	42.52028	-0.54234	1770	peak	9	Q3054052
Cap de Gelada	42.52155	0.76514	2449	peak	4	Q17481530
Tossal de les Roies de Cardet	42.51857	0.76537	2445	peak	3	Q11952808
Corona del Pinar	42.52245	0.80130	2062	peak	3	Q11918305
Cap des Cometes	42.52330	0.89508	2681	peak	4	Q17481763
Tuc des Costes	42.51997	0.89691	2723	peak	4	Q11953330
Pic Roi	42.51814	0.91502	2750	peak	6	Q17483370
Tossal des Mussoles	42.51840	0.92752	2800	peak	4	Q17481872
Pic des Mussoles	42.51530	0.92959	2876	peak	4	Q17482851
Pic de Morrano	42.52454	0.94358	2814	peak	4	Q11941482
Cap de Reguera	42.51809	0.94490	2800	peak	4	Q17483264
Pic Fosser	42.51941	0.96882	2743	peak	4	Q11941431
Pala Pedregosa de Llessui	42.51646	1.02316	2882	peak	3	Q17482905
Pic de la Mainera	42.52448	1.02717	2909	peak	4	Q11941533
Cap de Campmaior	42.51601	1.11376	2045	peak	3	Q17481477
Pic de l'Orri	42.51855	1.21557	1436	peak	4	Q11941521
Pic Blanc	42.52203	1.72057	2723	peak	4	Q2092013
Pic Negre d'Envalira	42.51845	1.72247	2816	peak	7	Q15918235
President	42.52377	20.88363	964	peak	3	Q27344298
Roca Blanca	42.52972	0.86577	2297	peak	3	Q17481366
Tuc de la Comamarja	42.52642	0.87832	2562	peak	3	Q11953317
Bony Blanc	42.53281	0.89632	2756	peak	4	Q11909643
Bony Negre	42.52860	0.89814	2724	peak	4	Q11909642
Bony del Graller	42.52733	0.91771	2646	peak	4	Q11909670
Pic de Mariolo	42.53072	0.95763	2857	peak	4	Q17482856
Pic Tort	42.53374	0.98884	2886	peak	4	Q11941446
Pic dels Vidals	42.53461	0.99797	2904	peak	3	Q11941567
Bony de les Picardes	42.53104	1.05663	2782	peak	3	Q11909666
Pui Agut	42.52837	1.16094	1678	peak	3	Q11943303
Bassiets	42.52660	1.39445	2763	peak	3	Q11908681
la Torre de Cabús	42.52742	1.40717	2778	peak	3	Q11930866
Alt del Cubil	42.52643	1.45528	2358	peak	6	Q21329471
Collada de Beixalís	42.52775	1.54791	1795	pass	7	Q21330627
Alt del Griu	42.52541	1.65112	2875	peak	6	Q21329776
Pic Alt del Cubil	42.52780	1.67030	2833	peak	6	Q21329471
Pic Baix del Cubil	42.53023	1.67831	2705	peak	3	Q21329472
Pic de la Calma	42.53488	2.01613	2206	peak	3	Q31649821
Qafa Bordolecit	42.53236	19.71882	1355	pass	3	Q2121332
Gusan	42.52527	20.12262	2539	peak	4	Q5620828
Gjeravicë	42.53294	20.14056	2656	peak	39	Q341983
l'Aüt	42.54134	0.80876	2532	peak	3	Q17481277
Tuc de Llebreta	42.53789	0.89457	2523	peak	4	Q17482352
Pic de Dellui	42.53860	0.95368	2802	peak	4	Q11941465
Pic de Sobremonestero	42.54402	0.99490	2880	peak	5	Q11941506
Pic de Mar	42.53858	0.99853	2842	peak	5	Q11941474
Pic de Peguera	42.54054	1.01195	2983	peak	9	Q7190465
Tuc de Saburó	42.53507	1.01893	2906	peak	5	Q17301016
Tuc Inferior de Saburó	42.53796	1.02199	2848	peak	3	Q11953265
Pic dels Llacs	42.53539	1.41355	2693	peak	6	Q11941530
Pic de Setúria	42.54182	1.41629	2519	peak	3	Q17483677
Port d'Envalira	42.54018	1.71938	2408	pass	16	Q738592
Pic de Font Freda	42.53608	1.79509	2737	peak	3	Q49753097
Col de Sainte-Marie	42.53885	9.18361	472	pass	4	Q20751514
Roca de la Cremada	42.54922	0.91703	1886	peak	4	Q17481811
Tuc de la Montanyeta	42.55285	0.95253	2675	peak	4	Q11953314
Pic de Subenuix	42.55499	0.97946	2950	peak	7	Q7190469
Pic Morto	42.55392	0.98730	2902	peak	6	Q7190453
Pic de Monestero	42.54685	1.01882	2877	peak	4	Q11941478
Pic Carbonero	42.55410	1.06930	2296	peak	5	Q17481563
Port de Cabús	42.54636	1.41974	2306	pass	8	Q7231065
Bony de les Neres	42.54629	1.56201	2211	peak	5	Q21330038
Pic dels Maians	42.55238	1.62780	2466	peak	3	Q21329903
Tosa de Llosada	42.54868	1.64627	2560	peak	4	Q21329884
Col de la Quillane	42.54877	2.11370	1714	pass	4	Q2269549
Maja Bogiçaj	42.55129	20.08781	2406	peak	6	Q6737299
Скопарника	42.55076	23.29377	2226	peak	5	Q7536275
Pic de Munyidor	42.56018	0.79254	2650	peak	3	Q11941485
Bony dels Roures	42.55993	0.82299	2086	peak	3	Q17483419
Cap de Copiello	42.56337	0.88490	2508	peak	4	Q11912092
Cap de Pletamala	42.56219	0.90840	2693	peak	4	Q11912125
Bony Cremat	42.55557	0.90935	2281	peak	4	Q11909640
Agulles de Dellui	42.55761	0.94452	2544	peak	4	Q11904379
Tossal de la Montanyeta	42.55579	0.96760	2771	peak	4	Q17482714
Pic Inferior de Subenuix	42.55989	0.97978	2882	peak	4	Q11941430
Pic de Fonguero	42.56002	1.03249	2884	peak	4	Q11941466
Cap de l'Ovella	42.55907	1.42799	2541	peak	3	Q11912109
Alt de la Capa	42.56302	1.45401	2573	peak	5	Q21329245
Pic d'Encampadana	42.55717	1.63313	2491	peak	3	Q21329518
Col de Puymorens	42.55962	1.81084	1915	pass	9	Q1607720
Col de Fourtou	42.56496	2.64604	656	pass	3	Q2982266
Monte Starnina	42.56290	11.82196	620	peak	3	Q8545744
Maja e Grebenit	42.55743	19.69478	1840	peak	5	Q6737366
Trekufiri / Tromeđa	42.55550	20.07919	2366	peak	12	Q7845364
Черни връх	42.56309	23.27934	2290	peak	12	Q849657
Голям Резен;TT16A	42.56486	23.29005	2278	peak	8	Q3656009
Cap de Llaveio	42.56685	0.78241	2501	peak	3	Q17592865
Pic Roi	42.56519	0.79819	2585	peak	6	Q17483370
Pic d'Estany Roi	42.56934	0.79888	2579	peak	4	Q11941451
Pic de Comaltes	42.57073	0.87353	2781	peak	4	Q11941579
Bony d’Aigüissi	42.57169	0.88146	2876	peak	4	Q17481200
Pic de la Pala Gespadera	42.57248	0.88194	2876	peak	4	Q11941541
Pic de la Pala Alta de Sarradé	42.57471	0.89094	2983	peak	7	Q7190472
Cap de les Pales del Planell Gran	42.56514	0.91191	2746	peak	4	Q11912133
Agulla del Portarró	42.57170	0.98042	2675	peak	5	Q11904374
Roca de l'Estany	42.57366	0.99716	2508	peak	3	Q17481957
Gran Encantat	42.56841	1.01484	2749	peak	11	Q3053720
Petit Encantat	42.56986	1.01641	2734	peak	11	Q3053720
Pui de Linya	42.56599	1.04325	2870	peak	3	Q11943315
Roc de Sant Pere	42.57164	1.39795	1767	peak	3	Q17483504
Pic del Port Vell	42.57192	1.44339	2653	peak	17	Q2664716
Pic dels Aspres	42.57393	1.45258	2562	peak	13	Q1864334
Pic Carlit	42.56984	1.93209	2921	peak	14	Q2476121
Roc d'Aude	42.57368	2.04102	2326	peak	3	Q17638346
Santa Anna dels Quatre Termes	42.56514	2.56117	1348	peak	3	Q25434148
Monte Giove	42.56686	13.79176	749	peak	3	Q3861590
Zubački kabao	42.56922	18.54392	1894	peak	12	Q227506
Maja e Ropës	42.57456	20.10794	2502	peak	8	Q7366772
Golesh	42.56863	20.97788	1018	peak	7	Q5580545
Селимица	42.57120	23.24052	2049	peak	3	Q7448434
Малък Резен	42.57274	23.28869	2182	peak	8	Q1236922
Sestrals	42.57521	0.06790	2101	peak	3	Q13050161
Pic de les Capceres d'Estany Roi	42.57742	0.79303	2585	peak	4	Q17483371
Pic d'Estany Gémena	42.57595	0.80782	2553	peak	4	Q11941449
Bony de la Carma	42.57529	0.82553	2448	peak	4	Q11909658
Tossalet del Pletiu	42.57698	0.87867	2626	peak	4	Q11952909
Pic de Comalesbienes	42.58397	0.87867	2993	peak	4	Q11941463
Pic de Sarradé	42.57838	0.91168	2942	peak	4	Q11941501
Cap de la Pala Alta d’Estany Llong	42.58184	0.94182	2790	peak	4	Q11912126
Tossal Esbonllat	42.57985	0.94639	2638	peak	4	Q11952607
Pic del Portarró	42.58374	0.97014	2734	peak	4	Q11941554
Portarró d'Espot	42.57846	0.97340	2428	pass	3	Q18005919
Col de San Colombano	42.57951	9.06996	692	pass	5	Q8559763
Monte Astu	42.58120	9.21000	1535	peak	7	Q3322511
Eskamelo	42.59343	-2.65887	1294	peak	3	Q12257197
Tuca de Culebres	42.59398	0.65141	3053	peak	5	Q11953344
Tuca de Vallibierna / Roca Bllanca	42.59404	0.65309	3059	peak	13	Q3100806
Pic de Baserca	42.58713	0.79984	2873	peak	4	Q11941455
Pic del Cap d'Estany Roi	42.58541	0.80045	2827	peak	3	Q17483372
Punta Senyalada	42.59137	0.80847	2953	peak	7	Q7260561
Pic d'Abellers	42.59485	0.82047	2983	peak	4	Q11941445
Besiberri Sud	42.59381	0.82599	3023	peak	11	Q8531381
Punta de Passet	42.58938	0.82715	2998	peak	3	Q17482929
Pic de Comaloforno	42.59138	0.82783	3029	peak	11	Q2984642
Pic de Coma les Torres	42.58911	0.83602	2812	peak	3	Q17481754
Pics de Comalespada	42.59398	0.87877	2830	peak	4	Q11941582
Punta Alta de Comalesbienes	42.58576	0.88037	3014	peak	10	Q7260504
Pic de Contraix	42.58523	0.90693	2958	peak	6	Q7190458
la Creu de Colomers	42.59334	0.91788	2895	peak	5	Q17481825
Tuc Blanc	42.59102	0.93052	2879	peak	5	Q17588122
Gran Tuc de Colomèrs	42.58939	0.93781	2933	peak	10	Q3826627
Tuc del Bergús	42.59423	0.95281	2844	peak	3	Q11953320
Cap de Crabes	42.58807	0.96560	2710	peak	4	Q17481810
Pui de Tabaca	42.58848	1.22310	1718	peak	3	Q17483631
Pic de Vallpeguera	42.59274	1.42153	2743	peak	3	Q114659277
Pic de Sanfons	42.58747	1.42766	2889	peak	17	Q2209719
Agulla de Baiau	42.59026	1.43417	2860	peak	5	Q21330590
Portella de Baiau	42.59265	1.43873	2757	pass	3	Q21330592
Pic de Baiau	42.59444	1.44059	2886	peak	7	Q11941453
Pic de Comapedrosa	42.59180	1.44366	2943	peak	41	Q62467
Pic del Clot del Cavall	42.59487	1.49558	2586	peak	3	Q21329315
Pic de Percanela	42.58955	1.49662	2495	peak	3	Q21330130
Pic de Torradella	42.59390	1.62455	2543	peak	3	Q21330497
Pic de la Cabaneta	42.58877	1.73367	2847	peak	4	Q21329211
Roc Mélé	42.58783	1.74190	2811	peak	3	Q21328906
Пљачковица	42.59054	21.89958	1231	peak	4	Q7205043
Besiberri del Mig	42.59989	0.82494	2995	peak	8	Q4896263
Bony de l'Orri	42.59618	0.84843	2363	peak	4	Q11909656
Bony dels Estanyets de Colieto	42.60179	0.89594	2424	peak	4	Q17481959
Tuc de Pòdo	42.59786	0.93596	2729	peak	3	Q11953296
Tuc de Ratera	42.60135	0.95340	2861	peak	4	Q11953299
Agulles d'Amitges	42.60319	0.98442	2662	peak	4	Q11904378
Agulles de Bassiero	42.60190	0.99777	2748	peak	3	Q11904380
Pui Pla	42.59558	1.00639	2831	peak	3	Q11943304
Montsaliente	42.60310	1.00869	2890	peak	3	Q11937508
Cap de l'Escobedo	42.59506	1.16993	2123	peak	3	Q11912106
lo Calbo	42.59843	1.17952	2291	peak	3	Q11933715
Roc Bataller	42.60435	1.26076	1726	peak	3	Q17481326
Monteixo	42.60174	1.36165	2905	peak	8	Q8531408
Pic de Norís	42.60412	1.37565	2828	peak	4	Q11941491
Pic de Gerri	42.59753	1.39425	2860	peak	3	Q11941470
Pic de Medacorba / Pic de Médécourbe	42.60372	1.44199	2914	peak	18	Q948850
Roca Entravessada	42.59839	1.44219	2929	peak	14	Q3773263
Pic de les Fonts	42.60115	1.47819	2749	peak	6	Q21329688
Cap de la Tosa d'Entor	42.60025	1.65269	2506	peak	4	Q21330512
Puig de la Grava	42.60486	1.93348	2671	peak	4	Q46697876
Puig del Pam	42.60485	2.03101	2470	peak	3	Q31635039
Col de Santo Stefano	42.60054	9.35976	368	pass	3	Q3682483
Velika Jastrebica	42.59810	18.54359	1861	peak	8	Q446069
Maja e Qenit / Pasji vrh	42.59817	20.07786	2405	peak	8	Q5288214
Maja e Strellcit	42.59832	20.22856	2377	peak	10	Q7623280
Besiberri Nord	42.60526	0.82630	3008	peak	9	Q4896265
Punta d'Harlé	42.61041	0.84261	2885	peak	5	Q11943923
Mussol de Tumeneia	42.61314	0.84502	2832	peak	4	Q11938114
el Pa de Sucre	42.61356	0.84645	2863	peak	5	Q11918422
Tossal Esbonllat	42.60693	0.84730	2597	peak	4	Q11952607
Tuc de Roques Negres	42.61082	0.85724	2498	peak	4	Q11953303
Agulles de Travessani	42.60903	0.88766	2599	peak	4	Q11904384
Pic de Travessani	42.61185	0.89144	2755	peak	4	Q11941511
Tuc de Lluçà	42.61030	0.90117	2778	peak	4	Q11953288
Pic de la Tallada Llarga	42.60783	0.90880	2751	peak	4	Q11941546
Agulla de Saboredo	42.61242	0.97632	2686	peak	3	Q11904371
Pic de Saboredo	42.60790	0.98102	2830	peak	3	Q17483433
Pic d'Amitges	42.60909	0.98677	2848	peak	3	Q17481240
Pics de Bassiero - Punta Brulle	42.60667	0.99536	2904	peak	3	Q17481321
Pics de Bassiero - Punta Gourdon	42.60648	0.99668	2897	peak	3	Q17481321
lo Tésol	42.60838	1.03926	2700	peak	3	Q11933845
Cap de la Pala del Tésol	42.61475	1.04008	2438	peak	3	Q17482904
Pic de Lavans	42.60580	1.43552	2896	peak	4	Q17482314
Pic del Pla de l'Estany / Pic des Bareytes	42.60678	1.46404	2860	peak	5	Q21330160
Pic de Cataperdis	42.61495	1.47735	2805	peak	6	Q21329293
Pic de l'Estanyó	42.60868	1.59261	2915	peak	10	Q4563375
Pic de les Fonts	42.60839	1.60254	2758	peak	3	Q21329689
Pic de la Cabaneta	42.61353	1.60732	2862	peak	4	Q21329212
Alt de Juclar	42.61013	1.70417	2588	peak	4	Q21329826
Alt de Juclar	42.61171	1.70958	2586	peak	4	Q21329826
Pic d'Escobes	42.60921	1.73566	2781	peak	7	Q18005600
Pic de Noé	42.61081	1.73620	2737	peak	3	Q21330042
Puig Peric	42.61356	1.98441	2810	peak	5	Q11943424
Roc du Mont Courounat	42.61045	2.25830		peak	4	Q27807916
Mont Coronat	42.60937	2.25863	2172	peak	4	Q27807916
Poggio Montione	42.61308	11.80432	612	peak	3	Q3907031
Bandera (Krivi smet)	42.61015	19.88629	2211	peak	3	Q9368927
Marijash	42.61260	20.10013	2533	peak	12	Q2317348
Камен дел	42.61198	23.27659	1860	peak	5	Q6356657
Голям Богдан	42.60723	24.46151	1604	peak	5	Q576796
Toloño	42.62286	-2.76400	1272	peak	3	Q9077151
Agulla d'Argarot	42.62429	0.64481	3036	peak	3	Q11904351
Tuca d'el Cabo de Barrancs	42.62445	0.66592	3251	peak	6	Q11941434
Agulla de la Solaneta	42.61695	0.66765	3034	peak	3	Q17584176
Tuca d'el Cap de la Vall	42.61852	0.67055	3205	peak	8	Q3102596
Cap de la Tartereta	42.61658	0.67703	3051	peak	3	Q11943922
Tuc de Fontana de Vielha	42.61509	0.74493	2576	peak	6	Q17482014
Tuc de Contesa	42.61551	0.78859	2780	peak	6	Q11953282
Tuc des Estanhets	42.61925	0.80699	2887	peak	3	Q11953331
Tumeneia	42.61801	0.85184	2783	peak	5	Q17483769
Tuc des Monges	42.62238	0.86602	2699	peak	3	Q11953334
Tuc del Port de Caldes	42.61616	0.89454	2783	peak	4	Q17483766
Tuc deth Cap deth Pòrt de Caldes	42.62325	0.89652	2671	peak	4	Q11953337
Tuc Gran de Sendrosa	42.62392	0.94685	2703	peak	3	Q17482116
Agulles de Saboredo	42.62300	0.97556	2628	peak	3	Q11904381
Puis de Gerber	42.61795	0.98290	2738	peak	3	Q11943869
los Tres Puis	42.61709	1.00059	2811	peak	3	Q11933988
Pic de Xemeneies	42.62174	1.00683	2828	peak	3	Q11941515
Pic de la Soucarrane / Pica Roja	42.62481	1.42061	2901	peak	4	Q17483012
Port de Boet / Port de Bouet	42.61842	1.42839	2511	pass	3	Q49146445
Pic d'Arcalís	42.61607	1.49091	2776	peak	7	Q21330538
Pic de l'Hortell	42.61927	1.50901	2562	peak	6	Q21329790
Pic de la Coma de Varilles / Pics de la Portaneille	42.61911	1.66444	2760	peak	5	Q21329386
Pic d'Anrodat / Pic de la Coume d'Enfer	42.62485	1.68251	2730	peak	3	Q21332188
Monte Gorzano	42.61822	13.39560	2458	peak	7	Q3861600
Çfërla	42.62036	20.20811	2461	peak	6	Q7923733
A Curota	42.63321	-8.97497	596	peak	5	Q8539421
Monte Xiabre	42.63179	-8.69890	642	peak	4	Q9034772
Cruz de Motrico	42.63182	-2.91605	851	peak	3	Q8351959
Ioar	42.63468	-2.34883	1414	peak	4	Q4570652
Montejurra	42.63062	-2.04479	1046	peak	15	Q3178771
Tuca de la Forqueta Norte	42.63157	0.42570	3011	peak	5	Q17584190
Tuca de la Forqueta Sur	42.63073	0.42662	3007	peak	5	Q17584191
Tuca de la Collada de Cregüeña	42.63138	0.62783	3048	peak	5	Q17584178
Tucón de la Crencha de Cregüeña	42.63363	0.63331	3022	peak	4	Q11904365
Agulla de Franqueville	42.62511	0.64682	3061	peak	3	Q11904360
Tuqueta de la Crus	42.63376	0.65451	3302	peak	5	Q17584212
Aguja Escudier	42.63025	0.65472	3340	peak	4	Q17584171
Tuca d'Aneto / Maladeta de Corones	42.63115	0.65665	3404	peak	52	Q208081
Esquena de l'Aneto	42.62931	0.65970	3345	peak	4	Q17584188
Tuca de la Brecha de Tempestats	42.62725	0.66158	3272	peak	4	Q17584183
Tuca de Tempestats / Tuca Gran de Llosás	42.62611	0.66277	3289	peak	4	Q11941512
Agulla d'Ixalenques	42.62533	0.66850	3132	peak	3	Q11942730
Tuc de Molières	42.62947	0.69857	3010	peak	12	Q6743484
Cap deth Hòro de Moilères	42.63238	0.70084	2973	peak	4	Q17482236
Tuc de Conangles	42.62691	0.80507	2784	peak	3	Q11953281
Tossau de Mar	42.63030	0.82897	2750	peak	4	Q37853329
Montardo	42.63334	0.87534	2833	peak	9	Q3176503
Petit Montardo	42.63132	0.87677	2781	peak	4	Q17482718
Tuc de Ribereta	42.62614	0.89524	2676	peak	5	Q11953302
Tuc de Saslòsses	42.63216	0.90035	2530	peak	3	Q17483551
Pic de Serós	42.62930	0.98228	2643	peak	3	Q11941507
Pui de les Ares	42.63273	1.01138	2612	peak	3	Q11904376
Pui de la Bonaigua	42.62719	1.01948	2778	peak	3	Q17481391
Cap de Socorto	42.62699	1.16671	2029	peak	4	Q17483617
Pic de la Serrera / Pic de Serrère	42.62554	1.60252	2912	peak	9	Q11941547
Roc dals Clots del Gourg	42.63352	2.20062	2314	peak	3	Q11941562
Monte Torre Maggiore	42.62845	12.60286	1121	peak	4	Q3322158
Monte Aspra	42.63407	12.89531	1650	peak	3	Q3861204
Грот	42.62502	21.90836	1327	peak	5	Q5610668
Gobera	42.64167	-2.88868	748	peak	3	Q5881637
Tucón Royo	42.64081	0.42393	3122	peak	6	Q11813889
Tuca d'el Forau de la Neu	42.64402	0.42802	3076	peak	3	Q11953343
Diente Royo	42.63615	0.42807	2943	peak	4	Q11916902
Agulla d'Haurillon	42.63519	0.63702	3073	peak	4	Q17584174
Tuca d'Abadías / Roca de Cregüeña	42.64320	0.63847	3272	peak	3	Q17584169
Pico Maldito	42.63957	0.64134	3354	peak	12	Q3110793
Punta d'Astorg	42.63947	0.64264	3354	peak	10	Q11943924
Tuca d'el Mich	42.63861	0.64519	3349	peak	6	Q11941553
Tuca de Corones	42.63715	0.64937	3297	peak	6	Q11941468
Tuca de la Collada de Corones	42.63591	0.65099	3286	peak	5	Q11953351
Malh des Pois o era Forcanada	42.64312	0.70538	2883	peak	7	Q17482443
Pòrt de Vielha	42.64480	0.76165	2444	pass	5	Q3398584
Tuc deth Pòrt de Vielha	42.64186	0.76553	2606	peak	4	Q17483068
Tuc de Sarrahèra	42.64425	0.79636	2634	peak	5	Q11953307
Tuc des Molassi	42.64493	0.82026	2518	peak	4	Q11953346
Tres Puis	42.64132	0.98916	2531	peak	3	Q11953055
Pic de Serra Plana	42.64102	1.22115	2303	peak	3	Q11941508
Pic de Llats	42.64365	1.37170	2689	peak	3	Q17482344
Pic d'Areste	42.63969	1.39621	2799	peak	3	Q11941447
Pointe de Roumazet / Punta de Romaset	42.63997	1.41743	2846	peak	3	Q17483396
Pic de Caraussans / Pic de Creussans	42.63547	1.46997	2682	peak	4	Q30912931
Pointe de Peyreguils / Punta de Peiraguils	42.64063	1.47701	2702	peak	3	Q30912930
Pic de Besalí	42.63840	1.53779	2639	peak	6	Q21330633
Poggio Evangelista	42.64303	11.80412	663	peak	3	Q8545662
Облик	42.64352	21.91915	1310	peak	6	Q7075161
Mallo de la Lit / El Tuconet	42.65253	0.43057	3311	peak	5	Q11953345
Tuqueta Roya	42.65310	0.43275	3266	peak	5	Q11953392
Dien de Llardana	42.64622	0.43510	3085	peak	5	Q17584184
Tuca de Posets	42.65463	0.43523	3369	peak	23	Q282981
Dien d'Alba	42.65398	0.62443	3121	peak	3	Q11916901
Quixal d'Alba	42.65365	0.62525	3118	peak	3	Q17584209
Tuca d'el Morro de Cregüeña S	42.64809	0.62742	3153	peak	3	Q17584204
Punta Delmás	42.65390	0.62846	3163	peak	3	Q11943910
Tuca de Mur	42.65311	0.62869	3187	peak	5	Q11951567
Tuca de Sayó	42.65175	0.62963	3215	peak	5	Q17584220
Tuca d'el Cabo de la Tartera	42.64921	0.63344	3266	peak	5	Q11942729
Tuca d'el Cuello de la Rimalla	42.64773	0.63693	3261	peak	5	Q11941551
Tuca de la Maladeta	42.64643	0.64028	3312	peak	21	Q1510073
Tuc de Montanèro	42.64808	0.76082	2585	peak	4	Q17482713
Tuc des Hemnes	42.64899	0.79029	2352	peak	4	Q17482228
Labada de Sarrahèra	42.64979	0.79581	2501	peak	3	Q47488804
Tuc de Salana	42.64688	0.90844	2485	peak	4	Q11953308
Tuc de Sendrosa	42.64844	0.94672	2482	peak	4	Q11953309
Roca Cigalera	42.65098	1.33098	2667	peak	3	Q11945908
Tres Pics	42.64595	1.35042	2652	peak	5	Q17483754
Pic de Pedres Blanques	42.65007	1.37313	2765	peak	3	Q11941494
Pic de l'Estany Fondo	42.65361	1.39445	2815	peak	6	Q7190470
Pic de Tristagne / Pic de Tristaina	42.65346	1.49379	2878	peak	9	Q3382394
Pic de la Font Blanca / Pic du Port	42.64969	1.53434	2903	peak	9	Q3382368
Port de Siguer	42.65287	1.56350	2396	pass	4	Q21330422
Pic de Madrès	42.65182	2.19242	2469	peak	8	Q954784
Srđ	42.65056	18.10973	415	peak	17	Q130591
Platno (Goleš)	42.64740	19.84310	2126	peak	3	Q27558654
Koproniku	42.65271	20.23312		peak	11	Q2623904
Орлова чука	42.65215	21.80273	1274	peak	11	Q2272601
Peña Amaya	42.66170	-4.14451	1369	peak	4	Q5855758
La Ulaña	42.66129	-4.07873	1171	peak	4	Q5965400
Peña de Unzué	42.65750	-1.61489	987	peak	3	Q6073906
Tozal del Mallo	42.66209	-0.07442	2254	peak	7	Q6151319
Punda deras Solas	42.66219	0.05347	3022	peak	6	Q11943985
Tuca de la Collada de la Paúl	42.65861	0.44342	3073	peak	5	Q11941429
Tuca de Bardamina / Tuca de Posets de Benás	42.66243	0.45097	3068	peak	3	Q17584182
Tuca d'Alba	42.65567	0.62097	3112	peak	5	Q17584177
Mall de l'Artiga / Malh dera Artiga	42.65864	0.69558	2710	peak	5	Q11934710
Tuc des Neres	42.65667	0.72005	2584	peak	5	Q17482869
Poi d'Estanho	42.65928	0.81526	2390	peak	4	Q17483054
Pujoalbo	42.65632	0.83985	2502	peak	3	Q17483190
Port de la Bonaigua	42.66351	0.98245	2076	pass	14	Q1571977
el Cap de Comials	42.65660	1.02279	2441	peak	3	Q17481764
Campirme	42.65952	1.19365	2633	peak	3	Q11911298
Tuc de la Cima	42.66395	1.21396	2456	peak	3	Q11953312
Trencacalders	42.65953	1.22087	2266	peak	3	Q11953039
Pic de Becero	42.66251	1.33474	2582	peak	3	Q17481333
Pic de Baborte	42.65746	1.36708	2933	peak	3	Q17481289
Pic Rodó de Canalbona	42.66254	1.40172	3004	peak	7	Q7357513
Pic de Canalbona	42.65660	1.40588	2965	peak	7	Q7190459
Pic de Ginèvre	42.66376	2.04695	2382	peak	3	Q11941552
Monte Panaro	42.66019	12.01840	631	peak	3	Q8545665
Monte Solenne	42.65776	12.80033	1286	peak	4	Q3322116
Babin kuk	42.65811	18.06772	100	peak	5	Q17587447
Leqinat	42.65609	20.10193	2341	peak	5	Q6660809
Guri i Kuq	42.66307	20.13437	2522	peak	11	Q3656391
Peña dero Baste	42.66980	0.02988	3027	peak	3	Q11943909
Mallo de Tormosa	42.67324	0.04656	3045	peak	3	Q11908830
Punta de Tormosa	42.66956	0.05209	3026	peak	3	Q11908832
Tuca Blanca de Pomèro	42.66859	0.67973	2697	peak	4	Q11953341
Tuc de Pomèro	42.67495	0.68083	2488	peak	4	Q11953295
Tuc de la Cigalera	42.67139	0.99432	2497	peak	3	Q11953313
Tuc del Caubo	42.67323	1.26359	2570	peak	6	Q7850953
Pic dels Estanys	42.66644	1.37075	2956	peak	3	Q17481960
Pic de Sotllo / Pic du Port de Sullo	42.66871	1.38746	3072	peak	11	Q3087278
Port de Sotllo / Port de Sullo	42.66877	1.39187	2885	pass	3	Q49146478
Pic de Verdaguer / Pic Verdaguer	42.66805	1.39685	3129	peak	10	Q7190457
Pica d'Estats / Pique d'Estats	42.66695	1.39790	3143	peak	22	Q1537733
Pointe Gabarro / Punta de Gabarró	42.66547	1.39988	3115	peak	10	Q7260524
Pic du Montcalm	42.67189	1.40599	3077	peak	13	Q1479975
Bocca di Vezzu	42.66613	9.14159	311	pass	3	Q3641475
Monte Fionchi	42.67436	12.77243	1337	peak	3	Q3321824
Pizzo di Sevo	42.66884	13.34743	2419	peak	5	Q3906036
Prekornica - Kula	42.66759	19.19264	1927	peak	3	Q27559343
Guri i Plakës	42.67408	20.96017		peak	3	Q91244655
Pundeta de Peña Roya	42.68104	0.02091	3194	peak	4	Q11941768
Mallo de Marmorés / Cilindro de Marboré	42.68479	0.02387	3325	peak	21	Q507593
Mallet dero Portiello	42.67909	0.03158	3185	peak	4	Q17584187
Punta de Treserols / Monte Perdido	42.67555	0.03436	3349	peak	43	Q215662
Repunta de las Neveras	42.67725	0.04303	3078	peak	3	Q11920627
Ròca de Tolosa	42.67841	0.74312	2346	peak	4	Q11946487
Escornacrabes	42.68391	0.98655	2613	peak	3	Q11920489
Tuc de la Llança	42.68407	0.99052	2659	peak	4	Q17482336
Cap del Muntanyó d'Àrreu	42.68070	0.99863	2626	peak	3	Q11912141
lo Faro	42.68030	1.05867	2108	peak	3	Q17481987
Pic de Pilàs	42.68283	1.13151	2652	peak	5	Q17483021
Pic de la Coma del Forn	42.67793	1.19015	2684	peak	4	Q11941528
Col de Teghime	42.67712	9.38276	536	pass	7	Q2982128
Monte Landro	42.67944	11.93236	585	peak	3	Q3861665
Poggio del Torrone	42.67833	11.97952	690	peak	4	Q8545659
Kom Kučki	42.68063	19.64165	2487	peak	7	Q3198500
Illón	42.68963	-1.12202	1278	peak	3	Q12259534
Peña Telera	42.69111	-0.37396	2762	peak	7	Q3572228
Punda Negra / Tallón / Taillon	42.69364	-0.05129	3144	peak	13	Q3141527
Pointe Bazillac	42.69167	-0.03916	2976	peak	5	Q3382287
Brèche de Roland	42.69108	-0.03397	2807	pass	20	Q2356799
El Casco / Le Casque	42.68777	-0.02676	3011	peak	12	Q2941185
Tour du Marboré	42.68579	-0.01708	3012	peak	10	Q3091125
Punda dera Ula	42.68670	0.00242	3098	peak	6	Q3382405
Picos de la Cascada Central	42.68884	0.00512	3111	peak	6	Q3382290
Punda deras Crepas	42.68996	0.00782	3161	peak	6	Q3382406
Pico Plan de Marmorés / Marboré	42.69283	0.01165	3251	peak	15	Q2746829
Punta de la Gatera	42.69444	0.39644	3134	peak	6	Q11831820
Tuca de Cllarabida	42.69479	0.46746	3019	peak	6	Q11941460
Tuca d'O / Tuca de Chíes	42.69342	0.47016	3013	peak	3	Q17584199
Pic du Seil de la Baque / Tuca de'l Sellàn de la Vaca	42.69235	0.49626	3108	peak	5	Q17584221
Pic Perdiguère / Tuca de'l Perdiguero	42.69195	0.51886	3222	peak	18	Q2746833
Fita d'el Perdiguero	42.69092	0.52208	3171	peak	3	Q11922139
Pic de Sauvegarde / Pico Salvaguardia	42.69497	0.63091	2736	peak	6	Q3382388
Port de Vénasque / Puerto de Benasque	42.69282	0.64101	2444	pass	4	Q3398589
Pic de la Mine / Tuca de la Mina	42.69407	0.64777	2704	peak	5	Q3382407
Tuc de Cuenques	42.68706	0.74120	2263	peak	4	Q11953284
Montpius	42.69073	0.74161	2274	peak	5	Q17482770
Malh des Vivèrs	42.68559	0.85299	2154	peak	3	Q11934714
Cap de Vaquèira	42.69190	0.97424	2469	peak	5	Q11912105
Pic de Ventolau	42.69065	1.19043	2852	peak	5	Q11941513
Miranda de la Costa Blava	42.69121	1.21955	2317	peak	3	Q17482614
Pic des Redouneilles	42.68857	1.54692	2485	peak	3	Q3382417
La Dent d'Orlu	42.69276	1.93973	2222	peak	7	Q1397319
Vjellak	42.68979	20.22652	2014	peak	6	Q16896809
Monte da Enxa	42.70335	-8.98444		peak	3	Q20541758
Peña Retona	42.69896	-0.41552	2767	peak	3	Q23992954
Puerto de Bujaruelo / Port de Boucharo	42.70388	-0.06415	2273	pass	6	Q3398463
Petit Astazou	42.70188	0.01449	3015	peak	7	Q3377091
Grand Astazou	42.70251	0.02388	3071	peak	7	Q3113515
Pico de Rubiñera	42.70399	0.13254	3001	peak	7	Q15845539
Bachimala / Schrader	42.69857	0.39432	3177	peak	13	Q2092038
Punta de la Cruz	42.69991	0.39529	3107	peak	4	Q17584205
Tuca d'el Puerto de Puixebres	42.69650	0.46865	3017	peak	3	Q17584213
Tuca de Puixebres	42.70009	0.47409	3104	peak	4	Q11943914
Torre Armengaud	42.70002	0.47641	3114	peak	3	Q11952228
Tuca de Gorgs Bllancs	42.70002	0.47772	3129	peak	7	Q11701147
Tuca de O	42.69963	0.48117	3065	peak	5	Q11941436
Pico Audoubert	42.69620	0.48930	3045	peak	3	Q17584181
Tuca d'el Cabo de la Vaca O.	42.69527	0.49153	3097	peak	4	Q17584186
Pic Royo / Pico Royo	42.69763	0.52089	3122	peak	7	Q3382386
Pointe de Litérole / Punta de Literola	42.69887	0.52283	3133	peak	8	Q3393625
Aguja Lliterola	42.70049	0.52619	3035	peak	3	Q17584206
Tuca de l'Estraperlo	42.70267	0.52663	3102	peak	4	Q11915991
Pic des Crabioules / Pico de Crabioules Oriental	42.70265	0.52998	3107	peak	7	Q3382419
Aguja Jean Garnier / Aiguille Jean Garnier	42.70125	0.53305	3025	peak	3	Q11904363
Tusse de Remuñe	42.69977	0.53564	3041	peak	4	Q17584225
Tuca de Rabadá	42.70005	0.53679	3045	peak	5	Q11941440
Tuca de Navarro	42.70023	0.53963	3039	peak	4	Q18005120
Pic de Maupas / Pico de Maupás	42.70136	0.54555	3109	peak	11	Q3382382
Pic de Boum	42.69937	0.55758	3006	peak	3	Q17588351
Tuc de Mieidia	42.70177	0.73764	2191	peak	3	Q32999873
Cap dera Sèrra	42.69506	0.73867	2167	peak	4	Q11912163
Tuc de Letassi	42.70397	0.75245	2176	peak	4	Q11953335
Pic de Qüenca	42.69981	1.05431	2639	peak	3	Q11941496
Pic de la Gallina	42.70116	1.17615	2756	peak	4	Q11941534
Piquet de Guerossos	42.70455	1.27428	2583	peak	3	Q11941694
Pic de Guerossos	42.70296	1.28182	2734	peak	3	Q11941469
Cap de Canalets	42.69913	1.29518	2608	peak	3	Q17481513
Pointe du Port / Punta del Port	42.69973	1.35395	2603	peak	3	Q17483067
Миљков врх	42.70408	21.94604	1025	peak	11	Q2272601
Itzaga	42.71226	-1.42991	1360	peak	4	Q8538688
Peña Collarada	42.71422	-0.47063	2883	peak	17	Q960756
Pico de la Pez SW	42.70856	0.37956	2934	peak	3	Q11941537
Punta de l'Abella	42.71324	0.39282	3025	peak	6	Q11903838
Pic Gourdon	42.70531	0.48302	3034	peak	4	Q11941432
Pic des Spijeoles	42.71012	0.48482	3065	peak	9	Q3382423
Grand Quayrat	42.71338	0.51510	3060	peak	9	Q2717767
Pic Lézat	42.70736	0.51670	3101	peak	6	Q3382314
Pic de Ribesautes / Pico de Ribassetes	42.71052	0.68078	2139	peak	3	Q11953300
Montcorbison	42.70783	0.75867	2173	peak	4	Q17482733
Tuc de Saumet	42.70831	0.98081	2462	peak	5	Q17483552
Tuc de Vacivèr	42.71263	0.99163	2645	peak	5	Q11953311
Tuc de Marimanha	42.70922	1.01231	2679	peak	6	Q17482473
Pic de Rosari de Baciver	42.70914	1.02082	2617	peak	3	Q11941498
Tuc de Bonabé	42.71328	1.03801	2720	peak	3	Q11953273
Mont-roig	42.71069	1.17683	2864	peak	7	Q5120047
Tuc de Marterat	42.71394	1.25222	2666	peak	3	Q11953287
Pic de la Lleia	42.71476	1.26067	2776	peak	3	Q17482359
Pic de Flamisella	42.71274	1.26140	2782	peak	3	Q17482003
Pic de Certascan	42.71199	1.27767	2853	peak	5	Q11941458
Les Tuques	42.71300	1.35403	2571	peak	3	Q11931737
Pic de Baljésou	42.71398	1.57963	2288	peak	3	Q3382349
Pic de Tarbésou	42.71388	1.97074	2364	peak	4	Q49753143
Pic Dourmidou	42.70857	2.26616	1844	peak	3	Q47002668
Pic de Gabiet	42.72125	-0.08745	2716	peak	3	Q3382366
Pic de Serre de Mourène	42.72074	0.13531	3090	peak	10	Q3382389
Pic de Troumouse	42.72245	0.13674	3085	peak	7	Q2420237
Pic de Pouylané / Tuc de Poilanèr	42.72326	0.68014	2221	peak	4	Q11953293
Era Entecada	42.71805	0.69691	2269	peak	6	Q17481923
Tuc de Sanèla	42.71749	0.83458	2178	peak	4	Q11953304
Poi d'Unha	42.72244	0.89769	2220	peak	3	Q11942160
Pic de Moredo	42.71894	1.04992	2766	peak	5	Q17482782
Pic de Mariola / Pic de Montareing	42.72005	1.21664	2661	peak	4	Q11941475
Port de Marterat / Port de Tavascan	42.72291	1.24289	2217	pass	3	Q47499152
Pic de Lasaugède / Tuc de Lasauguèda	42.71792	1.26720	2762	peak	3	Q11953286
Pic de Soune / Tuc de Sona	42.71945	1.29669	2556	peak	3	Q17483560
Pic de Couillac / Pui del Cap de l'Estany	42.71764	1.30932	2603	peak	3	Q17481533
Pointe de Rabassère / Pic de Colatx	42.72432	1.32539	2570	peak	3	Q11941464
Pic de Guiló / Pic entre les Ports	42.71999	1.34841	2556	peak	3	Q11941471
Pic dels Tres Comtes / Pointe des Trois Comtes	42.71537	1.35785	2660	peak	3	Q11941563
Pique d'Endron	42.71957	1.51659	2472	peak	8	Q3389075
Pic du Midi de Siguer	42.72388	1.56636	2003	peak	4	Q3382429
Monte Coscerno	42.71725	12.88613	1684	peak	4	Q16579602
Амбарица	42.72007	24.78098	2166	peak	6	Q6535848
Ботев	42.71687	24.91728	2376	peak	34	Q894703
Мазалат	42.71752	25.09141	2196	peak	3	Q12280555
Iroite	42.72847	-8.92564	687	peak	4	Q6710195
Humión	42.73467	-3.19455	1437	peak	6	Q5495088
Pic Heid	42.72870	0.13512	3022	peak	5	Q3382307
Pic de Port Vieux	42.72801	0.16226	2723	peak	3	Q97248574
Pic de Hourgade	42.73384	0.44878	2964	peak	3	Q3382372
Pic de Campsaure / Tuc de Campsaure	42.73400	0.66995	2142	peak	3	Q17481478
Cap de Crabèra	42.72950	0.89107	2301	peak	3	Q17481808
Pic de Géu / Tuc de Geu	42.72890	1.13318	2499	peak	3	Q17482097
Cap de Ruhos / Pic de Montarenyo	42.72783	1.22924	2618	peak	3	Q11941476
Força Réal	42.72703	2.70027	507	peak	8	Q3078719
Monte Calamita	42.73080	10.39524	413	peak	6	Q1119232
Pala de Ip	42.73793	-0.45329	2779	peak	4	Q13049765
Pic de Lourdes	42.73851	-0.11769	2647	peak	3	Q31638647
Montagut	42.73848	0.66745	2150	peak	3	Q17482707
Tuc dera Pincela	42.74286	0.87570	2536	peak	4	Q11953323
Tuc deth Miei	42.73932	0.94938	2258	peak	4	Q11953336
Tuc deth Dossau	42.73843	0.99607	2521	peak	4	Q24021218
Хаджи Димитър	42.73857	25.38988	1440	peak	22	Q15987051
Pic de Garlitz	42.74657	0.21473	2798	peak	4	Q3382370
Pic d'Aubas / Tuc d'Aubars	42.75219	0.65999	2073	peak	3	Q11953269
Era Trona	42.75029	0.66526	2088	peak	5	Q17481927
Cap des Cròdos	42.75004	0.80984	2328	peak	3	Q11912168
Tuc de Samont	42.75132	0.85189	2508	peak	3	Q11953306
Tuc Nere	42.74775	0.85984	2506	peak	3	Q11953266
Bony de la Mina	42.74625	1.05916	2279	peak	3	Q17482589
Forca Canapine	42.74870	13.19919	1543	pass	6	Q3747927
Hum	42.75161	16.86063	417	peak	3	Q104860770
Rusolia	42.74986	20.24538	2382	peak	5	Q27340536
Баба	42.75493	23.97521	1787	peak	4	Q12280007
Вежен	42.75208	24.40704	2198	peak	10	Q7924249
Рибаришки проход	42.75026	24.46254	1734	pass	3	Q20497689
Шипченски проход	42.75311	25.31958	1195	pass	28	Q1333807
Шипка	42.74812	25.32110	1335	peak	6	Q134217
Поморийски/Обзорски проход	42.75321	27.75502	443	pass	3	Q25477562
Bitigarra	42.75880	-2.37050	1165	peak	4	Q12252750
Punta Superior del Tapou	42.76409	-0.13653	3132	peak	3	Q17584223
Pic du Milieu	42.76158	-0.13641	3130	peak	7	Q2399579
Tetons dera Labaza	42.76352	-0.13586	3124	peak	3	Q17584201
Grand Pic de Tapou	42.76278	-0.13584	3151	peak	7	Q3113703
Pic de Céciré	42.75725	0.53805	2403	peak	3	Q49753095
Tuc de Guilhèm	42.75625	0.80021	2393	peak	3	Q11953285
Pic de Montagnol / Pic de Muntanyol	42.75569	1.12806	2459	peak	3	Q11941486
Hajla / Hajlë	42.75749	20.13865	2403	peak	19	Q2194967
Aguja de Pondiellos	42.77183	-0.26214	3011	peak	4	Q11904362
Aiguille supérieure du Clot de la Hount	42.77375	-0.15274	3119	peak	4	Q17584222
Garmo deros Musarez	42.76760	-0.15250	3051	peak	4	Q11904364
Pic de Cerbillona	42.76920	-0.14980	3247	peak	9	Q3382360
Vignemale	42.77394	-0.14734	3298	peak	28	Q1348903
Pic Central	42.76836	-0.14656	3235	peak	11	Q3382295
Piton Carré	42.77343	-0.14499	3197	peak	8	Q3389365
Pointe Chausenque	42.77346	-0.14228	3204	peak	10	Q2478255
Espalda Chausenque	42.77329	-0.14002	3154	peak	3	Q11920626
Petit Vignemale	42.77470	-0.13505	3032	peak	10	Q2053712
Col du Portillon / Puerto del Portillón	42.76910	0.66010	1293	pass	9	Q2982315
Montanha d'Uishèra	42.76561	0.73280	2339	peak	4	Q11937397
Tuc de Parros	42.76778	0.93305	2731	peak	3	Q17482924
Port d'Aulà	42.76799	1.10924	2262	pass	3	Q3398442
Monte Capanne	42.77128	10.16770	1019	peak	14	Q1752113
Le Calanche	42.76738	10.17987	905	peak	3	Q16571399
Monte Civitella	42.77179	11.68366	1106	peak	3	Q3861456
Žljeb / Zhleb	42.76720	20.25332	2382	peak	11	Q3623943
Ботевградски проход	42.76790	23.84712	968	pass	7	Q894699
Кръстец	42.76671	25.53183		pass	13	Q1080511
Айтоски проход	42.76940	27.26853		pass	5	Q12271271
Irulegi	42.77948	-1.51340	893	peak	4	Q12259766
Pico de Anayet	42.78162	-0.45439	2574	peak	6	Q3043672
Lenquo de Capo	42.77770	0.11329	2716	peak	3	Q3229509
Tuc dera Gossetèra	42.78281	0.64556	1897	peak	3	Q11953322
Tuc des Armèros	42.78125	0.87691	2534	peak	5	Q24002832
Tuc de Crabes	42.78331	0.91537	2620	peak	3	Q17481809
Tuc de Montoliu	42.78318	0.93586	2691	peak	4	Q17482761
Pic de Cernalles	42.78359	1.05929	2584	peak	3	Q11941457
Monte Perone	42.77824	10.20343	630	peak	3	Q16579658
Monte Orello	42.77883	10.32077	377	peak	3	Q18785497
Maja e Dromodolit	42.77572	20.09077	2120	peak	5	Q5305747
Витиня	42.78153	23.79962	963	pass	6	Q7937100
Троянски проход	42.78053	24.60600	1526	pass	5	Q4881654
Чумерна	42.78199	25.97283	1536	peak	4	Q12299263
Zaldiarango gaztelua	42.79473	-2.73664	979	peak	6	Q12014411
Puerto de Zaldiaran	42.79088	-2.72824	803	pass	3	Q24936448
Punta Bisaurín	42.78849	-0.64000	2670	peak	12	Q2904601
Pic Maou	42.79411	0.10585	3074	peak	5	Q3382315
Pic de Campbieil	42.79203	0.11971	3173	peak	11	Q3382361
Col d'Azet	42.79188	0.38095	1580	pass	7	Q2981982
Pica dera Gossetèra	42.78512	0.64765	1884	peak	3	Q17482110
Cap d'Artigalonga	42.79109	0.65389	1818	peak	3	Q11912076
Tuc des Neres	42.79329	0.73705	2244	peak	3	Q17482867
Montlude	42.78526	0.75871	2518	peak	6	Q11937477
Pic de Maubermé / Tuc de Maubèrme	42.79375	0.91714	2882	peak	7	Q11953291
Tuc der Òme	42.78886	0.93513	2732	peak	6	Q11953321
Port d'Òrla / Pört d'Orle	42.79160	0.97679	2328	pass	3	Q48759736
Pic du Port d'Orle / Tuc d'Òrla	42.78725	0.98274	2633	peak	5	Q11953270
Pic de Barlonguère / Tuc de Barlonguèra	42.78856	1.00986	2802	peak	7	Q17587743
Pic de Clavera / Pic de la Pale de la Clauère	42.78831	1.07879	2676	peak	3	Q11941462
Col d'Agnes	42.79399	1.37412	1570	pass	7	Q2749001
Pic de Gérentos / Pic du Mont-Ceint	42.79015	1.40660	2088	peak	4	Q3382371
Monte Stello	42.78855	9.41853	1307	peak	7	Q947558
Monte Rufeno	42.79176	11.89129	720	peak	4	Q3861937
Forca di Presta	42.79000	13.26070	1534	pass	4	Q3076825
Козя стена	42.79218	24.56143	1670	peak	3	Q12283323
Bachicabo	42.79507	-3.08886	1198	peak	4	Q2878314
Elimendi	42.80425	-1.93239	1135	peak	3	Q12256723
Aldaxur	42.80351	-1.20084	1191	peak	3	Q24004027
Somport	42.79575	-0.52479	1632	pass	20	Q389859
Puerto de Marcadeau	42.80120	-0.22360	2541	pass	4	Q3398658
Pic de Cestrede	42.80362	-0.07063	2947	peak	3	Q18214319
Pale Crabounouse	42.80316	0.08802	3021	peak	5	Q3382363
Pic Long	42.80083	0.10013	3192	peak	11	Q3141369
Aguja Badet	42.79886	0.10212	3135	peak	3	Q17587486
Pic Maubic	42.80274	0.10292	3058	peak	4	Q3382316
Pic de Campbeilh	42.79777	0.10424	3160	peak	6	Q572681
Pic d'Estaragne	42.79716	0.13030	3006	peak	7	Q3382347
Pic de Bugatet	42.80490	0.17065	2877	peak	7	Q3382359
Col de Peyresourde	42.80231	0.46308	1569	pass	12	Q1107397
Pic de Saublanque / Tuc de Saublanca	42.79514	0.65781	1951	peak	3	Q11953310
Tuc de Pujastó / Tuc de Poujastou	42.79819	0.66075	2016	peak	3	Q11953297
Era Montanheta / La Montagnette	42.79998	0.66599	1992	peak	3	Q17601323
Tuc de Lia	42.79942	0.82376	2264	peak	3	Q11953289
Pica Palomèra	42.79669	0.85604	2478	peak	3	Q11941569
Pic de Tartereau / Tuc de Tarterau	42.80179	0.90427	2641	peak	3	Q17483646
Mont Valier	42.79786	1.08573	2838	peak	9	Q2420742
Monte Calvo	42.79920	11.60177	931	peak	3	Q3861287
Monte Martano	42.80079	12.56859	1090	peak	3	Q3321942
Monte Ceresa	42.80451	13.34404	1494	peak	3	Q3322522
Проход на Републиката	42.79730	25.67711	686	pass	5	Q1284186
O Pico Sacro	42.80711	-8.44666	533	peak	8	Q12397657
Col du Pourtalet	42.80589	-0.41847	1794	pass	14	Q2641320
Grande Fache	42.80819	-0.23787	3005	peak	11	Q3114948
Tuc de Bedurt	42.80920	0.66860	2018	peak	3	Q11953271
Malh deth Chuc / Tuc de Bidur	42.80645	0.67005	2018	peak	3	Q11934715
Eth Cau de Naut	42.80548	0.73973	1804	peak	3	Q17481968
Tuc d'Ermèr	42.80581	0.83863	2432	peak	4	Q11953267
Mail de Bulard / Malh de Bolard	42.80596	0.96006	2753	peak	4	Q31637861
La Pique ou Mont Béas	42.80763	1.36164	1903	peak	4	Q3321714
Port de Lers	42.80641	1.41159	1517	pass	6	Q3398602
Monte Poppe	42.81053	10.29167	247	peak	3	Q20165158
Neprobić	42.80739	17.91302	968	peak	3	Q25291632
Ključ	42.81128	19.62948	1973	peak	4	Q1774789
Castiello d’Acher	42.82284	-0.66806	2384	peak	5	Q5488790
Col des Moines	42.82444	-0.49913	2168	pass	4	Q2982227
Pico de Cambalés	42.82361	-0.24355	2965	peak	3	Q18415042
Pic de Chanchou	42.81988	-0.06057	2949	peak	3	Q18214365
Pic de Barbe de Bouc	42.82200	-0.05435	2964	peak	3	Q18214055
Pic de Canejan / Pico de Canèjan	42.81997	0.86370	2656	peak	3	Q11953275
Pic Blanc du Portillon / Tuc Blanc deth Portilhon	42.81566	0.87094	2646	peak	3	Q17481359
Pic de Saint-Barthélemy	42.81916	1.77116	2348	peak	6	Q929390
Pic de Soularac	42.81800	1.78111	2368	peak	8	Q3382390
Monte Labbro	42.82054	11.52594	1193	peak	8	Q167669
Monte Peglia	42.81810	12.20959	837	peak	4	Q1237227
Monte Patino	42.82385	13.14047	1885	peak	5	Q3322022
Cima del Lago	42.81833	13.25879	2422	peak	3	Q18223068
Monte Vettore	42.82441	13.27497	2476	peak	21	Q2417486
Вратник	42.81724	26.21281	1079	pass	3	Q7583070
Дюлински проход	42.82330	27.62820	436	pass	6	Q1232236
Tremuzo	42.82633	-8.95290	524	peak	6	Q17318028
Pico d'Arriel / Punta dero Saldiecho	42.83412	-0.33130	2824	peak	6	Q3382351
Frondella SW	42.82855	-0.29751	2992	peak	5	Q17584193
Frondella N	42.83347	-0.29015	3062	peak	3	Q17584192
Aguja Cadier	42.83432	-0.28987	3022	peak	3	Q11904357
Pic d'Ardiden	42.83401	-0.06763	2988	peak	5	Q3382344
Pointe Reboul-Vidal	42.82756	0.10761	3007	peak	3	Q11943916
Turon de Néouvielle	42.82777	0.10775	3035	peak	8	Q3542372
Pic des Trois Conseillers	42.83116	0.11293	3039	peak	7	Q3382420
Pic Ramougn	42.83482	0.12016	3011	peak	9	Q3088783
Col de Portet	42.83311	0.23650	2215	pass	6	Q42178369
Cap d'Estanhs / Plan de Montmajou	42.83188	0.66107	2084	peak	3	Q17481955
Pic de Crabère / Tuc de Crabèra	42.82574	0.85833	2630	peak	5	Q3382364
Pic des Trois Seigneurs	42.83052	1.44011	2199	peak	6	Q3382418
Cima di e Follicie	42.82772	9.38566	1324	peak	6	Q2972397
Monte Serra	42.83134	10.40919	410	peak	3	Q20165167
Poggio Ballone	42.82918	10.88032	632	peak	4	Q3907022
Cima del Redentore	42.82543	13.25505	2448	peak	8	Q3676796
Поглед / Pogled	42.83228	20.36365	2154	peak	10	Q2035867
Cuíña	42.84422	-6.83282	1987	peak	4	Q6074982
Mendizabala	42.83524	-2.68344	550	peak	3	Q12263427
Pic du Midi d'Ossau	42.84300	-0.43806	2884	peak	21	Q73077
Pic du Balaïtous	42.83894	-0.29026	3146	peak	19	Q2298456
O Casterillet / Torre de Cadier	42.83768	-0.28596	3049	peak	3	Q11952238
Pic de Néouvielle	42.83537	0.11512	3091	peak	10	Q3088745
Pica de Horadic	42.83871	0.81074	2116	peak	3	Q11941570
Monte Buceto	42.84248	11.48693	1166	peak	5	Q1945751
Monte Lieto	42.84212	13.17522	1944	peak	4	Q3861681
Zagradac (Kapa Moračka)	42.83854	19.26436	2217	peak	5	Q11735019
Beleg	42.83533	20.34109	2006	peak	12	Q4882150
Ezkaurre	42.85308	-0.84124	2045	peak	8	Q8538396
Pic Palas	42.84941	-0.31327	2974	peak	9	Q3382327
Pic de Bacanère / Tuc deth Plan deth Òme	42.84610	0.67521	2193	peak	3	Q23990662
Tuc d'Angost	42.85040	0.67930	2128	peak	3	Q17481243
Monte Pian Falcone	42.84942	13.16858	1854	peak	3	Q931071
Zekova glava	42.85067	19.67806	2122	peak	5	Q16619934
Ezkaba	42.85562	-1.66468	895	peak	4	Q12993259
Pic de Burat	42.85934	0.67085	2154	peak	3	Q3382422
Pic de Sacaube / Tuc de Sacauva	42.86143	0.70841	1743	peak	3	Q11953301
Mont Fourcat	42.85595	1.71697	2001	peak	4	Q31644116
Pech de Bugarach	42.86377	2.37910	1231	peak	16	Q73420
Monte Alticcione	42.86111	9.40219	1136	peak	3	Q25675384
Monte Aquilaia	42.85520	11.47725	1090	peak	3	Q3861193
Punta di Valloprare	42.85697	13.17297	1776	peak	3	Q3925765
Monte Argentella	42.85878	13.24364	2201	peak	8	Q589711
Torna (Bablji zub)	42.86330	19.37820	2277	peak	4	Q9163789
Руй / Руј	42.86291	22.57543	1706	peak	19	Q202098
Разбойна	42.85843	26.41378	1128	peak	4	Q11833913
Porto de Ancares	42.86853	-6.81825	1669	pass	4	Q106397705
Porto de Ancares	42.86857	-6.81803	1668	peak	4	Q106397705
Col de Pau	42.87446	-0.66611	1942	pass	7	Q2982094
Grand Barbat	42.86511	-0.19480	2813	peak	3	Q3113513
Pic de Bastan	42.86596	0.20073	2715	peak	4	Q3382348
Port de Balès	42.87417	0.50064	1755	pass	11	Q2031519
Pic de la Calabasse	42.86961	0.85935	2210	peak	3	Q31649928
Cap de Bouirech (Bouirex)	42.86866	1.11650	1874	peak	3	Q31650476
Monte Serano	42.86603	12.79981	1429	peak	3	Q16579687
Poggio Sommorto	42.87475	13.13756	1392	peak	3	Q3907041
Monte Pagliano	42.87051	13.16348	1396	peak	3	Q3322557
Monte delle Prata	42.87250	13.20567	1800	peak	6	Q3861871
Palazzo Borghese	42.86842	13.23257	2145	peak	6	Q3889704
Crna Glava	42.86665	19.69811	2139	peak	6	Q9196770
Txurregi	42.88179	-1.85610	1121	peak	4	Q12268435
Arbizon	42.87597	0.27264	2831	peak	7	Q2859683
Monte Spina di Gualdo	42.87701	13.17519	1380	peak	5	Q3966752
Monte Porche	42.87529	13.23137	2233	peak	7	Q3861865
A Pena da Moa	42.88867	-9.11360	629	peak	20	Q35644
Beriain	42.88826	-1.98019	1493	peak	10	Q3756086
Acherito	42.89145	-0.73722	2374	peak	4	Q24002087
Moun Né	42.89359	-0.16732	2724	peak	4	Q3325945
Monte Amiata	42.88743	11.62327	1738	peak	39	Q470777
Monte Brunette	42.88666	12.80478	1421	peak	3	Q3321711
Monte Cardosa	42.88669	13.12819	1818	peak	4	Q3861312
Cima di Vallinfante	42.89339	13.21941	2113	peak	3	Q3908458
Monte Pedroso	42.89822	-8.56488	457	peak	8	Q1804574
Txamantxoia	42.90227	-0.81699	1941	peak	9	Q3573794
Pic d'Ansabère / Petrechema	42.90297	-0.73260	2371	peak	4	Q3382346
Grande aiguille d'Ansabère	42.90051	-0.72954	2377	peak	4	Q3115041
Hourquette d'Ancizan	42.89994	0.30577	1564	pass	8	Q2727827
Col de Port	42.89904	1.45285	1249	pass	6	Q2982100
Colle La Croce	42.89710	13.19960	1623	peak	5	Q3682737
Monte Sibilla	42.90024	13.26305	2173	peak	9	Q3862016
Berim	42.89912	20.57756		peak	5	Q4891822
Col du Tourmalet	42.90839	0.14530	2115	pass	27	Q942322
Monte Cornaccione	42.91118	13.17889	1769	peak	5	Q3861478
Monte Bove Sud	42.91443	13.19930	2169	peak	4	Q3861252
Hiru Erregeen Mahaia	42.91939	-0.72749	2446	peak	20	Q546180
Soum d'Ypy	42.92322	-0.54873	1743	peak	36	Q765829
Monte Bicco	42.91749	13.18890	2052	peak	5	Q3861235
Monte dell'Ascensione	42.92303	13.55535	1103	peak	6	Q2185502
Котленски проход	42.91975	26.45133	652	pass	3	Q25477560
Aixita	42.92955	-1.83188	704	peak	3	Q12252989
Erga	42.92798	-1.81088	1094	peak	4	Q6022395
Pic du Cabaliros	42.93000	-0.12592	2334	peak	5	Q4206516
Monte Cetona	42.92996	11.87581	1148	peak	6	Q1945792
Croce di Monte Bove	42.93461	13.17780	1905	peak	5	Q3698105
Pizzo Berro	42.92671	13.22287	2259	peak	4	Q3905979
Monte Priora	42.93218	13.24070	2333	peak	8	Q3861875
Върбишки проход	42.93225	26.66563	840	pass	8	Q1226056
Milpiribil	42.93986	-2.34876	1277	peak	3	Q12263661
Pic d'Anie	42.94429	-0.72067	2504	peak	16	Q2030914
Pic de Ger	42.93662	-0.35425	2613	peak	8	Q3382373
Pic de Gabizos	42.93940	-0.27917	2639	peak	3	Q3377144
Pic du Midi de Bigorre	42.93678	0.14161	2877	peak	24	Q1139060
Col d'Aspin	42.94233	0.32738	1489	pass	12	Q1107533
Col de Portet d'Aspet	42.94475	0.85371	1069	pass	12	Q1107409
Monte Bove Nord	42.93527	13.19100	2112	peak	8	Q1091732
Церия	42.93939	23.30482	1234	peak	3	Q19306837
Ришки проход	42.93665	26.94029	405	pass	7	Q1141643
Aitxuri	42.95351	-2.32685	1508	peak	4	Q411031
Aizkorriko gurutzea	42.95134	-2.32523	1524	peak	14	Q2828834
Abodi	42.95172	-1.05432	1533	peak	3	Q2821682
Lakartxela	42.95146	-0.89060	1982	peak	5	Q8538704
Pic Saillant	42.94855	0.69623	1762	peak	3	Q3382332
Pic du Gar	42.95029	0.69872	1785	peak	7	Q3382425
Pic de Cagire	42.94660	0.76588	1912	peak	4	Q3382354
Pic de l'Aspre	42.94861	1.69911	1011	peak	3	Q31652756
Pizzo Tre Vescovi	42.95131	13.21638	2092	peak	4	Q3906021
Hum	42.94663	16.69327	376	peak	4	Q8553139
Pico Gilbo	42.95803	-5.04610	1679	peak	3	Q20972876
Aketegi	42.95878	-2.32995	1549	peak	7	Q115694749
Aketegi erpina	42.95812	-2.32915	1548	peak	3	Q2828988
Otsogorrigaina	42.95814	-0.92010	1923	peak	3	Q12265379
Lakhura	42.95574	-0.83743	1875	peak	3	Q12261814
Col du Soulor	42.96062	-0.26113	1474	pass	8	Q1107511
Monte Massoncello	42.96329	10.49796	289	peak	3	Q3861730
Valdecebollas	42.96674	-4.36542	2143	peak	3	Q6158692
Puttarri	42.97040	-2.05674	1299	peak	3	Q12266361
Larraineko mendatea	42.97413	-0.99387	1573	pass	13	Q1851165
Col de la Pierre Saint-Martin	42.96895	-0.76829	1765	pass	7	Q1107451
Arlas	42.96716	-0.75168	2044	peak	9	Q2024489
Monte Rotondo	42.96562	13.19541	2102	peak	5	Q5118072
Monte Castel Manardo	42.96923	13.24754	1917	peak	4	Q31642218
Txarlazo	42.98188	-3.03721	933	peak	3	Q12268336
Col d'Aubisque	42.97658	-0.33979	1709	pass	18	Q1107555
Pic de Montaigu	42.98373	0.06878	2339	peak	5	Q3382430
Puerto de Pajares	42.99267	-5.75950	1379	pass	9	Q3329179
Akaitz	42.99172	-2.38562	1311	peak	3	Q12253986
Orhi	42.98855	-1.00610	2017	peak	15	Q2030404
Col du Soudet	42.98670	-0.75469	1533	pass	6	Q954436
Puertu de Ḷḷeitariegos	42.99897	-6.41854	1525	pass	6	Q6092333
Atxorrotx	43.00162	-2.54027	739	peak	6	Q12252980
Kurtzebarri	43.00143	-2.49564	1106	peak	3	Q12261688
Intzako Dorrea	43.00010	-2.02582	1430	peak	4	Q12259656
Pic de Bizkarzé	43.00410	-1.04441	1656	peak	3	Q3382352
Col d'Erroïmendi	42.99743	-0.98607	1350	pass	3	Q2981990
Col du Bac	42.99807	2.05329	620	pass	4	Q109018727
Sveti Ilija	42.99629	17.15953	961	peak	6	Q2371759
Bajovo ždrijelo	43.00444	18.79500	1942	peak	18	Q2734930
Oketa	43.00962	-2.72433	1029	peak	5	Q12265055
Ganboa	43.00505	-2.06398	1412	peak	7	Q5520549
Col de Spandelles	43.01135	-0.21864	1378	pass	5	Q2982120
Peña Ubiña	43.01833	-5.95673	2417	peak	10	Q3330247
Mojón de las Tres Provincias	43.02102	-4.73783	2499	peak	3	Q6020806
Peña Prieta	43.02383	-4.73000	2539	peak	6	Q5657857
Iturrigorri	43.01785	-3.07327	1068	peak	4	Q12268033
Ausa Gaztelu	43.01554	-2.11604	901	peak	4	Q12254509
Larrunarri (Txindoki)	43.02274	-2.08843	1341	peak	13	Q2750385
Adi	43.01954	-1.44522	1457	peak	5	Q8188242
Ibañetako lepoa	43.01972	-1.32400	1057	pass	22	Q1305618
Ortzantzurieta	43.02194	-1.27596	1566	peak	6	Q8538854
Pizzo di Meta	43.01792	13.23888	1576	peak	4	Q31642302
Bajrak	43.01951	21.01638	1789	peak	8	Q7116825
Ungino	43.03281	-3.10155	1098	peak	5	Q12268575
Gorbeiako gurutzea	43.03394	-2.78137	1482	peak	17	Q557374
Lepoeder	43.02619	-1.29545	1429	pass	3	Q2982068
Sassoforte	43.03295	11.10020	789	peak	4	Q3950705
Monte Venere	43.03118	11.93745	408	peak	5	Q18491799
Hum	43.02963	16.11376	587	peak	5	Q1275324
Сърбеница	43.03310	23.28841	1480	peak	6	Q2224629
Pico de los Tres Mares	43.03800	-4.40420	2171	peak	7	Q6075045
Puerto del Escudo	43.04157	-3.87764	1011	pass	4	Q7258846
Eskutxi	43.03983	-3.12170	1184	peak	5	Q12257231
Errozate	43.04411	-1.17149	1345	peak	3	Q3057489
Col Bagargiak	43.03813	-1.02672	1327	pass	5	Q1107321
Col d'Ichère	43.04158	-0.63651	674	pass	4	Q2981989
Peña Labra	43.04556	-4.43214	2029	peak	8	Q8538642
Murugain	43.05232	-2.52939	777	peak	3	Q8538372
Belateko mendatea	43.04907	-1.61453	847	pass	5	Q110463421
Saioa	43.04594	-1.55920	1418	peak	3	Q8538692
Urkulu	43.04607	-1.24015	1423	peak	8	Q590012
Puerto de Palombera	43.06371	-4.23246	1260	pass	4	Q1942621
Orixol	43.05686	-2.60108	1128	peak	7	Q3055443
Txaruta	43.06177	-1.66038	1081	peak	3	Q6154191
Col de Burdincurutcheta	43.06260	-1.08711	1135	pass	5	Q953084
Monte Subasio	43.05705	12.67143	1290	peak	17	Q525113
Puerto de San Isidro	43.06540	-5.38623	1521	pass	6	Q8558801
Puerto de San Glorio	43.06684	-4.76653	1599	pass	4	Q7414266
Mugarriondoko tontorra	43.06709	-2.56048	835	peak	7	Q3055491
Lurgorri	43.06932	-2.55544	788	peak	3	Q8538369
Usurbe	43.06573	-2.20380	706	peak	3	Q12268775
Col de Marie-Blanque	43.07047	-0.50751	1035	pass	10	Q1107371
Puerto de las Señales	43.07557	-5.24332	1627	pass	3	Q6092329
Ravnisava (Ranisava)	43.07961	19.07230	2084	peak	3	Q11833773
Monte da Cova da Serpe	43.08788	-7.91207	836	peak	4	Q12393500
Coriscáu	43.08635	-4.79393	2234	peak	3	Q5788559
Alto Abedules	43.09143	-4.17869	1404	peak	5	Q8196712
Urkiolagirre	43.09186	-2.62640	1010	peak	3	Q965376
Elgoin	43.09173	-2.60573	1245	peak	6	Q3050872
Anboto	43.08793	-2.59624	1330	peak	19	Q458478
Besaide	43.08799	-2.54640	556	peak	7	Q964280
Errola	43.08531	-1.38974	908	peak	3	Q12257155
Col Burdin Olatze	43.09135	-1.02255	892	pass	4	Q2982022
Lexantzümendi / Le Chapeau de Gendarme	43.08630	-0.87903	572	peak	4	Q2956498
Monte Igno	43.09296	12.98921	1434	peak	4	Q3861636
Stožina	43.09340	19.07934	1908	peak	7	Q27561239
Puerto del Pontón	43.09993	-5.01888	1296	pass	5	Q6092515
Pico Jano	43.09733	-4.02073	1289	peak	3	Q6074994
Saibigan	43.09869	-2.66707	943	peak	5	Q3461571
Irakurri	43.10063	-1.83964	1142	peak	3	Q12259707
Otsamuino	43.09564	-1.39530	901	peak	3	Q12265371
Col d'Aphanitze	43.10248	-1.06206	1044	pass	4	Q2981979
Monte Pennino	43.10138	12.88879	1572	peak	11	Q1112721
Adartza	43.11322	-1.33651	1250	peak	4	Q2824120
O Enxameado	43.11831	-8.06858	601	peak	3	Q12393492
Pico Jano	43.11743	-4.70002	1446	peak	8	Q5847260
Puerto de las Estacas de Trueba	43.11801	-3.70302	1166	pass	3	Q16623246
Errialtabaso	43.12092	-2.68072	1017	peak	4	Q2863619
Hauzkoa	43.11697	-1.06861	1268	peak	3	Q3128666
Savin kuk	43.12270	19.08085	2313	peak	7	Q9334073
Петрохан	43.12147	23.12489	1444	pass	5	Q7178926
Zalama	43.13396	-3.41568	1340	peak	3	Q9097437
Eskuagatx	43.12665	-2.68008	999	peak	3	Q3192720
Untzillatx	43.12774	-2.64534	942	peak	9	Q3129191
Intxorta	43.13033	-2.49895	742	peak	4	Q3153743
Poggio di Montieri	43.12622	11.00419	1050	peak	5	Q3907055
Prutaš	43.12674	19.00144	2393	peak	5	Q11828112
Bobotov Kuk	43.12812	19.03466	2523	peak	29	Q671897
Бабичка гора	43.12510	22.06151	1098	peak	8	Q2016129
Тодорини кукли	43.13418	23.19629	1785	peak	3	Q12296633
Untzuetako gaztelua	43.13725	-2.90692	769	peak	3	Q12268592
Antzola	43.14265	-1.40956	1119	peak	3	Q2852644
Ixtauz	43.13678	-1.40884	1024	peak	3	Q3147675
Sveti Nikola	43.14451	16.59761	628	peak	3	Q12057601
Peña Remoña	43.14676	-4.83383	2239	peak	4	Q6073891
Castro Valnera	43.14585	-3.68190	1718	peak	10	Q2748808
Puerto de Los Tornos	43.15145	-3.44187	920	pass	3	Q8558909
Mugarra	43.15144	-2.68080	970	peak	11	Q3122365
Uzturre	43.15394	-2.04741	730	peak	11	Q3756423
Hauza	43.15133	-1.42028	1304	peak	8	Q3128667
Beltxu	43.15035	-1.04883	1130	peak	5	Q2894272
Mont Faron	43.14974	5.95108	584	peak	16	Q2983361
Monte Vermenone	43.14769	12.92082	1363	peak	4	Q3862120
Околчица	43.15113	23.58379	1113	peak	6	Q3321997
Pico de la Padiorna	43.15589	-4.83494	2314	peak	3	Q6075106
Eguarbitza	43.16227	-2.49492	733	peak	4	Q8538985
Mendieder	43.16204	-1.72669	1071	peak	3	Q12263403
Mendaur	43.15545	-1.71929	1131	peak	5	Q3305754
Bec de l'aigle	43.16132	5.60534	155	peak	3	Q34807869
Le Gros Cerveau	43.15728	5.81485	443	peak	3	Q3116954
Mont Coudon	43.16092	6.00785	702	peak	4	Q3321779
Torre de Llambrión	43.17327	-4.85695	2647	peak	4	Q3331402
Torre Blanca	43.17276	-4.85167	2617	peak	7	Q6150053
Peña Vieja	43.17404	-4.81010	2614	peak	12	Q8538492
Peña Olvidada	43.16623	-4.80711	2406	peak	3	Q8538623
Portillo de Lunada	43.17098	-3.65455	1350	pass	4	Q6083188
Baljerri	43.16551	-3.33360	1105	peak	3	Q12254727
Urtemondo	43.17056	-2.72751	789	peak	4	Q3552496
Galdaramuño	43.16615	-2.47317	672	peak	3	Q8538163
Hernio	43.17026	-2.15276	1076	peak	8	Q3756051
Basagain	43.17197	-2.07818	295	peak	4	Q12254812
Purkin kuk	43.17055	16.60240	276	peak	5	Q12640777
Torre de las Llastrias	43.17565	-4.85691	2603	peak	3	Q10972420
Pico Tesorero	43.18078	-4.84102	2564	peak	6	Q8538497
Torre de los Horcados Rojos	43.17888	-4.82978	2503	peak	5	Q8538504
Prao Cortés	43.17873	-4.74578	2286	peak	3	Q6084064
Maza de Pando	43.17695	-3.30558	1020	peak	3	Q12263285
Belatxikieta	43.17994	-2.73265	665	peak	4	Q8245714
Irukurutzeta	43.17647	-2.36746	897	peak	3	Q12259765
Akotegi	43.18104	-2.16554	1001	peak	3	Q12258326
Izpegiko lepoa	43.17569	-1.40208	672	pass	8	Q2982003
Ahantziga	43.18460	-0.86937	586	peak	3	Q2827405
Križevac	43.17532	17.66821	446	peak	7	Q3817081
Трем	43.18344	22.17132	1810	peak	7	Q2451288
El Gamoniteiru	43.18797	-5.92374	1791	peak	6	Q105480536
El Escamellau	43.19193	-4.77826	2075	peak	3	Q5821851
Morra de Lechugales	43.19018	-4.73380	2444	peak	3	Q6024395
Kortazar	43.19244	-2.41462	749	peak	6	Q8538160
Aintziaga	43.18969	-1.38142	905	peak	3	Q2827423
Pic d'Arradoy	43.18710	-1.23469	660	peak	3	Q12254059
Белава	43.19065	22.50840	946	peak	7	Q674649
Peña Santa	43.20192	-4.96228	2596	peak	10	Q2645930
Torre Cerredo	43.19776	-4.85287	2649	peak	24	Q1520376
Picu Urriellu	43.20083	-4.81770	2518	peak	15	Q2636482
Kolitza	43.20085	-3.25029	881	peak	6	Q556711
Ganekogorta	43.20226	-2.97955	998	peak	12	Q557130
Urko	43.20144	-2.48694	794	peak	4	Q2884942
Xoxote	43.19985	-2.28651	912	peak	3	Q12269096
Hozkaitzeko Lepoa	43.19688	-1.02338	392	pass	4	Q2981998
Monte Tezio	43.19746	12.35333	961	peak	5	Q3322140
Torre de Santa María	43.21247	-4.97449	2485	peak	6	Q9088939
Pico de Samelar	43.20766	-4.69228	2229	peak	3	Q8539670
Adarramendi	43.20662	-1.96146	818	peak	12	Q3750441
Gorramendi	43.20990	-1.44641	1071	peak	4	Q24001120
Бабина стена / Babina Stena	43.21038	20.60178	808	peak	5	Q4837898
Ganeta	43.22148	-2.94786	687	peak	3	Q8963436
Pagasarriko atxa	43.21752	-2.94440	670	peak	12	Q3120793
Santa Engrazia	43.22081	-2.20861	507	peak	4	Q20829805
Béouveyre	43.22327	5.36412	366	peak	3	Q2929941
Marseilleveyre	43.22328	5.37187	433	peak	6	Q1284311
Mont Puget	43.22224	5.45856	563	peak	9	Q528586
Monte Xalo	43.23246	-8.40845	514	peak	4	Q12393498
Angliru	43.22569	-5.93803	1570	pass	22	Q443610
Eretza	43.23150	-3.05228	886	peak	5	Q12257017
Arnotegi	43.23394	-2.93459	425	peak	3	Q15993803
Malmasin	43.22740	-2.90285	360	peak	7	Q6553586
Oizgana	43.22756	-2.59132	1025	peak	14	Q557367
Kalamua	43.22620	-2.45972	769	peak	5	Q3192103
Oindi	43.23218	-1.95184	548	peak	5	Q12265177
Volujak	43.23178	18.71714	2336	peak	19	Q2501518
Bioč	43.23316	18.79389	2297	peak	13	Q2904285
Селичевица	43.22528	21.94028	903	peak	7	Q7448506
Pico Caldoveiro	43.23517	-6.11578		peak	4	Q6074974
Buruntza	43.23895	-2.01438	441	peak	9	Q2877079
Urdaburu	43.23720	-1.90084	593	peak	7	Q3552262
Andatzagaña	43.24669	-2.07570	560	peak	4	Q12253464
Bianditz	43.24680	-1.79067	843	peak	4	Q8247449
Mont Carpiagne	43.25371	5.47052	645	peak	3	Q31649314
Ganeran	43.25935	-3.06758	822	peak	3	Q12258162
Kobeta	43.26396	-2.96734	204	peak	6	Q6920195
Ganguren	43.26044	-2.86577	475	peak	3	Q12258164
Aldurako gaina	43.25574	-1.88141	541	peak	4	Q21436552
Lizarrietako lepoa	43.26062	-1.61911	441	pass	4	Q2982075
Col d'Ipharlatze	43.25880	-1.09043	328	pass	3	Q2981993
Argalario	43.27363	-3.02446	515	peak	4	Q8203986
Iturritxualde	43.26967	-2.89295	382	peak	3	Q12259904
Kanpantzar	43.27049	-2.39579	628	peak	3	Q6022342
Santiagomendi	43.27442	-1.93251	298	peak	4	Q12267035
Monte Acuto	43.26545	12.30677	926	peak	5	Q3321638
Суво рудиште	43.27211	20.81950	1976	peak	3	Q30590555
Панчићев врх	43.26925	20.82366	2017	peak	15	Q2050272
Mendibil	43.27711	-3.03716	549	peak	3	Q12263397
Bizkargi	43.27547	-2.74062	557	peak	4	Q12255355
Oriamendi	43.28337	-1.98780	189	peak	4	Q9034752
Lizuniagako mendatea	43.28237	-1.63220	219	pass	3	Q12262514
Artzamendi	43.28286	-1.40843	926	peak	7	Q2865978
Vidova gora	43.27966	16.61978	780	peak	15	Q1748837
Veliki Šibenik	43.27609	17.25801	1314	peak	3	Q25287006
Maglić	43.28098	18.73315	2386	peak	39	Q837723
Kukuarri	43.29250	-2.10680	377	peak	3	Q12261667
Arratzain	43.29212	-2.05806	341	peak	3	Q12254099
Baigura	43.29050	-1.29289	897	peak	9	Q3321695
Baigura	43.29048	-1.29288	897	peak	9	Q3321695
Pilon Saint-Clément	43.28583	6.05966	705	peak	3	Q2885520
Puerto de Alisas	43.30032	-3.65149	674	pass	3	Q2883582
Mendizorrotz	43.29785	-2.06694	416	peak	3	Q12263430
Mondarrain	43.30196	-1.43219	749	peak	6	Q3320487
Katxapo	43.30850	-2.20222	111	peak	6	Q7413281
Ibardin	43.30966	-1.68444	317	pass	6	Q2981996
Larhun	43.30904	-1.63551	905	peak	21	Q2737839
Pic de Bertagne	43.31195	5.68917	1041	peak	4	Q3382353
Txubillo	43.32134	-2.00976	184	peak	5	Q28745488
Urgull	43.32485	-1.98942	119	peak	17	Q2030934
Dernečište	43.32040	19.08582	2238	peak	5	Q11693963
Serantes	43.33441	-3.06278	452	peak	4	Q8538846
Unbe	43.33485	-2.91779	299	peak	3	Q6155386
Putzueta	43.32996	-1.95848	222	peak	14	Q3070583
Col de Saint-Ignace	43.32715	-1.60151	169	pass	4	Q2982108
Le Garlaban	43.33293	5.55342	714	peak	9	Q3098391
Jouc de l'Aigle	43.33379	5.78679	1148	peak	3	Q3186725
Monte San Vicino	43.33167	13.06061	1483	peak	8	Q3861976
Три чуке	43.33222	22.82333	1937	peak	5	Q2452229
Urtsua	43.34365	-1.33403	679	peak	5	Q3322163
Sveti Jure	43.34201	17.05384	1762	peak	14	Q2119457
Torbina	43.35424	-4.77013	1317	peak	5	Q6075049
Ereñozar	43.35041	-2.63670	448	peak	3	Q12257019
Seuil de Naurouze - Partage des Eaux	43.35063	1.81865	189	pass	8	Q3449857
Bregoč	43.35462	18.56783	2014	peak	3	Q21718822
Lumentxa	43.36084	-2.50177	116	peak	3	Q8538837
Abarratia	43.35799	-1.23308	342	peak	4	Q2820189
Montemaggio	43.35976	11.20571	672	peak	3	Q63523664
Sollube	43.37099	-2.76377	687	peak	9	Q557452
Otoio	43.37053	-2.52930	395	peak	3	Q12265362
Monte Cucco	43.36833	12.74575	1566	peak	6	Q3321787
Бабин зуб	43.36943	22.60900	1758	peak	7	Q797698
Pico Llen	43.37908	-3.77862	566	peak	4	Q8537932
Katillotxu	43.39491	-2.71509	335	peak	3	Q12261376
Jata	43.40403	-2.84210	598	peak	4	Q6553570
Atxarre	43.39651	-2.67103	312	peak	3	Q12266927
Mont Saint-Clair	43.40222	3.68440	176	peak	5	Q1945436
Le Regagnas	43.40001	5.67026	711	peak	3	Q3322287
Миджур / Миџор	43.39525	22.67757	2169	peak	30	Q962856
Monte Vitalba	43.41490	10.60035	674	peak	3	Q3862127
Monte Lignano	43.40515	11.88301	835	peak	3	Q3861680
Peña Queimada	43.42204	-6.84162	924	peak	3	Q6071168
Antekera	43.42140	-2.94973	128	peak	4	Q12254327
Pic de Nore	43.42442	2.46265	1211	peak	13	Q1568041
Velika Lelija	43.42273	18.48770	2032	peak	3	Q21718226
Mont Olympe	43.43098	5.73891	819	peak	3	Q3322007
Дупљак / Оба	43.42601	22.66125	2033	peak	3	Q1266559
Monte Picota	43.43989	-3.94450	240	peak	3	Q5964828
Monte Vaso	43.43707	10.61298	635	peak	3	Q3862108
Pico Santofirme	43.45347	-5.84125	438	peak	3	Q8538208
Buciero	43.44714	-3.44190	366	peak	3	Q27914541
Monte Strega	43.45015	12.77963	1278	peak	4	Q3862047
Monte Catria	43.46106	12.70427	1701	peak	13	Q2293161
Kmur	43.47487	18.71315		peak	10	Q6421705
Bizkarraga	43.48294	-1.31529	91	peak	3	Q3541831
Col Vidal de la Blache	43.47905	3.40484	62	pass	39	Q311865
Pic de l'Ours	43.47626	6.90551	492	peak	4	Q3382403
Жељин	43.47822	20.80543	1784	peak	10	Q2136085
Пројић	43.49267	19.37895	1256	peak	5	Q15268707
Mont Vinaigre	43.50215	6.82182	618	peak	5	Q1945455
Monte Caxado	43.51243	-7.82213		peak	8	Q3395404
Monte Rotondo	43.50695	10.35630	150	peak	3	Q3861930
Monte Maggiore	43.50679	10.42341	453	peak	3	Q3861710
Monte Sant'Angelo	43.50987	12.91806	752	peak	3	Q3861977
Poggio Lecceta	43.52094	10.41640	457	peak	3	Q3907030
Bocca Serriola	43.51585	12.35721	730	pass	5	Q2908282
Monte Petrano	43.51725	12.61636	1106	peak	5	Q3861833
Croix de Provence	43.53089	5.58004	946	peak	5	Q3003375
San Peyre	43.52512	6.93732	131	peak	3	Q3471599
Veliki Kabal	43.52714	16.63739	1339	peak	5	Q26221764
Стојковачка планина	43.53459	20.37196	1360	peak	4	Q16897283
Pic des Mouches	43.53899	5.64545	1011	peak	5	Q3382413
Monte La Poggia	43.53653	10.39458	380	peak	3	Q3861661
Љуктен	43.53661	20.84563	1216	peak	10	Q3028631
Monte Conero	43.55206	13.60536	572	peak	14	Q1479762
Zelena glava	43.54968	17.90380	2103	peak	7	Q9390002
Мучањ	43.54541	20.03455	1534	peak	8	Q974066
Ахун	43.55039	39.84349	663	peak	13	Q1967356
Le Malmont	43.55780	6.46183	552	peak	3	Q3282258
Monte Nerone	43.55784	12.51809	1525	peak	9	Q1136496
Veli vrj	43.57073	16.40896	779	peak	13	Q3436842
Col du Grand Sambuc	43.57882	5.61966	615	pass	3	Q2982269
Džamija	43.58003	18.18982	1967	peak	3	Q21734907
Bocca Trabaria	43.59512	12.23559	1049	pass	5	Q2908284
Monte Montiego	43.60170	12.52385	975	peak	3	Q3861763
Mala Ćaba	43.59610	18.34622	2087	peak	5	Q9207888
Кукутница	43.60204	20.02786	1382	peak	6	Q6442618
La Tour	43.60631	2.98710	1091	peak	4	Q3321726
Boraja	43.61115	16.09759	675	peak	8	Q12749177
Alpe della Luna	43.65168	12.17087	1363	peak	6	Q2839400
Малич	43.64975	20.10275	1101	peak	5	Q8260982
Pic de Montalet	43.68292	2.74244	1259	peak	4	Q3437346
Passo di Viamaggio	43.68258	12.11641	983	pass	6	Q3368399
Col de la Croix de Mounis	43.68520	2.96173	809	pass	3	Q13668885
Mont Boron	43.69019	7.30050	192	peak	3	Q3321705
Les Opies	43.71217	4.98277	498	peak	4	Q2803786
Monte Penna	43.71295	11.93799	1283	peak	3	Q3861825
Кобиља глава	43.70724	19.65017	1178	peak	3	Q3198131
Serra da Capelada	43.71980	-7.95214	574	peak	9	Q3957962
Mont Gros	43.72689	7.29938	376	peak	3	Q31393983
Col d'Èze	43.73404	7.34663	507	pass	9	Q2982005
La Tête de Chien	43.73174	7.40200	573	peak	11	Q3546930
Monte Secchieta	43.73108	11.57381	1450	peak	3	Q3953853
Mont Saint-Baudille	43.74315	3.48594	848	peak	4	Q3322074
Col de Clavel	43.74983	6.62987	1063	pass	3	Q2982031
Lachens	43.74766	6.66166	1714	peak	4	Q3322285
Baou de Saint-Jeannet	43.75074	7.13769	801	peak	3	Q2883619
Monte Serra	43.75105	10.55342	917	peak	5	Q745907
Poggio Tre Vescovi	43.75353	12.10773	1126	peak	3	Q3907050
Merdelou	43.76096	2.90237	1110	peak	3	Q3306428
Le Grand Margès	43.75590	6.27840	1577	peak	4	Q3113652
Col de Vence	43.76062	7.07512	962	pass	3	Q2982133
Monte Loggio	43.76215	12.16222	1178	peak	3	Q3861691
Monte Simoncello	43.76445	12.28549	1220	peak	5	Q3961177
Sasso Simone	43.76038	12.29165	1204	peak	5	Q3950702
Mont Gros	43.76578	7.44237	686	peak	3	Q97941226
Pic Saint-Loup	43.77889	3.81117	658	peak	11	Q1307926
Mont Agel	43.77507	7.42598	1085	peak	23	Q1517182
Monte Fumaiolo	43.78824	12.06989	1406	peak	15	Q580842
Svilaja	43.79060	16.48493	1509	peak	17	Q1702343
Monte Carpegna	43.80202	12.32016	1415	peak	7	Q378558
Cime du Cheiron	43.81493	6.96942	1778	peak	5	Q744188
Roc de l'Orméa	43.81458	7.51162	1132	peak	3	Q49753447
Mourre Nègre	43.81542	5.46723	1125	peak	8	Q1648147
Trebević	43.81841	18.46089	1627	peak	27	Q612240
Връшка Чука	43.83100	22.37108	692	peak	4	Q3396191
Mourre de Chanier	43.84174	6.35101	1930	peak	5	Q3326159
Monte Grammondo	43.84163	7.50830	1379	peak	7	Q3861609
Makljen	43.84496	17.59376	1123	pass	5	Q6500513
Vidikovac	43.84004	18.44923	1169	peak	3	Q21734760
Montagnette	43.86000	4.71806	168	peak	5	Q1472260
Passo della Calla	43.85973	11.74443	1296	pass	3	Q3897459
Le Chiran	43.86841	6.31703	1905	peak	4	Q3321754
Col des Lèques	43.86546	6.46400	1148	pass	4	Q2982222
Mont Férion	43.86830	7.27255	1412	peak	5	Q942454
Col de Braus	43.87263	7.39893	1002	pass	7	Q491686
Monte Bignone	43.87352	7.73386	1299	peak	8	Q957378
Poggio Casaccia	43.87364	11.23760	921	peak	8	Q3322556
Monte Falterona	43.87362	11.69664	1654	peak	17	Q749841
Monte Giovi	43.87686	11.44741	992	peak	5	Q3322538
Monte Falco	43.87754	11.70921	1657	peak	4	Q3861529
Царевића вис	43.88323	19.46838	1425	peak	4	Q2938167
Mont Grazian	43.89725	7.49246	862	peak	4	Q3861610
Mont Colombin / Monte Colombin	43.89767	7.55967	1026	peak	3	Q3861466
Passo del Carnaio	43.89505	11.95649	776	pass	4	Q3897363
Cincar	43.90225	17.06301	2006	peak	17	Q1092206
Овчар	43.89664	20.21606	985	peak	11	Q3358983
Col de la Porte	43.90762	7.33361	1057	pass	3	Q2047104
La Retaia	43.90751	11.14210	772	peak	4	Q6904876
Monte Carlo	43.91488	12.45561	559	peak	4	Q3498210
Monte San Cristoforo	43.90714	12.46392	529	peak	14	Q2592967
Каблар	43.91286	20.18492	889	peak	10	Q3191666
Pic d'Anjeau	43.91641	3.63043	864	peak	3	Q3382345
Monte della Mandra	43.91941	12.47210	352	peak	3	Q3862154
Čavnovka	43.92463	16.16993	1148	peak	3	Q25288703
Malovan	43.91571	17.17638	1826	peak	7	Q6744560
Passo del Muraglione	43.93292	11.65481	907	pass	4	Q3897374
Monte Titano	43.93228	12.45165	739	peak	53	Q158526
Monte Pulito	43.93123	12.49030	346	peak	3	Q3861877
Оровица	43.92527	20.12073	856	peak	5	Q18385633
Monte Ceppo	43.93820	7.75936	1627	peak	5	Q3861434
Troglav	43.94795	16.59213	1913	peak	17	Q1567872
Фишт	43.95376	39.90312	2854	peak	26	Q2392222
Bat	43.96304	16.32994	1206	peak	3	Q25301004
Veliki Vrh	43.95866	16.85484	1890	peak	9	Q1276221
Борачки Крш	43.96460	20.60340	515	peak	3	Q16083416
Ranc de Banes	43.97432	3.73107	713	peak	3	Q3418769
Monte Gabberi	43.96669	10.29464	1108	peak	3	Q18005266
Signal de Saint-Pierre	43.97957	5.48528	1256	peak	5	Q3483599
Col de Turini	43.97757	7.39160	1604	pass	11	Q1107405
Mont Torrage / Monte Toraggio	43.97593	7.65313	1972	peak	7	Q1806404
Monte Matanna	43.98402	10.33595	1318	peak	4	Q3861732
Visočica	43.97680	18.17687	766	peak	11	Q797511
Mont Peïrevieille / Monte Pietravecchia	43.98658	7.65956	2039	peak	3	Q3861841
Monte Carpasina	43.98624	7.85256	1415	peak	4	Q3861406
Monte Veruca	43.99313	11.49326	879	peak	3	Q3862117
Passo Teglia	43.99529	7.83364	1390	pass	4	Q33168528
Monte Procinto	43.99664	10.33458	1173	peak	4	Q3861870
Оштен	43.99709	39.92939	2804	peak	10	Q4340826
Sommet de Maurel	44.01162	6.52925	1770	peak	3	Q3322281
Carmo di Brocchi	44.00616	7.81110	1610	peak	6	Q31678121
Passo del Ginestro	44.00709	7.99095	677	pass	3	Q942012
Monte Alto	44.00888	10.28961	913	peak	3	Q29572836
Monte Forato Sud	44.01430	10.33503	1230	peak	5	Q3861554
Црни врх	44.01019	21.11020	707	peak	8	Q1263329
Puy de Rent	44.02109	6.59021	1996	peak	4	Q16802229
Mont Tournairet	44.01617	7.23392	2086	peak	5	Q12954349
Monte Forato Nord	44.01638	10.33442	1208	peak	5	Q3861554
Pania della Croce	44.03446	10.32411	1859	peak	6	Q3893275
Passo della Porretta	44.02945	10.93152	932	pass	3	Q3897399
Dôme de Barrot	44.03679	6.91675	2136	peak	3	Q8557176
Monte Monega	44.03668	7.80039	1887	peak	8	Q31678237
Monte Corchia	44.03558	10.29359	1678	peak	6	Q3861475
Pizzo delle Saette	44.04250	10.31925	1720	peak	3	Q3906034
Pania Secca	44.04285	10.34629	1711	peak	3	Q3893272
Cime du Diable	44.04912	7.42278	2685	peak	3	Q2972425
Passo di Garlenda	44.05117	7.74739	2021	pass	3	Q20739495
Monte Altissimo	44.05222	10.23429	1589	peak	3	Q3861177
Passo del Giogo	44.04685	11.38806	882	pass	3	Q180940
Mont Saccarel	44.06177	7.71201	2200	peak	15	Q1516713
Monte Frontè	44.05518	7.75669	2151	peak	9	Q3861572
Passo Frontè	44.05916	7.75816	2090	pass	3	Q20744381
Cima Garlenda	44.06132	7.76014	2141	peak	6	Q20379256
Monte Pidocchina	44.06234	10.94533	1292	peak	3	Q3861836
Dinara	44.06248	16.38291	1831	peak	11	Q3183447
Col Saint-Martin	44.07096	7.22137	1500	pass	7	Q2981961
Mont Bégo	44.07308	7.45042	2872	peak	13	Q745803
Mont Tanarel / Monte Tanarello	44.07244	7.71391	2094	peak	5	Q22319280
Monte Brugiana	44.06710	10.14054	959	peak	3	Q65127990
Тилва Њагра	44.07381	21.99618	770	peak	6	Q16083242
Mont Saint-Honorat	44.07626	6.76445	2520	peak	4	Q16665160
Grand Capelet	44.07815	7.42692	2935	peak	6	Q1631497
Pas du Tanarel / Passo Tanarello	44.07917	7.71512	2045	pass	3	Q22829886
Colle San Bernardo di Mendatica	44.08484	7.78432	1263	pass	3	Q21661608
Colle di Nava	44.08490	7.87288	934	pass	4	Q3682802
Monte Fiocca	44.07753	10.25939	1714	peak	3	Q3861545
Mont Neiglier	44.08854	7.38691	2786	peak	5	Q612119
Le Grand Coyer	44.10031	6.68972	2693	peak	4	Q3113576
Col de la Couillole	44.10023	7.02293	1678	pass	7	Q2084625
Mont Ponset	44.09859	7.38221	2828	peak	4	Q3861858
Cime Missoun	44.09989	7.69549	2356	peak	6	Q31675564
Rocca delle Penne	44.10333	7.93427	1501	peak	4	Q20642702
Monte Castellermo	44.09801	8.05241	1087	peak	4	Q110250095
Monte Orsigna	44.09773	10.88144	1555	peak	3	Q3861795
Monte Calvi	44.10186	11.07154	1283	peak	3	Q3861282
Monte della Scoperta	44.09948	11.10290	1273	peak	3	Q3862152
Passo della Futa	44.09616	11.27530	903	pass	8	Q937112
Pouncho d'Agast	44.11020	3.10274	841	peak	3	Q2118334
Mont Pépoiri	44.11055	7.20217	2674	peak	4	Q3861880
Mont Clapier / Monte Clapier	44.11485	7.41970	3045	peak	14	Q1815858
Colle di Caprauna	44.10816	7.92972	1376	pass	3	Q3682799
Monte Parodi	44.11020	9.77870	673	peak	4	Q1945877
Monte Tambura	44.10788	10.23341	1890	peak	7	Q3862057
Monte di Stagno	44.11139	11.07436	1214	peak	3	Q3862174
Monte Tavianella	44.11102	11.19695	1163	peak	3	Q3862056
Mont Aigoual	44.12163	3.58136	1565	peak	17	Q1836325
Signal de Lure	44.12305	5.80257	1826	peak	9	Q2096741
Cime du Gélas / Monte Gelàs	44.12275	7.38419	3143	peak	19	Q2401467
Cima Maledia / Cime de la Malédie	44.12238	7.39823	3061	peak	7	Q1611921
Mont Bertrand / Monte Bertrand	44.11797	7.67456	2482	peak	6	Q3861229
Monte della Guardia	44.12185	7.92948	1661	peak	4	Q64403165
Monte Borla	44.11865	10.13619	1466	peak	3	Q3861245
Monte Borla	44.11838	10.13767	1466	peak	3	Q3861245
Monte Sagro	44.11559	10.15956	1753	peak	7	Q3322572
Monte Grondilice	44.12153	10.19174	1809	peak	3	Q3861614
Monte Contrario	44.11834	10.20696	1789	peak	4	Q3861472
Monte Cavallo	44.11782	10.21550	1888	peak	3	Q3861425
Monte Rondinaio	44.11533	10.59299	1963	peak	5	Q3861917
Alpe Tre Potenze	44.11600	10.63164	1935	peak	3	Q3612938
Monte Cupolino	44.11698	10.81018	1853	peak	3	Q3861507
Corno alle Scale	44.11954	10.83019	1944	peak	6	Q3693769
Monte Coroncina	44.11581	11.18910	1164	peak	3	Q3861484
Jurišinka	44.11819	15.69972	674	peak	3	Q25295282
Cheval Blanc	44.12701	6.42381	2323	peak	5	Q3322316
Monte Dubasso	44.13098	7.97751	1538	peak	3	Q17636615
Monte Alpe	44.12528	8.08739	1056	peak	3	Q112055617
Monte Pisanino	44.13420	10.21357	1947	peak	19	Q1945906
Monte Giovo	44.13086	10.57790	1991	peak	5	Q3861597
Monte Gomito	44.12760	10.64376	1890	peak	4	Q3861594
Monte Spigolino	44.12763	10.79532	1827	peak	4	Q3862032
Monte Tresca	44.12500	10.91854	1471	peak	3	Q3862086
Monte Piella	44.13339	10.93605	1196	peak	3	Q3861837
Cima di Mercantour / Cime du Mercantour	44.14419	7.29528	2772	peak	4	Q2972423
Cima di Cougourda / Cime de Cougourde	44.13658	7.34559	2922	peak	5	Q2943514
Rocca dell'Abisso / Roche de l'Abisse	44.14348	7.50392	2755	peak	5	Q3939453
Col de la Celle Vieille / Colle delle Selle Vecchie	44.14215	7.67664	2099	pass	3	Q42949402
Monte Armetta	44.13682	7.93956	1739	peak	9	Q3861198
Pizzo d'Uccello	44.13966	10.18263	1781	peak	3	Q3906023
Cima dell'Omo	44.14284	10.55343	1859	peak	3	Q3676801
Рајац	44.13633	20.22482	847	peak	11	Q3417956
Mont Mounier	44.15436	6.97174	2817	peak	6	Q826235
Cima Brocan	44.15200	7.30783	3054	peak	6	Q3676817
Cima Ghilié / Cime Guilié	44.14768	7.31031	2999	peak	3	Q2972413
Cima dell'Agnello / Cime de l'Agnel	44.14535	7.34056	2927	peak	6	Q2972419
Col de Tende / Colle di Tenda	44.14968	7.56188	1871	pass	13	Q1108953
Cime de Pépin	44.14608	7.60108	2344	peak	5	Q31634482
Cima di Pertegà / Cime de Pertègue	44.14722	7.67940	2404	peak	4	Q42802985
Passo dell'Abetone	44.14564	10.66496	1388	pass	4	Q1245920
Monte Pizzo	44.15412	10.88487	1194	peak	3	Q3861845
Monte Beni	44.15162	11.31734	1264	peak	3	Q3861224
Monte Faggiola	44.14904	11.51814	1031	peak	3	Q3861528
Дебело брдо	44.15041	19.69132		pass	4	Q12750726
Pointe Giegn	44.16346	7.22359	2888	peak	3	Q16670526
Cima di Fremamorta / Cime de Frémamorte	44.15701	7.25070	2731	peak	5	Q16025033
Il Bastione	44.15816	7.30733	3047	peak	3	Q113834551
Cima del Baus	44.16161	7.31205	3067	peak	6	Q3636957
Col de la Boaire / Colle della Boaria	44.16399	7.62839	2100	pass	3	Q49131283
Col des Seigneurs / Colle del lago dei Signori	44.15832	7.67149	2111	pass	3	Q43009933
Monte Galero	44.15602	8.01584	1708	peak	11	Q250142
Rocca Barbena	44.15716	8.13150	1141	peak	6	Q29224611
Monte Nuda	44.16074	10.57885	1775	peak	3	Q3861786
Monte Rotondo	44.15741	10.71202	1937	peak	4	Q3831805
Cima Tauffi	44.15640	10.74492	1798	peak	3	Q3676770
Mont Ventoux	44.17396	5.27840	1910	peak	50	Q209064
Cima Purtscheller	44.17327	7.30355	3040	peak	3	Q3676762
Cima Genova	44.17466	7.30527	3191	peak	4	Q3676736
Cima Paganini	44.16865	7.30698	3051	peak	3	Q3676754
Cima di Nasta	44.16554	7.30700	3108	peak	8	Q749079
Testa Ciaudon / Tête Chaudon	44.17328	7.63218	2387	peak	3	Q112859335
Pointe Marguareis / Cima Marguarèis	44.17394	7.68448	2651	peak	20	Q1767616
Cima Pian Ballaùr	44.17175	7.72224	2604	peak	5	Q3676756
Monte Mongioie	44.17420	7.78531	2630	peak	11	Q3492751
Pizzo d'Ormea	44.16584	7.82962	2476	peak	7	Q3906026
Giogo di Toirano	44.16884	8.15988	801	pass	5	Q17631666
Monte Modino	44.17021	10.62373	1557	peak	4	Q3861749
Monte Lagoni	44.17037	10.69985	1962	peak	3	Q3861662
Monte Oggioli	44.17160	11.31674	1290	peak	3	Q3861790
Passo della Raticosa	44.17291	11.33842	968	pass	5	Q3897403
Острвица	44.16893	20.46043	758	peak	5	Q3357450
Col des Champs	44.17503	6.69791	2087	pass	8	Q1107472
Testa del Claus / Tête du Claus	44.18226	7.20480	2897	peak	4	Q3985165
Cima Sud Argentera	44.17772	7.30540	3297	peak	20	Q2060375
Monte Stella	44.18305	7.30675	3262	peak	6	Q3492733
Cima della Fascia	44.18459	7.62908	2495	peak	5	Q65684099
Colla Piana	44.17807	7.63636	2285	pass	3	Q112973531
Cima delle Saline	44.17580	7.73378	2612	peak	11	Q1121301
Colle San Bernardo	44.17730	8.04738	957	pass	4	Q3682746
Monte Carmo	44.17727	8.18766	1389	peak	6	Q3861409
Giogo di Giustenice	44.18445	8.19111	1143	pass	30	Q1134424
Monte Canda	44.17520	11.35390	1158	peak	3	Q3861297
Немић	44.17847	19.43407	797	peak	3	Q18391745
Rocher de Capluc	44.19336	3.21443	655	peak	3	Q14566616
Mont Serein	44.18510	5.26028	1450	peak	5	Q3322100
Corno Stella	44.18519	7.30218	3050	peak	8	Q764047
Cima Ferlette	44.19386	7.78507	2394	peak	3	Q31645171
Monte Antoroto	44.18737	7.91440	2144	peak	6	Q3861192
Monte Pietra Ardena	44.19015	8.02165	1103	peak	4	Q117459218
Bric dello Schiavo	44.18531	8.06102	1171	peak	3	Q105756353
Monte Cianea	44.18667	8.07279	1226	peak	3	Q105692551
Monte Cimone	44.19377	10.69888	2165	peak	22	Q1945818
Col de Perjuret	44.20443	3.51464	1031	pass	3	Q2982093
Montagne de la Baume	44.19881	5.97313	1147	peak	4	Q31657649
Col de la Lombarde / Colle della Lombarda	44.20267	7.15010	2351	pass	9	Q779782
Mont Malinvern / Testa di Malinvern	44.19873	7.18907	2938	peak	7	Q3321936
Asta Soprana	44.20323	7.31256	2948	peak	4	Q3627408
Cima Serpentera Nord	44.19708	7.70025	2358	peak	3	Q113130003
Cima Seirasso	44.20026	7.75941	2436	peak	3	Q31645184
Monte Baussetti	44.20276	7.87704	2004	peak	3	Q20009238
Monte Grosso	44.19509	7.91639	2007	peak	3	Q3861615
Colle del Quasso	44.20163	8.06780	1131	pass	3	Q52084496
Bric Agnellino	44.19943	8.17634	1335	peak	5	Q3644540
Monte Vigese	44.20385	11.09411	1091	peak	4	Q3862124
Monte Poggiolo	44.20201	11.94975	212	peak	9	Q1055253
Cima della Lombarda	44.20812	7.16324	2800	peak	5	Q2972422
Monte Belvedere	44.20591	10.89862	1138	peak	4	Q3861223
Медведник	44.21007	19.63746	1244	peak	9	Q3029465
Monte Matto Cima Centrale	44.22468	7.25517	3097	peak	13	Q1536064
Punta Mirauda	44.22053	7.62448	2155	peak	3	Q96146926
Cima Cars	44.21971	7.70305	2218	peak	3	Q96943351
Monte Mondolé	44.22249	7.75603	2382	peak	5	Q3861760
Monte Fantino	44.21982	7.79425	2094	peak	4	Q109319446
Bric Gettina	44.22437	8.22704	1025	peak	3	Q20160416
Montovolo	44.21764	11.09333	938	peak	5	Q3862502
Monte Battaglia	44.21798	11.57974	715	peak	5	Q3861217
Monte di Rontana	44.22166	11.74348	484	peak	3	Q3862175
Monte Spinarda	44.22702	8.06868	1357	peak	6	Q50083943
Colle del Melogno	44.23029	8.19696	1028	pass	6	Q3682770
Monte Giovarello	44.23081	10.46246	1760	peak	5	Q3861592
Cagapicchio	44.23005	10.56795	1560	peak	3	Q3649624
Monte della Torraccia	44.23002	10.94254	1080	peak	3	Q3862153
Colletto Fava	44.24426	7.76928	1600	pass	11	Q21288354
Bric Mindino	44.23678	7.95440	1879	peak	5	Q3644543
Alpesìgola	44.23578	10.57375	1643	peak	3	Q3612955
Monte Mauro	44.23583	11.70081	517	peak	3	Q3861734
Smetovi	44.24259	17.96659	1025	peak	7	Q21738406
Blayeul	44.24681	6.31178	2189	peak	3	Q2906289
Bric Costa Rossa	44.25060	7.60004	2403	peak	5	Q31677170
Monte Settepani	44.24576	8.19769	1386	peak	7	Q3862013
Passo del Bracco	44.24948	9.56974	612	pass	5	Q1726226
Monte Prado	44.24932	10.40750	2054	peak	17	Q1386054
Crnopac	44.25205	15.83684	1404	peak	6	Q3003109
Sommet des Monges	44.26285	6.19420	2115	peak	4	Q16655136
Col de la Cayolle	44.25914	6.74397	2326	pass	9	Q1107430
Monte Alpet	44.25989	7.87774	1611	peak	3	Q3861173
Colla di San Giacomo	44.25961	8.31033	796	pass	3	Q3682669
Tulove grede	44.26351	15.65560	1120	peak	4	Q12643980
Poštak	44.25574	16.11044	1425	peak	3	Q26221914
Венчац	44.26242	20.59297	659	peak	9	Q4865007
Јежевац	44.26474	21.51690	675	peak	6	Q2341718
Mont Pelat	44.26504	6.70587	3051	peak	15	Q1758304
Cima di Corborant / Corborant	44.26652	6.99637	3010	peak	6	Q3676821
Cima Besimauda (Bisalta)	44.26989	7.60594	2230	peak	7	Q3250659
Cima Belfiore	44.26987	10.25134	1810	peak	3	Q3676720
Monte Bibele	44.27065	11.37277	616	peak	5	Q3322513
Puech del Pal	44.27934	2.99921	1155	peak	3	Q3410557
Mont Ténibre / Monte Ténibres	44.28365	6.97172	3031	peak	6	Q1631489
Becco Alto d'Ischiator / Grand Cimon de Rabuons	44.28006	6.99600	2998	peak	3	Q3637385
Colle dei Giovetti	44.27915	8.09635	913	pass	3	Q3682757
Bric della Croce	44.27795	8.21450	912	peak	3	Q30351449
Monte La Nuda	44.28135	10.23736	1895	peak	6	Q3861664
Tête de l'Estrop	44.28620	6.50457	2961	peak	13	Q2544155
Les Trois Évêchés	44.28914	6.53410	2818	peak	8	Q2444848
Le Grand Cheval de Bois	44.29214	6.63328	2838	peak	3	Q3113559
Le Cimet	44.29049	6.70420	3020	peak	7	Q2972440
Monte Camulera	44.29066	8.14835	1224	peak	3	Q107195686
Cima Ronco di Maglio	44.29473	8.22213	1110	peak	3	Q591489
Passo di Pradarena	44.28577	10.30039	1574	pass	4	Q1101783
Monte Cusna	44.28781	10.39158	2120	peak	13	Q2641550
Monte Salvaro	44.29153	11.16490	826	peak	3	Q3861948
Col d'Allos	44.29722	6.59383	2244	pass	10	Q1107518
Passo del Cerreto	44.30408	10.21713	1243	pass	5	Q1101601
Monte Cavalbianco	44.29753	10.29669	1854	peak	4	Q3861423
Konjuh	44.30205	18.54605	1328	peak	12	Q3198693
Anića kuk	44.30697	15.48248	712	peak	3	Q26224659
Cime de la Bonette	44.32157	6.80682	2860	peak	9	Q2972421
Col de la Cime de la Bonette	44.32052	6.80746	2802	pass	12	Q1107424
Monte Cavanero	44.32274	7.69101	854	peak	3	Q116753879
Monte Alto	44.32108	10.18622	1902	peak	3	Q3861180
Monte Caprara	44.31811	11.20716	632	peak	3	Q3861303
Monte Rosso	44.32290	11.34253	591	peak	3	Q3861923
Monte delle Formiche	44.31892	11.38604	638	peak	3	Q3862155
Col de la Bonette	44.32665	6.80745	2715	pass	12	Q1107424
Bocchetta di Altare	44.33429	8.34909	462	pass	16	Q1108955
Monte di Portofino	44.32676	9.16889	610	peak	5	Q3862173
Alpe di Succiso	44.33279	10.19551	2016	peak	14	Q1810954
Sveto brdo	44.32863	15.56971	1750	peak	4	Q12643110
Grande Séolane	44.33744	6.54581	2911	peak	7	Q1470001
Passo del Lagastrello	44.34026	10.12977	1200	pass	3	Q1032406
Monte Adone	44.34024	11.29439	654	peak	4	Q3861166
Babin Vrh	44.33959	15.56387	1744	peak	3	Q16112838
Monte Bersaio	44.35291	7.07765	2386	peak	3	Q3861227
Monte Grande	44.35246	11.48690	607	peak	3	Q3861604
Bojin Kuk	44.34902	15.41318	1110	peak	3	Q26224722
Rocca dei Tre Vescovi / Rocher des Trois Évêques	44.36138	6.88743	2867	peak	3	Q3939449
Monte Gottero	44.36330	9.67842	1639	peak	7	Q1945847
Monte Vignola	44.35593	11.13795	816	peak	3	Q3862126
Enciastraia / Tête de l'Enchastraye	44.36696	6.88778	2954	peak	7	Q1159963
Monte Borel	44.37471	7.19378	2287	peak	3	Q31666608
Passo del Biscia	44.36550	9.49007	885	pass	3	Q178615
Monte Sillara	44.36717	10.06329	1861	peak	7	Q3862014
La Rocca	44.36610	11.27402	476	peak	3	Q3821123
Vaganski vrh	44.36732	15.50456	1758	peak	12	Q1524307
Punta dell'Omo	44.38016	7.21722	2299	peak	3	Q31666590
Monte Santa Croce	44.38291	9.09072	518	peak	5	Q3861981
Monte Brusà	44.38390	10.02072	1797	peak	3	Q3861256
Monte Ventasso	44.37638	10.28843	1726	peak	6	Q3862118
Colle Fauniera	44.38565	7.12181	2481	pass	5	Q1108936
Monte Aquila	44.38863	10.00876	1779	peak	3	Q3861191
Monte Oserot	44.40155	6.98739	2861	peak	3	Q3861799
Rocca la Meja	44.39837	7.06894	2835	peak	6	Q2197217
Colle d'Esischie	44.39668	7.12388	2370	pass	3	Q3682753
Monte Zatta di Levante	44.40149	9.46270	1404	peak	6	Q1115204
Monte Braiola	44.40419	9.98975	1819	peak	3	Q3861250
Monte Marmagna	44.39695	9.99643	1852	peak	5	Q3861727
Lisina	44.39788	17.04144	1450	peak	8	Q44976
Monte Fasce	44.40945	9.03409	832	peak	8	Q1464074
Monte Orsaro	44.41004	9.99195	1830	peak	4	Q3861793
Ильяс-Кая	44.40585	33.73821	682	peak	3	Q12074278
Байдарские ворота	44.40646	33.78150	503	pass	13	Q2634270
Col de Larche / Colle della Maddalena	44.42183	6.89843	1991	pass	13	Q1107381
Monte Scaletta	44.42277	6.95049	2840	peak	3	Q3861987
Punta Tempesta	44.42185	7.13913	2679	peak	4	Q28869979
Monte Tibert	44.41804	7.15114	2648	peak	3	Q3862067
Monte Sciguello	44.42158	8.58967	1102	peak	4	Q3861998
Monte Croce dei Fò	44.42424	9.10141	973	peak	3	Q3861497
Passo del Bocco	44.41526	9.44340	956	pass	5	Q1859877
Pietra Di Bismantova	44.42116	10.41413	1041	peak	16	Q510076
Dealul Mitropoliei	44.42438	26.09762		peak	6	Q3020614
Морчека	44.42339	33.92553	981	peak	3	Q15981404
Биюк-Исар	44.41917	33.95209	733	peak	3	Q4087678
Sommet de Finiels	44.42606	3.73915	1699	peak	6	Q1804191
Monte Beigua	44.43339	8.56570	1287	peak	9	Q1299731
Cima Fontanaccia	44.42895	8.61310	1153	peak	3	Q21449585
Monte Rama	44.42789	8.61865	1148	peak	4	Q3861890
Visočica	44.42964	15.37141	1619	peak	3	Q12644741
Zir	44.43018	15.61438	850	peak	3	Q39757233
Velika Klekovača	44.43011	16.50904	1962	peak	13	Q521000
Кокия-Кая	44.42724	33.65711	558	peak	15	Q2639368
Куш-Кая	44.42548	33.68046	664	peak	4	Q12153195
Ласпи	44.42889	33.70701	350	pass	10	Q2377800
Monte Oronaye / Tête de Moïse	44.44009	6.93488	3104	peak	6	Q3861796
Monte Ramaceto	44.43638	9.31559	1345	peak	6	Q3861889
Ат-Баш	44.43862	33.98318	1196	peak	3	Q20072868
Le Grand Bérard	44.44973	6.66027	3048	peak	4	Q3113537
Monte Reixa	44.45095	8.66722	1183	peak	5	Q675236
Monte Borgognone	44.44687	9.99599	1401	peak	3	Q3861243
Ай-Петри	44.44831	34.05599	1234	peak	28	Q1517833
Ай-Никола	44.45499	34.12611	389	peak	5	Q4058611
Крестовая	44.45469	34.13561	204	peak	5	Q12167839
Truc de Balduc	44.46303	3.53478	1107	peak	3	Q3541069
La Lance	44.45522	5.10190	1338	peak	4	Q3322299
Passo del Faiallo	44.45884	8.66919	1060	pass	3	Q3897370
Monte Caucaso	44.45630	9.22557	1250	peak	6	Q3861424
Могаби	44.46430	34.10245	805	peak	5	Q4274142
Monte Molinatico	44.47094	9.86425	1550	peak	3	Q3861754
Passo della Cisa	44.47158	9.92850	1041	pass	9	Q1239141
Monte Caio	44.46772	10.14945	1575	peak	4	Q3861271
Kozjak	44.47162	18.90387		peak	125	Q30302
Космај	44.46574	20.56409	626	peak	16	Q1288526
Montagne de Mielandre	44.48468	5.19629	1451	peak	4	Q3317357
Bric del Dente	44.48228	8.67640	1107	peak	5	Q3644545
Punta Martin	44.47826	8.78901	1001	peak	5	Q3925696
Monte Penello	44.48020	8.80001	998	peak	6	Q3861828
Monte Alpesisa	44.48115	9.04113	984	peak	4	Q55111051
Passo della Scoffera	44.48120	9.12008	674	pass	5	Q1738679
Monte Aiona	44.48181	9.44232	1701	peak	7	Q1654669
Monte Nero	44.47682	9.46955	1675	peak	3	Q31646250
Monte Penna	44.48129	9.49295	1736	peak	10	Q830251
Sveti Vid	44.47654	14.99486	349	peak	3	Q25286840
Перепелиная	44.48418	34.02903	1301	peak	4	Q12081454
Pic de Morgon	44.49175	6.39693	2324	peak	5	Q3382381
Col du Parpaillon	44.48824	6.64443	2780	pass	7	Q1403544
Le Grand Parpaillon	44.49393	6.65174	2990	peak	4	Q3775078
Monte Sautron / Tête de Sautron	44.48790	6.87726	3166	peak	5	Q3861985
Passo del Turchino	44.48790	8.73383	530	pass	11	Q669026
Monte Figogna	44.48917	8.86233	804	peak	9	Q1065115
Mont Colombis	44.49583	6.21916	1734	peak	3	Q3321767
Rocca Blancia / Roche Blanche	44.49880	6.86434	3193	peak	4	Q3939377
Rocca Bianca	44.50028	6.89387	3021	peak	3	Q3939376
Monte Bano	44.49954	9.05004	1035	peak	3	Q3861214
Ай-Валенти	44.49591	34.07615	1284	peak	3	Q25420800
Ставри-Кая	44.49828	34.09991	651	peak	4	Q20093478
Buc de Nubiera	44.51279	6.85854	3215	peak	4	Q3646231
Monte Baueria	44.51062	6.87325	2960	peak	3	Q3861218
Rocca Croce Provenzale	44.50923	6.92206	2402	peak	3	Q3939402
Monte San Bernardo	44.50756	7.35615	1625	peak	4	Q3862180
Bric del Terma	44.50513	8.76933	760	peak	4	Q3644548
Veliki Sadikovac	44.50614	15.18424	1286	peak	4	Q12644513
Parias Coupà / Parrias Coupa	44.52099	6.85785	3248	peak	3	Q3896397
Monte Orditano	44.51823	8.81357	951	peak	4	Q957654
Colla di Praglia	44.51671	8.81782	880	pass	5	Q2091880
Velika Osječenica	44.51914	16.25562	1798	peak	4	Q2512378
Седам-Кая	44.52402	33.95614	1026	peak	4	Q12151476
Сююрю-Кая	44.51912	33.97664	820	peak	4	Q12159175
Méale	44.53046	6.56770	2426	peak	3	Q32216609
Brec de Chambeyron	44.52783	6.85365	3389	peak	12	Q1403062
Monte Chersogno	44.52681	7.02008	3026	peak	4	Q3861443
Monte Poggio	44.53130	8.78468	1081	peak	4	Q3861852
Oštarijska vrata	44.52854	15.14367	927	pass	5	Q12639148
Col de Vars	44.53880	6.70284	2109	pass	11	Q265759
Cima Sebolet	44.53551	6.98448	3023	peak	3	Q3676767
Rocca la Marchisa	44.53847	6.99747	3072	peak	4	Q3939501
Monte Nebin (Cima NO)	44.54299	7.14541	2510	peak	4	Q3861773
Monte Rastcias	44.54215	7.19070	2405	peak	3	Q3861887
Monte Birrone	44.54220	7.25205	2131	peak	4	Q3861236
Monte Prelà	44.54002	9.15685	1407	peak	9	Q940602
Col de Cabre	44.54960	5.59833	1180	pass	6	Q2982025
Aiguille de Chambeyron	44.54755	6.85615	3412	peak	13	Q2827877
Brec de l'Homme / Tête de l'Homme	44.54638	6.87362	3211	peak	4	Q4001287
Col de Mary / Colle del Maurin	44.55220	6.88650	2637	pass	3	Q2982083
Monte Bellino	44.54620	6.93860	2937	peak	3	Q3861219
Monte Faraut	44.54588	6.96524	3046	peak	3	Q3861532
Colle di Sampeyre	44.55095	7.11958	2284	pass	6	Q1108948
Monte Pracaban	44.55136	8.73805	946	peak	6	Q925720
Passo della Bocchetta	44.55068	8.88780	772	pass	5	Q3897384
Passo dei Giovi	44.55215	8.93686	472	pass	6	Q1451146
Monte Maggiorasca	44.55087	9.48984	1798	peak	15	Q1515769
Monte Pelpi	44.54542	9.65124	1481	peak	6	Q6904854
Kiza	44.54847	15.15995	1274	peak	5	Q15440958
Бойка	44.55480	34.00107	1087	peak	4	Q4090359
Сотира	44.55358	34.03039	1172	peak	3	Q12154696
Mont de Maniglia / Monte Maniglia	44.56206	6.91586	3177	peak	4	Q3861720
Pelvo d'Elva	44.55720	7.02340	3064	peak	6	Q3898991
Monte Figne	44.56313	8.83529	1172	peak	8	Q1945959
Monte Taccone	44.55966	8.84992	1113	peak	9	Q1945943
Monte Leco	44.56343	8.87245	1071	peak	8	Q977867
Monte Groppo Rosso	44.56183	9.46597	1595	peak	6	Q2622833
Monte Bue	44.55570	9.49309	1772	peak	8	Q3861262
Monte Nero	44.56191	9.50874	1752	peak	4	Q3861777
Авинда	44.55987	34.20856	1474	peak	4	Q12076542
Аю-Даг	44.56072	34.32678	571	peak	27	Q2470386
Signal de Mailhebiau	44.56694	3.08222	1469	peak	6	Q1505935
Monte Antola	44.57415	9.14954	1597	peak	9	Q21097741
Monte Montarlone	44.56594	9.36000	1501	peak	3	Q3861758
Monte Roncalla	44.56546	9.46868	1685	peak	3	Q3861916
Aiguilles de Chabrières	44.57897	6.33103	2403	peak	3	Q32158886
Pointe Haute de Mary	44.57533	6.89464	3206	peak	4	Q3393499
Pelvas de Chabrière / Pelvo di Ciabrera	44.57959	6.93305	3157	peak	3	Q3898989
Le Ciazze	44.57849	8.64203	739	peak	3	Q31666171
Monte Colma	44.57944	8.69742	857	peak	4	Q3861465
Monte Buio	44.58211	9.11145	1402	peak	5	Q3861266
Monte Oramara	44.57667	9.38130	1522	peak	4	Q3861791
Ozeblin	44.57886	15.87594	1656	peak	6	Q3359206
Кемаль-Эгерек	44.57884	34.18309	1529	peak	10	Q2073028
Le Moure de la Gardille	44.59131	3.79238	1503	peak	8	Q1950969
Pic de Panestrel	44.59203	6.79228	3254	peak	3	Q3902507
Monte Ricordone	44.58916	7.25865	1764	peak	3	Q3861901
Monte Tobbio	44.58805	8.80466	1092	peak	7	Q3862072
Monte delle Tre Croci	44.58604	9.17161	1556	peak	5	Q3862161
Monte Dego	44.58686	9.36357	1427	peak	3	Q3861510
Monte Crociglia	44.58760	9.45927	1578	peak	3	Q3861498
Monte Ragola	44.58861	9.53852	1712	peak	4	Q3861885
Демир-Капу	44.58577	34.20700	1539	peak	15	Q3846231
Гурзуфское Седло	44.59406	34.24192	1348	pass	3	Q12098520
Dune du Pilat	44.59776	-1.20655	102	peak	35	Q501726
Le Piolit	44.60339	6.26718	2464	peak	3	Q1810061
Pics de la Font Sancte	44.60457	6.79958	3385	peak	9	Q3382555
Testa di Malacosta / Tête de Malacoste	44.60039	6.93718	3212	peak	3	Q3985178
Monte Ferra	44.60207	6.98472	3094	peak	3	Q3861537
Biurca Nord	44.59538	9.01438	941	peak	4	Q3939527
Monte Sporno	44.60083	10.17920	1058	peak	3	Q3862037
Signal de Coucoulude	44.60962	4.09837	1448	peak	3	Q3483589
Pic de Luc	44.60882	5.46468	1085	peak	3	Q31638609
Col Bayard	44.61382	6.08114	1246	pass	9	Q1632966
Col de Manse	44.61238	6.13441	1272	pass	9	Q2562349
Puy de Manse	44.61453	6.15579	1637	peak	3	Q3411092
Басман	44.60762	34.16884	1136	peak	6	Q12081148
Роман-Кош	44.61279	34.24282	1545	peak	35	Q2092607
Neck de Sceautres	44.61735	4.60587	543	peak	3	Q3337663
Bric de Rubren / Cima Mongioia	44.61958	6.94966	3340	peak	10	Q2925072
Mont de Salsa / Monte Salza	44.61955	6.96241	3326	peak	4	Q3861952
Testa di Garitta Nuova (Gardiola Lunga)	44.62132	7.21499	2385	peak	3	Q3985175
Monte Porale	44.61935	8.90493	835	peak	4	Q3861862
Monte Carmo	44.61575	9.19990	1642	peak	7	Q1945769
Зейтин-Кош	44.61797	34.28277	1537	peak	12	Q7699967
Парагильмен	44.62139	34.33748	857	peak	6	Q3848980
Pic de Bure	44.62666	5.93508	2709	peak	11	Q3382358
Cima delle Lobbie	44.62813	7.11327	3015	peak	4	Q3676812
Punta Rasciassa	44.62910	7.15398	2664	peak	3	Q3925712
Monte Reale	44.62571	8.96957	902	peak	4	Q3861896
Poggio Rondino	44.62969	9.20074	1630	peak	3	Q3907036
Monte Alfeo	44.63147	9.27482	1651	peak	7	Q741429
Truc de Fortunio	44.64248	3.53259	1551	peak	6	Q3541075
Rocher d'Abraham	44.64229	4.12906	1498	peak	3	Q3437602
Petite Autane	44.64088	6.24701	2519	peak	3	Q3377333
Colle del Longet	44.64320	6.95709	2649	pass	6	Q2982297
Punta Malta	44.63663	7.10405	2995	peak	4	Q3925684
Punta Trento	44.64461	7.11085	2970	peak	3	Q3925730
Bric delle Camere	44.64199	9.03093	1018	peak	5	Q3644547
Чучельский перевал	44.64386	34.25013	1157	pass	5	Q12170891
Кастель	44.63967	34.38380	439	peak	5	Q4216843
Puy de Gudette	44.64987	2.97710	1427	peak	5	Q1976297
Col des Issartets	44.64889	3.24666	1121	pass	3	Q2982217
Truc de Randon	44.65211	3.50468	1401	peak	4	Q3541078
Grande Autane	44.64893	6.28707	2782	peak	8	Q1542935
Roc della Niera / Tête des Toillies	44.65498	6.94849	3177	peak	4	Q3939359
Punta Dante	44.64804	7.10014	3166	peak	3	Q31645450
Punta Michelis	44.64988	7.10267	3156	peak	3	Q31645439
Monte Legnà	44.65009	9.19785	1669	peak	3	Q3861673
Šatorina	44.64769	15.04846	1624	peak	6	Q3594232
Signal de Randon	44.65608	3.54363	1551	peak	6	Q2285075
Rocca Bianca	44.66472	6.95950	3063	peak	3	Q3939379
Punta Tre Chiosis	44.66127	7.04819	3080	peak	4	Q3925729
Monte Cavalmurone	44.65668	9.20462	1670	peak	3	Q3861428
Viso di Vallanta	44.66540	7.08626	3781	peak	4	Q4014819
Cadreghe di Viso	44.67418	7.08821	3190	peak	3	Q3649491
Monviso	44.66744	7.08999	3841	peak	38	Q1248
Viso Mozzo	44.67466	7.10980	3019	peak	8	Q4014818
Caramantran / Monte Pelvo	44.67830	6.96364	3025	peak	3	Q3861823
Punta dell'Alp	44.67722	6.97096	3031	peak	3	Q2805260
Col Agnel / Colle dell'Agnello	44.68389	6.97959	2744	pass	18	Q511182
Monte Losetta / Pointe Joanne	44.68026	7.06318	3054	peak	4	Q3861695
Col de Valante / Passo di Vallanta	44.67976	7.07024	2811	pass	4	Q2982136
Punta Gastaldi	44.68078	7.07756	3214	peak	6	Q3925675
Visolotto	44.67575	7.08535	3348	peak	10	Q4014821
Croce di Envie - Cima Bracco	44.68083	7.33868	1307	peak	6	Q3861248
Passo del Giovà	44.68376	9.21694	1366	pass	3	Q3897372
Monte Lesima	44.67967	9.25960	1724	peak	9	Q1106893
Col de Grimone	44.69145	5.65399	1318	pass	4	Q1107332
Col du Noyer	44.69255	5.98430	1664	pass	6	Q2982300
Pain de Sucre / Pan di Zucchero	44.69043	6.99621	3208	peak	6	Q3360590
Pic d'Asti	44.68761	7.00159	3219	peak	4	Q3902505
L'Asti / Monte Aiguillette	44.69146	7.02401	3298	peak	5	Q3321647
Pointe de Rome / Punta Roma	44.68961	7.07570	3070	peak	5	Q3925717
Monte Ebro	44.69100	9.16906	1700	peak	4	Q3861518
Monte Chiappo	44.68654	9.20093	1699	peak	8	Q3861448
Авала	44.68909	20.51594	511	peak	29	Q790075
Col de la Chavade	44.69720	4.02140	1266	pass	4	Q2982159
Rocher rond	44.69666	5.82699	2453	peak	7	Q3437598
Tête de Vautisse	44.70101	6.48542	3156	peak	5	Q3546939
Pic de Château Renard	44.69871	6.90620	2989	peak	3	Q20899951
Pointe de Venise / Punta Venezia	44.70037	7.07068	3095	peak	4	Q3925736
Pointe d'Udine / Punta Udine	44.69575	7.07332	3022	peak	5	Q3925733
Losas	44.69806	7.07976	2837	peak	3	Q31619325
Monte Cosfrone	44.69566	9.15829	1665	peak	4	Q3861485
Pointe de Marte / Rocce Fourioun	44.70746	7.06601	3153	peak	3	Q3939516
Col de la Traversette / Colle Delle Traversette	44.71089	7.06635	2950	pass	10	Q1107458
Col de l'Escrinet	44.71836	4.49293	787	pass	5	Q2982147
Montagne de Jocou	44.72415	5.64712	2051	peak	6	Q3179923
Col de La Croix-Haute	44.72379	5.67742	1183	pass	8	Q1107422
Le Grand Ferrand	44.72172	5.81486	2758	peak	5	Q3113596
Grand Pinier ou Pic Brun	44.72306	6.40116	3117	peak	5	Q3113704
Monte Granero	44.71680	7.06754	3170	peak	10	Q2289005
Monte Meidassa	44.71754	7.07309	3105	peak	9	Q1121246
Punta Sea Bianca	44.72427	7.11490	2721	peak	3	Q3925721
Monte Spineto	44.71680	8.88666	459	peak	3	Q3862033
Veliki Alan	44.71656	14.99528	1414	pass	5	Q1590017
Тепе-Кермен	44.71525	33.93064	544	peak	9	Q3890729
Monte Manzol	44.73075	7.06401	2933	peak	4	Q3861723
Punta Ostanetta	44.72865	7.20023	2375	peak	3	Q3925698
Monte Giarolo	44.72691	9.12856	1473	peak	6	Q3861585
Alančić	44.73143	14.96906	1611	peak	3	Q25300906
Стражевица	44.73188	20.44167	209	peak	5	Q3082567
Малбанын-Хыры	44.73410	34.45891	456	peak	3	Q31523237
Le Dôme	44.73718	5.47015	2041	peak	4	Q3389617
Vieux Chaillol	44.73587	6.18982	3163	peak	8	Q650955
Sommet Bucher	44.73845	6.81381	2255	peak	3	Q31650279
Frioland	44.74233	7.14650	2738	peak	4	Q3861561
Monte Gavasa	44.74051	9.01736	911	peak	3	Q3861573
Эклизи-Бурун	44.73729	34.28777	1527	peak	11	Q1963761
Monte Osero	44.75044	9.53487	1301	peak	3	Q3861800
Col de Menée	44.75776	5.60377	1457	pass	3	Q2982080
Pointes de Rougnoux	44.75800	6.35970	3179	peak	3	Q3393639
Pic du Béal Traversier	44.75725	6.68890	2910	peak	6	Q3902511
Col Lacroix / Colle della Croce	44.76457	7.02329	2299	pass	8	Q3682779
Passo di Costa Ferrata	44.75733	9.33909	975	pass	3	Q3860077
Ангар-Бурун	44.75566	34.31405	1453	peak	7	Q7731807
Сахарная Головка	44.76006	34.32475	1053	peak	5	Q12168913
Ангарский	44.75636	34.34439	752	pass	14	Q927387
Kamenjak	44.77307	14.78963	410	peak	3	Q48830819
Grande Tête de l'Obiou	44.77528	5.83946	2789	peak	14	Q1813560
Rocca di Cavour	44.78049	7.37343	462	peak	5	Q2229425
Monte Penice	44.78489	9.31786	1460	peak	8	Q1089692
Северная Демерджи	44.77908	34.38837	1359	peak	6	Q12145841
Le Sirac	44.78931	6.30685	3441	peak	6	Q3227209
Col d'Urine	44.79415	7.00410	2525	pass	4	Q2982004
Mali Rajinac	44.79436	15.01317	1699	peak	4	Q3281982
Veliki Zavižan	44.80236	14.97366	1676	peak	4	Q13589202
Юке-Тепе	44.80205	34.35815	931	peak	3	Q16724008
Замана	44.81277	34.37903	1067	peak	4	Q16699811
Grun de Saint-Maurice	44.81608	6.05640	2775	peak	4	Q16640349
Pic de Bonvoisin	44.82345	6.34631	3480	peak	4	Q8545732
Col d'Izoard	44.81966	6.73498	2361	pass	18	Q1107545
Pic de Rochebrune	44.82229	6.78751	3320	peak	11	Q1157013
Bric Bouchet / Bric Bucie	44.82171	7.02339	2997	peak	4	Q3644541
Кош-Кая	44.82452	34.20838	695	peak	15	Q376407
Караул-Оба	44.82440	34.89057	342	peak	5	Q12108602
Pic Lombard	44.83248	6.83802	2975	peak	3	Q31638854
Petit Rochebrune	44.82529	6.84635	3078	peak	4	Q3902506
Pic du Malrif	44.83096	6.87143	2906	peak	3	Q31638287
Suc de Montfol	44.84483	4.15920	1601	peak	4	Q3323158
Le Sépoux	44.83762	4.18334	1535	peak	4	Q3323158
Mont Gerbier de Jonc	44.84388	4.21986	1551	peak	15	Q626222
Mont Aiguille	44.84179	5.55222	2087	peak	17	Q1337859
Gran Queyron / Grand Queyron	44.84243	7.00126	3060	peak	8	Q3775482
Monte Vandalino	44.83725	7.16499	2121	peak	4	Q1945946
Pietra Parcellara	44.84409	9.47567	836	peak	5	Q3903526
Сокол	44.83629	34.92666	474	peak	5	Q4426992
Крепостная	44.84013	34.95809	158	peak	3	Q12109793
Sommet Sud des Bans	44.84887	6.33615	3669	peak	13	Q637359
Grand Glaiza / Punta Merciantaira	44.84960	6.88159	3293	peak	8	Q3113607
Punta Cornour	44.85018	7.09248	2869	peak	6	Q3925663
Pietra Perduca	44.85169	9.48927	548	peak	3	Q31665727
Кара-Тау	44.84757	34.49016	1220	peak	5	Q18405689
Pic des Souffles (Sommet Ouest)	44.86443	6.13304	3098	peak	4	Q7190475
Pic des Souffles	44.86402	6.13599	3091	peak	4	Q7190475
L'Olan	44.85906	6.19679	3564	peak	13	Q2206161
Les Rouies	44.86385	6.25819	3589	peak	9	Q778923
Mont Gioberney	44.86159	6.31735	3350	peak	4	Q3861036
Pointe Guyard	44.85992	6.39105	3461	peak	4	Q3393548
Bric Froid / Punta Ramière	44.86445	6.93142	3302	peak	10	Q1115794
Таш-Джарган	44.85957	34.08142	546	peak	4	Q31523069
Вигла	44.86270	34.85700	578	peak	4	Q12089200
Перчем-Кая	44.85909	34.92866	576	peak	6	Q12139963
Grand Veymont	44.86974	5.52670	2341	peak	11	Q2105265
Seliški vrh	44.87215	15.53354	1279	peak	3	Q3478139
Хаялар	44.87484	34.09302	510	peak	3	Q18405288
Pointe du Vallon des Étages	44.88482	6.26719	3564	peak	3	Q3393733
Cima del Pelvo	44.88120	6.89397	3264	peak	3	Q3676793
Aiguille des Arias	44.89440	6.17105	3400	peak	9	Q2827887
Tête de l'Étret	44.88970	6.24500	3563	peak	8	Q3546941
Pic Sans Nom	44.89332	6.38352	3913	peak	15	Q2541646
Col du Gondran	44.89435	6.70319	2347	pass	4	Q16864802
Sommet des Anges	44.89388	6.71399	2459	peak	5	Q2422649
Roc del Boucher	44.89436	6.87436	3285	peak	4	Q3939355
Col de la Bataille	44.89779	5.23379	1313	pass	3	Q17625020
Tête des Fétoules	44.89989	6.23706	3459	peak	7	Q3546964
Le Chenaillet	44.90242	6.74050	2650	peak	9	Q3321747
Cima Saurel / Cime de Saurel	44.90349	6.77112	2451	peak	3	Q61828521
Monte Barifreddo	44.89840	6.98796	3028	peak	5	Q3861213
Rocca Bianca	44.90376	7.09174	2384	peak	3	Q8135434
Mont Mézenc	44.91104	4.19086	1753	peak	8	Q1267547
Col du Fau	44.90563	5.62550	899	pass	3	Q2982263
Col du Fau	44.90591	5.62620	899	pass	3	Q2982263
Le Sénépy	44.90815	5.72117	1769	peak	6	Q7666046
Cime de l'Encoula	44.90513	6.28270	3536	peak	5	Q2972420
Pic Coolidge	44.90995	6.35706	3775	peak	9	Q673554
Serre Chevalier	44.91074	6.55003	2491	peak	15	Q2274046
Sommet du Prorel	44.90529	6.58110	2566	peak	4	Q3322049
Sommet de Château Jouan	44.90967	6.70848	2565	peak	3	Q68477067
Grand Charvia / Monte Gimont	44.90560	6.75229	2648	peak	3	Q109771575
Mont d'Alambre	44.91744	4.15365	1691	peak	4	Q17173414
Grande Aiguille de la Bérarde	44.91689	6.27804	3417	peak	5	Q2390157
Dôme de Neige des Écrins	44.92431	6.35354	4015	peak	12	Q2551474
Le Fifre	44.91638	6.35633	3680	peak	5	Q3222757
Pic Lory	44.92227	6.35766	4086	peak	5	Q3382309
Barre des Écrins	44.92216	6.35955	4102	peak	30	Q30480
Cima del Bosco	44.92364	6.85531	2376	peak	3	Q3676787
Monte Pignerol	44.91861	6.99218	2876	peak	3	Q17636620
Grande Roche de la Muzelle	44.93067	6.10613	3465	peak	11	Q2430602
Tête de Lauranoure	44.92614	6.15109	3341	peak	3	Q3546927
Pointe des Arcas	44.92647	6.44770	3480	peak	7	Q3393689
Dôme de Monêtier	44.93110	6.45301	3404	peak	3	Q3045553
Col de Montgenèvre - Colle del Monginevro	44.93127	6.72571	1851	pass	15	Q973532
Punta Rognosa	44.93440	6.93078	3282	peak	8	Q3393565
Roche Faurio	44.94182	6.35744	3730	peak	9	Q3437511
La Cucumelle	44.93800	6.50887	2698	peak	3	Q3208006
Monte Sises	44.94336	6.89571	2658	peak	3	Q3862017
Montagne des Agneaux	44.95042	6.43005	3664	peak	11	Q1607148
Monte Motta	44.95456	6.92273	2823	peak	3	Q3861761
Bric Ghinivert	44.95160	6.99094	3037	peak	5	Q3644542
Aiguille du Plat de la Selle	44.96445	6.22297	3595	peak	11	Q2827899
Aiguille Dibona	44.96290	6.24308	3131	peak	9	Q1617977
Tête du Rouget	44.95515	6.26332	3418	peak	8	Q3546971
Pic de Neige Cordier	44.95629	6.38921	3613	peak	9	Q1617187
Col de Granon	44.96278	6.61091	2413	pass	14	Q1107359
Mont Chaberton	44.96429	6.75159	3132	peak	10	Q1413307
Colle del Sestriere	44.95909	6.88254	2035	pass	11	Q2685264
Bric di Mezzogiorno	44.96139	6.98023	2986	peak	3	Q3644549
Rocca Due Denti	44.95707	7.35559	890	peak	4	Q6453235
Col de la Machine	44.97474	5.33477	1011	pass	3	Q2982180
Le Plaret	44.96847	6.25925	3563	peak	5	Q3225671
Tête de la Gandolière	44.97424	6.27105	3542	peak	5	Q726652
La Grande Ruine	44.96764	6.32907	3765	peak	11	Q2330728
Roche Méane	44.97029	6.33516	3712	peak	6	Q15615097
Monte Freidour	44.97315	7.30305	1452	peak	7	Q3861560
Monte Tre Denti	44.97214	7.32325	1361	peak	5	Q3751792
Monte Brunello	44.96620	7.33730	1274	peak	3	Q3861255
Mont Mouchet	44.97582	3.37286	1497	peak	7	Q3321968
Le Tabor	44.97692	5.85546	2389	peak	7	Q3513523
Le Grand Armet	44.98195	5.93444	2792	peak	4	Q3113506
Le Rochail	44.98013	6.03133	3022	peak	7	Q1342669
Tête Sud du Replat	44.98376	6.27914	3428	peak	3	Q32173818
Col d'Arsine	44.97785	6.40915	2348	pass	3	Q16537473
Le Grand Aréa	44.98006	6.57299	2869	peak	8	Q3113508
Monte Fraiteve	44.97677	6.86089	2702	peak	4	Q3861557
Monte Ceresino	44.98135	9.15207	432	peak	6	Q3861440
Vratnik	44.97851	14.98694	700	pass	5	Q12644949
Rocher de la Balme	44.98954	5.53720	2063	peak	3	Q3437633
Bric Rosso	44.99139	7.01884	3024	peak	6	Q3861854
Obzova	44.99437	14.68718	568	peak	10	Q3502491
Trbušnjak	44.98653	14.90365	62	peak	7	Q477055
Plateau du Coyan	44.99708	2.59782	1263	peak	3	Q3391939
La Grande Moucherolle	45.00492	5.56418	2285	peak	5	Q3114991
Pic de la Grave	44.99524	6.25420	3669	peak	6	Q3382409
Grand Pic de la Meije	45.00483	6.30843	3982	peak	18	Q1605356
Le Pave	44.99867	6.32452	3831	peak	4	Q3225330
Pic Gaspard	44.99789	6.33058	3882	peak	10	Q1424575
Pic du Lac de Combeynot	44.99695	6.41581	3088	peak	3	Q30913848
Pointe de Pécé	44.99659	6.69343	2733	peak	3	Q49753335
Punta dell'Aquila	45.00376	7.23853	2115	peak	3	Q3925749
Cugno dell'Alpet	45.00240	7.24671	2072	peak	3	Q3861505
Montagnazza	45.00159	7.42795	892	peak	3	Q112116571
Monte San Giorgio	44.99734	7.44780	836	peak	6	Q3861956
Le Grand Serre	45.00529	5.82629	2141	peak	3	Q3114571
Col d'Ornon	45.00828	5.96744	1371	pass	7	Q1107543
Monte Albergian	45.00744	6.99262	3041	peak	9	Q1107857
Mrakovica	45.01385	16.90915	804	peak	5	Q12755774
Кубалач	45.00740	34.82692	764	peak	3	Q31521304
Клементьєва	45.00788	35.25569	268	peak	5	Q4143428
Aiguillette du Lauzet	45.02182	6.48300	2717	peak	3	Q2827903
Monte Pietraborga	45.02158	7.42182	926	peak	5	Q16579661
Monte Zavo	45.02273	9.20378	346	peak	3	Q3862135
Митридат	45.01940	35.38943		peak	3	Q110975324
Col de l'Échelle	45.02648	6.65699	1762	pass	8	Q1107877
Tour Jaune de Barabbas	45.02791	6.68157	2365	peak	3	Q106489582
Monte Genevris	45.03287	6.90639	2545	peak	3	Q3861577
Colle della Maddalena	45.03115	7.72165	715	peak	4	Q3682785
Агармыш	45.02983	35.04137	722	peak	4	Q3894313
Le Taillefer	45.03936	5.92424	2857	peak	9	Q3514011
Col du Lautaret	45.03523	6.40511	2058	pass	17	Q1107509
Monte Robinet	45.04196	7.16639	2679	peak	5	Q3861904
Паша-Тепе	45.04346	35.34983	168	peak	3	Q4347514
Опук	45.04276	36.22431	184	peak	6	Q31395758
Elancèze	45.05161	2.66508	1571	peak	3	Q16631790
Col de Prat-de-Bouc	45.05263	2.79387	1396	pass	4	Q2982103
La Durande	45.04874	3.64991	1299	peak	4	Q6462288
Le Testavoyre	45.05478	4.13052	1436	peak	6	Q3519093
Col de la Ponsonnière	45.05445	6.46590	2613	pass	3	Q2982189
Aiguille Rouge	45.04597	6.64488	2548	peak	5	Q3778837
Punta Cristalliera	45.05442	7.14699	2801	peak	5	Q3925662
Monte Rocciavré	45.04849	7.15956	2778	peak	5	Q3861908
Monte Pian Real	45.05405	7.18030	2619	peak	3	Q31666947
Monte Cuneo (Moncuni)	45.04862	7.41315	641	peak	3	Q16579316
Col du Pertus	45.05809	2.67363	1309	pass	6	Q2982299
Plomb du Cantal	45.05887	2.76135	1855	peak	15	Q991088
Mont Denise	45.05835	3.85462	890	peak	3	Q3321807
Pic du Lizieux	45.06153	4.19590	1388	peak	4	Q18415043
Roc Cornafion	45.06269	5.60076	2049	peak	4	Q3437328
Col du Galibier	45.06414	6.40786	2642	pass	28	Q732143
Le Grand Galibier	45.06389	6.43415	3228	peak	11	Q1407209
Pic de la Moulinière	45.05620	6.48647	3073	peak	4	Q3902508
Testa dell'Assietta	45.06485	6.95000	2566	peak	5	Q3985168
Monte Pelvo	45.06440	7.06955	2770	peak	4	Q3861822
Monte Orsiera punta sud	45.06233	7.10744	2878	peak	10	Q581366
Monte Orsiera punta nord	45.06397	7.10761	2886	peak	10	Q581366
Punta Costabruna	45.06107	7.17834	2414	peak	3	Q31666966
Monte dei Cappuccini	45.05958	7.69745	284	peak	4	Q2902818
Puy du Rocher	45.07031	2.76881	1813	peak	3	Q3411105
Pointe des Cerces	45.06557	6.48894	3098	peak	9	Q1627257
Colle dell'Assietta	45.07038	6.95714	2472	pass	4	Q25583507
Cima Ciantiplagna	45.07214	7.01297	2849	peak	5	Q3676729
Colle delle Finestre	45.07203	7.05334	2176	pass	12	Q1108944
Monte Français Pelouxe	45.06855	7.06594	2772	peak	3	Q3861558
Monte Muretto	45.06927	7.17802	2282	peak	3	Q31666985
Puy Griou	45.08039	2.70642	1690	peak	8	Q568090
Rocher de la Grande Tempête	45.08020	6.55835	3002	peak	4	Q15051494
Monte Jafferau	45.08438	6.76815	2815	peak	5	Q11825410
Monte Seguret	45.08397	6.83854	2926	peak	3	Q3862002
Colle Braida	45.08325	7.33377	1006	pass	3	Q3682727
Monte Ciabergia	45.08230	7.34072	1178	peak	3	Q3861447
Superga	45.08051	7.76710	672	peak	16	Q683578
Col de Font de Cère	45.08520	2.73309	1289	pass	4	Q16507495
Peyre Ourse	45.09170	2.77958	1612	peak	3	Q31679159
Pic Saint-Michel	45.09015	5.62008	1966	peak	3	Q31394326
Grand Galbert	45.09034	5.95935	2561	peak	3	Q3113600
Col de Sarenne	45.08753	6.14906	1999	pass	8	Q2982115
Chavaroche	45.09625	2.64478	1739	peak	6	Q2185781
Puy Bataillouse	45.10043	2.71985	1677	peak	4	Q16671609
Téton de Vénus	45.10042	2.72821	1669	peak	3	Q3546839
Bec de l'Aigle	45.09920	2.74004	1700	peak	3	Q2893425
Col de la Fageole	45.10070	3.13048	1107	pass	5	Q2982172
Col de la Fageole	45.10070	3.13060	1107	pass	5	Q2982172
Roche du Chardonnet	45.10192	6.54892	2950	peak	5	Q3939468
Rocca Bernauda / Roche Bernaude	45.10139	6.62749	3222	peak	8	Q1154029
Monte Pirchiriano	45.09799	7.34260	936	peak	6	Q3861844
Sacro Monte di Crea	45.09521	8.27278	443	peak	10	Q1787362
Roc d'Hozières	45.11435	2.64282	1614	peak	3	Q3437336
Pas de Peyrol	45.11410	2.67175	1588	pass	6	Q3367147
Puy Mary	45.10931	2.67625	1783	peak	15	Q2119428
Puy de Peyre Arse	45.11009	2.71078	1806	peak	5	Q2501948
Mont Besset	45.11175	4.53215	1191	peak	43	Q45196
Mont Thabor	45.11408	6.56375	3178	peak	12	Q1290356
Punta Valfredda	45.11084	6.81410	3052	peak	4	Q14850727
Cima del Vallonetto	45.10542	6.84334	3217	peak	3	Q3676797
Punta Galambra	45.11379	6.84718	3122	peak	4	Q3925669
Monte Musinè	45.11390	7.45469	1146	peak	18	Q3861770
Puy de Seycheuse	45.11911	2.75526	1650	peak	4	Q3411099
Pic du Mas de la Grave	45.12051	6.24627	3020	peak	4	Q3902510
Pic du Thabor	45.11870	6.56194	3207	peak	7	Q20656626
Le Cheval Blanc	45.12273	6.57641	3020	peak	3	Q38298101
Col de la Roue / Colle della Rho	45.11610	6.64271	2541	pass	5	Q3682790
Punta Nera cime nord-ouest	45.12231	6.65858	3047	peak	4	Q3925692
Punta Nera cima sud-est / Punta Nera cime sud-est	45.12050	6.66235	3041	peak	4	Q3925692
Puy Violent	45.13008	2.58894	1592	peak	5	Q3411083
Puy de la Tourte	45.12526	2.67323	1704	peak	3	Q31670455
Mont Chaix	45.13047	4.54145	1254	peak	43	Q45196
Croix de Chamrousse	45.12586	5.90252	2253	peak	4	Q3003318
Pic Blanc	45.12519	6.12762	3323	peak	3	Q31641308
Pic de la Pyramide	45.13270	6.12931	3382	peak	3	Q27866206
Le Grand Argentier	45.12590	6.65427	3042	peak	6	Q62281188
Col du Fréjus / Passo del Frejus	45.13069	6.67387	2542	pass	12	Q1982632
Col de Sommeiller / Colle del Sommeiller	45.13321	6.84585	3009	pass	7	Q525846
Pointe Sommeiller / Punta Sommeiller	45.12785	6.85221	3332	peak	13	Q2279001
Monte Ambin / Pointe d'Ambin	45.13115	6.86351	3264	peak	3	Q3861184
Pic Bayle	45.13777	6.13559	3465	peak	8	Q3382285
Pointe du Fréjus / Punta del Frejus	45.14032	6.68043	2934	peak	6	Q3393721
Punta Bagnà	45.14492	6.71166	3129	peak	8	Q2972427
Pointe de Paumont/Cima del Gran Vallone	45.13925	6.72864	3171	peak	7	Q3393643
Cima Gardiola / Cime Gardoria	45.13847	6.73622	3136	peak	4	Q921046
Col de Pelouse / Colle della Pelouse	45.14210	6.74837	2793	pass	5	Q2982095
Gros Peyron	45.14413	6.81917	3048	peak	3	Q3776931
Rognosa d'Etache / Rognosa d'Etiache	45.13523	6.83605	3373	peak	9	Q1145730
Col d'Ambin / Colle d'Ambin	45.13522	6.88100	2897	pass	3	Q2981975
Monte Niblè / Pointe Ferrand	45.13889	6.89580	3365	peak	4	Q3861783
Pointe Niblè / Punta Ferrand	45.14301	6.89781	3347	peak	4	Q3925666
Rocca Sella	45.13957	7.35200	1508	peak	3	Q3861305
Monte Curt	45.14042	7.41956	1325	peak	4	Q3861509
Гудурички врх	45.13724	21.41252	641	peak	4	Q2708467
Puy de Niermont	45.14807	2.73229	1620	peak	3	Q31670419
Moucherotte	45.14760	5.63945	1901	peak	8	Q3325416
Pic de l'Étendard	45.15444	6.14393	3464	peak	4	Q24932778
Cime des Torches	45.15108	6.25027	2958	peak	3	Q31628440
Col d'Etache / Colle d'Etiache	45.14879	6.81253	2799	pass	4	Q3682755
Monte Molaras	45.15101	7.09682	1327	peak	3	Q16468510
Црвени Чот	45.15103	19.71148	539	peak	5	Q1102197
Иришки венац	45.14985	19.82958	451	pass	7	Q1101646
Bec de Neurre	45.16362	5.47370	1474	peak	3	Q19543918
Grande Lauzière	45.15716	5.95892	2741	peak	3	Q3114954
Pic du Grand Doménon	45.16200	5.97106	2802	peak	4	Q3382427
Aiguille de Scolette / Pierre Menue	45.15975	6.76820	3506	peak	10	Q2275702
Mont d'Ambin / Rocca d'Ambin	45.15677	6.88414	3378	peak	11	Q2124428
Monte Baron	45.15867	7.47778	818	peak	3	Q3861215
Стражилово	45.15979	19.90479	368	peak	7	Q1564410
Grande Lance de Domène	45.17164	5.95936	2790	peak	4	Q3114955
Croix de Belledonne	45.16861	5.98814	2926	peak	5	Q3003298
Grand Pic de Belledonne	45.17096	5.99129	2977	peak	8	Q3113702
Col Clapier / Colle Clapier	45.16818	6.92318	2482	pass	7	Q488473
Monte Rosselli	45.16769	7.46421	1201	peak	3	Q3861918
Le Rissiou	45.18363	6.06814	2622	peak	3	Q49753502
La Grande Chible	45.18079	6.37357	2932	peak	4	Q31642813
Mont Giusalet	45.18056	6.93000	3313	peak	9	Q3861593
Rocca Patanua	45.17834	7.21965	2409	peak	4	Q3939401
Punta della Croce	45.18411	7.33241	2234	peak	3	Q3925750
Monte Rognoso	45.18233	7.35045	1959	peak	5	Q3861909
Colle del Lis	45.17791	7.38257	1311	pass	4	Q1108941
Monte Arpone	45.17855	7.39666	1603	peak	5	Q59689
Monte Lera	45.17836	7.45598	1371	peak	5	Q3861679
Punta Fournà	45.17968	7.47679	1128	peak	3	Q3925667
Le Gros Crey	45.18551	6.51662	2595	peak	3	Q31639843
Monte Palon	45.18955	7.12109	2965	peak	3	Q3861813
Punta Imperatoria	45.19196	7.32744	2302	peak	8	Q3861457
Monte Bernard	45.18567	7.48767	1078	peak	4	Q3861226
Col du Télégraphe	45.20270	6.44461	1566	pass	14	Q1107529
Pointe Droset	45.20095	6.90911	2917	peak	6	Q3861715
Rocciamelone	45.20346	7.07721	3538	peak	20	Q608238
Punta Lunella	45.19701	7.21620	2772	peak	5	Q3925680
Monte Colombano	45.19914	7.43131	1658	peak	10	Q3861469
Mont Rachais	45.21846	5.73348	1046	peak	5	Q3416060
Mont Charvin	45.21765	6.28460	2207	peak	7	Q3321745
Pointe de Bellecombe	45.21741	6.84801	2755	peak	6	Q19721335
Roc Neir	45.21674	7.45594	1540	peak	3	Q80419209
Le Néron	45.23466	5.71023	1298	peak	5	Q3347188
Col de la Croix-de-Fer	45.22749	6.20333	2067	pass	18	Q581865
Mont Tour / Punta Marmottere	45.22556	7.05108	3385	peak	3	Q3925691
Punta Sulè	45.23069	7.13708	3384	peak	8	Q3925723
Monte Lera Orientale	45.23302	7.15149	3355	peak	5	Q60808846
Il Turu	45.23458	7.46715	1355	peak	3	Q3792991
Bec de l'Orient	45.23542	5.54504	1554	peak	4	Q19543917
La Buffe	45.24393	5.58438	1623	peak	4	Q19544006
Le Rocher Blanc	45.24148	6.10755	2927	peak	5	Q3437587
Col du Glandon	45.23961	6.17554	1924	pass	13	Q1107488
Mont Froid	45.23744	6.84288	2822	peak	5	Q110540430
Signal du Petit Mont Cenis	45.24428	6.87277	3163	peak	9	Q3925658
Pointe du Lamet	45.23939	6.99886	3504	peak	6	Q3925683
Col de l'Autaret / Colle dell'Autaret	45.24042	7.10679	3072	pass	5	Q3682775
Monte Corno	45.24247	7.48106	1227	peak	3	Q3861481
Monte Cecilia	45.24377	11.69733	199	peak	5	Q3861435
Col du Tracol	45.25326	4.45729	1030	pass	3	Q2982323
L'Écoutoux	45.25295	5.75781	1407	peak	4	Q3578842
Mont Bréquin	45.25200	6.53354	3131	peak	7	Q252709
Aiguille de Bertin	45.24517	6.54309	2774	peak	3	Q31651062
Pointe du Bouchet	45.25389	6.60429	3416	peak	9	Q3393710
Pointe Rénod	45.24623	6.60560	3380	peak	8	Q3393566
Le Rateau d'Aussois	45.24635	6.69389	3131	peak	4	Q16672212
Monte Ricco	45.25437	11.74235	325	peak	4	Q637181
Viševica	45.25491	14.80093	1428	peak	8	Q7938071
Cime de Caron	45.26322	6.56095	3195	peak	8	Q2972416
Pointe de Thorens	45.26498	6.60955	3262	peak	8	Q3393656
Col du Mont Cenis	45.25983	6.90088	2083	pass	22	Q13411496
Signal du Grand Mont Cenis	45.26442	6.95529	3377	peak	5	Q3960354
Pointe de Ronce	45.26445	6.97839	3612	peak	12	Q1157011
La Croix Rousse / Punta Croce Rossa	45.26024	7.13551	3566	peak	10	Q3697995
Torre d'Ovarda Centrale	45.25808	7.22174	3075	peak	4	Q3995328
Punta Golai	45.26450	7.24119	2819	peak	4	Q17430405
Uja di Calcante	45.25931	7.38776	1614	peak	4	Q4002993
Monte Cero	45.25539	11.66851	409	peak	3	Q3861436
Klek	45.26036	15.14550	1181	peak	14	Q830302
Aiguille de Quaix	45.26711	5.72056	1143	peak	3	Q2827878
Col de Palaquit	45.27288	5.76549	1154	pass	5	Q2982088
La Croix des Têtes	45.26691	6.44242	2491	peak	6	Q3003594
Mont de Gébroulaz	45.27474	6.62940	3511	peak	9	Q1606770
Pointe de l'Echelle	45.26919	6.68506	3422	peak	10	Q1633160
Grand Roc	45.26539	6.68825	3316	peak	6	Q3114559
Ouille d'Arbéron / Punta d'Arnas	45.27127	7.12928	3554	peak	5	Q3925739
Cima Autour	45.26701	7.19065	3021	peak	4	Q16541295
Roc des Saints-Pères	45.27867	6.61606	3472	peak	7	Q3437352
Aiguille de Péclet	45.28136	6.62402	3561	peak	12	Q1629061
Aiguille de Polset	45.27605	6.63415	3528	peak	11	Q1629028
Dome de Polset	45.27630	6.63928	3497	peak	7	Q3045562
Pointe de Charbonnel	45.28047	7.05568	3752	peak	14	Q1157135
Monte Rusta	45.28497	11.67868	386	peak	3	Q3861943
Vojak	45.28495	14.20196	1401	peak	9	Q1857887
Dent de Moirans	45.28743	5.59566	988	peak	3	Q3023306
Aiguille de Chalais	45.29398	5.66068	1089	peak	3	Q2827874
La Pinéa	45.28831	5.73840	1771	peak	5	Q582244
Col de Porte	45.28994	5.76700	1326	pass	5	Q2982099
Chamechaude	45.28768	5.78815	2082	peak	14	Q2321630
Pointe de l'Observatoire	45.29089	6.68514	3015	peak	4	Q31635723
Pointe Chevrière	45.29357	6.72199	3276	peak	8	Q2017287
Pointe de la Fournache	45.28732	6.75242	3642	peak	8	Q2016577
Dent Parrachée	45.28909	6.75608	3697	peak	13	Q1189850
Monte Rosso d'Ala	45.28737	7.26828	2763	peak	3	Q3861922
Monte Orbieso	45.28851	11.71107	326	peak	3	Q31222242
Veliki Bitoraj	45.29268	14.79038	1386	peak	9	Q4918920
Bec de l'Échaillon	45.29797	5.60089	622	peak	3	Q19543915
Bec Charvet	45.29664	5.82841	1738	peak	4	Q2419534
Col du Coq	45.30246	5.83677	1434	pass	3	Q2982257
Le Grand Rocher	45.30357	6.05001	1926	peak	3	Q3114556
Grand Perron des Encombres	45.29733	6.45036	2824	peak	3	Q31634413
Pointe de la Masse	45.29732	6.50831	2804	peak	8	Q2384726
Mont du Borgne	45.30417	6.61347	3153	peak	6	Q3322228
Pointe du Génépi	45.30299	6.73446	3551	peak	4	Q3907112
Uja di Bessanese / Bessanèse	45.30192	7.11966	3593	peak	12	Q1516732
Monte Lozzo	45.29553	11.62150	324	peak	6	Q3861696
Dent de Crolles	45.30822	5.85556	2062	peak	12	Q729243
Pointe de Tierce	45.30795	7.01299	2973	peak	5	Q3393654
Monte Venda	45.31359	11.68639	603	peak	9	Q1945947
Col de la Charmette	45.32186	5.73993	1261	pass	3	Q2982152
Roc d'Arguille	45.31701	5.83749	1768	peak	4	Q3437335
Dôme de l'Arpont	45.31833	6.74295	3601	peak	11	Q1629021
Monte Collerin / Pointe du Colerin	45.32401	7.11189	3475	peak	3	Q3861463
Punta Rossa di Sea	45.32248	7.20061	2910	peak	3	Q3925716
Uia di Mondrone	45.32440	7.22097	2964	peak	5	Q524752
Monte Rua	45.31864	11.71173	414	peak	6	Q176358
Signal du Luguet	45.33397	2.98684	1552	peak	6	Q3483602
Col de la République	45.33269	4.48016	1161	pass	8	Q1107453
Charmant Som	45.32511	5.76417	1867	peak	7	Q2961098
Dôme des Nants	45.32587	6.74146	3570	peak	10	Q2017644
Dôme de Chasseforêt	45.33075	6.76070	3586	peak	11	Q1628992
Grand Roc Noir	45.33028	6.89194	3587	peak	11	Q1748581
L'Albaron	45.33349	7.10193	3638	peak	9	Q2830814
Pointe de Chalanson / Punta Chalanson	45.32714	7.12629	3466	peak	3	Q3925659
Uia di Ciamarella	45.32816	7.14504	3676	peak	14	Q590343
Tuhobić	45.33428	14.64174	1109	peak	10	Q7851699
La Grande Sure	45.33526	5.70291	1920	peak	5	Q3115031
Dôme de Bellefont	45.34209	5.88108	1975	peak	5	Q9249108
Pointe de Claret	45.34200	6.97108	3355	peak	7	Q3393612
Monte Doubia	45.34149	7.29597	2463	peak	3	Q21194641
Monte Pendice	45.33841	11.68288	305	peak	5	Q3939405
Parângul Mare	45.34016	23.53931	2519	peak	18	Q897451
La Scia	45.34873	5.85094	1791	peak	3	Q16652713
Pic du Frêne	45.35247	6.19789	2807	peak	8	Q770346
Dôme des Sonnailles	45.34537	6.74544	3361	peak	7	Q3045569
Monte Pellerin	45.34622	7.33802	1853	peak	3	Q21194651
Monte Medolano	45.35210	10.52362	92	peak	3	Q3861736
Митридат	45.35032	36.46938	91	peak	12	Q2042338
Aiguille du Fruit	45.35604	6.63065	3048	peak	6	Q2827892
Petit Mont Blanc	45.35606	6.68646	2680	peak	3	Q31634194
Pointe du Dard	45.36408	6.76581	3206	peak	8	Q3393716
Mont Pelve	45.35697	6.78156	3260	peak	8	Q3322031
Monte della Madonna	45.35822	11.65460	526	peak	4	Q1527173
Monte Grande	45.36004	11.66838	476	peak	3	Q3861605
Veliki Planik	45.36175	14.19063	1272	peak	4	Q9368358
Vulcanii Noroioși de la Pâclele Mari	45.35855	26.71128		peak	15	Q1540631
Vulcanii Noroioși de la Pâclele Mari	45.35821	26.71225		peak	15	Q1540631
Vulcanii Noroioși de la Pâclele Mari	45.35810	26.71238		peak	15	Q1540631
Vulcanii Noroioși de la Pâclele Mari	45.35803	26.71248		peak	15	Q1540631
Vulcanii Noroioși de la Pâclele Mari	45.35750	26.71334		peak	15	Q1540631
Le Grand Som	45.37041	5.81199	2026	peak	10	Q2782043
Col du Cucheron	45.36546	5.83412	1140	pass	4	Q2982258
Pointe de la Réchasse	45.37339	6.80212	3212	peak	9	Q2069473
Pointe de Méan-Martin	45.36722	6.99006	3330	peak	9	Q1748714
Pointe des Buffettes	45.36556	7.00747	3233	peak	7	Q3393692
Monte Soglio	45.37181	7.53056	1971	peak	6	Q3862021
Sacro Monte di Belmonte	45.36754	7.63125	612	peak	10	Q1787397
Monte Rosso	45.36953	11.75123	177	peak	3	Q3861928
Muntele Mic	45.37364	22.47389	1807	peak	5	Q3327950
Peleaga	45.36561	22.89286	2509	peak	19	Q1232288
Vârful Păpușa	45.36994	22.90792	2508	peak	10	Q3505131
Crêt de la Perdrix	45.38253	4.57278	1432	peak	6	Q1142549
Saulire	45.38247	6.60934	2738	peak	5	Q3489936
Pointe du Charbonnier	45.38050	6.90108	3311	peak	4	Q16670530
Roc du Mulinet	45.38069	7.16276	3442	peak	4	Q3939362
Uja di Bellavarda	45.37534	7.38737	2345	peak	4	Q3861220
Crêt de l'Œillon	45.39269	4.61202	1362	peak	4	Q3006351
Les Trois Dents	45.38895	4.62712	1213	peak	3	Q31672407
Col de la Ruchère	45.38634	5.79803	1419	pass	3	Q2982195
Dent de l'Ours	45.38870	5.82079	1820	peak	3	Q2387511
Brame Farine	45.39278	6.03778	1210	peak	3	Q31659435
Dent de Burgin	45.38916	6.60615	2739	peak	3	Q15615714
Col de la Vanoise	45.39012	6.79506	2522	pass	8	Q2982213
Pointe de la Sana	45.38507	6.91745	3435	peak	9	Q1633032
Pointe Girard / Punta Girard	45.39080	7.17987	3262	peak	3	Q3925674
Barrouard	45.39312	7.22358	2858	peak	4	Q17374498
Punta Pian Spigo	45.39484	7.36283	2540	peak	4	Q3925706
Хрони	45.38926	36.60108	190	peak	4	Q4501593
Aiguille de la Vanoise	45.39510	6.78027	2796	peak	7	Q2827885
Levanna Orientale	45.40326	7.18567	3555	peak	3	Q31639085
Cima Mares	45.39544	7.56348	1654	peak	5	Q15980345
Les Grands Moulins	45.40677	6.19863	2498	peak	5	Q25048167
Col de la Loze	45.40508	6.60160	2275	pass	11	Q86666408
La Grande Casse	45.40514	6.82756	3855	peak	18	Q1542960
Grande Motte	45.41079	6.86988	3653	peak	12	Q575009
Levanna Occidentale	45.41410	7.16210	3594	peak	3	Q19622331
Levanna Centrale	45.41027	7.17212	3619	peak	3	Q21192635
La Cialma	45.41225	7.39795	2193	peak	3	Q3820728
Le Cheval Noir	45.42191	6.41368	2832	peak	7	Q13382745
Dent du Villard	45.41983	6.67610	2284	peak	4	Q2192933
Le Grand Bec	45.42339	6.75272	3399	peak	10	Q780174
Pointe du Vallonet	45.41726	6.76076	3371	peak	8	Q3393740
Col de la Leisse	45.42451	6.90810	2761	pass	4	Q2982183
Col de l'Iseran	45.41711	7.03085	2764	pass	20	Q547474
Monte Unghiasse	45.41605	7.29475	2939	peak	4	Q3862105
Caraiman	45.41572	25.49215	2384	peak	13	Q858358
Roche Veyrand	45.42878	5.84436	1429	peak	5	Q3437525
Le Pinet	45.43246	5.90406	1867	peak	6	Q16677452
Col de la Madeleine	45.43495	6.37552	1993	pass	18	Q1107475
Becca Motta	45.43296	6.74926	3045	peak	3	Q31636737
Dôme de Pramecou	45.43437	6.87810	3081	peak	3	Q49752398
Signal de l'Iseran	45.43235	7.04129	3237	peak	5	Q3960355
Aiguille Pers	45.42644	7.07103	3386	peak	6	Q3607094
Grande Aiguille Rousse	45.43288	7.10939	3482	peak	12	Q2366266
Veliki Risnjak	45.43153	14.62139	1528	peak	20	Q1519978
Col des Égaux	45.44400	5.81168	958	pass	3	Q2982239
Pointe de Pramecou	45.43728	6.86880	3009	peak	3	Q49753333
Snježnik	45.44059	14.58407	1505	peak	8	Q16513599
Veliki Drgomalj	45.43801	14.79049	1154	peak	4	Q25286984
"Punct ""Vf Ciocanu"""	45.45143	25.23773	1157	peak	10	Q12170402
Omu	45.44561	25.45633	2507	peak	10	Q544244
Croix de la Cochette	45.45523	5.83572	1620	peak	5	Q16658635
Col de Grapillon	45.46251	5.84168	1518	pass	3	Q16507498
Mont Granier	45.46480	5.92507	1933	peak	9	Q938010
Grand Pic de la Lauzière	45.45926	6.36626	2829	peak	8	Q607032
Pointe de la Vallaisonnay	45.45785	6.81765	3020	peak	3	Q31627664
Col du Palet	45.45620	6.86362	2652	pass	3	Q49131477
Clăbucetul Taurului	45.46212	25.58903	1521	peak	5	Q30147217
Col de Couz	45.46913	5.81687	636	pass	4	Q2982043
Mont Outheran	45.46641	5.84725	1686	peak	7	Q3322014
Roc du Fond	45.47310	7.07347	3351	peak	4	Q3925652
Pointe de la Galise / Punta di Galisia	45.46695	7.10444	3346	peak	6	Q3736583
Monte Colombo	45.47433	7.46393	2848	peak	3	Q3861467
Mont Beauvoir	45.47662	5.79194	1313	peak	6	Q16089891
Col du Granier	45.48049	5.91498	1134	pass	5	Q2982282
L'Aiguille Percée	45.48351	6.89017	2748	peak	3	Q108837387
Tsanteleina	45.47952	7.04598	3601	peak	11	Q3999930
Punta Basei	45.47504	7.11498	3338	peak	4	Q2161098
Colle del Nivolet	45.47921	7.14232	2612	pass	8	Q1061556
Punta Fourà	45.47570	7.20732	3411	peak	5	Q3925673
Punta di Verzel	45.47723	7.65009	2406	peak	4	Q3925762
Mont Joigny	45.49158	5.89770	1559	peak	6	Q3321892
Col du Grand Cucheron	45.48992	6.24810	1183	pass	7	Q2982283
Mont Jovet	45.49474	6.63930	2558	peak	4	Q31641514
Roc du Bécoin	45.49295	6.66300	2594	peak	3	Q49753461
Roche de Mio	45.49332	6.73490	2739	peak	4	Q31637327
Sommet de Bellecôte	45.49250	6.78250	3417	peak	11	Q949343
Dôme des Pichères	45.49204	6.79829	3319	peak	7	Q3045568
Granta Parey	45.49367	7.06518	3387	peak	7	Q3775770
Becca di Monciair	45.48502	7.23538	3545	peak	4	Q1820626
Ciarforon	45.49390	7.24723	3642	peak	11	Q2381134
Monte Stella	45.49088	9.13448	185	peak	5	Q3862045
Cratère-Lac Pavin	45.49569	2.88790	1197	peak	10	Q1666367
Pointe de la Gorgeat	45.49657	5.89385	1486	peak	4	Q16058288
Aiguille de la Grande Sassière	45.50500	6.99984	3747	peak	3	Q3613023
Becca La Traversière / Pointe de la Traversière	45.49737	7.04484	3337	peak	5	Q3637370
Punta Grand Vaudala Nord	45.49558	7.11892	3272	peak	4	Q3774962
Tresenta	45.49922	7.26422	3609	peak	6	Q3998431
Becco Meridionale della Tribolazione	45.50048	7.33391	3360	peak	3	Q3637384
Dôme des Platières	45.50730	6.86379	3474	peak	8	Q2286769
Dôme de la Sache	45.51086	6.87016	3595	peak	10	Q2352476
Punta Bes	45.51175	7.13810	3180	peak	3	Q60426530
Becca di Montcorvè	45.51194	7.26647	3875	peak	3	Q3637374
Il Roc	45.51472	7.26951	4026	peak	6	Q3939361
Cresta Gastaldi	45.51411	7.27534	3894	peak	3	Q3697087
Punta di Ceresole	45.51311	7.28521	3777	peak	4	Q3925757
Becca di Gay	45.51423	7.32074	3621	peak	5	Q587118
Piccola Uia di Ciardonei	45.51429	7.39327	3328	peak	3	Q3775594
Monte Giavino	45.51220	7.62495	2766	peak	3	Q3861586
Monte Calvarina	45.50919	11.28048	682	peak	4	Q31663443
Puy Ferrand	45.52480	2.82649	1854	peak	4	Q3411074
Mont Grelle	45.51629	5.81259	1425	peak	4	Q31642307
Grande Traversière	45.52274	7.05617	3496	peak	5	Q3775592
Punta del Leynir	45.51648	7.13739	3238	peak	4	Q60167739
Monte Taou Blanc	45.52225	7.14797	3438	peak	9	Q3861042
Gran Paradiso	45.51782	7.26720	4061	peak	43	Q1372
Piccolo Paradiso	45.52154	7.26869	3926	peak	4	Q3902635
Testa della Tribolazione	45.51632	7.29770	3642	peak	4	Q3985172
Roccia Viva	45.51919	7.32952	3650	peak	5	Q3939538
Becco della Pazienza	45.52159	7.33545	3606	peak	4	Q9168245
Punta d'Ondezana	45.51777	7.37021	3492	peak	4	Q3925697
Grande Uia di Ciardonei	45.51633	7.39858	3325	peak	3	Q3775594
Monfandì	45.52080	7.61805	2820	peak	3	Q3860781
Ciucaș	45.52168	25.92648	1954	peak	8	Q5124125
Puy de Sancy	45.52824	2.81401	1885	peak	34	Q778597
Mont Pourri	45.52812	6.86010	3779	peak	14	Q367431
Mont Turia	45.53284	6.86074	3646	peak	10	Q2402349
l'Aouillie	45.52674	7.14798	3445	peak	4	Q3676800
Cima di Entrelor	45.52951	7.15075	3425	peak	5	Q3676822
Becca di Montandayné	45.53243	7.26995	3838	peak	3	Q3637376
Torre del Gran San Pietro	45.52553	7.35844	3692	peak	10	Q659710
Torre di Sant'Andrea Nord	45.52823	7.36003	3651	peak	4	Q3995621
Torre di Sant'Orso	45.53109	7.36015	3618	peak	4	Q9360232
Punta delle Sengie	45.53188	7.39621	3408	peak	5	Q3925756
Slavnik	45.53391	13.97591	1028	peak	7	Q16866981
La Om	45.52699	25.21168	2238	peak	8	Q12284548
Puy de Cliergue	45.54367	2.80177	1691	peak	3	Q31676227
Puy de Cacadogne	45.53659	2.82868	1784	peak	3	Q31676127
Punta Budden	45.53848	7.27146	3684	peak	3	Q3925649
Herbetet	45.54450	7.27384	3778	peak	9	Q3785155
Monveso di Forzo	45.53785	7.41695	3322	peak	3	Q3862743
Colle Cidneo	45.54302	10.22582	210	peak	4	Q3676566
Aiguille Grive	45.54952	6.80404	2732	peak	3	Q31642269
Aiguille Rouge	45.55190	6.84870	3227	peak	10	Q1846310
Bec de Suessa / Pointe des Mines	45.54676	6.99469	3420	peak	5	Q3637377
Colle di Bardoney	45.54772	7.42883	2833	pass	3	Q123171302
Monte Maddalena	45.54941	10.28586	870	peak	7	Q3861712
Vârfu lui Pătru	45.54969	23.53671	2130	peak	3	Q18547247
Pic du Capucin	45.56108	2.80275	1468	peak	3	Q31640298
Col de la Croix Saint-Robert	45.56410	2.83597	1451	pass	5	Q2982164
Grande Rousse Nord	45.56365	7.08446	3607	peak	8	Q3775583
Gran Serra	45.55622	7.28491	3552	peak	4	Q3774957
Torre di Lavina Sud	45.55526	7.44828	3308	peak	9	Q3925682
Monte Marzo	45.56246	7.60878	2756	peak	5	Q3861729
Monte Debat	45.55747	7.68830	2623	peak	3	Q31676963
Monte Budellone	45.56309	10.41870	396	peak	4	Q3861265
Mont Bessou	45.57010	2.12313	977	peak	5	Q1454180
Puy de l'Angle	45.57293	2.83997	1738	peak	3	Q31670331
Pointe de la Galoppaz	45.56590	6.06665	1681	peak	6	Q542778
Le Grand Arc	45.56642	6.36466	2484	peak	8	Q3113505
Postăvaru	45.56896	25.56786	1799	peak	11	Q897116
Puy de Barbier	45.57814	2.83965	1703	peak	3	Q31651985
Puy de Monne	45.58268	2.84525	1692	peak	3	Q31676160
Puy de Surains	45.57702	2.85389	1542	peak	3	Q31676177
Crêt Malherbe	45.58301	4.50274	943	peak	4	Q3006343
Col du Frêne	45.58244	6.13558	950	pass	3	Q49131435
Ormelune / Pointe d'Archeboc	45.58339	6.98058	3277	peak	8	Q3886053
Rosa dei Banchi	45.57711	7.53209	3163	peak	8	Q739333
Monte Pastello	45.58442	10.86644	1127	peak	5	Q3861815
Șerbotă	45.58489	24.53874	2331	peak	7	Q396955
Lespezi	45.57794	24.56998	2517	peak	5	Q12743780
Puy de la Tache	45.59193	2.84537	1632	peak	3	Q31629154
Col des Supeyres	45.59240	3.84600	1366	pass	3	Q26220950
Punta Bianca della Grivola	45.58789	7.25790	3793	peak	4	Q11831815
Punta Nera della Grivola	45.58733	7.26599	3683	peak	4	Q3925695
Punta Rossa della Grivola	45.59168	7.27884	3630	peak	4	Q3925720
Bec Costazza	45.59345	7.50447	3092	peak	4	Q3637345
Colma di Mombarone	45.58601	7.89301	2371	peak	10	Q1637553
Truc del Buscajun	45.58995	7.90683	2110	peak	3	Q21194583
Brich di Zumaglia	45.58604	8.09280	669	peak	3	Q3644555
Monte Orfano	45.59019	9.95093	452	peak	5	Q3861792
Debeli Rtič / Punta Grossa	45.59054	13.70717	28	peak	11	Q5248048
Veliki Snežnik	45.58852	14.44754	1796	peak	4	Q19281597
Negoiu	45.58505	24.55857	2535	peak	22	Q1090036
Dara	45.58950	24.82831	2501	peak	4	Q901980
Puy Gros	45.59842	2.78963	1485	peak	4	Q111182651
Col de la Croix-Morand	45.59708	2.85082	1401	pass	6	Q2982165
Puy de la Croix Morand	45.59815	2.85714	1520	peak	3	Q31646128
Mont Peney	45.59770	5.98807	1356	peak	6	Q3322035
Dent d'Arclusaz	45.60067	6.17368	2041	peak	3	Q31653250
Col du Mont	45.60148	6.98179	2632	pass	3	Q49131461
Punta di Bioula	45.60312	7.17299	3414	peak	3	Q3925753
Grivola	45.59600	7.25744	3969	peak	18	Q1373
Grivoletta	45.60296	7.27073	3514	peak	3	Q3776863
Torre Ponton	45.60364	7.49454	3101	peak	5	Q18168793
Finestra di Champorcher	45.59938	7.49816	2826	pass	4	Q3068431
Bec di Nona	45.60232	7.84968	2085	peak	4	Q3637347
Colle della Lace	45.59892	7.89150	2121	pass	3	Q3682783
Transfăgărășan	45.60248	24.61401	2042	pass	35	Q934803
Vânătarea lui Buteanu	45.60437	24.63196	2507	peak	10	Q716193
Viștea Mare	45.60290	24.73606	2524	peak	16	Q1075652
Moldoveanu	45.59956	24.73617	2544	peak	48	Q746524
La Banne d'Ordanche	45.61122	2.77254	1513	peak	4	Q2882838
Puy de Baladou	45.61433	2.86742	1455	peak	3	Q49064975
Croix du Nivolet	45.61356	5.96553	1547	peak	9	Q3342293
Grand Nomenon	45.61180	7.23652	3488	peak	6	Q3775075
Punta Pousset	45.61112	7.30243	3046	peak	4	Q3925707
Mont Bechit	45.60855	7.89450	2320	peak	6	Q16579502
Monte Spina	45.60970	10.26294	958	peak	4	Q3862036
Mont Gargan	45.62011	1.64796	731	peak	7	Q3321845
Col de Guéry	45.62111	2.82067	1268	pass	5	Q49130762
Punta Tersiva	45.62031	7.47612	3513	peak	10	Q787458
Monte Mucrone	45.62032	7.94466	2335	peak	11	Q3861764
Monte Rovella	45.62454	8.13137	889	peak	5	Q3322070
Puy de l'Ouire	45.62858	2.83143	1509	peak	3	Q31670350
Montagne de Monthiallier	45.62603	3.80289	1557	peak	3	Q28495454
Mont de Cordon	45.63308	5.62600	400	peak	4	Q3322205
Le Pécloz	45.63173	6.22972	2197	peak	9	Q3411645
Le Grand Mont	45.63156	6.53675	2686	peak	10	Q2069467
Mont Coin	45.63174	6.62049	2520	peak	8	Q3321769
Testa del Rutor	45.63072	7.01469	3486	peak	12	Q1115743
Mont Glacier	45.63148	7.53942	3185	peak	9	Q3321858
Monte Mars	45.63322	7.91528	2600	peak	14	Q890390
Tâmpa	45.63417	25.59291	960	peak	15	Q691448
Puy de Monténard	45.63576	2.93340	1173	peak	3	Q49064985
Signal de Saint-André	45.63825	4.59324	934	peak	3	Q3483591
Mont Tournier	45.64023	5.70502	877	peak	6	Q3322161
Mont Margeriaz	45.63733	6.03540	1845	peak	6	Q3321941
Colombier	45.64448	6.11948	2045	peak	10	Q3321772
Pierra Menta	45.63801	6.65138	2714	peak	10	Q1609401
Le Roignais	45.64310	6.68872	2995	peak	9	Q1619011
Le Château-Blanc	45.64001	7.02415	3408	peak	3	Q3861445
Monte Rosso	45.63562	7.93627	2374	peak	5	Q3861921
Colle della Barma	45.64049	7.93886	2261	pass	4	Q3682778
Punta della Barma	45.64342	7.93964	2379	peak	6	Q3925751
Monte Camino	45.64483	7.94433	2391	peak	7	Q8541049
Monte Casto	45.63761	8.06605	1139	peak	4	Q3321732
Monte Loffa	45.63827	10.92916	1055	peak	3	Q3861690
Pierre-sur-Haute	45.65277	3.80954	1634	peak	10	Q2427038
Mont Gela	45.65266	5.66903	406	peak	3	Q3321847
Col de Plainpalais	45.64750	6.01905	1173	pass	3	Q48753957
Pointe de la Combe Neuve	45.65121	6.68854	2961	peak	3	Q31647015
Grand Assaly	45.65423	6.97020	3173	peak	6	Q3775526
Mont Grauson	45.64969	7.39378	3240	peak	3	Q3861612
Punta Gran Gabe	45.65422	7.92718	2337	peak	5	Q3925676
Monte Tovo	45.64501	7.96195	2230	peak	5	Q3862085
Kokoš / Monte Cocusso	45.64502	13.89305	672	peak	6	Q3861459
Signal du Mont du Chat	45.65985	5.82123	1496	peak	3	Q3483603
Mont du Chat	45.66095	5.82159	1486	pass	4	Q3322225
Pointe de Presset	45.65593	6.66389	2858	peak	3	Q31669500
Mont Valaisan	45.66384	6.90220	2892	peak	4	Q31631426
Punta Garin	45.65527	7.37732	3448	peak	7	Q3925670
Monte Crabun	45.66341	7.78502	2711	peak	3	Q31676391
Colle della Gragliasca	45.65916	7.92192	2213	pass	4	Q3682782
Punta della Gragliasca	45.66472	7.92252	2397	peak	8	Q3322219
Monticchio	45.66363	8.04758	1696	peak	5	Q3862481
Bocchetto Sessera	45.66415	8.06280	1373	pass	6	Q964498
Cima di Marana	45.65872	11.21653	1559	peak	4	Q3676742
Le Grand Thur	45.66781	5.64474	758	peak	3	Q3114601
Molard Noir	45.67158	5.82932	1452	peak	5	Q3319438
Pointe de la Grande Journée	45.66757	6.50093	2460	peak	8	Q524185
Aiguille du Grand Fond	45.66621	6.67087	2920	peak	9	Q1983080
Pointe de la Terrasse	45.67028	6.72470	2881	peak	9	Q929877
Mont Paramont	45.67155	7.02835	3301	peak	6	Q1976492
Monte Pietra Bianca	45.67045	7.91103	2491	peak	6	Q3861839
Rocca d'Argimonia	45.66764	8.10455	1610	peak	3	Q18005284
Monte Rubello	45.67357	8.13231	1410	peak	5	Q3861935
Monte Pizzocolo	45.67307	10.59205	1581	peak	8	Q1945888
Monte Castello di Gaino	45.66904	10.62139	866	peak	3	Q31666479
Corno d'Aquilio	45.67146	10.94305	1545	peak	4	Q17628211
Puy de Charmont	45.67753	2.96087	1138	peak	3	Q31669916
Dent du Chat	45.67501	5.83331	1389	peak	7	Q3023320
Mont Revard	45.68190	5.97517	1538	peak	7	Q338932
Pointe d'Arcalod	45.68171	6.22814	2217	peak	13	Q1619770
La Roche-Pourrie	45.68405	6.46031	2041	peak	5	Q3437519
Mont Mirantin	45.68420	6.49905	2463	peak	8	Q3321958
Col du Petit-Saint-Bernard	45.67925	6.88294	2188	pass	30	Q1345705
Monte Emilius	45.67886	7.38492	3559	peak	14	Q1664254
Mont Avic	45.67678	7.55512	3007	peak	10	Q3321677
Monte Cresto	45.68053	7.91051	2546	peak	12	Q956562
Cima del Bonom	45.67885	8.01669	1878	peak	6	Q3676785
Passo Zovo	45.68397	11.30976	631	pass	3	Q3897420
Puy de Montchal	45.69254	2.94424	1094	peak	3	Q31669898
Puy de Vichatel	45.68574	2.96134	1094	peak	3	Q31669935
Mont Trélod	45.69272	6.19618	2181	peak	9	Q1648124
Col du Pré	45.69030	6.59797	1703	pass	6	Q5141851
Cormet de Roselend	45.69133	6.69062	1968	pass	10	Q1133080
Pointe de Lancebranlette	45.68557	6.85623	2936	peak	8	Q1158934
Becca di Nona	45.68719	7.36574	3142	peak	8	Q963929
Punta della Vecchia	45.69119	7.90650	2387	peak	6	Q14901004
Colle della Vecchia	45.69334	7.90747	2185	pass	3	Q3682794
Cima delle Guardie	45.68947	8.01881	2007	peak	6	Q3676811
Monte Tomba	45.69245	11.05762	1766	peak	3	Q3862077
Cima Trappola	45.69317	11.10945	1865	peak	4	Q3676773
Monte Zevola	45.68745	11.14404	1976	peak	5	Q3862138
Puy de Montgy	45.69974	2.93258	1133	peak	3	Q31682172
Puy Giroux	45.70464	3.07655	838	peak	3	Q26252980
Le Roc Rouge	45.70404	6.34235	1720	peak	5	Q953548
Rocher du Vent	45.70488	6.67027	2360	peak	3	Q31627380
Monte Colmet-Cima Nord	45.70327	6.98807	3020	peak	4	Q11785339
Monte Barbeston	45.70231	7.59790	2482	peak	3	Q31676812
Punta del Cravile	45.70334	8.00813	2384	peak	4	Q3925740
Cima dell'Asnas	45.70418	8.04542	2039	peak	5	Q3676799
Monte Plische	45.70193	11.13624	1991	peak	4	Q3861853
Mala gora	45.70156	14.85412	698	peak	3	Q31529435
Puy de Pourcharet	45.70908	2.93153	1164	peak	3	Q31669881
Puy de Montjuger	45.70533	2.94283	1142	peak	3	Q31682156
Puy de Lassolas	45.71103	2.95819	1187	peak	8	Q3411095
Puy de la Vache	45.70557	2.96315	1167	peak	7	Q3411102
Puy de la Mey	45.71067	2.96349	1136	peak	3	Q97188481
Mont Julioz	45.70576	6.16001	1672	peak	4	Q3321888
Punta Serange	45.70970	7.92519	2337	peak	3	Q24933313
Colle della Mologna Piccola	45.71125	7.92752	2205	pass	4	Q3682787
Monte Bo	45.71408	7.99881	2556	peak	13	Q2281815
Monte Bronzone	45.70894	9.99097	1334	peak	3	Q30633010
Măgura Codlei	45.70904	25.40391	1294	peak	5	Q1959460
Puy de Mercœur	45.71659	2.95614	1249	peak	6	Q3411093
Mont Nery / Becca Frudiera	45.71563	7.82030	3075	peak	10	Q3321995
Colle della Mologna Grande	45.72311	7.93461	2364	pass	4	Q3682786
Punta Tre Vescovi	45.72459	7.93740	2503	peak	11	Q3925734
Bocchetta del Croso	45.72040	7.97435	1954	pass	4	Q3641498
Monte Canto	45.72241	9.48714	710	peak	5	Q3861302
Monte Denervo	45.72500	10.66687	1461	peak	3	Q31635196
Cima Carega	45.72396	11.13009	2259	peak	6	Q3676726
Cima Mosca	45.72369	11.13945	2142	peak	3	Q3676747
Passo Xon	45.72027	11.22110	671	pass	4	Q3897348
Puy de Laschamps	45.73421	2.95186	1256	peak	3	Q31393929
Mont Charvaz	45.73183	5.82377	1158	peak	3	Q3322210
Dent de Cons	45.72963	6.35127	2062	peak	8	Q3023307
Croix d'Outray	45.73411	6.61848	2335	peak	3	Q31635172
Rochers des Enclaves	45.73276	6.64601	2466	peak	3	Q31645384
Col des Fours	45.73123	6.72394	2665	pass	3	Q49131311
Tête Sud des Fours	45.73062	6.72451	2716	peak	3	Q49754482
Pointe Léchaud / Punta Lechaud	45.73379	6.81417	3127	peak	6	Q2281174
Pointe Lazouney	45.73472	7.92707	2579	peak	7	Q18095506
Monte Barone	45.73388	8.15450	2044	peak	11	Q585018
Monte Vesta	45.72931	10.56580	1397	peak	4	Q3862122
Cima Valdritta (Monte Baldo)	45.72639	10.84388	2218	peak	21	Q1945737
Passo di Campogrosso	45.72900	11.16886	1453	pass	5	Q3897429
Col de la Moréno	45.74155	2.94885	1102	pass	4	Q49130898
Col du Bonhomme	45.73501	6.70660	2329	pass	5	Q961339
Tête Nord des Fours	45.73550	6.72603	2756	peak	3	Q49754473
Colle San Carlo	45.74282	6.98861	1951	pass	4	Q2691729
Testa Comagna	45.74463	7.72241	2105	peak	4	Q16613284
Testone delle Tre Alpi	45.73791	8.02206	2081	peak	3	Q3985254
Cima d'Ometto	45.74064	8.05945	1912	peak	4	Q3676781
Monte Misma	45.73678	9.81852	1161	peak	5	Q3861752
Monte Manos	45.73694	10.53863	1516	peak	7	Q3861725
Monte Cas	45.74471	10.73601	779	peak	3	Q31644349
Cima delle Pozzette	45.74198	10.85496	2132	peak	5	Q16943174
Monte Baffelan	45.73731	11.17902	1793	peak	4	Q3632835
Puy Monchier	45.74749	2.94933	1210	peak	3	Q29422025
Puy de Gravenoire	45.75201	3.04972	822	peak	5	Q3411089
Mont Bisanne	45.74712	6.50572	1944	peak	3	Q31659593
Tête de la Cicle	45.75490	6.68671	2552	peak	7	Q1703447
Col de la Cicle	45.75333	6.68931	2377	pass	3	Q49130833
Aiguilles de la Pennaz	45.74503	6.69905	2688	peak	8	Q1631431
Col d'Enclave	45.75464	6.74434	2672	pass	3	Q49130568
Col de la Seigne	45.75126	6.80721	2515	pass	5	Q867694
Col des Chavannes	45.74942	6.83505	2592	pass	3	Q49130681
Mont Berrio Blanc	45.75312	6.89797	3252	peak	4	Q3861225
Beccaz-France	45.74828	7.21892	2312	peak	3	Q31676636
Col de Joux	45.75400	7.70288	1639	pass	5	Q2583852
Monte Bo di Valsesia	45.74658	8.02248	2071	peak	4	Q14836866
Monte Tovo	45.75420	8.21798	1386	peak	4	Q3862084
Monte Cornetto	45.74698	11.17619	1899	peak	7	Q2737193
Monte Lanaro / Volnik	45.74702	13.78241	544	peak	4	Q3861663
Japetić	45.74899	15.60920	879	peak	3	Q16110441
Puy Lagarde	45.75890	1.87789	799	peak	3	Q16671611
Puy Besace	45.76098	2.94699	1112	peak	3	Q31394955
Col de la Luère	45.76283	4.62891	715	pass	3	Q2982181
Colline de Fourvière	45.76242	4.82254	295	peak	13	Q764519
Roc des Boeufs	45.75505	6.16622	1774	peak	4	Q3437350
Col des Saisies	45.76156	6.53336	1650	pass	6	Q2982245
Mont Tondu	45.76352	6.75536	3192	peak	10	Q1323168
Monte Torrezzo	45.75834	9.96262	1378	peak	5	Q16579700
Monte Guglielmo	45.75585	10.16836	1948	peak	8	Q504194
Cima di Camiolo	45.75600	10.60953	1235	peak	5	Q3861294
Pian delle Fugazze	45.76020	11.17332	1163	pass	6	Q3901892
Cima Summano	45.75959	11.39024	1296	peak	5	Q3862048
Sveta Gera / Trdinov vrh	45.75979	15.31816	1178	peak	15	Q3047978
Puy de Dôme	45.77265	2.96441	1464	peak	42	Q607372
La Croix-Rousse	45.77294	4.82993	254	peak	14	Q8656
Chard du Beurre	45.76940	6.54732	1889	peak	3	Q31648229
Aiguille de Roselette	45.77072	6.69070	2384	peak	3	Q31631769
Canto Alto	45.77010	9.66987	1146	peak	7	Q3655816
Corna Trentapassi	45.77076	10.08563	1244	peak	4	Q933864
Monte Stino	45.76681	10.55064	1467	peak	5	Q3862043
Col de l'Épine	45.77931	6.34897	947	pass	3	Q8559767
Col du Joly	45.78392	6.67401	1989	pass	4	Q2744083
Aiguille des Glaciers	45.77839	6.80257	3815	peak	14	Q1705506
Mont Fallère	45.77541	7.19443	3061	peak	8	Q3861037
Punta Sivella	45.78351	7.96782	2523	peak	3	Q3925722
Monte Linzone	45.77645	9.53183	1392	peak	6	Q3861685
Colle di San Zeno	45.78120	10.18737	1418	pass	3	Q3682809
Le Grand Suchet	45.79056	2.95527	1231	peak	6	Q3114585
Puy de Clierzou	45.79469	2.95952	1197	peak	3	Q28493689
Le Petit Suchet	45.78987	2.96137	1198	peak	6	Q3377210
Praz Véchin	45.79422	6.44384	1743	peak	3	Q31659640
Mont Lachat	45.78589	6.52622	1607	peak	3	Q31641275
Mont de Vorès	45.79245	6.59922	2067	peak	3	Q30124055
Aiguille de Tré-la-Tête Centrale Sud-Est	45.79461	6.81508	3930	peak	14	Q731683
Petit Mont Blanc	45.79177	6.83297	3431	peak	3	Q31616758
Monte Zerbion	45.78810	7.66359	2722	peak	9	Q679594
Cima delle Balme	45.79177	8.06380	1930	peak	3	Q31648052
Monte Briasco	45.79313	8.31692	1183	peak	3	Q48228645
Passo di Valcava	45.78820	9.51421	1340	pass	3	Q4007964
Monte Cornagera	45.79391	9.77857	1311	peak	5	Q3861480
Passo del Baremone	45.79197	10.46527	1406	pass	3	Q2157217
Monte Cingla	45.78555	10.56711	1670	peak	3	Q3861453
Bocca di Navene	45.78796	10.87259	1425	pass	5	Q3641470
Dente Italiano	45.79432	11.17598	2220	peak	7	Q3705524
Cima Palon	45.79223	11.17654	2232	peak	9	Q3676757
Monte Priaforà	45.78651	11.31941	1659	peak	7	Q3861872
Monte Ermada	45.79473	13.62625	323	peak	6	Q3861523
Postojnska vrata	45.79271	14.23036	606	pass	6	Q7234416
Postojnska vrata	45.79263	14.23046	606	pass	6	Q7234416
Velika Slivnica	45.79012	14.40806	1114	peak	7	Q6290738
Puy de Côme	45.79680	2.94064	1251	peak	7	Q3411087
Puy de Fraisse	45.80456	2.96250	1120	peak	3	Q31394856
Puy Pariou	45.79548	2.97000	1209	peak	7	Q3411078
Mont Charvin	45.80235	6.42017	2409	peak	6	Q3321741
Aiguille Croche	45.80055	6.65933	2487	peak	9	Q2471852
Aiguille de la Bérangère	45.80277	6.77879	3425	peak	4	Q3607098
Mont Chétif	45.79969	6.94880	2343	peak	5	Q3861450
Col Citrin	45.79590	7.14441	2484	pass	3	Q33164728
Becca d'Aver	45.80073	7.53567	2469	peak	7	Q3637369
Corno Bussola	45.79567	7.73671	3023	peak	6	Q3693758
Corno Vitello	45.80448	7.78852	3057	peak	4	Q19545347
Sacro Monte di Orta	45.79682	8.41062		peak	10	Q1787480
Monte Tesoro	45.79845	9.49410	1431	peak	6	Q3862065
Monte Caplone	45.80218	10.64120	1976	peak	9	Q3861306
Cima Mughera	45.79824	10.71907	1272	peak	3	Q18019109
Coni Zugna	45.79585	11.06905	1772	peak	4	Q3686973
Dente Austriaco	45.79639	11.17497	2203	peak	3	Q66685063
Col des Goules	45.80574	2.97836	997	pass	3	Q49131320
Puy des Goules	45.80961	2.98000	1146	peak	6	Q3411104
Grand Sarcouy	45.81428	2.98105	1147	peak	5	Q3114564
Mollard de Don	45.80987	5.58018	1217	peak	3	Q3319591
Col de la Forclaz	45.80846	6.24476	1147	pass	7	Q8559760
Le Crêt du Midi	45.81176	6.58204	1890	peak	3	Q49752313
Pointe Baretti	45.81438	6.86346	4013	peak	16	Q30546
Grande Rochère	45.81378	7.06142	3328	peak	8	Q3775581
Dosso Alto	45.81343	10.41708	2064	peak	3	Q3714456
Cima Tombea	45.80632	10.62552	1946	peak	6	Q3862081
Monte Altissimo di Nago	45.81019	10.88884	2079	peak	8	Q2448521
Corno Battisti	45.81172	11.12336	1778	peak	6	Q3861483
Monte Cengio	45.81077	11.39562	1354	peak	7	Q3861433
Montello	45.80817	12.09731	371	peak	4	Q2902517
Puy de Lemptégy	45.81862	2.94681	970	peak	5	Q3229393
Puy de Chaumont	45.82449	2.96972	1111	peak	3	Q21532096
Mont Cindre	45.82483	4.82129		peak	4	Q3321756
Mont Cindre	45.82498	4.82132	470	peak	4	Q3321756
Le Treu	45.82019	6.46524	1835	peak	3	Q49752719
Dômes de Miage	45.81527	6.80028	3673	peak	12	Q646311
Dômes de Miage (5ème dôme)	45.81590	6.80329	3672	peak	12	Q646311
Mont Brouillard	45.81760	6.86502	4069	peak	16	Q30488
Picco Luigi Amedeo	45.82191	6.86513	4460	peak	19	Q30411
Pic Eccles	45.82164	6.87480	4041	peak	7	Q3382301
Punta Innominata	45.81631	6.87641	3731	peak	5	Q3925678
Aiguille Blanche de Peuterey - Nord	45.82375	6.88126	4098	peak	20	Q30472
Aiguille Blanche de Peuterey - Centrale	45.82338	6.88175	4112	peak	20	Q30472
Aiguille Blanche de Peuterey - Sud	45.82305	6.88408	4099	peak	20	Q30472
Punta Gugliermina	45.81957	6.88711	3893	peak	3	Q3902552
Les Dames Anglaises	45.81684	6.89233	3601	peak	4	Q1151585
Aiguille Noire de Peuterey	45.81518	6.89340	3772	peak	12	Q404650
Mont de la Saxe	45.82183	7.00077	2346	peak	3	Q111210658
Monte Faroma	45.81938	7.44728	3073	peak	4	Q3861534
Mont Tantané	45.81677	7.64723	2734	peak	4	Q19545432
Corno Bianco	45.82255	7.87868	3320	peak	9	Q1134007
Sacro Monte di Varallo	45.81886	8.25578	612	peak	14	Q2211082
Sasso di Cavallasca	45.81904	9.04234	614	peak	4	Q3861988
Monte Zucco	45.82132	9.65615	1232	peak	6	Q3862143
Giogo del Maniva	45.82263	10.41010	1664	pass	4	Q2108573
Monte Cimone	45.82167	11.34755	1226	peak	5	Q2448119
Martin breg	45.82334	16.23508	205	peak	6	Q1903511
Rocher du Roux	45.82578	6.25612	1561	peak	3	Q31631378
La Tournette	45.82709	6.28615	2351	peak	12	Q1758703
Montagne de Sulens	45.82919	6.37178	1839	peak	3	Q31629304
Mont Joly	45.82599	6.69299	2524	peak	11	Q303737
Col de Miage	45.82512	6.81142	3358	pass	4	Q1030855
Rocher de la Tournette	45.83288	6.85991	4677	peak	7	Q3437614
Mont Blanc / Monte Bianco	45.83271	6.86517	4807	peak	127	Q583
Monte Bianco di Courmayeur	45.82838	6.86967	4748	peak	25	Q30395
Grand Pilier d'Angle	45.82785	6.87979	4243	peak	15	Q30441
Aiguille de la Brenva	45.83407	6.91845	3278	peak	7	Q3607099
Tête entre deux Sauts	45.83117	7.04005	2728	peak	3	Q2463825
Testa Grigia	45.83080	7.78662	3314	peak	7	Q3985156
Monte Cornaggia	45.82769	8.50676	921	peak	3	Q3861477
Monte Boletto	45.83370	9.14237	1238	peak	4	Q1945742
Monte Barro	45.83079	9.38021	922	peak	7	Q666645
Monte Suchello	45.83149	9.76580	1541	peak	3	Q16579698
Passo della Borcola	45.82916	11.20563	1207	pass	5	Q3897387
Puy de la Coquille	45.84226	2.96278	1152	peak	3	Q21532074
Mont Thou	45.84162	4.79727	609	peak	3	Q3322139
Montagne de Cotagne	45.84488	6.29693	1917	peak	3	Q31646658
Aiguille de Bionnassay	45.83605	6.81867	4052	peak	19	Q30493
Dôme du Goûter	45.84258	6.84347	4304	peak	22	Q30434
Grande Bosse	45.83606	6.85460	4513	peak	3	Q3114907
Petite Bosse	45.83523	6.85591	4547	peak	5	Q2415466
La Tour Ronde	45.84400	6.90753	3792	peak	12	Q749949
Aiguille d'Entrèves	45.84483	6.91710	3604	peak	5	Q3607095
Tete de Crevacol	45.84305	7.14064	2612	peak	3	Q31676724
Rothorn	45.84411	7.78526	3152	peak	4	Q3861927
Monte Bolettone	45.83715	9.17938	1318	peak	7	Q3641759
Monte Scioscia	45.83506	9.26578	667	peak	6	Q3952389
Monte Cornizzolo	45.83707	9.30193	1241	peak	8	Q1069732
Monte Magnodeno	45.83961	9.44072	1241	peak	3	Q24940446
Passo di Tremalzo	45.83669	10.69026	1664	pass	6	Q497266
Monte Tremalzo	45.84172	10.69904	1973	peak	9	Q3862087
Punta Larici	45.83526	10.81632	907	peak	4	Q16269318
Puy de Louchadière	45.85285	2.95115	1198	peak	5	Q3411091
Puy de Jumes	45.84676	2.96596	1161	peak	4	Q21532108
Mont Boussuivre	45.85080	4.38093	1004	peak	5	Q3321707
Mont Verdun	45.84895	4.77913	626	peak	3	Q11041
Lanfonnet	45.85024	6.25429	1795	peak	3	Q31659783
L'Étale	45.84971	6.44734	2484	peak	7	Q154369
Mont Joux	45.84661	6.67631	1964	peak	3	Q31659766
Aiguille du Goûter	45.85095	6.83124	3863	peak	9	Q2334655
Pointe Bayeux	45.84679	6.84338	4258	peak	5	Q3393540
Mont Maudit / Monte Maudit	45.84744	6.87599	4465	peak	22	Q30415
Le Grand Capucin	45.85203	6.89978	3838	peak	12	Q205392
Aiguille de Toula	45.84794	6.92177	3528	peak	5	Q3607096
Grand Flambeau	45.84765	6.92766	3569	peak	4	Q3775048
Pointe Helbronner / Punta Helbronner	45.84587	6.93176	3462	peak	12	Q2093151
Col du Géant	45.84761	6.93480	3360	pass	7	Q2982284
Col de Champillon	45.85016	7.25940	2709	pass	3	Q41799659
Becca di Nana	45.84918	7.68458	3010	peak	4	Q3637375
Punta Straling	45.85375	7.87389	3115	peak	4	Q3925724
Cima Carnera	45.85498	7.96986	2741	peak	3	Q3676727
Monte Novesso	45.84545	8.32497	1409	peak	3	Q31645721
Monte Mazzarone	45.85397	8.44864	1146	peak	3	Q3861735
Monte del Falò	45.84711	8.48171	1080	peak	5	Q3862148
Pizzo dell'Asino	45.85342	9.19150	1272	peak	4	Q15124895
Monte Barzaghino	45.84685	9.23598	1063	peak	4	Q3635491
Corno Guazza	45.85367	9.90079	1270	peak	4	Q3693761
Pizzo Formico	45.84762	9.92399	1636	peak	6	Q3905995
Monte Colombine	45.84739	10.35636	2217	peak	5	Q3861470
Dos de Cala	45.84827	10.82567	576	peak	3	Q31644483
Monte Maggio	45.84905	11.22188	1852	peak	5	Q16579632
Puy de Tressous	45.86299	2.95099	985	peak	3	Q31394849
Col de la Nugère	45.85667	2.98056	875	pass	4	Q49130902
Puy de la Nugère	45.86015	2.98363	988	peak	5	Q3411100
Mont Py	45.86029	4.79054	566	peak	3	Q11041
Dents de Lanfon	45.86116	6.24161	1828	peak	8	Q3023355
Le Christomet	45.86245	6.56840	1853	peak	3	Q31659846
Mont d'Arbois	45.85520	6.66881	1839	peak	6	Q3322200
Mont Blanc du Tacul	45.85659	6.88796	4248	peak	21	Q30438
Pointe Lachenal	45.86470	6.89582	3613	peak	5	Q7208326
Pyramide du Tacul	45.85651	6.90225	3468	peak	3	Q3926065
Dent du Géant / Pointe Graham	45.86190	6.95190	4013	peak	22	Q30541
Aiguille de Rochefort	45.86210	6.95997	4001	peak	16	Q404672
Dôme de Rochefort	45.86435	6.96768	4015	peak	15	Q30533
Aiguille de l'Évêque	45.86131	7.00450	3258	peak	3	Q16487658
Grand Golliat	45.85923	7.10099	3237	peak	19	Q2574965
Grand Mont Mort	45.86357	7.17861	2867	peak	8	Q16887795
Pointe de Barasson	45.86306	7.20080	2963	peak	5	Q7208340
Passo di Zube	45.86064	7.87459	2874	pass	3	Q33169029
Pizzo Tracciora di Cervatto	45.85661	8.13675	1917	peak	4	Q3906019
Sacro Monte di Varese	45.86176	8.79234	880	peak	11	Q1224490
Monte Monarco	45.86285	8.84072	854	peak	7	Q3861759
Monte Palanzone	45.86209	9.20166	1436	peak	8	Q1152669
Pizzo d'Erna	45.86196	9.44471	1366	peak	4	Q15831611
Punta Cermenati (Monte Resegone)	45.85841	9.46886	1875	peak	13	Q1231343
Monte Sornadello	45.85842	9.61064	1580	peak	3	Q31648283
Monte Gioco	45.85722	9.70289	1366	peak	4	Q3862139
Monte Alben	45.86209	9.78208	2019	peak	5	Q3861171
Monte Toraro	45.86227	11.26875	1897	peak	4	Q3862078
Trstelj	45.85785	13.70379	643	peak	3	Q12804458
Szársomlyó	45.85546	18.41016	442	peak	7	Q1301520
Croix Rampau	45.86767	4.80144	465	peak	3	Q3003273
Tête de Cabeau	45.86673	6.40869	1658	peak	3	Q49754339
Col des Aravis	45.87228	6.46487	1487	pass	10	Q533689
Mont Lachat	45.87090	6.79357	2115	peak	3	Q31641262
Le Gros Béchard	45.87425	6.84042	2582	peak	3	Q34923552
Les Grands Mulets	45.86712	6.86158	3057	peak	4	Q31639382
Col du Midi	45.86947	6.88701	3518	pass	3	Q49131459
Gros Rognon	45.86861	6.90439	3541	peak	3	Q18214850
Mont Mallet	45.86556	6.96106	3970	peak	6	Q971497
Col des Grandes Jorasses	45.86778	6.97351	3819	pass	3	Q720472
Pointe Marguerite / Punta Margherita	45.86857	6.97786	4065	peak	4	Q3925690
Pointe Hélène / Punta Elena	45.86876	6.97934	4045	peak	3	Q3925668
Pointe Croz / Punta Croz	45.86924	6.98213	4110	peak	4	Q1995374
Pointe Whymper / Punta Whymper	45.86876	6.98498	4180	peak	5	Q3816904
Grandes Jorasses / Pointe Walker	45.86816	6.98898	4208	peak	8	Q2403858
Aiguille des Angroniettes	45.87129	7.09374	2885	peak	9	Q4696862
Mont Fourchon	45.86829	7.13310	2902	peak	4	Q16887788
Col du Grand Saint-Bernard	45.86905	7.17041	2469	pass	45	Q623424
Becca di Luseney	45.87060	7.49086	3504	peak	10	Q3382378
Grand-Tournalin - Punta Nord	45.87150	7.68790	3379	peak	8	Q3775505
Corno del Camoscio	45.87311	7.86776	3024	peak	4	Q64825374
Col d'Olen	45.87050	7.86879	2880	pass	3	Q3682479
Corno Rosso	45.86720	7.86893	3023	peak	4	Q31666737
Corno d'Olen	45.87478	7.91067	2556	peak	5	Q2787931
Monte Tagliaferro	45.87301	7.97070	2964	peak	8	Q3862053
Monte Tre Croci	45.86604	8.78050	1111	peak	3	Q60840767
Monte Chiusarella	45.87336	8.81429	915	peak	5	Q3861449
Monte Bisbino	45.87369	9.06666	1325	peak	8	Q3861242
Monte Moregallo	45.86640	9.34006	1276	peak	6	Q13859214
Monte San Martino	45.87467	9.38729	1046	peak	7	Q3861962
Cima Rocca	45.87230	10.82196	1090	peak	3	Q28001008
Cima Capi	45.86954	10.82861	909	peak	3	Q28000997
Passo San Giovanni	45.87384	10.90662	272	pass	4	Q3897338
Monte Campomolon	45.87350	11.28468	1853	peak	4	Q3861299
Monte Grappa	45.87343	11.79920	1776	peak	20	Q701820
Fajti hrib	45.86826	13.64275	434	peak	3	Q3714460
Puy de Paugnat	45.87997	2.97709	898	peak	4	Q3411096
Puy de la Bannière	45.87898	3.03360	733	peak	3	Q3411101
Col de la Croix Fry	45.87758	6.40602	1467	pass	5	Q2982162
Tête de la Charme	45.88106	6.75025	1870	peak	3	Q49754362
Aiguille du Midi	45.87864	6.88735	3842	peak	42	Q404728
Aiguille du Tacul	45.88435	6.96078	3444	peak	7	Q3607103
Les Périades	45.88095	6.96219	3503	peak	5	Q3830848
Petites Jorasses	45.88171	7.00261	3650	peak	8	Q3900992
Monte Gruetta	45.88423	7.02095	3686	peak	3	Q3861038
Pointe de Drône	45.87900	7.15735	2949	peak	8	Q3647316
Monte Pancherot	45.88373	7.60207	2614	peak	3	Q3861040
Becca d'Aran	45.87746	7.66274	2953	peak	3	Q3637367
Stolemberg	45.88220	7.86528	3202	peak	6	Q2610164
Passo dei Salati	45.87589	7.86826	2980	pass	4	Q3897354
Corno Mud	45.88431	7.96322	2802	peak	3	Q31666756
Mottarone	45.88154	8.45389	1491	peak	19	Q926621
Monte Minisfreddo	45.88231	8.84840	1037	peak	7	Q3861745
Cima Valdes	45.88344	10.80797	1575	peak	3	Q31635648
Monte Brione	45.88498	10.87459	376	peak	6	Q1665141
Monte Biaena	45.88271	10.97097	1618	peak	5	Q3861230
Passo Coe	45.87732	11.21206	1610	pass	4	Q1475217
Spitz di Tonezza	45.87504	11.31922	1694	peak	3	Q3966909
Aiguille de Borderan	45.88643	6.47794	2492	peak	6	Q2827875
Les Parrossaz	45.88842	6.48504	2556	peak	6	Q3366031
Pointe des Verres	45.88991	6.49511	2532	peak	3	Q31682599
La Grande Balmaz	45.89291	6.49650	2616	peak	7	Q3114902
Le Prarion	45.89418	6.75050	1969	peak	3	Q31659960
Aiguille des Pèlerins - Secteur du Plan	45.89495	6.90149	3318	peak	3	Q2827889
Aiguille du Plan	45.89170	6.90723	3673	peak	10	Q2569448
Dent du Crocodile	45.89282	6.90770	3640	peak	3	Q10265127
Dent du Caïman	45.89442	6.90903	3554	peak	4	Q3023318
Dent du Requin	45.88762	6.91764	3422	peak	6	Q3023323
Aiguille de l'Éboulement	45.89317	7.00301	3599	peak	3	Q1657146
Aiguille de Leschaux	45.88720	7.00668	3759	peak	11	Q1151985
Grand Col Ferret	45.88903	7.07786	2537	pass	13	Q24759
Mont Vélan	45.89194	7.25147	3727	peak	22	Q669860
Mont Roisetta (Punta Nord)	45.88723	7.68099	3334	peak	4	Q3861910
Monte Martica	45.88744	8.81625	1026	peak	6	Q3861731
Poncione di Ganna	45.89074	8.84081	993	peak	7	Q3907916
Monte Orsa	45.88791	8.91488	998	peak	4	Q21194663
Monte Pravello	45.89219	8.92414	1015	peak	3	Q21194673
Poncione d'Arzo	45.89190	8.92715	1017	peak	10	Q7227633
Monte Colmegnone	45.89246	9.11828	1378	peak	4	Q3861462
Monte Coltignone	45.88561	9.38902	1471	peak	5	Q8545613
Monte Pora	45.88528	10.10944	1880	peak	6	Q3861864
Cima d'Oro	45.88962	10.78970	1802	peak	3	Q31635844
Rocchetta Giochello	45.88549	10.81689	1519	peak	5	Q1945901
Monte San Michele / Debela griža	45.88587	13.54684	276	peak	9	Q3861967
Grand Colombier	45.90123	5.76090	1534	peak	14	Q748241
Col du Grand Colombier	45.90346	5.76166	1498	pass	19	Q2049244
Mont Veyrier	45.90062	6.18262	1291	peak	4	Q3322170
La Roualle	45.90080	6.50259	2589	peak	6	Q3443063
Croisse Baulet	45.89868	6.55253	2236	peak	4	Q3003189
Aiguille du Fou	45.89735	6.91235	3501	peak	5	Q2827893
Aiguille de Blaitière	45.89928	6.91305	3522	peak	10	Q404669
Aiguille des Grands Charmoz	45.90423	6.91884	3445	peak	14	Q404688
Aiguille du Grépon	45.90284	6.91906	3482	peak	13	Q404707
Aiguille de Roc	45.90197	6.92098	3409	peak	3	Q2827880
Aiguille de Talèfre	45.89950	7.00378	3730	peak	8	Q1578316
Col Grépillon / Col Petit Ferret	45.89850	7.06830	2490	pass	6	Q33169056
Tête de Ferret	45.89519	7.07655	2714	peak	13	Q3647452
Monts Telliers	45.89832	7.14531	2951	peak	6	Q6906549
Mont Gelé	45.90414	7.36590	3518	peak	16	Q674012
Col de Crête Sèche	45.89949	7.39102	2899	pass	8	Q2332335
Massa del Turlo	45.89528	8.27715	1959	peak	5	Q3850877
Monte Due Mani	45.89936	9.44968	1666	peak	7	Q3861519
Monte Finonchio	45.90043	11.11622	1603	peak	3	Q3861543
Sljeme	45.89930	15.94738	1033	peak	12	Q3080247
Tête Pelouse	45.90926	6.50945	2537	peak	4	Q3546912
Roche Perfia	45.91477	6.51338	2499	peak	6	Q3437516
Tête noire	45.90796	6.74330	1746	peak	3	Q49754469
Aiguille de l'M	45.91223	6.91260	2844	peak	3	Q18474735
Aiguille de la République	45.90567	6.92126	3305	peak	4	Q2827884
Aiguille Savoie	45.90658	7.01424	3603	peak	3	Q117779856
Petit Grépillon	45.91343	7.06055	3355	peak	8	Q3647009
Petit Grépillon	45.91163	7.06188	3324	peak	8	Q3647009
Pointe Allobrogia	45.90944	7.06442	3171	peak	10	Q3646976
Le Petit Vélan	45.90602	7.23660	3223	peak	8	Q3646958
Mont de la Gouille	45.90736	7.25979	3212	peak	11	Q3646917
Fenêtre de Durand	45.91055	7.35649	2797	pass	7	Q3068432
Bec d'Épicoune	45.91458	7.42231	3531	peak	10	Q3637372
Pointes des Fontanelles - Sud	45.90596	7.55562	3384	peak	3	Q3925754
Mont Rous	45.90699	7.58530	3240	peak	3	Q3861041
Gran Sometta	45.91435	7.67704	3166	peak	3	Q3774959
Balmenhorn	45.91384	7.85813	4167	peak	10	Q805471
Piramide Vincent	45.90811	7.86131	4215	peak	20	Q30450
Corno Nero	45.91497	7.86198	4322	peak	20	Q30429
Punta Giordani	45.90576	7.86780	4046	peak	13	Q679917
Corno di Faller	45.90682	7.94278	3128	peak	5	Q3693773
Monte Capio	45.91052	8.23868	2172	peak	6	Q56525725
Sasso del Ferro	45.91160	8.64329	1062	peak	7	Q3950693
Monte San Giorgio	45.91376	8.94989	1097	peak	47	Q16648
Sasso Gordona	45.91197	9.08100	1410	peak	6	Q3950689
Corno Zuccone	45.90646	9.53922	1458	peak	5	Q3693766
Monte Cancervo	45.91446	9.61781	1835	peak	3	Q47490727
Cima di Grem	45.90781	9.82232	2049	peak	3	Q21194628
Monte Altissimo	45.91417	10.17333	1703	peak	5	Q3861181
Passo di Crocedomini	45.90753	10.40951	1892	pass	6	Q353065
Cima Parì	45.90590	10.76620	1991	peak	3	Q31635272
Passo Bordala	45.90714	10.97714	1250	pass	3	Q2056116
Col de la Lèbe	45.91905	5.61953	914	pass	3	Q18537962
Mont Téret	45.91583	6.25965	1797	peak	3	Q31628731
Tête du Danay	45.92209	6.44830	1731	peak	3	Q3546963
Tête de Paccaly	45.91912	6.51979	2467	peak	4	Q3546929
La Miaz	45.92028	6.53861	2336	peak	3	Q22248889
Aiguille du Moine	45.91663	6.96143	3412	peak	7	Q2827894
Aiguille Mummery	45.92211	7.01138	3700	peak	4	Q404641
Aiguille de Triolet	45.91647	7.02420	3870	peak	17	Q404676
Mont Dolent / Monte Dolent	45.92196	7.04617	3820	peak	30	Q665130
La Tsavre	45.91541	7.12975	2978	peak	12	Q6465551
Gran Testa di By	45.92010	7.29782	3588	peak	11	Q2534416
Mont Avril	45.91526	7.34422	3347	peak	15	Q3180021
Château des Dames	45.91613	7.57705	3489	peak	7	Q3676140
Mont Blanc du Créton	45.91825	7.58532	3409	peak	3	Q3861035
Colle superiore delle Cime Bianche	45.91895	7.69069	2982	pass	3	Q3682818
Gobba di Rollin	45.92397	7.73509	3899	peak	14	Q691854
Castor	45.92085	7.79327	4228	peak	26	Q30446
Naso del Liskamm	45.91671	7.83507	4272	peak	3	Q3870502
Liskamm Ostgipfel	45.92248	7.83559	4527	peak	7	Q633283
Entdeckungsfelsen	45.92099	7.85168	4178	peak	7	Q3939544
Colle Del Lys	45.91895	7.86056	4255	pass	6	Q2982291
Ludwigshöhe	45.91671	7.86348	4342	peak	25	Q30423
Parrotspitze / Punta Parrot	45.91989	7.87141	4443	peak	24	Q30418
Punta Grober	45.92121	7.92353	3497	peak	7	Q2572420
Monte Nudo	45.92263	8.68936	1237	peak	7	Q3861789
Monte Scerrè	45.91771	8.80590	799	peak	4	Q3861990
Monte Piambello	45.92212	8.85222	1120	peak	7	Q737450
Monte San Primo	45.91545	9.20982	1682	peak	12	Q1132166
Grigna Meridionale	45.92190	9.39072	2177	peak	7	Q3776753
Monte Scanapa	45.92277	10.09061	1669	peak	4	Q3861993
Monte Stivo	45.92013	10.96369	2054	peak	9	Q1945934
Passo Sommo	45.91955	11.20625	1341	pass	3	Q1488667
Monte Fior	45.91642	11.59997	1824	peak	4	Q3861546
Puy de Montoncel	45.93081	3.69405	1287	peak	4	Q3411098
Montagne de Lachat	45.93269	6.21507	1278	peak	3	Q31641250
Mont Lachat	45.92761	6.35068	2023	peak	6	Q3321909
Tardevant	45.92658	6.52612	2501	peak	3	Q3515636
Mont Fleuri	45.93276	6.53394	2511	peak	4	Q3321827
Le Brévent	45.93391	6.83783	2525	peak	12	Q995694
Aiguille Verte	45.93459	6.97002	4121	peak	26	Q30466
Grande Rocheuse	45.93449	6.97275	4102	peak	14	Q30476
Aiguille du Jardin	45.93389	6.97595	4035	peak	14	Q30502
Les Droites	45.93068	6.98931	4000	peak	15	Q30549
Les Courtes	45.92743	7.00321	3856	peak	5	Q38128
Aouille Tseuque	45.93016	7.44317	3554	peak	11	Q2021615
Becca Làbie	45.93245	7.45636	3465	peak	3	Q122641764
Tour de Créton	45.92614	7.58529	3584	peak	4	Q3996784
Testa Grigia	45.93414	7.70807	3480	peak	9	Q3985158
Roccia Nera	45.93270	7.77513	4075	peak	13	Q2620095
Pollux	45.92781	7.78531	4092	peak	21	Q30485
Liskamm Westgipfel	45.92650	7.82323	4479	peak	12	Q2575023
Zumsteinspitze	45.93217	7.87141	4562	peak	24	Q30400
Punta Gnifetti / Signalkuppe	45.92716	7.87714	4554	peak	24	Q30405
Poggio Croce	45.93494	8.37647	1759	peak	3	Q31648395
Monte Cerano	45.93308	8.38565	1701	peak	4	Q28670497
Passo del Cuvignone	45.92697	8.67053	1036	pass	3	Q2385332
Pizzo di Cuvignone	45.93169	8.67254	1017	peak	3	Q106542649
Monte San Martino	45.92683	8.74507	1087	peak	3	Q112183156
Monte Generoso	45.93128	9.01994	1701	peak	24	Q15271
Monte Venturosa	45.92962	9.61609	1999	peak	3	Q47490330
Cima di Menna	45.92947	9.75976	2300	peak	4	Q3676824
Pizzo Arera	45.93459	9.81582	2512	peak	7	Q3905978
Cima Valmora	45.93090	9.84181	2198	peak	5	Q3676775
Cima del Fop	45.93333	9.86395	2316	peak	6	Q3676791
Passo della Presolana	45.92921	10.09902	1297	pass	5	Q2920550
Monte Verena	45.93066	11.41388	2015	peak	5	Q3862119
Monte Zebio	45.92611	11.50708	1717	peak	5	Q3862137
Čaven	45.93390	13.79646	1186	peak	4	Q12806904
Veliki rob	45.93441	13.80290	1237	peak	3	Q31530770
Krim	45.92855	14.47134	1107	peak	9	Q1440793
Pointe de Queblette	45.93700	6.33394	1915	peak	3	Q31660077
La Mamule	45.93646	6.52801	2404	peak	4	Q3321827
Mont Charvet	45.94247	6.53870	2538	peak	5	Q1033499
Col du Brévent	45.94135	6.84353	2368	pass	4	Q10345965
Petite Aiguille Verte	45.94385	6.96362	3512	peak	6	Q3377325
Pointe Morin	45.94353	7.03660	3587	peak	3	Q22540992
Le Mourin	45.94011	7.17949	2766	peak	8	Q6507325
Petite Aiguille	45.94275	7.27382	3517	peak	8	Q3646925
Combin du Meitin	45.93721	7.27917	3622	peak	7	Q3653354
Combin de Valsorey	45.93801	7.29019	4184	peak	17	Q651715
Grand Combin de Grafeneire	45.93758	7.29922	4314	peak	32	Q15126
Aiguille du Croissant	45.94067	7.30124	4260	peak	13	Q347573
Combin de la Tsessette	45.94288	7.31113	4135	peak	15	Q2714286
Tour de Boussine	45.93617	7.32407	3831	peak	13	Q2641658
Pointe d'Otemma	45.94365	7.39770	3409	peak	9	Q136840
La Sengla Centrale	45.94304	7.47264	3714	peak	13	Q2021596
La Sengla Sud	45.94100	7.47389	3714	peak	13	Q2021596
Gran Becca Blanchen	45.93658	7.47488	3680	peak	4	Q733071
Becca de la Vanette	45.94277	7.51325	3361	peak	6	Q3637368
Becca de Guin	45.94184	7.59156	3802	peak	3	Q3637373
Theodulpass	45.94350	7.70871	3295	pass	13	Q239460
Klein Matterhorn	45.93836	7.72989	3883	peak	27	Q675446
Breithorn Occidentale / Westgipfel	45.94101	7.74773	4164	peak	4	Q3644197
Breithorn Centrale	45.93877	7.75677	4159	peak	12	Q2629296
Breithorn Orientale / Ostgipfel	45.93750	7.76711	4139	peak	13	Q2629275
Gemello del Breithorn	45.93584	7.77036	4106	peak	11	Q2629309
Dufourspitze	45.93692	7.86676	4634	peak	50	Q3403
Dunantspitze	45.93688	7.86777	4631	peak	19	Q664935
Grenzgipfel	45.93672	7.86844	4618	peak	19	Q673716
Nordendspitze	45.94199	7.86993	4609	peak	25	Q30397
Pizzo Bianco	45.93718	7.93974	3215	peak	11	Q3905982
Altemberg	45.93662	8.20386	2394	peak	8	Q3676718
Pizzo della Croce	45.93608	9.05587	1491	peak	6	Q933309
Monte Cadria	45.93859	10.69833	2250	peak	10	Q1545440
Col de la Biche	45.95247	5.74901	1310	pass	3	Q3110139
Tête de la Mandallaz	45.95303	6.05769	900	peak	5	Q3322301
Pointe de Chombas	45.94765	6.54349	2468	peak	3	Q31682648
Pointe des Verts	45.95040	6.54948	2555	peak	3	Q31682666
Les Quatre Têtes	45.95386	6.57279	2364	peak	4	Q3413465
Aiguille des Grands Montets	45.94820	6.96055	3296	peak	8	Q404686
Aiguille de l'A Neuve	45.95286	7.03668	3753	peak	14	Q2486983
Tour Noir	45.94884	7.03743	3836	peak	17	Q664824
L'Epée	45.95466	7.26399	3605	peak	8	Q3653031
Grande Aiguille	45.95035	7.26494	3681	peak	11	Q3647617
Le Moine	45.94546	7.27072	3566	peak	7	Q6507289
La Sengla Nord	45.94575	7.47178	3714	peak	13	Q2021596
Becca d'Oren Ovest	45.95402	7.48291	3490	peak	8	Q663488
Mont Brûlé	45.95495	7.53836	3591	peak	17	Q2047495
Tête des Roèses	45.94948	7.57624	3216	peak	3	Q4001286
Punta Lioy	45.94694	7.59891	3816	peak	4	Q3925681
Furgghorn	45.95415	7.69950	3451	peak	12	Q262583
Theodulhorn	45.94931	7.70840	3472	peak	10	Q7782204
Jägerhorn	45.95256	7.87718	3970	peak	17	Q2113383
Cima di Capezzone	45.94507	8.20891	2421	peak	7	Q16579513
Monte Massone	45.94681	8.33791	2161	peak	7	Q16579635
Mont'Orfano	45.94567	8.45291	794	peak	3	Q28671567
Monte Pian Nave	45.95002	8.72205	1060	peak	5	Q3861838
Monti di Castelvecchio	45.94882	8.79738	622	peak	3	Q3861422
Monte Nuvolone	45.94997	9.23218	1092	peak	5	Q1179066
Grigna Settentrionale	45.95340	9.38768	2410	peak	5	Q20970624
Zuccone Campelli	45.95468	9.51703	2161	peak	3	Q56849179
Monte Frerone	45.94611	10.41397	2673	peak	7	Q3861563
Cornone di Blumone	45.95498	10.45610	2843	peak	8	Q3693787
Monte Tofino	45.94819	10.77265	2151	peak	4	Q3862073
Monte Cesen	45.94594	12.01138	1570	peak	8	Q1672403
Monte Calvario	45.94562	13.59160	241	peak	4	Q3861278
Puy de Chalard	45.95891	2.97426	840	peak	5	Q3411084
Montagne des Auges	45.96304	6.36154	1822	peak	3	Q31660237
Pointe Percée	45.95576	6.55595	2750	peak	12	Q1619525
Aiguille de Varan	45.95810	6.68286	2544	peak	4	Q2827882
Pointe Noire de Pormenaz	45.95835	6.80112	2323	peak	5	Q3393551
Aiguille d'Argentière	45.95972	7.02021	3901	peak	23	Q404738
Grand Lui	45.95823	7.04790	3509	peak	9	Q3695395
Grand Darray	45.95897	7.06053	3514	peak	12	Q3646946
Crêta Vella	45.95988	7.17354	2519	peak	9	Q5191485
Le Ritord	45.96285	7.25632	3556	peak	12	Q3646964
Combin de Boveire	45.96490	7.27074	3663	peak	13	Q3653041
Becca d'Oren Centrale	45.95577	7.48716	3490	peak	8	Q663488
Becca d'Oren Est	45.95563	7.49306	3532	peak	8	Q663488
L'Evêque	45.96441	7.50275	3716	peak	17	Q2575005
Col Collon	45.96090	7.51339	3074	pass	6	Q926577
Punta Kurz	45.95650	7.52808	3498	peak	6	Q3925679
Furggen	45.95682	7.68126	3492	peak	10	Q3754744
Grosses Fillarhorn	45.96320	7.88105	3676	peak	5	Q2628221
Monte Caslano	45.96284	8.87687	525	peak	6	Q1945765
Monte Palagia	45.95845	9.33732	1549	peak	3	Q56103144
Cima di Eghen	45.96209	9.34496	1557	peak	3	Q107641828
Rocca di Baiedo	45.96000	9.44691	759	peak	4	Q17715076
Monte Ferone	45.96345	10.38850	2358	peak	5	Q3861539
Becco di Filadonna	45.96363	11.19347	2150	peak	5	Q813568
Passo Vezzena	45.95661	11.32859	1402	pass	5	Q2056148
Puy de Montiroir	45.96913	2.92678	695	peak	5	Q3411094
Pointe de Bella Cha	45.97169	6.56365	2511	peak	4	Q3393584
Les Pointes Longues	45.97330	6.56719	2451	peak	3	Q31682815
Tête du Colonney	45.97132	6.69077	2692	peak	7	Q3546961
Pointe de Platé	45.96542	6.73055	2554	peak	4	Q3393636
Le Marteau	45.96566	6.76241	2289	peak	3	Q19545105
Aiguille de Chardonnet	45.96831	7.00155	3824	peak	17	Q404697
Col du Chardonnet	45.96620	7.01164	3321	pass	3	Q1107473
Grande Pointe des Planereuses	45.96828	7.07223	3151	peak	8	Q136821
Tournelon Blanc	45.96968	7.32181	3707	peak	14	Q674744
Petit Mont Collon	45.96772	7.48097	3556	peak	12	Q674348
Tête de Valpelline	45.97462	7.58167	3802	peak	15	Q674422
Dent d'Hérens	45.96998	7.60503	4171	peak	29	Q30459
Punta Bianca	45.97058	7.61322	3918	peak	3	Q3925645
Punta Carrel	45.97134	7.61597	3841	peak	5	Q3925656
Punta Maquignaz	45.97130	7.61700	3801	peak	4	Q3925685
Punta Maria Cristina	45.97222	7.62037	3704	peak	6	Q3925689
Testa del Leone	45.97131	7.64366	3715	peak	9	Q3985163
Pic Tyndall	45.97429	7.65372	4241	peak	10	Q1752180
Monte Sette Termini	45.97231	8.79931	976	peak	3	Q104831925
Monte Sighignola	45.96826	8.99349	1314	peak	10	Q869886
Monte Pilastro	45.97234	9.35594	1827	peak	6	Q18005278
Monte Ferrante	45.97477	10.02872	2426	peak	5	Q3861541
Dosso della Torta	45.96637	10.76409	2156	peak	3	Q1251045
Mont Luisandre	45.97820	5.41854	805	peak	3	Q16665152
Col de la Rochette	45.98407	5.63951	1112	pass	3	Q2982194
Montagne de la Mandallaz	45.97636	6.07968	923	peak	5	Q3322301
Aiguille Verte	45.98249	6.43266	2045	peak	3	Q31627315
Pointe de Grande Combe	45.97948	6.51396	2210	peak	3	Q31669619
Pointe d'Almet	45.98144	6.52184	2232	peak	3	Q31653770
Tête de la Forclaz	45.98092	6.57294	2434	peak	3	Q49754372
Pointe d'Areu	45.98148	6.58088	2478	peak	6	Q3393577
Les Grandes Platières	45.98434	6.72273	2480	peak	3	Q49752745
Pointe d'Anterne	45.97992	6.78488	2733	peak	6	Q3393575
Col d'Anterne	45.98023	6.79646	2257	pass	3	Q2981974
Aiguille de la Floria	45.97589	6.86866	2888	peak	4	Q2827883
Grande Fourche	45.97638	7.02105	3610	peak	12	Q2005695
Pointe des Plines	45.98069	7.05541	3057	peak	8	Q137000
Petit-Combin	45.98384	7.26772	3663	peak	15	Q674197
Combin de Corbassière	45.97813	7.28046	3716	peak	16	Q692064
La Ruinette	45.97917	7.40027	3875	peak	18	Q669713
La Serpentine	45.97722	7.42713	3713	peak	8	Q6465251
La Serpentine	45.98434	7.43327	3789	peak	8	Q6465251
Mont Collon	45.97728	7.50772	3637	peak	19	Q668334
Matterhorn	45.97643	7.65860	4478	peak	92	Q1374
Picco Muzio	45.97541	7.66102	4187	peak	7	Q7190585
Riffelhorn	45.98158	7.75815	2927	peak	12	Q3647493
Gornergrat	45.98334	7.78499	3135	peak	25	Q666796
Cima di Jazzi	45.98091	7.89451	3803	peak	15	Q782954
Monte San Salvatore	45.97711	8.94730	912	peak	20	Q16543
Pizzo Camino	45.98167	10.17756	2491	peak	8	Q3786473
Cima Vezzena	45.97905	11.34262	1908	peak	3	Q3676777
Cima Portule	45.97919	11.44719	2310	peak	7	Q768217
Monte Tomatico	45.98154	11.90526	1595	peak	3	Q3862076
Škabrijel	45.97633	13.67752	646	peak	8	Q3861957
Le Buclon	45.98630	6.44563	2072	peak	3	Q31660544
Col de la Colombière	45.99223	6.47569	1613	pass	13	Q868223
Tête du Château	45.98529	6.56855	2288	peak	3	Q49754442
Aiguille du Belvédère	45.98759	6.87382	2965	peak	9	Q730879
Aiguille du Tour	45.99453	7.01001	3542	peak	19	Q404720
Aiguille Purtscheller	45.99147	7.01243	3478	peak	3	Q22371076
Portalet	45.99161	7.05607	3344	peak	13	Q2428823
Pointe de Boveire	45.99455	7.23989	3212	peak	9	Q16887804
Grand Tavé	45.99329	7.31443	3158	peak	13	Q674570
Tavé des Chasseurs	45.98943	7.31681	3165	peak	6	Q7689178
Mont Blanc de Cheilon	45.99357	7.41723	3870	peak	17	Q668276
Pigne d'Arolla	45.99134	7.45515	3787	peak	17	Q631690
Tête Blanche	45.98659	7.57533	3710	peak	18	Q674392
Hirli	45.99024	7.69688	2890	peak	4	Q1620176
Hohtälli	45.98901	7.80223	3286	peak	12	Q690177
Rote Nase	45.98714	7.81245	3247	peak	10	Q682659
Stockhorn	45.98565	7.83782	3532	peak	15	Q676736
Neue Weisstorspitze	45.98871	7.90353	3639	peak	4	Q1979825
Pizzo Farno	45.98908	9.82615	2506	peak	5	Q3905993
Monte Brento	45.98743	10.89807	1545	peak	5	Q49967511
Monte Cornetto	45.98805	11.03177	2178	peak	15	Q1478747
Sabotino / Sabotin	45.98846	13.63470	609	peak	14	Q3861947
Kucelj	45.99206	14.73886	748	peak	4	Q12794440
Montagne de Sous-Dîne	46.00395	6.32520	2004	peak	3	Q31629526
Pic de Jalouvre	45.99588	6.45324	2408	peak	7	Q3382377
Pointe Blanche	45.99889	6.46010	2438	peak	4	Q1656822
Pointe du Château	45.99630	6.56611	2104	peak	3	Q49753347
Tête des Muets	46.00265	6.56832	2075	peak	3	Q49754431
Tête Pelouse	45.99991	6.73354	2475	peak	4	Q3546912
Col des Montets	46.00391	6.92363	1461	pass	10	Q948024
Pointe d'Orny	46.00214	7.04305	3271	peak	14	Q136856
Le Châtelet	45.99876	7.09949	2536	peak	9	Q3647568
Wandfluehorn	46.00193	7.60190	3589	peak	7	Q7967250
Schwarzberghorn	45.99704	7.90865	3609	peak	11	Q2080623
Monte Moro	45.99919	7.97499	2985	peak	9	Q6976767
Monte-Moro-Pass - Passo di Monte Moro	45.99835	7.98075	2853	pass	12	Q665607
Joderhorn	45.99593	7.98907	3036	peak	7	Q1670771
Pizzo Pernice	46.00066	8.51928	1506	peak	3	Q31649466
Monte di Tremezzo	46.00192	9.18529	1699	peak	7	Q3862179
Pizzo del Becco	46.00475	9.81570	2506	peak	4	Q3906030
Cima Dodici (Ferozzo)	45.99769	11.46803	2337	peak	13	Q937014
Sveta gora	45.99900	13.65571	682	peak	11	Q3861984
Rocher aux oiseaux	46.01306	0.91847	368	peak	3	Q3437599
Col de Richemond	46.00827	5.74838	1060	pass	3	Q2644039
Roche Parnal	46.00772	6.34968	1896	peak	3	Q31660924
Les Tampes	46.01004	6.36015	1865	peak	3	Q31660956
Rochers de Leschaux	46.01455	6.42137	1936	peak	3	Q31661107
Pointe du Midi	46.00645	6.47136	2364	peak	3	Q31660907
Pointe des Berons	46.00587	6.98440	2964	peak	6	Q7208346
Petite Pointe d'Orny	46.00617	7.03721	3187	peak	7	Q136838
Mont Rogneux	46.00957	7.23083	3084	peak	10	Q598940
Becca de Sery	46.01131	7.28085	2863	peak	3	Q22363115
La Luette	46.01041	7.38756	3548	peak	12	Q3646179
Pointe de Bertol	46.00958	7.52822	3499	peak	11	Q3647041
Adlerhorn	46.00918	7.88896	3988	peak	21	Q358382
Strahlhorn	46.01315	7.90217	4190	peak	24	Q30457
Spechhorn / Pizzo di Antigine	46.01221	8.00108	3189	peak	11	Q663287
Monte Clivio	46.01352	8.79482	739	peak	3	Q54819638
Monte Bre	46.00908	8.98741	925	peak	18	Q692385
Monte Galbiga	46.01199	9.16109	1691	peak	7	Q3861576
Pizzo dei Tre Signori	46.01154	9.52747	2554	peak	11	Q2739302
Monte Avaro	46.01444	9.58695	2088	peak	5	Q3861209
Monte Cabianca	46.01026	9.86648	2601	peak	6	Q3861270
Monte Madonnino	46.01178	9.88618	2502	peak	5	Q3861711
Cimone della Bagozza	46.01158	10.25037	2407	peak	5	Q3676994
Cima della Bacchetta	46.01068	10.27994	2549	peak	6	Q3685972
Pizzo Badile Camuno	46.00601	10.40169	2434	peak	5	Q3905977
Cima Meridionale di Tredenus	46.01447	10.43688	2796	peak	6	Q3862089
Monte Ortigara	46.00743	11.50727	2106	peak	14	Q2717091
Passo San Boldo	46.00600	12.16968	706	pass	10	Q682359
Sur Cou	46.02001	6.34645	1809	peak	3	Q3393644
Grand Bargy	46.01575	6.49322	2301	peak	3	Q107138421
Petit Bargy	46.02234	6.51285	2098	peak	3	Q31661198
Mont Buet	46.02483	6.85253	3096	peak	11	Q3321720
Les Grandes Otanes	46.01975	6.98124	2679	peak	9	Q3647212
Pointe des Écandies	46.01509	7.03908	2873	peak	6	Q136995
Le Génépi	46.02483	7.04423	2884	peak	12	Q1636306
La Breya	46.01875	7.09775	2374	peak	10	Q136990
Mont Brûlé	46.01768	7.20075	2572	peak	8	Q6903049
Becca de Corbassière	46.01780	7.30617	2690	peak	9	Q4878520
Le Pleureur	46.01628	7.36911	3703	peak	14	Q2574909
La Sâle	46.02351	7.37204	3646	peak	11	Q3652841
Aiguille de la Tsa	46.02143	7.52232	3668	peak	18	Q404682
Dent de Tsalion	46.02412	7.52322	3589	peak	4	Q22622757
Unterrothorn	46.02083	7.79754	3103	peak	14	Q692619
Rimpfischhorn	46.02313	7.88396	4198	peak	29	Q30455
Fluchthorn	46.02121	7.91548	3802	peak	14	Q665138
Pizzo Proman	46.02466	8.39537	2098	peak	4	Q31649777
Motto Croce	46.02270	8.82078	1184	peak	8	Q3861913
Monte Valletto	46.02407	9.58787	2370	peak	5	Q3862112
Monte Triomen	46.02021	9.59298	2245	peak	5	Q3862093
Monte Pegherolo	46.02448	9.71340	2368	peak	8	Q3861820
Cima Settentrionale di Tredenus	46.01868	10.43851	2786	peak	6	Q3862089
Monte Re di Castello	46.02168	10.48346	2889	peak	7	Q3861895
Col de Romme	46.03005	6.57458	1297	pass	4	Q2746513
Tête de Balme	46.03117	6.96652	2321	peak	9	Q7862244
Col de Balme	46.02637	6.97029	2191	pass	7	Q2982009
Col de Champex	46.03181	7.10679	1498	pass	3	Q1107326
Mont Miné	46.02860	7.55820	2914	peak	5	Q3321951
Dent Blanche	46.03418	7.61193	4358	peak	30	Q15125
Pointe de Zinal	46.02721	7.63046	3790	peak	14	Q668261
Mont Durand	46.03372	7.65051	3712	peak	14	Q734448
Unter Gabelhorn	46.02619	7.69678	3398	peak	11	Q3646970
Oberrothorn	46.02754	7.81280	3413	peak	14	Q644946
Jazzihorn / Pizzo Cingino Nord	46.03120	8.01190	3227	peak	10	Q6168456
Monte Spalavera	46.03205	8.61830	1534	peak	5	Q97974279
Monte Boglia	46.02978	9.00756	1516	peak	13	Q870031
Monte Ponteranica Orientale	46.02913	9.59533	2378	peak	7	Q3861859
Monte Cavallo	46.03446	9.69049	2322	peak	5	Q3861430
Monte Grabiasca	46.03361	9.90362	2704	peak	6	Q3861602
Monte Casale	46.03149	10.92766	1630	peak	7	Q1506899
Dosso di San Rocco	46.03367	11.14144	460	peak	3	Q3714464
La Marzola	46.03190	11.18772	1737	peak	3	Q3850579
Kuk	46.02798	13.61982	612	peak	3	Q110461052
Pointe d'Andey	46.04287	6.41803	1877	peak	6	Q3393574
Croix de Fer	46.03625	6.97613	2343	peak	10	Q117314
Pointe Ronde	46.04099	7.02003	2655	peak	9	Q136998
Bonhomme	46.03909	7.02380	2699	peak	9	Q136998
Six Blanc	46.03749	7.18519	2445	peak	7	Q8527727
La Cassorte	46.03541	7.43530	3301	peak	11	Q3646168
Dent de Perroc	46.03929	7.52319	3676	peak	14	Q2642616
Pointe des Genevois	46.03711	7.52594	3674	peak	8	Q136836
Ober Gabelhorn	46.03860	7.66804	4073	peak	27	Q30490
Wellenkuppe	46.04199	7.67786	3903	peak	15	Q383875
Wisshorn	46.03695	7.73450	2936	peak	3	Q27135384
Bösentrift	46.04253	7.80279	3248	peak	12	Q5005186
Bösentrift	46.03828	7.80297	3253	peak	12	Q5005186
Stellihorn	46.03607	8.00104	3436	peak	17	Q674531
Antronapass/Passo di Saas	46.03779	8.02027	2838	pass	5	Q609320
Latelhorn / Punta di Saas	46.04447	8.03478	3204	peak	13	Q2603512
Cima Pedum	46.04455	8.44819	2111	peak	4	Q31650154
Monte Zeda	46.04498	8.53573	2156	peak	6	Q522322
Monte Lema	46.04052	8.83284	1619	peak	14	Q674610
Monte Chierico	46.04486	9.80861	2535	peak	5	Q3861446
Monte Masoni	46.04397	9.83637	2663	peak	6	Q2109613
Pizzo Tornello	46.03644	10.11241	2687	peak	3	Q17494457
Passo del Vivione	46.03659	10.19927	1828	pass	7	Q2056139
Monte Pizzoc	46.04045	12.34706	1565	peak	3	Q3906043
Le Grenier de Commune	46.04763	6.83768	2775	peak	7	Q3116477
Le Cheval Blanc (Sommet S.O.)	46.04898	6.86523	2800	peak	9	Q3221172
Le Cheval Blanc	46.05189	6.87280	2831	peak	9	Q3221172
Le Catogne	46.05417	7.11083	2598	peak	15	Q1761382
Le Parrain	46.04584	7.35133	3259	peak	10	Q3646955
Grande Dent de Veisivi	46.05079	7.52801	3418	peak	13	Q3646933
Grand Cornier	46.05213	7.61157	3969	peak	21	Q669875
Trifthorn	46.05146	7.67830	3737	peak	13	Q692079
Platthorn	46.05371	7.73640	3345	peak	10	Q1481372
Feechopf	46.04862	7.88339	3888	peak	16	Q2603498
Allalinhorn	46.04609	7.89459	4027	peak	28	Q30525
Nollenhorn	46.05087	7.98823	3185	peak	5	Q1995814
San Bernardo	46.04546	8.96214	707	peak	3	Q3683246
Monte Croce di Muggio	46.05076	9.35704	1799	peak	7	Q1945821
Passo San Marco	46.04719	9.62278	1991	pass	8	Q176606
Pizzo Rotondo	46.05172	9.68636	2240	peak	4	Q3906013
Corno Stella	46.05367	9.80715	2621	peak	8	Q668934
Pizzo Zerna	46.04833	9.83077	2572	peak	5	Q3906024
Monte Aga	46.04675	9.88060	2720	peak	5	Q371541
Pizzo del Diavolo di Tenda	46.04519	9.90823	2916	peak	9	Q3906035
Pizzo Tre Confini	46.05072	10.08402	2824	peak	6	Q3906028
Monte Gleno	46.05446	10.09299	2882	peak	8	Q2901302
Cima Panarotta	46.04999	11.33440	2002	peak	5	Q20009995
Monte Millifret	46.05378	12.34899	1581	peak	4	Q3861744
Crêt du Nû	46.05931	5.72848	1351	peak	4	Q3006353
Mont Vuache	46.05974	5.93840	1101	peak	8	Q1945508
Col de la Forclaz	46.05773	7.00135	1527	pass	15	Q670156
Rosablanche	46.06051	7.35424	3336	peak	15	Q2706766
Aiguilles Rouges d'Arolla	46.05677	7.43465	3646	peak	17	Q404739
Pointe de Bricolla	46.06250	7.59175	3573	peak	11	Q136859
Pointe du Mountet	46.05731	7.68458	3839	peak	13	Q666384
Zinalrothorn	46.06483	7.69012	4221	peak	27	Q15128
Mettelhorn	46.05565	7.74166	3410	peak	12	Q459154
Alphubel	46.06288	7.86385	4206	peak	28	Q15130
Mittelallalin	46.05755	7.90488	3456	peak	13	Q691993
Cima della Laurasca	46.05819	8.47573	2193	peak	5	Q3676806
La Piota	46.06037	8.53038	1927	peak	6	Q2782913
Cima di Fiorina	46.06264	9.07285	1810	peak	10	Q3676823
Monte Grona	46.06190	9.21125	1736	peak	8	Q338531
Monte Cadelle	46.06292	9.74585	2483	peak	4	Q31677804
Monte Toro	46.05944	9.78113	2524	peak	3	Q3862079
Pizzo di Redorta	46.06218	9.98432	3039	peak	9	Q3906010
Pizzo Recastello	46.05688	10.07586	2886	peak	6	Q3906009
Monte Costone	46.06275	10.09116	2836	peak	4	Q3861490
Monte Trobio	46.06030	10.09289	2865	peak	5	Q3862095
Monte Venerocolo	46.05708	10.16928	2590	peak	6	Q975230
Monte Elto	46.05595	10.29875	2147	peak	5	Q3861526
Monte Lefre	46.05943	11.54891	1305	peak	4	Q31638044
Passo Croce d'Aune	46.06180	11.83008	1011	pass	9	Q1140701
Col Visentin	46.05619	12.28233	1776	peak	6	Q3682474
Rožnik	46.05527	14.47718	393	peak	4	Q10977425
Šišenski hrib	46.06037	14.48844	429	peak	4	Q10977425
Pointe de la Finive	46.07356	6.89217	2838	peak	3	Q31661685
Bec des Rosses	46.07200	7.29874	3222	peak	14	Q4081275
Pointe de Vouasson	46.07150	7.42543	3490	peak	9	Q3393663
Mont de l'Étoile	46.07393	7.45017	3370	peak	11	Q3646996
Pointe du Mourti Orientale	46.07243	7.58610	3563	peak	6	Q7208374
Blanc de Moming	46.07370	7.66450	3660	peak	15	Q665064
Crête Sud de Moming	46.07276	7.69520	3963	peak	7	Q7208330
Pizzo Bottarello - Sonnighorn	46.07420	8.02242	3487	peak	12	Q1750009
Punta di Scais	46.06837	9.98487	3038	peak	7	Q3925725
Pizzo di Porola	46.07061	9.98697	2981	peak	3	Q47537438
Passo di Coca	46.07365	9.99344	2647	pass	3	Q47530817
Dente di Coca	46.07378	10.00152	2927	peak	3	Q3705525
Pizzo Coca	46.07152	10.01154	3050	peak	16	Q2009944
Pizzo Strinato	46.07037	10.09256	2836	peak	6	Q3906018
Doss Trento	46.07275	11.11175	309	peak	3	Q3714444
Dosso di Sant'Agata	46.07033	11.15875	576	peak	3	Q3714461
Passo del Cimirlo	46.06760	11.18465	730	pass	3	Q3897368
Polhograjska gora	46.07079	14.29872	824	peak	3	Q60763547
Lisca	46.06797	15.28480	948	peak	4	Q6558678
Col de la Croix Rosier	46.08003	4.54882	721	pass	3	Q107729962
Bel Oiseau	46.07887	6.93694	2631	peak	3	Q22372216
Mont de l'Arpille	46.07713	7.00651	2085	peak	9	Q6903121
Mont Fort	46.08096	7.31867	3329	peak	14	Q674001
Tsa de l'Ano	46.07817	7.57331	3368	peak	7	Q8527121
Pigne de la Lé	46.08294	7.61076	3396	peak	9	Q3904916
Besso	46.07776	7.65878	3667	peak	18	Q830237
Schalihorn	46.08435	7.70494	3974	peak	14	Q673900
Kinhorn	46.07719	7.83401	3750	peak	13	Q6413835
Täschhorn	46.08343	7.85719	4490	peak	26	Q30408
Egginer	46.07518	7.93013	3367	peak	14	Q1297668
Mittaghorn	46.08457	7.93773	3143	peak	5	Q1939914
Monte Pola	46.07533	8.85588	1742	peak	5	Q1977823
Monte Gradiccioli	46.08421	8.86584	1936	peak	7	Q3861603
Pizzo del Diavolo di Malgina	46.08488	10.04652	2926	peak	7	Q959972
Fravort	46.07612	11.35127	2347	peak	4	Q3861559
Grmada	46.08382	14.33291	898	peak	4	Q20160349
Pic de Tenneverge	46.09415	6.87936	2989	peak	7	Q3382393
La Crevasse	46.09280	7.13653	1807	peak	7	Q16743208
Palanche de la Cretta	46.09424	7.46452	2926	peak	9	Q3647571
Couronne de Bréona	46.09170	7.57065	3159	peak	7	Q16890715
Grabenhorn	46.09352	7.82039	3372	peak	3	Q22397351
Dom	46.09391	7.85887	4545	peak	44	Q15117
Almagellerhorn	46.08688	7.99421	3327	peak	16	Q669690
Monte Togano	46.08984	8.39464	2301	peak	3	Q3862074
Passo San Lucio	46.08612	9.08945	1550	pass	6	Q3897343
Monte Legnoncino	46.09122	9.35544	1711	peak	4	Q31645248
Monte Legnone	46.09489	9.41488	2609	peak	14	Q573856
Cima Occidentale di Caronella	46.09074	10.08340	2796	peak	5	Q3676846
Monte Torena	46.08859	10.10311	2911	peak	8	Q1110868
Monte Gronlait	46.09289	11.35885	2383	peak	3	Q31634614
Kum	46.08833	15.07417	1220	peak	8	Q3817347
Jakab-hegy	46.09317	18.14346	602	peak	20	Q515919
Mont Orchez	46.09972	6.55166	1347	peak	5	Q3322011
Aiguille de Criou	46.09553	6.76332	2207	peak	4	Q2827876
Pointe Rousse (du Criou)	46.09720	6.79221	2577	peak	4	Q3393558
Pointe-Rousse	46.09720	6.79234	2577	peak	4	Q3393558
Fontanabran	46.09968	6.93877	2703	peak	12	Q3647277
Col des Planches	46.09699	7.12418	1410	pass	3	Q1107470
Mont Gelé	46.09692	7.27918	3023	peak	9	Q3064271
Le Métailler	46.10399	7.36035	3213	peak	11	Q3695401
Weisshorn	46.10125	7.71607	4505	peak	40	Q15122
Hohgwächte	46.10364	7.84106	3740	peak	12	Q604732
Lenzspitze	46.10454	7.86860	4294	peak	24	Q30436
Pizzo d'Andolla	46.10077	8.03476	3654	peak	16	Q668604
Pizzo Montalto	46.09771	8.13296	2705	peak	3	Q3906002
Pizzo del Fornalino	46.09560	8.14333	2562	peak	5	Q2497474
Pizzo Ragno	46.10139	8.42196	2289	peak	4	Q3906006
Monte Tamaro	46.10389	8.86603	1961	peak	19	Q15285
Caval Drossa	46.10202	8.99330	1632	peak	4	Q22452855
Monte Bregagno	46.09746	9.22123	2107	peak	10	Q1405489
Pizzo di Rodes	46.09547	9.96008	2829	peak	4	Q3906041
Soprasasso	46.09549	11.08506	807	peak	3	Q3964993
Monte Calisio	46.09812	11.14340	1096	peak	5	Q3861272
Monte Pavione	46.10451	11.82142	2334	peak	7	Q3861814
Pasja ravan	46.09774	14.22923	1020	peak	3	Q20524131
Tošč	46.09741	14.32127	1021	peak	6	Q16897440
Misina	46.09921	18.21983	534	peak	5	Q26231579
Mont Brouilly	46.10904	4.65397	484	peak	6	Q3321710
Le Môle	46.10658	6.45482	1863	peak	10	Q3224959
Col du Lein	46.11007	7.15914	1658	pass	4	Q869778
Pointe du Tsaté	46.10939	7.54892	3078	peak	7	Q7208350
Pointe d'Arpitetta	46.11080	7.66638	3132	peak	6	Q7208339
Grand Gendarme	46.10722	7.71177	4329	peak	9	Q5594585
Hohberghorn	46.11255	7.85388	4219	peak	23	Q30448
Stecknadelhorn	46.11150	7.85950	4241	peak	23	Q30444
Nadelhorn	46.10888	7.86406	4327	peak	25	Q30426
Zwischbergenpass	46.11480	8.02019	3271	pass	5	Q244861
Portjenhorn	46.10616	8.02853	3567	peak	4	Q22699050
Sacro Monte di Domodossola	46.10627	8.28890		peak	9	Q1787344
Monte Gambarogno	46.11216	8.83064	1734	peak	10	Q2816668
Passo dell'Alpe di Neggia	46.11067	8.84545	1395	pass	6	Q666442
Monte Bar	46.10775	9.01181	1816	peak	9	Q3861210
Carè Alto	46.10808	10.59610	3465	peak	13	Q669567
Cicelj	46.11065	14.72663	819	peak	3	Q12786981
Tubes	46.10916	18.20256	611	peak	6	Q1324764
Mont Ruan	46.12392	6.90052	3054	peak	14	Q2576575
L'Épaule	46.12440	6.93084	3011	peak	3	Q22565981
Le Luisin	46.12060	6.97016	2786	peak	10	Q6701360
Pierre Avoi	46.11803	7.19992	2473	peak	14	Q75819
Pic d'Artsinol	46.11521	7.42700	2998	peak	7	Q3647230
Garde de Bordon	46.12107	7.59757	3310	peak	16	Q674758
Roc de la Vache	46.11892	7.64519	2581	peak	3	Q22448126
Tête de Milon	46.11853	7.69034	3693	peak	11	Q2060553
Bishorn	46.11792	7.71496	4149	peak	25	Q30464
Pointe Burnaby	46.11869	7.71802	4134	peak	8	Q7208322
Dirruhorn	46.11965	7.84823	4035	peak	25	Q30511
Ulrichshorn	46.11776	7.87653	3925	peak	17	Q674365
Gemshorn	46.12220	7.88715	3548	peak	3	Q22701760
Tällihorn	46.12360	8.03768	3448	peak	10	Q371447
Cima del Rosso	46.11511	8.10998	2624	peak	9	Q5120063
Monte Limidario	46.12338	8.64808	2189	peak	15	Q155031
Monte Gazzirola	46.11798	9.07238	2116	peak	13	Q2817359
Pizzo di Gino	46.12361	9.14466	2245	peak	13	Q1232330
Cima di Ghez	46.12403	10.90368	2713	peak	4	Q31356213
Passo Brocon	46.11861	11.68854	1616	pass	7	Q639308
Pointe de Marcelly	46.12833	6.57536	1999	peak	4	Q3393620
Col de Joux Plane	46.13263	6.71105	1712	pass	10	Q1107373
Col de Joux Plane	46.12962	6.71291	1691	pass	10	Q1107373
Corne au Taureau	46.12731	6.81030	2630	peak	4	Q2997439
Dent de Barme	46.13197	6.84191	2756	peak	5	Q19951808
Tour Sallière	46.12695	6.92473	3220	peak	15	Q2630276
Mont Gond	46.12786	7.29133	2669	peak	7	Q8527731
Bec de la Montau	46.12876	7.34763	2922	peak	12	Q3647237
Col de Torrent	46.12999	7.53264	2916	pass	4	Q1107392
Brunegghorn	46.12575	7.74590	3833	peak	18	Q668368
Weissmies	46.12768	8.01198	4011	peak	31	Q30529
Pizzo Straciugo	46.13220	8.12073	2713	peak	11	Q3906016
Cima di Medeglia	46.13046	8.94399	1260	peak	3	Q106960922
Camoghè	46.13491	9.06419	2228	peak	16	Q16534
Cima Verta	46.13472	9.12111	2078	peak	5	Q6918699
Dosso di Costalta	46.13181	11.28941	1955	peak	4	Q3714463
Monte Vederna	46.12935	11.78841	1584	peak	4	Q3862110
Cimon del Cavallo	46.12992	12.49691	2251	peak	5	Q3861426
Šmarna gora	46.12983	14.46394	669	peak	11	Q936796
Zasavska Sveta gora	46.12850	14.89437	852	peak	3	Q20088150
Ciomadul	46.12600	25.88704		peak	13	Q874092
Col de Bretolet	46.14279	6.79594	1936	pass	5	Q646742
Tete de Bostan	46.13551	6.80033	2400	peak	3	Q3546924
Sasseneire	46.13882	7.52499	3253	peak	17	Q616069
Les Diablons	46.14245	7.67092	3609	peak	15	Q692125
Schöllihorn	46.13827	7.73771	3500	peak	5	Q21000015
Balfrin	46.13515	7.88026	3795	peak	18	Q669704
Balmahorn	46.13784	8.07593	2870	peak	9	Q4852336
Pizzo Leone	46.14086	8.67710	1659	peak	3	Q22393173
Monte Ceneri	46.13918	8.90709	558	pass	13	Q675571
Corno Miller	46.14323	10.49356	3372	peak	4	Q3693762
Corno di Cavento	46.13535	10.58592	3406	peak	5	Q3693772
Paganella	46.14327	11.03744	2125	peak	9	Q2046117
La Roda	46.13859	11.04077	2080	peak	3	Q16541308
Passo del Redebus - Sontbisn	46.13598	11.32309	1455	pass	3	Q3897337
Monte Totoga	46.13556	11.74929	1705	peak	3	Q3862083
Monte Pizzocco	46.14007	12.00990	2186	peak	7	Q3906047
Crêt de la Goutte	46.15039	5.86379	1621	peak	5	Q43373
Pointe de Nyon	46.14671	6.72184	2019	peak	6	Q3393629
Col de Coux	46.15025	6.79286	1920	pass	7	Q2982039
Dent du Salentin	46.15124	6.99597	2483	peak	11	Q60892
Sex de Marinda	46.14972	7.55145	2906	peak	11	Q224681
Corne de Sorebois	46.15087	7.58661	2895	peak	14	Q669782
Gross Bigerhorn	46.14510	7.87048	3626	peak	12	Q665150
Lammenhorn	46.15444	7.89452	3190	peak	9	Q6482087
Jegihorn	46.15146	7.97026	3206	peak	13	Q665496
Cima Verosso	46.14698	8.15637	2444	peak	10	Q5120054
Corona dei Pinci	46.15490	8.71665	1291	peak	3	Q22544090
Passo dell'Aprica	46.15433	10.15418	1172	pass	9	Q774126
Cima Plem	46.15152	10.46318	3182	peak	4	Q3676760
Cima d'Ambiez	46.15056	10.86893	3102	peak	8	Q1092019
Monte Ruioch	46.15410	11.36352	2414	peak	3	Q31635916
Passo Gobbera	46.14761	11.75848	989	pass	3	Q3897329
Monte Cum / Hum	46.14966	13.63135	912	peak	3	Q3861506
Kojca	46.15382	13.92677	1303	peak	7	Q6426406
Mont Tourvéon	46.15886	4.50697	944	peak	3	Q3322156
Pointe des Brasses	46.16323	6.44246	1503	peak	5	Q3393687
Col de la Ramaz	46.15932	6.58066	1619	pass	5	Q2982196
Col des Gets	46.16038	6.66908	1172	pass	4	Q2982216
Pointe de Fornet	46.16291	6.79166	2300	peak	6	Q3393610
Haute Cime	46.16106	6.92299	3257	peak	7	Q3128532
Rochers de Gagnerie	46.16219	6.96382	2735	peak	7	Q7353914
Tête du Portail	46.15862	7.08839	2335	peak	9	Q117310
Dent de Nendaz	46.15620	7.29138	2463	peak	12	Q75567
Mont Rouge	46.15723	7.35700	2491	peak	7	Q60890
Pas de Lona	46.15575	7.51992	2787	pass	3	Q1414188
Färichhorn	46.15556	7.85873	3292	peak	9	Q5511474
Inner Rothorn	46.16370	7.98133	3455	peak	7	Q8527875
Lagginhorn	46.15706	8.00310	4010	peak	27	Q16650
Guggilihorn	46.16498	8.08824	2351	peak	9	Q5615220
Monte Verità	46.15829	8.76303	403	peak	16	Q870148
Monte Adamello	46.15615	10.49637	3539	peak	19	Q351582
Crozzon di Brenta	46.16162	10.86986	3130	peak	9	Q384216
Cima Tosa	46.15652	10.87113	3136	peak	15	Q594670
Cima Margherita	46.15853	10.88375	2845	peak	4	Q23072019
Cima Brenta Bassa	46.15559	10.89307	2812	peak	4	Q31356380
Campanile Alto	46.16428	10.89355	2937	peak	6	Q3651810
Campanile Basso	46.16197	10.89416	2877	peak	11	Q652600
Cima Brenta Alta	46.16036	10.89658	2964	peak	7	Q1091996
Sass di Mura	46.16361	11.92528	2547	peak	6	Q3940595
Blegoš	46.16494	14.11352	1562	peak	7	Q19057313
Hum	46.16074	15.23974	583	peak	4	Q8530057
Col du Berthiand	46.17292	5.49449	780	pass	3	Q2982244
Pointe d'Uble	46.16800	6.59974	1963	peak	6	Q3393586
Mont Chéry	46.16890	6.64801	1826	peak	6	Q669173
Les Hauts Forts	46.16848	6.77753	2466	peak	8	Q1759146
Cime de l'Est	46.17290	6.94805	3178	peak	3	Q22504027
La Maya	46.17166	7.49221	2916	peak	9	Q682674
Becs de Bosson	46.16822	7.51898	3143	peak	14	Q665115
Frilihorn	46.17048	7.66628	3144	peak	11	Q5504568
Wasuhorn	46.17337	7.74908	3343	peak	7	Q7972893
Gabelhorn	46.17124	7.85852	3136	peak	4	Q26742110
Fletschhorn	46.16713	8.00253	3985	peak	20	Q668348
Rothorn	46.17017	8.03053	3108	peak	3	Q22467268
Camoscellahorn	46.17492	8.15973	2612	peak	13	Q2136578
Passo di San Jòrio	46.16664	9.15901	2012	pass	9	Q365768
Cima di Cugn	46.17073	9.16121	2237	peak	10	Q5120071
Monte Marmontana	46.17182	9.17057	2316	peak	12	Q3512775
Corno Baitone	46.17285	10.44123	3331	peak	9	Q1102011
Lobbia Alta	46.17040	10.56753	3196	peak	4	Q3835938
Cima Fracinglo	46.17079	10.85159	2673	peak	3	Q31357046
Torre di Brenta	46.16714	10.89582	3014	peak	8	Q573567
Croz dell'Altissimo	46.16948	10.94133	2339	peak	8	Q3698738
Monte Croce	46.16935	11.39249	2489	peak	4	Q3861496
Passo Manghen	46.17325	11.44147	2047	pass	8	Q623236
Roche d'Ajoux	46.17871	4.46168	970	peak	4	Q3437528
Pointe de Chavannais	46.17931	6.54950	1851	peak	3	Q3393598
Pointe de Chavasse	46.17614	6.56926	2012	peak	6	Q3393604
Pointe de Chalune	46.18000	6.58159	2116	peak	7	Q3393600
Pointe de Vorlaz	46.18153	6.80094	2346	peak	5	Q3393661
Pointe de Chavanette	46.17790	6.80700	2219	peak	6	Q3393603
Grand Chavalard	46.17869	7.11312	2901	peak	14	Q3113563
Rothorn	46.18128	7.73276	3278	peak	3	Q22467319
Sparruhorn	46.18355	7.76921	2988	peak	8	Q7573784
Seetalhorn	46.17642	7.86288	3037	peak	10	Q682233
Äusser Rothorn	46.17656	7.96244	3151	peak	6	Q8077091
Senggchuppa	46.17918	7.99544	3606	peak	8	Q3955298
Wenghorn	46.17842	8.05031	2588	peak	7	Q7982861
Furggu	46.17648	8.09850	1872	pass	3	Q2033091
Seehorn	46.18238	8.11586	2439	peak	12	Q660920
Pizzo la Scheggia	46.18420	8.41511	2466	peak	5	Q3906039
Pizzo Ruscada	46.17735	8.59271	2014	peak	10	Q660933
Cima Brenta	46.17966	10.90011	3151	peak	12	Q221844
Piz Galin	46.17768	10.96247	2442	peak	5	Q3905936
Passo Santel	46.17674	11.05313	1040	pass	4	Q18482821
Passo Cinque Croci	46.17540	11.55015	2023	pass	3	Q3897322
Cima d'Asta	46.17662	11.60529	2847	peak	13	Q501840
Porezen	46.17716	13.97430	1632	peak	8	Q1749434
Kunagora	46.17828	15.73577	522	peak	3	Q10550109
Ivanščica	46.18145	16.12723	1061	peak	19	Q2447461
Hármas-hegy	46.17746	18.33758	603	peak	3	Q1057034
Zengő	46.17998	18.37733	682	peak	19	Q189543
Le Roc d'Enfer	46.18925	6.61028	2244	peak	10	Q3437338
Pointe des Mossettes	46.19057	6.81652	2277	peak	9	Q3393700
Hirsihorn	46.18665	7.65892	3077	peak	7	Q5771678
Le Boudry	46.19181	7.65963	3070	peak	11	Q6506588
Distelhorn	46.18595	7.87072	2830	peak	9	Q3647461
Pizzo Ruggia	46.19284	8.48276	2289	peak	3	Q31652369
Corno di Gesero	46.18546	9.13141	2227	peak	10	Q3013144
Monte Padrio	46.18661	10.22748	2152	peak	8	Q3861807
Cima Sella	46.18731	10.90177	2917	peak	6	Q674220
Cima Falkner	46.19292	10.90505	2990	peak	9	Q1092008
Monte Fregasoga	46.18514	11.38126	2447	peak	3	Q24933898
Passo Cereda	46.19305	11.90542	1369	pass	7	Q2056120
Monte Dolada	46.19341	12.33633	1938	peak	4	Q3861514
Mrzlica	46.18752	15.10744	1122	peak	5	Q12797112
Csengő-hegy	46.19447	18.34536	489	peak	3	Q871646
Pointe de Chésery	46.20340	6.80337	2251	peak	13	Q136877
Point de l'Au	46.19998	6.84113	2152	peak	11	Q155036
Dent de Valère	46.19511	6.94022	2267	peak	5	Q3023309
Petite Dent de Morcles	46.20100	7.07125	2929	peak	18	Q691708
Grande Dent de Morcles	46.19933	7.07553	2969	peak	18	Q691708
Tita Sèri	46.19861	7.09393	2850	peak	3	Q22509657
Sommet de l'Ardève	46.19722	7.19945	1507	peak	9	Q2860757
Roc d'Orzival	46.19522	7.53804	2852	peak	7	Q682754
Pointe de Tourtemagne	46.20437	7.66183	3080	peak	7	Q7208344
Wyssegga	46.19898	7.74840	3168	peak	5	Q16887822
Steitalhorn	46.20378	7.76032	3164	peak	7	Q16887808
Mattwaldhorn	46.19859	7.95408	3246	peak	11	Q669758
Böshorn	46.19894	7.99287	3269	peak	15	Q3780290
Rothorn	46.20246	8.09211	2514	peak	3	Q22467281
Pioda di Crana	46.19565	8.44804	2430	peak	5	Q3905411
Pizzo del Corno	46.20040	8.45095	2280	peak	3	Q31652587
Pizzo di Fontanalba	46.19966	8.46650	2200	peak	5	Q3905411
Cimetta	46.20081	8.79105	1671	peak	11	Q277414
Sassariente	46.20402	8.89597	1768	peak	7	Q3950678
Ago di Nardis	46.20486	10.65586	3291	peak	3	Q3606683
Cima Grostè	46.19833	10.90521	2901	peak	8	Q1092016
Cima delle Stellune	46.19942	11.51075	2605	peak	3	Q17625363
Zimon De Terne	46.19972	12.18041	1794	peak	3	Q3862061
Monte Serva	46.20145	12.23271	2133	peak	5	Q3862011
Rifnik	46.19829	15.40710	568	peak	8	Q12800194
Mont Saint-Rigaud	46.20794	4.48694	1009	peak	4	Q3322080
Pointe de Miribel	46.21183	6.47412	1581	peak	6	Q3393626
Cornebois	46.21196	6.80997	2200	peak	5	Q2997450
Dent de Valerette	46.20736	6.95233	2058	peak	5	Q3023310
Pointe des Martinets	46.20962	7.07112	2653	peak	5	Q8557230
Dent Favre	46.21077	7.10373	2917	peak	13	Q3023299
Mont Noble	46.20747	7.49046	2673	peak	11	Q122494
Le Toûno	46.20740	7.65005	3018	peak	9	Q6507786
Meidhoru	46.20681	7.67832	2876	peak	4	Q22492160
Augstbordpass	46.20875	7.75319	2893	pass	3	Q760595
Pizzo della Croce	46.21450	8.64410	1825	peak	5	Q2097653
Salmone	46.20952	8.70696	1560	peak	8	Q4505113
Cima della Trosa	46.21025	8.79049	1869	peak	3	Q22503374
Cima dello Stagn	46.20857	9.20193	2382	peak	14	Q742377
Monte Berlinghera	46.21049	9.38951	1930	peak	9	Q1749977
Matajur	46.21217	13.52947	1645	peak	18	Q1481385
Crêt de l'Auger	46.22037	5.80421	1265	peak	3	Q3006352
Tête du Géant	46.22042	6.81714	2228	peak	11	Q136871
Petit Muveran	46.22324	7.12210	2810	peak	10	Q7178374
Schwarzhorn	46.21666	7.75675	3201	peak	10	Q3646322
Ochsehorn	46.22049	7.94090	2912	peak	10	Q3647264
Galehorn	46.22227	7.98291	2797	peak	11	Q3647482
Cima Pian del Bozzo	46.21832	8.53247	2192	peak	8	Q7194306
Cima Busazza	46.22386	10.61042	3325	peak	3	Q31637837
Cima Presanella	46.21993	10.66412	3557	peak	17	Q2094363
Passo del Grostè	46.21551	10.90265	2442	pass	3	Q11813383
Piz di Mezzodi	46.21871	12.03613	2240	peak	3	Q3905950
Monte Raut	46.22089	12.65100	2027	peak	3	Q3930539
Mrzli vrh	46.21897	13.69533	1360	peak	4	Q12797107
Kozjak	46.21533	14.80518	658	pass	3	Q10976152
Montagne d'Hirmentaz	46.23017	6.49498	1607	peak	5	Q3136226
Pointe de la Gay	46.22982	6.57313	1801	peak	3	Q3393673
Pointe de Nantaux	46.22574	6.70799	2170	peak	6	Q3393627
Croix de Javerne	46.22505	7.05618	2097	peak	3	Q22434343
Crêt du Midi	46.22965	7.52933	2332	peak	14	Q281848
Schwarzhorn	46.23368	7.81000	2776	peak	15	Q670651
Mällich	46.23430	7.81670	2670	peak	15	Q670651
Magehorn	46.23353	7.98020	2621	peak	4	Q22365751
Punta Valgrande	46.22614	8.13885	2856	peak	9	Q3647305
Pizzo di Madèi	46.23303	8.46857	2551	peak	8	Q6543529
Pizzo Peloso	46.23107	8.64963	2064	peak	10	Q682719
Cima dell'Uomo	46.23297	8.93820	2389	peak	11	Q3676802
Pizzo Paglia	46.23168	9.21897	2593	peak	15	Q3906003
Pizzo Campanile	46.23217	9.24590	2459	peak	9	Q7200016
Corna Mara	46.22761	9.93079	2807	peak	5	Q3693640
Monte Combolo	46.22963	10.04396	2901	peak	10	Q3786793
Pietra Grande	46.23133	10.89624	2935	peak	7	Q692404
Monte Alto - Geierberg	46.22772	11.18932	1084	peak	4	Q1498672
Cima Litegosa	46.22531	11.55888	2549	peak	3	Q3676741
Cima della Madonna	46.23230	11.84615	2752	peak	8	Q1092013
Sass Maòr	46.23260	11.84873	2812	peak	9	Q1591759
Monte Schiara	46.23000	12.18222	2565	peak	8	Q3861991
Pelf	46.23116	12.19916	2502	peak	3	Q3861817
Col Nudo	46.22743	12.40334	2471	peak	11	Q1107329
Rodica	46.22775	13.86518	1963	peak	8	Q6923255
Črna prst	46.23116	13.93164	1844	peak	9	Q341636
Col de Jambaz	46.23510	6.52004	1027	pass	4	Q2982062
Sur la Pointe	46.23523	6.54341	1657	peak	4	Q3504988
Pointe des Savolaires	46.23533	7.08607	2294	peak	8	Q5102731
Grand Muveran	46.23717	7.12615	3051	peak	17	Q674584
Haut de Cry	46.24026	7.19500	2968	peak	16	Q3647207
Rothorn	46.24424	7.64329	2998	peak	4	Q22467340
Bella Tola	46.23905	7.65361	3025	peak	19	Q16636
Pletschuhorn	46.23923	7.68677	2750	peak	8	Q3647528
Augstbordhorn	46.23513	7.79514	2972	peak	15	Q670651
Hübschhorn SW	46.23672	8.05514	3190	peak	16	Q2413528
Breithorn	46.23851	8.08381	3438	peak	13	Q3644195
Pizzo di Porcaresc	46.24462	8.46392	2466	peak	8	Q7200046
Pizzo Vogorno	46.23967	8.89295	2442	peak	11	Q664147
Madone	46.23868	8.91698	2395	peak	7	Q3842378
Pizzo Cavregasco	46.23957	9.27584	2535	peak	7	Q3905991
Pizzo Ligoncio	46.23915	9.54719	3032	peak	9	Q3906000
Vetta di Ron	46.23813	9.96114	3137	peak	7	Q4010502
Passo Campo Carlo Magno	46.24312	10.84023	1682	pass	8	Q1031398
Paion del Cermis	46.24137	11.50355	2229	peak	14	Q2576260
Monte Cauriol	46.23531	11.59641	2494	peak	6	Q3861427
Cima Canali	46.24395	11.86370	2900	peak	7	Q1091999
Forcella Aurine	46.23657	11.97605	1299	pass	8	Q3747942
Monte Toc	46.23849	12.33813	1921	peak	13	Q2457847
Vogel	46.23832	13.81252	1922	peak	12	Q753098
Altemaver	46.23696	14.08279	1679	peak	6	Q12799916
Šmarjetna gora	46.24373	14.33624	646	peak	4	Q4026145
Dunet	46.25440	4.35129	736	peak	3	Q3322278
Crêt de Chalam	46.25046	5.86143	1545	peak	3	Q3006348
Col de Saxel	46.24772	6.39774	943	pass	4	Q49131187
Col de Terramont	46.24577	6.48855	1094	pass	3	Q2982126
Pas de Morgins	46.24970	6.84589	1371	pass	10	Q691297
Bec du Corbeau	46.25377	6.86297	1992	peak	10	Q4878457
Tête à Pierre Grept	46.25275	7.15525	2904	peak	10	Q3077726
Mont à Perron	46.25018	7.20502	2667	peak	6	Q1945459
Brunnethorn	46.25442	7.66612	2952	peak	12	Q3646326
Rothorn	46.24836	7.93841	2338	peak	3	Q22467368
Simplonpass	46.25021	8.03168	2006	pass	40	Q471166
Monte Leone	46.24947	8.11019	3552	peak	26	Q15296
Pizzo dell'Alpe Gelato	46.25145	8.44293	2613	peak	8	Q3906033
Pizzo del Lago Gelato	46.24891	8.44447	2617	peak	8	Q3906033
Poncione di Piota	46.25381	8.92431	2439	peak	8	Q3907917
Passo del Mortirolo	46.24786	10.29831	1852	pass	18	Q1633178
Passo della Foppa	46.24786	10.30037	1852	pass	18	Q1633178
Cima Sassara	46.25089	10.89082	2894	peak	3	Q31357269
Cima Monticello	46.24930	11.12166	1856	peak	5	Q20999749
Cima Pradidali	46.24843	11.84970	2731	peak	5	Q1030232
Pala di San Martino	46.25375	11.85032	2982	peak	6	Q1318808
Cima Immink	46.25156	11.85043	2862	peak	3	Q1092005
Cima La Fradusta	46.25107	11.87343	2939	peak	5	Q3749209
Vrh nad Škrbino	46.25446	13.78006	2054	peak	5	Q12806167
Le Reculet	46.25698	5.92983	1717	peak	13	Q1456446
Col de Cou	46.26241	6.45400	1116	pass	5	Q2982041
Mont de Grange	46.26245	6.78057	2432	peak	10	Q1645281
Pointe de Bellevue	46.25768	6.88763	2042	peak	13	Q235844
Gros Sex	46.25780	7.14576	2418	peak	5	Q3116995
Pierre qu'Abotse	46.25989	7.15390	2735	peak	3	Q22355966
Sex des Branlettes	46.26247	7.15532	2620	peak	5	Q2416196
Mont à Cavouère	46.25870	7.21469	2612	peak	10	Q3647248
Illhorn	46.26298	7.61622	2717	peak	13	Q568228
Signalhorn	46.25519	7.74613	2911	peak	9	Q3647548
Spitzhorli	46.26457	7.98061	2737	peak	12	Q3647299
Tochuhorn	46.25651	8.00075	2661	peak	11	Q3647524
Staldhorn	46.26239	8.02040	2463	peak	5	Q22376586
Pizzo Diei	46.26472	8.23806	2905	peak	7	Q3158279
Monte Cistella	46.25842	8.25360	2880	peak	9	Q535675
Rosso di Ribia	46.25935	8.52617	2541	peak	10	Q7369912
Pizzo Cramalina	46.25528	8.62391	2322	peak	10	Q2998679
Pizzo Cassandra	46.26186	9.77556	3226	peak	7	Q3905988
Passo del Tonale	46.25801	10.58185	1883	pass	16	Q944457
Cima Roccapiana	46.25998	11.13410	1874	peak	7	Q3676764
Cima di Cece - Cimon de Sés	46.26076	11.68399	2754	peak	8	Q3676819
Cima della Rosetta	46.26273	11.83121	2743	peak	3	Q31643607
Batognica	46.26321	13.66824	2164	peak	6	Q810866
Podrta gora	46.26125	13.76885	2061	peak	5	Q19935940
Črnivec	46.26071	14.70227	902	pass	4	Q8079815
Donačka gora	46.26271	15.74220	882	peak	9	Q15666990
Crêt au Merle	46.26956	5.87906	1448	peak	4	Q3006346
Crêt de la Neige	46.27092	5.93963	1718	peak	24	Q1142554
Mont Forchat	46.27373	6.48811	1539	peak	3	Q3321830
Pointe d'Ireuse	46.26756	6.57501	1890	peak	6	Q3393582
Lion d'Argentine	46.26782	7.12295	2274	peak	3	Q22545917
Ergischhorn	46.27396	7.73582	2526	peak	11	Q5385803
Gibidum	46.26985	7.93621	2317	peak	12	Q1522918
Punta di Terrarossa / Wasenhorn	46.26651	8.08591	3246	peak	17	Q673978
Punta Salarioli	46.27067	8.18554	2667	peak	3	Q65969678
Madom da Sgióf	46.26803	8.77603	2265	peak	8	Q6529053
Poncione del Vènn	46.27428	8.90714	2477	peak	7	Q7227634
Cima di Visghéd	46.27456	8.96051	1924	peak	6	Q3676829
Piz de Molinera	46.26927	9.06985	2288	peak	8	Q7199926
Monte Pioda	46.27173	9.74028	3431	peak	4	Q3322561
Monte Disgrazia	46.26954	9.74962	3678	peak	19	Q739961
La Madrutta - Madruttberg	46.27471	11.26687	1505	peak	5	Q1760089
Talvena	46.26611	12.15583	2542	peak	5	Q3862059
Krn	46.26628	13.65892	2244	peak	17	Q1430355
Kser	46.27272	13.74728	1900	peak	3	Q31266272
Grand Crêt	46.27941	5.95377	1702	peak	4	Q1288247
Les Trables	46.27822	6.53766	1361	peak	5	Q3321694
Col du Corbier	46.28414	6.64523	1237	pass	4	Q2982256
Prabé	46.28449	7.35009	2041	peak	8	Q8527678
Glishorn	46.28382	7.99153	2525	peak	14	Q58398
Pizzo Moro	46.28440	8.19472	2943	peak	4	Q31654939
Punta d'Orogna	46.28461	8.21348	2474	peak	4	Q31655021
Pizzo Alzasca	46.27743	8.57602	2261	peak	9	Q7200013
Pizzo Morisciöi	46.28373	8.71564	2065	peak	4	Q22393328
Pizzo Scalino	46.27864	9.97345	3323	peak	11	Q3906020
Pizzo Canciano	46.28328	9.99963	3103	peak	11	Q3905989
Monte Tonale Occidentale	46.28312	10.55965	2694	peak	4	Q3862082
Sasso Rosso	46.27701	10.90333	2645	peak	3	Q3950685
Cavallazza	46.27870	11.77679	2326	peak	5	Q3663908
Cimon della Pala	46.28491	11.82397	3184	peak	14	Q2523107
Monte Agner	46.27641	11.95271	2872	peak	9	Q16354723
Stol	46.27842	13.45398	1673	peak	5	Q3862046
Bogatin	46.28165	13.73502	1977	peak	3	Q76161090
Mahavšček	46.27737	13.73624	2005	peak	4	Q56835215
Volovljek	46.28319	14.68838	1020	pass	3	Q2981969
Montoisey	46.28720	5.96184	1680	peak	3	Q3322855
Col du Feu	46.29440	6.50930	1120	pass	3	Q2982265
Mont Billiat	46.28805	6.58386	1894	peak	6	Q3321692
Tour de Don	46.28996	6.86151	1998	peak	8	Q7828969
Pas de Cheville	46.28731	7.19188	2038	pass	6	Q7141501
Mont Gond	46.28652	7.26383	2710	peak	11	Q3647478
Punta del Rebbio	46.29457	8.12565	3193	peak	17	Q2603493
Poncione d'Alnasca	46.29207	8.82369	2300	peak	6	Q3013122
Pizzo Badile / Piz Badile	46.29476	9.58784	3309	peak	25	Q668321
Pizzo Cengalo	46.29491	9.60196	3369	peak	18	Q2574854
Pizzi Gemelli	46.29456	9.61027	3220	peak	3	Q3905972
Pizzi Gemelli	46.29291	9.61135	3262	peak	3	Q3905972
Cima della Bondasca Centrale	46.28779	9.62228	3283	peak	14	Q2630682
Monte Sissone	46.29292	9.71450	3327	peak	11	Q3015626
Monte Corno - Trudner Horn	46.28988	11.32382	1781	peak	4	Q2456159
Cima della Vezzana	46.28991	11.82974	3192	peak	14	Q1092027
Passo San Osvaldo	46.28543	12.40868	828	pass	3	Q3897455
Cjampon	46.29452	13.18118	1709	peak	5	Q3861442
Veliki Lemež	46.28838	13.67349	2035	peak	4	Q12805496
Boč	46.28939	15.59996	978	peak	8	Q4952926
Signal de la Mère Boitier	46.30257	4.63213	758	peak	3	Q3483598
Roche de Solutré	46.29872	4.71814	493	peak	8	Q3437539
Mont Ouzon	46.30084	6.64502	1880	peak	5	Q3322015
Haut Sex	46.29980	6.83478	1961	peak	6	Q5682929
Pointes de Châtillon	46.30154	7.14324	2368	peak	3	Q22618057
Culan	46.30458	7.15611	2789	peak	11	Q5192853
Tête Ronde	46.30380	7.17758	3037	peak	10	Q3647586
Sommet des Diablerets	46.30442	7.19037	3210	peak	5	Q22627488
La Fava	46.30214	7.27963	2612	peak	11	Q3647497
Hillehorn	46.30307	8.14044	3181	peak	17	Q674103
Helsenhorn	46.30480	8.19169	3272	peak	17	Q691933
Pizzo di Boccareccio	46.29781	8.20267	3027	peak	3	Q31655481
Monte Cazzola	46.29514	8.23739	2330	peak	8	Q3861432
Pizzo Quadro	46.29829	8.42772	2793	peak	12	Q1772906
Pizzo Bombögn	46.30464	8.49708	2331	peak	12	Q7200015
Poncione Piancascia	46.29868	8.73362	2360	peak	9	Q7227632
Poncione Rosso	46.29925	8.91160	2505	peak	10	Q60893
Pizzo di Claro / Visagno	46.29604	9.05562	2727	peak	16	Q691023
Pizzo Setaggio	46.29541	9.28085	2476	peak	8	Q7199931
Sciora Dadent	46.29725	9.62457	3275	peak	12	Q2396576
Ago di Sciora	46.30168	9.62602	3205	peak	15	Q2609573
Punta Pioda	46.30316	9.62759	3238	peak	11	Q3905413
Cima di Castello	46.30185	9.67747	3378	peak	16	Q2574979
Pizzo Trevesina	46.30121	10.13781	2817	peak	11	Q7199908
Corno di Tres	46.29622	11.16426	1812	peak	7	Q3693778
Passo Rolle	46.29630	11.78632	1971	pass	15	Q634939
Cima dei Bureloni	46.29765	11.83202	3130	peak	6	Q3676783
Passo Tanamea	46.30339	13.34286	870	pass	3	Q33168803
Lanževica	46.29677	13.72476	2003	peak	3	Q122167702
Krvavec	46.29968	14.53675	1853	peak	6	Q1378440
Roche de Vergisson	46.31449	4.71570	483	peak	5	Q3437537
Mont de Boisy	46.30779	6.35798	739	peak	4	Q3322208
Mont Chauffé	46.30921	6.75984	2093	peak	7	Q924799
Quille du Diable ou Tour Saint-Martin	46.30948	7.22473	2908	peak	3	Q25041043
Rothorn	46.31168	8.13000	2813	peak	3	Q22467329
Monte del Sangiatto	46.31488	8.29886	2387	peak	4	Q31655690
Cima di Bri	46.30504	8.88424	2520	peak	10	Q5120069
Denc dal Luf	46.31383	9.55082	2172	peak	3	Q22621796
Sciora Dafora	46.30524	9.62751	3169	peak	11	Q3647613
Cima di Cantun	46.31064	9.67790		peak	15	Q3646939
Cima di Rosso	46.30642	9.71852	3366	peak	15	Q2630634
Corno Campascio / Corno delle Ruzze	46.31318	10.00007	2808	peak	10	Q5171881
Monte Peller	46.31477	10.94371	2320	peak	4	Q3861821
Passo di San Lugano - San-Lugano-Sattel	46.31231	11.39304	1097	pass	3	Q2219163
Doss Capèl	46.31004	11.57213	2173	peak	3	Q3898884
Cima del Focobon	46.30641	11.84183	3054	peak	3	Q16541311
Monte San Lucano	46.31088	11.96066	2409	peak	3	Q21659897
Kaluder	46.30565	13.70333	1980	peak	3	Q19934191
Pic d'Oliferne	46.31924	5.58850	807	peak	3	Q3350495
Colomby de Gex	46.32229	5.99535	1689	peak	8	Q1110479
Pointe d'Arvoin	46.32040	6.80627	2019	peak	7	Q7458496
Le Linleu	46.31595	6.81669	2093	peak	9	Q192356
La Braye	46.31897	6.83989	1788	peak	7	Q16743209
Col de la Croix	46.32470	7.12672	1776	pass	12	Q692251
Sex Noir	46.31905	7.35823	2731	peak	7	Q3647309
Fülhorn	46.32260	8.07060	2738	peak	6	Q1481259
Pizzo Cornera	46.31614	8.21479	3083	peak	3	Q30505283
Pizzo Cervandone	46.32414	8.22306	3210	peak	11	Q1152462
Monte Corbernas	46.32379	8.30895	2578	peak	4	Q31655809
Guriner Furggu	46.32300	8.45368	2323	pass	4	Q33166833
Pizzo delle Pecore	46.32492	8.68148	2381	peak	6	Q7200043
Poncione della Marcia	46.31960	8.76593	2454	peak	6	Q3013114
Piz di Campedell	46.32406	9.06575	2724	peak	11	Q2998298
Piz de Groven	46.31830	9.15911	2694	peak	13	Q3905952
Pizzo della Forcola	46.31653	9.29382	2671	peak	11	Q3905953
Piz Cacciabella Sud	46.32297	9.62875	2968	peak	13	Q3905985
Piz Cacciabella Nord	46.32406	9.62925	2980	peak	13	Q3905985
Piz Canfinal / Pizzo Confinale	46.32048	9.98585	2812	peak	9	Q15266923
Pizzo di Sassiglione	46.32278	10.11279	2855	peak	9	Q7199930
Passo Duran	46.32491	12.09606	1605	pass	9	Q634522
Mala Tičarica	46.32052	13.78505	2072	peak	3	Q113565291
Velika Tičarica	46.32254	13.78564	2092	peak	3	Q12804193
Mont Myon	46.32861	5.39884	662	peak	3	Q3321969
Les Cornettes de Bise	46.33258	6.78460	2432	peak	17	Q85166
Le Chamossaire	46.32682	7.06134	2112	peak	14	Q191741
Scex Rouge	46.32715	7.20244	2971	peak	11	Q690163
Oldehore	46.32925	7.22145	3123	peak	14	Q2410246
Col du Sanetsch	46.33157	7.28623	2252	pass	11	Q674292
Le Sérac	46.32609	7.32965	2817	peak	7	Q6507717
Sex Rouge (Anzère)	46.33283	7.37616	2893	peak	11	Q690163
Grosse Huwetz	46.32578	8.08510	2923	peak	3	Q22650640
Fleschhorn	46.33298	8.21662	3004	peak	4	Q9260803
Schwarzhorn	46.33450	8.22402	3108	peak	8	Q1633760
Martschenspitz	46.32833	8.46003	2689	peak	7	Q6777319
Madone di Camedo	46.33067	8.56355	2374	peak	6	Q8528119
Cima di Broglio	46.33032	8.68355	2385	peak	8	Q5120070
Cima die Gagnone	46.32684	8.84699	2518	peak	12	Q2784724
Pizzo di Campel	46.33196	9.26201	2376	peak	11	Q3786497
Il Pizzaccio	46.32716	9.29930	2589	peak	4	Q31655911
Piz Grand	46.32681	9.60591	2459	peak	4	Q22386303
Sassalb	46.33360	10.09914	2844	peak	8	Q7425752
Guggul - Cucul	46.33008	11.34342	1562	peak	3	Q1093212
Schwarzhorn - Corno Nero	46.33478	11.45450	2439	peak	8	Q1332805
Monte Agnello - Cimòn de Tresca	46.32654	11.55878	2361	peak	5	Q943539
Monte Duranno	46.32890	12.40319	2666	peak	6	Q1330864
Ogradi	46.33471	13.83327	2087	peak	4	Q16020480
Chambairy	46.33886	6.81683	2202	peak	6	Q2948083
Le Tâche	46.34464	6.84781	1691	peak	7	Q16743084
Tête aux Chamois	46.34000	7.21472	2524	peak	8	Q16887810
Gstellihorn	46.34437	7.25997	2818	peak	3	Q22652121
Mont Brun	46.33746	7.26185	2924	peak	10	Q3647563
Arpelistock	46.34387	7.31523	3036	peak	18	Q669727
Cry d'Er	46.33619	7.47859	2258	peak	4	Q3005702
Gärsthorn	46.34391	7.91678	2926	peak	11	Q8527720
Bättlihorn (Nord)	46.33678	8.09372	2951	peak	11	Q3647943
Pizzo Bièla - Wandlfuhhorn	46.34477	8.46416	2863	peak	12	Q2354358
Pizzo d'Orsalìa	46.33922	8.50665	2664	peak	8	Q7200035
Pizzo d'Orsalietta	46.34374	8.53636	2475	peak	8	Q7200038
Madonino	46.34298	8.57005	2121	peak	5	Q6728356
Rasiva	46.33564	8.73041	2684	peak	6	Q7295066
Masnan	46.34219	9.01133	2505	peak	7	Q3015186
Torent Alto	46.34361	9.07112	2948	peak	12	Q2783901
Cima de Nomnom	46.34019	9.15765	2633	peak	8	Q5120055
Fiamma	46.33900	9.63893	2383	peak	4	Q22700146
Piz Bacun	46.34221	9.68227	3244	peak	16	Q1757966
Passo di Gavia	46.34348	10.48733	2621	pass	17	Q1008597
Corno dei Tre Signori	46.34320	10.51566	3360	peak	11	Q1134222
Viezzena - Viesena	46.33767	11.67511	2491	peak	3	Q18785678
Passo Valles	46.33861	11.80026	2032	pass	7	Q2509338
Moiazza Sud	46.33830	12.05797	2878	peak	4	Q3860159
Sasso di Bosconero	46.33664	12.26819	2469	peak	5	Q3950690
Cima dei Preti	46.34232	12.42106	2707	peak	11	Q936906
Monte San Simeone	46.34372	13.10664	1505	peak	3	Q31632548
Plaski Vogel	46.33770	13.75068	2349	peak	3	Q31329956
Jezerski Stog	46.33839	13.84515	2039	peak	4	Q12792448
Kalška gora	46.34085	14.54752	2056	peak	4	Q3192297
Dent d'Oche	46.35298	6.73132	2221	peak	11	Q1189865
Château d'Oche	46.34980	6.74191	2197	peak	7	Q2968301
Dent du Velan	46.34710	6.77468	2059	peak	10	Q5259383
Mont Gardy	46.35021	6.79946	2201	peak	6	Q784119
Mont Valeur	46.35357	6.80210	2147	peak	5	Q12716944
Alamont	46.35106	6.83296	1900	peak	3	Q22377699
La Riondaz	46.35247	6.99937	1981	peak	3	Q22389100
Col du Pillon	46.35343	7.20460	1546	pass	14	Q475548
Gältehore	46.34637	7.33441	3062	peak	10	Q5530513
Wildhorn	46.35475	7.36082	3250	peak	18	Q15249
Six des Eaux Froides	46.34699	7.40311	2905	peak	7	Q7532931
Bellalui	46.34933	7.48825	2548	peak	12	Q3647293
Chistehorn	46.34805	7.78482	2787	peak	9	Q5102145
Wiwannihorn	46.35479	7.85615	3001	peak	9	Q8028695
Stockhorn	46.34600	8.21430	2585	peak	3	Q16887809
Monte Zucchero	46.35417	8.71417	2736	peak	14	Q1764810
Cima di Biasca	46.34610	9.02260	2574	peak	7	Q5120066
Piz da Termin	46.34889	9.08199	2899	peak	5	Q3905946
Passo del Muretto	46.34880	9.73381	2562	pass	8	Q693468
Pizzo delle Tre Mogge	46.35185	9.82185	3441	peak	13	Q2002824
Pizzo di Varuna	46.35236	9.99362	3453	peak	17	Q16630
Piz Sena	46.35314	10.10998	3075	peak	14	Q6980020
Monte Gavia	46.35400	10.47247	3220	peak	7	Q1945843
Weißhorn - Corno Bianco	46.35439	11.44375	2316	peak	8	Q1598119
Jochgrimm - Passo Oclini	46.34732	11.45154	1989	pass	3	Q1691238
Passo di Lavazè	46.35467	11.49274	1807	pass	11	Q680789
Pala di Santa - Pala de Zanca	46.34585	11.51231	2493	peak	5	Q146899
Reiterjoch - Passo di Pampeago	46.35381	11.53983	1983	pass	4	Q303904
Cima Bocche - Cimon de Boce	46.35422	11.75271	2745	peak	7	Q3676721
Svinjak	46.35042	13.61079	1653	peak	7	Q2371850
Vrh Hribaric	46.34958	13.81840	2388	peak	3	Q20521603
Škednjovec	46.34948	13.82479	2309	peak	3	Q12807181
Ablanca	46.35302	13.88417	2005	peak	3	Q112683681
Tolsti vrh	46.34864	14.36320	1715	peak	5	Q11093224
Storžič	46.35024	14.40475	2132	peak	14	Q909526
Brana	46.35489	14.58755	2253	peak	9	Q2923663
Lučki Dedec	46.35240	14.63778	2023	peak	3	Q3268231
Pointe de la Chaumény	46.36148	6.82095	2068	peak	3	Q22431128
Grammont	46.35742	6.82119	2172	peak	14	Q154896
Les Agites	46.36433	6.95438	1569	pass	6	Q457937
Berneuse	46.35977	7.00178	2048	peak	11	Q191711
Schluchhore	46.35800	7.26223	2582	peak	9	Q7431756
Sex des Molettes	46.36360	7.43355	2782	peak	7	Q3647446
Mont Bonvin	46.36464	7.50775	2995	peak	13	Q504442
Tschajetuhorn	46.36041	7.58261	2776	peak	5	Q8557322
Niwen	46.36115	7.71237	2769	peak	10	Q664738
Wannihorn	46.36308	7.79166	3116	peak	7	Q7968045
Rothorn	46.36419	7.89807	2953	peak	3	Q22467289
Breithorn	46.35665	8.13869	2599	peak	12	Q4960449
Albrunhorn	46.36362	8.28341	2885	peak	12	Q4712708
Monte Giove	46.36149	8.38791	3009	peak	4	Q3861591
Pizzo Magn	46.36131	9.00874	2329	peak	9	Q8528136
Mottone di Cava	46.35944	9.01364	2374	peak	3	Q6918689
Pizzo del Torto	46.35569	9.29620	2723	peak	9	Q7200041
Piz Fedoz	46.35964	9.74068	3189	peak	9	Q7199838
Piz Glüschaint	46.36244	9.84008	3594	peak	14	Q371985
Roen	46.36043	11.19227	2116	peak	11	Q913922
Sassolungo di Cibiana	46.35897	12.28272	2413	peak	3	Q3950712
Monte Pramaggiore	46.36493	12.55357	2478	peak	6	Q3861869
Kanin / Canin	46.36015	13.43903	2587	peak	12	Q1723772
Monte Forato / Prestreljenik	46.36213	13.47240	2498	peak	10	Q11827076
Kanjavec	46.36011	13.80982	2569	peak	11	Q1723781
Mišelj vrh	46.35643	13.83770	2349	peak	4	Q19935319
Vernar	46.36120	13.86147	2216	peak	3	Q31330287
Tosc	46.35672	13.86837	2273	peak	8	Q14849912
Veliki Draški vrh	46.36020	13.87578	2240	peak	3	Q97143983
Viševnik	46.35898	13.89824	2050	peak	5	Q12805856
Jezerska Kočna	46.35876	14.52197	2540	peak	12	Q1688766
Grintovec	46.35713	14.53540	2558	peak	22	Q588460
Dolgi hrbet	46.36319	14.54580	2473	peak	5	Q3033896
Štruca	46.36258	14.55313	2457	peak	4	Q3594308
Skuta	46.36326	14.55774	2532	peak	12	Q980106
Turska gora	46.36030	14.57721	2251	peak	5	Q3542401
Planjava - Vzhodni vrh	46.35653	14.61372	2392	peak	10	Q3391472
Lučka Baba	46.35866	14.62210	2331	peak	3	Q3268230
Ojstrica	46.36392	14.63724	2350	peak	9	Q541173
Col de la Faucille	46.36926	6.01938	1323	pass	8	Q1107433
Tour d'Aï	46.37210	7.00197	2330	peak	16	Q675673
Tour de Mayen	46.37466	7.00828	2326	peak	9	Q3533403
La Palette	46.36699	7.19942	2171	peak	3	Q22700625
Schnidehorn	46.37317	7.39288	2937	peak	10	Q504456
Pointe de la Plaine Morte	46.37073	7.48685	2927	peak	5	Q16844425
Trubelstock	46.37022	7.57220	2998	peak	10	Q3647556
Hohgleifa	46.37068	7.79332	3279	peak	11	Q5877344
Tieregghorn	46.37315	7.85941	3072	peak	9	Q7801082
Alpjuhorn	46.36729	7.90865	3144	peak	11	Q3653006
Riederhorn	46.37133	8.01592	2230	peak	7	Q7333082
Bocchetta d'Arbola	46.37120	8.29562	2409	pass	9	Q687080
Madone Grosso	46.36672	8.83126	2746	peak	13	Q674594
Fil de Dragiva	46.37090	9.16742	2729	peak	8	Q5448258
Piz Pombi	46.36777	9.27607	2967	peak	10	Q3916912
Pizzo Galleggione	46.36692	9.48775	3107	peak	14	Q3883624
Pizzun	46.36958	9.51371	2966	peak	4	Q22394184
Piz da Cävi	46.36582	9.52172	2844	peak	4	Q22503070
Piz dal Märc	46.37092	9.54557	2948	peak	4	Q22384971
Piz Cam	46.36994	9.61065	2634	peak	4	Q22383208
Il Chapütschin	46.37453	9.81902	3386	peak	13	Q3647003
Pizzo Roseg	46.37361	9.88328	3938	peak	22	Q668287
Crast' Agüzza	46.37080	9.91819	3872	peak	20	Q668570
Piz Argient	46.36598	9.92518	3945	peak	18	Q674468
Pizzo Zupò	46.36832	9.93118	3996	peak	23	Q16674
Monte Bellavista Occidentale	46.37372	9.93230	3922	peak	23	Q665012
Piz dal Teo	46.36975	10.12603	3049	peak	13	Q6980857
Passo Cibiana	46.37443	12.25980	1530	pass	8	Q634689
Lopa / Monte Leupa	46.37031	13.49427	2403	peak	5	Q12795124
Rombon	46.36730	13.55440	2208	peak	9	Q3861919
Bavški Grintavec	46.36934	13.67086	2347	peak	4	Q812023
Kranjska Rinka	46.36561	14.56367	2455	peak	5	Q509419
Koroška Rinka	46.36773	14.56513	2433	peak	6	Q3199005
Štajerska Rinka	46.36816	14.56734	2374	peak	4	Q3594296
Mala Rinka	46.36582	14.56926	2289	peak	3	Q3281124
Krofička	46.37457	14.64503	2083	peak	8	Q3199891
Pic des Mémises	46.37876	6.71261	1675	peak	6	Q3322307
Tour de Famelon	46.38279	7.02356	2143	peak	7	Q16887812
Pic Chaussy	46.37710	7.11273	2351	peak	14	Q117414
Pointe des Semeleys	46.37792	7.12355	2327	peak	3	Q22435247
Châtillon	46.38060	7.13774	2478	peak	4	Q22484594
La Tarent	46.38207	7.14754	2548	peak	13	Q1750006
La Pare	46.38290	7.15244	2540	peak	10	Q3647540
Cape au Moine	46.38067	7.17108	2352	peak	9	Q2937256
Spitzhorn	46.37521	7.31024	2807	peak	11	Q502395
Niesehorn	46.38225	7.37367	2776	peak	11	Q504436
Col du Rawyl	46.38333	7.44232	2429	pass	7	Q869946
Rohrbachstein	46.37625	7.46221	2950	peak	9	Q3647469
Wysshore	46.38368	7.47341	2947	peak	7	Q2556553
Schwarzhorn	46.38424	7.58009	3105	peak	8	Q7433204
Torrenthorn	46.37746	7.67893	2998	peak	15	Q2396021
Wilerhorn	46.37863	7.81089	3307	peak	10	Q3647028
Stockhorn	46.38224	7.87857	3211	peak	6	Q7618082
Pizzo Fiorèra	46.37700	8.46620	2921	peak	10	Q3905997
Pizzo Solögna	46.38006	8.49585	2697	peak	9	Q6529069
Pizzo Malora	46.38376	8.58807	2640	peak	8	Q7200022
Pizzo di Brünesc	46.37931	8.61748	2429	peak	10	Q256774
Corona di Redòrta	46.37548	8.73219	2804	peak	10	Q5172139
Cima di Gagela	46.38430	9.17458	2805	peak	11	Q5120057
Piz Corbet	46.37972	9.28040	3024	peak	13	Q6979300
Pizzo Stella	46.38148	9.42144	3163	peak	12	Q1633056
Cima da Lägh	46.37636	9.46106	3083	peak	13	Q2002817
Piz Duan	46.37588	9.58332	3131	peak	16	Q1633716
Piz da la Margna	46.38196	9.73002	3159	peak	14	Q4353322
Piz Alv / Pizzo Bianco	46.38460	9.90657	3993	peak	18	Q2735827
La Spedla/ Punta Perrucchetti	46.38088	9.90738	4021	peak	15	Q2396352
Piz Bernina	46.38243	9.90805	4049	peak	42	Q15132
Pizzo Palù Occidentale/ Piz Spinas	46.37931	9.95280	3823	peak	5	Q3389489
Pizzo Palù Centrale	46.37880	9.96012	3900	peak	27	Q665042
Cima Viola	46.38370	10.19661	3374	peak	8	Q3676778
Punta San Matteo	46.37778	10.56712	3678	peak	12	Q833472
Cimon del Latemar - Diamantiditurm	46.38107	11.57504	2842	peak	6	Q593456
Schenòn del Latemar - Östliche Latemarspitze	46.38260	11.58396	2801	peak	7	Q1806874
Passo San Pellegrino	46.37836	11.79172	1918	pass	13	Q379948
Monte Civetta	46.38013	12.05335	3220	peak	25	Q1094438
Monte Rite	46.38454	12.25787	2183	peak	8	Q1231982
Triglav	46.37830	13.83658	2864	peak	65	Q1024
Kredarica	46.38013	13.85244	2540	peak	3	Q31329987
Rž	46.38166	13.85915	2538	peak	4	Q19936315
Dobrča	46.38067	14.25268	1634	peak	3	Q31530229
Velika Baba	46.37937	14.55596	2127	peak	5	Q3555313
Ledinski vrh	46.37508	14.55920	2108	peak	4	Q3228814
Mrzla gora	46.37717	14.57832	2203	peak	11	Q3327271
Malatraix	46.39428	6.96420	1768	peak	6	Q16887794
Mont d'Or	46.38836	7.06015	2175	peak	7	Q3322201
Mittaghorn	46.38617	7.43876	2686	peak	8	Q8527685
Schneehoren	46.38948	7.55492	3180	peak	7	Q289806
Daubenhorn	46.38837	7.60291	2942	peak	17	Q673993
Majinghorn	46.39128	7.68880	3054	peak	9	Q6737898
Bietschhorn	46.39157	7.85082	3934	peak	32	Q15289
Strahlhorn	46.38620	7.90822	3200	peak	7	Q7620960
Sparrhorn	46.39245	8.04538	2289	peak	4	Q107421502
Punta d'Arbola	46.38644	8.31863	3235	peak	16	Q691910
Cima Bianca	46.38784	8.81236	2612	peak	10	Q5120050
Piz di Strega	46.38886	9.08723	2912	peak	8	Q7199932
Pizzo Quadro	46.38620	9.28435	3014	peak	8	Q3786557
Wissberg	46.39306	9.52880	2980	peak	3	Q22628978
Gletscherhorn	46.38745	9.56064	3106	peak	13	Q5569515
Piz Mungiroi	46.39268	9.56637	3056	peak	6	Q1594574
Pizzo Lizun	46.38618	9.63782	2549	peak	4	Q22386804
Piz Cambrena	46.38740	9.97744	3607	peak	16	Q674075
Piz d'Arlas	46.39329	9.98295	3467	peak	5	Q3389483
Sassal Mason	46.38998	10.01362	3032	peak	7	Q7425749
Scima da Saoseo	46.38548	10.15803	3264	peak	14	Q2630667
Pizzo Tresero	46.39051	10.54316	3594	peak	7	Q1782088
Punta Taviela	46.38860	10.61634	3612	peak	4	Q3925726
Rjavina	46.39192	13.88083	2532	peak	8	Q12800247
Debela peč	46.39062	13.93340	2014	peak	4	Q12787403
Gros Van	46.39630	7.06924	2189	peak	9	Q5610429
Col des Mosses	46.39898	7.10263	1445	pass	10	Q636165
Wildstrubel	46.40051	7.52843	3244	peak	20	Q15286
Gemmipass	46.39628	7.61147	2269	pass	18	Q389416
Kleines Nesthorn	46.39676	7.84051	3342	peak	5	Q22543586
Sparrhorn	46.40437	7.98408	3021	peak	10	Q8527139
Holzjihorn	46.40390	8.24836	2987	peak	4	Q9293420
Hohsandhorn / Punta del Sabbione	46.40359	8.30901	3182	peak	12	Q1633729
Pizzo Muncréch	46.40008	9.01891	2251	peak	9	Q6509592
Pizzo del Ramulazz	46.39994	9.09577	2915	peak	11	Q7200040
Cima della Blese	46.39816	9.46683	3044	peak	13	Q7199817
Piz Piot	46.40285	9.58686	3052	peak	10	Q7199874
Piz Blanch	46.40315	9.64426	2393	peak	5	Q22383057
Malojapass	46.39994	9.69581	1815	pass	34	Q664978
Piz Morteratsch	46.40250	9.90153	3751	peak	22	Q689431
Piz Prievlus	46.39652	9.90765	3610	peak	4	Q22388720
Piz Arlas	46.39736	9.98369	3367	peak	5	Q3389483
Piz Campasc	46.39681	10.04469	2598	peak	7	Q2097567
Corn da Mürasciola	46.40442	10.09745	2819	peak	5	Q22542916
Monte Sobretta	46.39808	10.43771	3296	peak	9	Q937491
Monte Vioz	46.40155	10.63298	3645	peak	11	Q835421
Passo di Costalunga - Karerpass	46.40428	11.60899	1745	pass	11	Q361615
Campanile di Val Montanaia	46.39521	12.48116	2174	peak	9	Q670416
Cima Both	46.40427	12.48133	2434	peak	3	Q3676723
Cima Monfalcon di Montanaia	46.40437	12.48622	2548	peak	4	Q3698277
Monte Amariana	46.40066	13.08038	1905	peak	8	Q1092929
Cima del Lago / Jerebica	46.39825	13.56518	2126	peak	5	Q3676789
Briceljk	46.39501	13.63189	2346	peak	4	Q12786463
Morež	46.39868	13.64086	2261	peak	3	Q12797030
Goličica	46.39980	13.77075	2108	peak	3	Q56835342
Cmir	46.40065	13.86005	2393	peak	4	Q28859194
Le Crêt Pela	46.41375	6.02214	1495	peak	4	Q1142540
Rinderhorn	46.41355	7.65431	3449	peak	15	Q675745
Ferdenrothorn	46.40833	7.70726	3180	peak	10	Q3068486
Breitlauihorn	46.41271	7.88063	3655	peak	11	Q4960453
Nesthorn	46.41307	7.92593	3822	peak	21	Q16541
Unterbächhorn	46.40569	7.93938	3554	peak	9	Q7897577
Hohstock	46.40693	7.96297	3226	peak	11	Q8527887
Bettmerhorn	46.41435	8.08020	2857	peak	14	Q665169
Turbhorn	46.40801	8.28031	3247	peak	6	Q7853751
Basòdino	46.41160	8.46843	3273	peak	20	Q16522
Pizzo Barone	46.40573	8.74211	2864	peak	11	Q3905981
Matro	46.41022	8.92457	2172	peak	11	Q3849865
Piz de Trescolmen	46.40702	9.18483	2582	peak	8	Q7199928
Pizzo Groppera	46.41417	9.39979	2948	peak	8	Q747532
Piz Turba	46.41031	9.60568	3018	peak	10	Q16887813
Motta da Sett	46.41340	9.64832	2637	peak	3	Q22407389
Piz dal Sasc	46.40979	9.66128	2733	peak	3	Q22385011
Pass Lunghin	46.41361	9.66343	2644	pass	9	Q377377
Piz Lunghin	46.41051	9.67031	2780	peak	16	Q675985
Piz Corvatsch	46.40849	9.81614	3451	peak	24	Q677288
Piz Tschierva	46.41447	9.88628	3546	peak	15	Q3389496
Diavolezza	46.41070	9.96706	2958	pass	17	Q304897
Piz Trovat	46.40570	9.97043	3146	peak	8	Q3389490
Sass Queder	46.41078	9.97262	3066	peak	6	Q22427827
Passo del Bernina	46.41092	10.02762	2330	pass	35	Q204774
Corno di Dosdè	46.40776	10.17006	3232	peak	6	Q5171883
Cima dell'Uomo	46.40623	11.80892	3010	peak	4	Q31642128
Sas De Valfreida	46.41050	11.84350	3003	peak	4	Q3950703
Monte Tinisa (Cima ovest)	46.41353	12.71838	2120	peak	6	Q930600
Pelc nad Klonicami	46.40572	13.67206	2443	peak	3	Q28719957
Planja	46.40644	13.78564	2448	peak	4	Q12798889
Planja	46.40708	13.78743	2449	peak	4	Q12798889
Razor	46.41190	13.79145	2601	peak	15	Q1040008
Stenar	46.40799	13.81856	2501	peak	6	Q12803483
Raduha	46.40995	14.73769	2062	peak	10	Q3417166
Pointe d'Aveneyre	46.41734	7.00466	2026	peak	10	Q3393580
Wittenberghorn	46.41622	7.20983	2350	peak	11	Q930652
Furggenspiz	46.42252	7.23014	2297	peak	10	Q2246868
Ammertenhorn	46.41735	7.51649	2666	peak	6	Q473238
Steghorn	46.41764	7.58327	3146	peak	10	Q683209
Balmhorn	46.42473	7.69359	3697	peak	25	Q15294
Lötschenpass	46.41625	7.71672	2690	pass	16	Q870342
Breithorn	46.41897	7.89374	3784	peak	18	Q673863
Lonzahörner	46.42351	7.90375	3560	peak	10	Q3646985
Lonzahörner	46.42452	7.90671	3547	peak	10	Q3646985
Rappehorn	46.41502	8.26749	3158	peak	9	Q3930229
Corno di Ban / Bannhorn	46.41782	8.36106	3027	peak	4	Q31657750
Monte Immel	46.42294	8.37191	2807	peak	10	Q8528304
Corno Castello / Kastelhorn	46.42220	8.45760	3128	peak	13	Q1998880
Pizzo Castello	46.41583	8.56523	2808	peak	10	Q7200018
Pianca Bella	46.42155	8.91124	2164	peak	5	Q22703251
Cogn	46.41615	8.91744	2166	peak	6	Q20983490
Piz Pian Grand	46.41751	9.15568	2689	peak	9	Q7199872
Cima de Barna	46.42052	9.26371	2857	peak	10	Q5120056
Piz Forcellina	46.41599	9.61366	2939	peak	3	Q22385861
Pass da Sett	46.41898	9.63710	2310	pass	17	Q667166
Piz Grevasalvas	46.42283	9.67444	2932	peak	11	Q7199846
Piz Boval	46.41738	9.90229	3353	peak	14	Q668314
Munt Pers	46.42143	9.95349	3207	peak	12	Q258684
Corn da Camp	46.41771	10.10767	3232	peak	11	Q5171051
Cima de' Piazzi	46.41696	10.28509	3439	peak	13	Q1092025
Palon de la Mare	46.41637	10.61725	3703	peak	8	Q833451
Castel Pagano	46.42334	10.85943	2609	peak	3	Q3662112
Monte Ozol	46.41873	11.05314	1566	peak	4	Q3861802
Passo della Mendola - Mendelpass	46.41676	11.20833	1363	pass	7	Q253818
Torre Finestra	46.42318	11.62302		peak	4	Q1404891
Sasso Vernale	46.41892	11.84036	3058	peak	6	Q3950688
Ombreta Orientale	46.42433	11.84648	3011	peak	4	Q3676753
Passo Staulanza	46.42070	12.10450	1766	pass	9	Q1433749
Monte Pelmo	46.41998	12.13473	3172	peak	17	Q1752828
Predel / Passo del Predil	46.41855	13.57817	1156	pass	13	Q1754407
Jalovec	46.42156	13.68003	2645	peak	23	Q763420
Prisank	46.42470	13.76971	2547	peak	14	Q238644
Ajdna	46.42089	14.13070	1046	peak	9	Q2828861
Veliki vrh (Begunjščica)	46.42168	14.22976	2060	peak	12	Q753243
Seebergsattel / Jezerski vrh	46.41913	14.52703	1215	pass	12	Q674591
Butte de Suin	46.43332	4.47531	600	peak	3	Q2928966
La Dôle	46.42565	6.09955	1678	peak	17	Q675628
Col de Porte	46.43258	6.10356	1557	pass	3	Q2982102
Pointe de Poêle Chaud	46.43474	6.10682	1628	peak	5	Q3393638
La Barillette	46.43049	6.12307	1528	peak	13	Q3206454
Rochers de Naye	46.43182	6.97605	2042	peak	18	Q676030
Monts Chevreuils	46.43445	7.08414	1749	peak	6	Q3323038
Leiterli	46.42542	7.40596	2000	peak	4	Q831055
Ammertenspitz	46.43344	7.52472	2613	peak	5	Q3614413
Chli Rinderhorn	46.42569	7.64320	3003	peak	3	Q22701345
Altels	46.42893	7.67846	3629	peak	17	Q436536
Hockenhorn	46.42841	7.74417	3293	peak	18	Q163131
Beichspitza	46.43162	7.91501	3208	peak	3	Q22370463
Grosses Fusshorn	46.43077	7.99779	3627	peak	14	Q3647023
Rothorn	46.43489	8.03661	3271	peak	4	Q22467340
Sattelhorn	46.42998	8.03770	2954	peak	3	Q22429420
Eggishorn	46.43135	8.09423	2926	peak	21	Q670237
Blinnenhorn / Corno Cieco	46.42593	8.30776	3374	peak	17	Q185990
Corno Rosso	46.42832	8.32802	3289	peak	4	Q3960189
Poncione di Braga	46.43440	8.54295	2864	peak	11	Q3907914
Pizzo Campo Tencia	46.42968	8.72608	3071	peak	15	Q15263
Pizzo Forno	46.43305	8.77701	2907	peak	12	Q2247585
Pizzo Pianché	46.43121	8.90418	2228	peak	5	Q22698240
Cima dei Cogn	46.43216	9.08901	3063	peak	12	Q5120059
Piz d'Arbeola	46.42774	9.16479	2599	peak	6	Q7199914
Tscheischhorn	46.42777	9.51738	3019	peak	11	Q8527268
Piz Lagalb	46.43158	10.02359	2959	peak	15	Q683183
Piz Paradisin	46.42601	10.11725	3302	peak	14	Q2413571
Roda di Vaèl - Rotwand	46.42542	11.61990	2806	peak	7	Q2169121
Punta Penia	46.43455	11.85135	3343	peak	6	Q3925700
Cridola (Cima ovest)	46.42655	12.48313	2561	peak	9	Q2255784
Cridola (Cima est)	46.42638	12.48698	2581	peak	9	Q2255784
Jôf Fuart	46.43062	13.49129	2666	peak	11	Q2254319
Prelaz Vršič	46.43478	13.74371	1611	pass	16	Q1089225
Dolkova špica	46.42570	13.81481	2591	peak	4	Q12787687
Škrlatica	46.43281	13.82096	2740	peak	21	Q392142
Srednji Rokav	46.43381	13.82920	2589	peak	3	Q19937088
Hochstuhl / Stol	46.43400	14.17398	2237	peak	25	Q701904
Kärntner Storschitz / Pristovški Storžič	46.43123	14.52548	1759	peak	3	Q21863330
Paulitschsattel / Pavličevo sedlo	46.42521	14.58519	1338	pass	11	Q664244
Le Merdasson	46.43764	6.97306	1860	peak	3	Q3306426
Dent de Jaman	46.44495	6.97480	1875	peak	15	Q277813
Planachaux	46.44414	7.05478	1925	peak	6	Q22698259
Rocher du Midi	46.44380	7.15331	2096	peak	9	Q2374180
Le Biolet	46.43707	7.17946	2293	peak	3	Q22380964
Le Brecaca	46.43962	7.18925	2320	peak	3	Q22591685
Gummfluh	46.44056	7.19500	2458	peak	16	Q672504
Rägeboldshore	46.44220	7.50429	2193	peak	9	Q1244272
Sackhorn	46.43968	7.76678	3204	peak	10	Q7396830
Wysshorn	46.44321	7.95434	3545	peak	7	Q8040600
Rotstock	46.43537	8.00142	3699	peak	8	Q7370631
Geisshorn	46.44103	8.00563	3740	peak	15	Q2487049
Zenbächenhorn	46.43925	8.02828	3385	peak	4	Q22656031
Bättelmatthorn / Punta dei Camosci	46.44145	8.35109	3044	peak	5	Q9182903
Pizzo Erra	46.43827	8.89320	2416	peak	14	Q7200020
Cima Rossa	46.44374	9.08706	3161	peak	13	Q2354394
Chlin Hüreli	46.44352	9.50537	2798	peak	4	Q22496101
Cima di Camutsch	46.43697	9.50600	2904	peak	3	Q22503490
Piz Materdell	46.43563	9.69371	2966	peak	9	Q8536834
Piz d'Emmat Dadaint	46.44097	9.70361	2929	peak	4	Q22384327
Munt Arlas	46.44330	9.84283	3129	peak	9	Q8537132
Piz Mandra	46.43742	9.90024	3091	peak	4	Q22386899
Passo Forcola di Livigno	46.44094	10.05619	2315	pass	13	Q649544
Monte Pasquale	46.44344	10.60102	3553	peak	5	Q1242077
Monte Cevedale	46.44365	10.61659	3769	peak	17	Q1287528
Penegal	46.43875	11.21667	1737	peak	9	Q494935
Gran Vernel	46.44240	11.83213	3210	peak	10	Q2146692
Monte Bivera	46.44138	12.64200	2474	peak	10	Q3548146
Jôf di Montasio	46.43573	13.43392	2754	peak	18	Q1759191
Mangart	46.43947	13.65467	2679	peak	15	Q1890215
Kotova špica	46.43533	13.68373	2376	peak	3	Q12794167
Mala Ponca	46.44321	13.82093	2502	peak	3	Q20044389
Velika Ponca	46.44184	13.82523	2602	peak	4	Q20044309
Visoki Rokav	46.43560	13.82824	2644	peak	5	Q18449945
Široka peč	46.44384	13.84171	2477	peak	4	Q19938061
Dovški križ	46.44082	13.84221	2542	peak	5	Q1252983
Škrnatarica	46.44353	13.84950	2463	peak	4	Q12807237
Weinasch / Vajnež	46.44307	14.15121	2104	peak	4	Q21875024
Jelenčka / Edelweißspitze	46.43911	14.18497	1995	peak	4	Q21875016
Bielschitza / Svačica	46.44434	14.19102	1958	peak	4	Q21875015
Wertatscha / Vrtača	46.43998	14.21256	2180	peak	14	Q699720
Palec / Selenitza	46.44324	14.21929	2026	peak	5	Q21875003
Loiblpass / Ljubelj	46.43917	14.26671	1367	pass	16	Q569522
Košutica / Loibler Baba	46.43912	14.29888	1968	peak	6	Q1739414
Kladivo / Hainschturm	46.43730	14.34398	2094	peak	5	Q21873100
Hohe Spitze / Visoki vrh	46.43904	14.38142	2044	peak	3	Q21876928
Macesje / Breitwand	46.44470	14.40106	2130	peak	3	Q2357055
Cucurbăta Mare	46.44084	22.68889	1849	peak	10	Q19709850
Les Tuffes	46.44594	6.06505	1417	peak	3	Q3235945
Col de la Givrine	46.45460	6.08771	1226	pass	9	Q391854
Le Cubly	46.45311	6.92478	1188	peak	3	Q22382535
Col de Jaman	46.45151	6.97726	1512	pass	5	Q5141841
Dent de Corjon	46.45000	7.03584	1966	peak	10	Q5259381
La Videmanette	46.45479	7.20310	2185	peak	5	Q1263567
Giferspitz	46.45116	7.35321	2542	peak	12	Q280792
Wistätthorn	46.45411	7.38636	2362	peak	10	Q8027767
Hahnenmoospass	46.45304	7.49489	1950	pass	3	Q1568931
Fitzer	46.45057	7.54648	2458	peak	6	Q1421340
Tschingellochtighorn	46.44556	7.59295	2735	peak	11	Q494837
Elwertätsch	46.44713	7.78066	3208	peak	5	Q22397422
Birghorn	46.45248	7.78722	3243	peak	13	Q2904464
Schinhorn	46.45174	7.94637	3796	peak	17	Q2608175
Olmenhorn	46.45367	8.05192	3314	peak	13	Q3647034
Strahlhorn	46.45097	8.09521	3026	peak	7	Q7620958
Griespass	46.45377	8.37398	2479	pass	13	Q365864
Corno Gries / Grieshorn	46.45165	8.39290	2969	peak	11	Q5608715
Marchhorn	46.44850	8.46254	2962	peak	10	Q6756993
Pizzo di Röd	46.45209	8.61348	2699	peak	8	Q7200047
Cima di Piancabella	46.44806	9.00050	2671	peak	9	Q5120075
I Rodond	46.44744	9.13613	2830	peak	10	Q5978829
Grosshorn	46.44924	9.49778	2781	peak	4	Q22650747
Roccabella	46.44752	9.68141	2727	peak	5	Q22698809
Piz d'Emmat Dadora	46.44609	9.69983	2851	peak	4	Q22384344
Piz Lagrev	46.44583	9.72278	3170	peak	13	Q3905939
Piz Surlej	46.45321	9.84311	3188	peak	13	Q16549
Piz Chalchagn	46.45139	9.90583	3154	peak	13	Q660943
Piz Alv	46.44933	9.99955	2975	peak	7	Q7199808
Piz Minor	46.45111	10.02832	3049	peak	12	Q7199859
Piz dals Lejs	46.44827	10.03800	3045	peak	3	Q22385136
Monte Confinale	46.44945	10.50449	3370	peak	7	Q547508
Südliche Zufallspitze - Cevedale II	46.44813	10.62230	3757	peak	4	Q18711086
Köllkuppe - Cima Marmotta	46.44975	10.68288	3346	peak	5	Q1092002
Cima Venezia - Veneziaspitze	46.45378	10.68938	3386	peak	7	Q2512894
Rosengartenspitze - Cima Catinaccio - Ciadenac	46.45415	11.62162	2981	peak	11	Q2167131
Antelao	46.45189	12.26180	3264	peak	23	Q571759
Passo della Mauria	46.45442	12.51334		pass	7	Q1416769
Forcella Mangart / Mangartsko sedlo	46.44559	13.64954	2166	pass	5	Q16029127
Frdamane police	46.45197	13.80852	2281	peak	4	Q12789428
Špik	46.44881	13.81435	2473	peak	13	Q392261
Na Pečeh	46.44930	13.82474	2039	peak	3	Q19935456
Kukova špica	46.44753	13.85481	2427	peak	4	Q19934520
Kosiak / Kozjak (Ovčji vrh)	46.45328	14.18174	2024	peak	7	Q1784930
Košutnikov turn / Koschutnikturm	46.44643	14.41012	2133	peak	4	Q21873104
Mohokos	46.45397	16.36359	344	peak	6	Q1942898
Harghita-Mădăraș	46.45313	25.58204	1801	peak	5	Q776023
Mont Fier	46.46256	6.00184	1282	peak	4	Q3321822
Rocher Plat	46.45629	7.19609	2257	peak	3	Q22451315
Rocher à Pointes	46.46188	7.20137	2167	peak	3	Q22450081
Le Rubli	46.46314	7.21091	2285	peak	9	Q16653
Petersgrat	46.46184	7.80895	3202	peak	11	Q7178216
Risihorn	46.46297	8.15447	2875	peak	9	Q7336101
Passo di San Giacomo	46.45913	8.45212	2313	pass	8	Q684399
Pizzo Cristallina	46.46473	8.53680	2911	peak	13	Q2354368
Pizzo del Prévat	46.46386	8.70824	2557	peak	3	Q22392146
Pizzo Campolungo	46.45949	8.71941	2714	peak	13	Q3905987
Pizzi dei Piani	46.45509	9.27219	3157	peak	10	Q3906029
Pizzo Ferrè	46.46162	9.28002	3103	peak	6	Q3691278
Piz Polaschin	46.46087	9.75290	3012	peak	10	Q3389488
Piz Rosatsch	46.46021	9.85406	3123	peak	11	Q7199882
Piz Albris	46.46394	9.96356	3166	peak	14	Q671717
Pizzo Filone	46.45752	10.16313	3133	peak	3	Q3389512
Hintere Rotspitze - Cima Rossa di Saent	46.46121	10.71660	3347	peak	5	Q1619669
Titschen - Monte Pozza	46.46367	11.37929	1616	peak	3	Q3861866
Nigerpass - Passo Nigra	46.45599	11.58589	1690	pass	7	Q505070
Passo Fedaia	46.46402	11.86259	2057	pass	12	Q2056132
Cima del Cacciatore	46.46481	13.52731	2071	peak	3	Q31629459
Monte Re / Königsberg / Kraljevska špica	46.45606	13.55705	1912	peak	3	Q3861892
Ponza Grande / Visoka Ponca	46.46022	13.69743	2274	peak	3	Q19937685
Vrh nad Rudo	46.45521	13.80380	2108	peak	3	Q12806164
Rušica	46.45801	13.80612	2096	peak	4	Q12800613
Rigljica	46.45912	13.80720	2076	peak	3	Q12800196
Rogla	46.45649	15.34595	1517	peak	16	Q128857
Cape au Moine	46.47032	6.97884	1941	peak	12	Q1034505
Le Pila	46.47443	6.98022	1892	peak	3	Q22388400
Sillerenbühl	46.47097	7.51796	1976	peak	4	Q2286294
Mittlere Loner	46.46950	7.60941	3002	peak	14	Q870315
Innerer Fisistock	46.46940	7.69049	2787	peak	11	Q8527698
Äusserer Fisistock	46.47348	7.70435	2945	peak	4	Q22659379
Doldenhorn	46.46856	7.73496	3638	peak	19	Q16647
Lötschenlücke	46.47445	7.96240	3173	pass	7	Q663910
Sattelhorn	46.46755	7.96431	3744	peak	14	Q2698609
Kleines Aletschhorn	46.46754	7.97650	3755	peak	4	Q22543512
Aletschhorn	46.46520	7.99321	4195	peak	36	Q15293
Kleines Dreieckhorn	46.46904	8.03429	3639	peak	4	Q22543535
Nufenenstock	46.46674	8.38763	2866	peak	8	Q7068702
Nufenenpass / Passo della Novena	46.47290	8.38934		pass	23	Q570647
Poncione dei Laghetti	46.46673	8.59450	2616	peak	6	Q8527257
Pizzo Meda	46.47398	8.70310	2614	peak	3	Q22393212
Cima di Gana Bianca	46.47123	8.99208	2842	peak	10	Q5120073
Puntone dei Fracion	46.47095	9.08511	3202	peak	8	Q3925860
Piz de Mucia	46.46620	9.13886	2967	peak	9	Q7199927
Piz Motton	46.46686	9.22544	2853	peak	3	Q22387463
Cima di Val Loga Centrale	46.47472	9.27614	3005	peak	7	Q762832
Pizzo di Emet	46.46694	9.40948	3211	peak	14	Q1633707
Jupperhorn	46.46714	9.56759	3155	peak	3	Q22492179
Mazzaspitz	46.46516	9.57408	3164	peak	9	Q3853276
Piz Scalotta	46.47275	9.59484	2991	peak	10	Q7199895
Piz Surpare	46.46518	9.59539	3078	peak	10	Q7199903
Julierpass	46.47221	9.72815	2284	pass	20	Q289898
Piz dal Fain	46.47026	9.98923	2908	peak	3	Q22384902
Cima di Solda - Suldenspitze	46.46874	10.60035	3376	peak	3	Q105334520
Vorderer Eggenspitz - Cima Sternai Meridionale	46.47237	10.77933	3385	peak	3	Q21000140
Kesselkogel - Catinaccio d'Antermoia	46.47409	11.64383	3004	peak	12	Q499252
Becco di Mezzodi	46.46683	12.11472	2603	peak	7	Q3637387
Creta Grauzaria	46.46756	13.16272	2063	peak	4	Q18729134
Bärentaler Kotschna / Veliki vrh	46.47297	14.12235	1944	peak	5	Q12803633
Le Noirmont	46.48421	6.11574	1567	peak	12	Q1995527
Les Pléiades	46.48209	6.90924	1360	peak	8	Q1820560
Le Folly	46.47997	6.95161	1730	peak	4	Q22383154
Le Molard	46.48399	6.96022	1752	peak	4	Q22386089
Col de Soladier	46.47657	6.96726	1577	pass	5	Q18621256
Vanil des Artses	46.48232	6.98730	1992	peak	8	Q3554595
Bunderchrinde	46.48236	7.62600	2385	pass	4	Q1005355
Fründenhorn	46.47669	7.75746	3368	peak	13	Q662700
Oeschinenhorn	46.48372	7.76762	3486	peak	14	Q669767
Kleines Tschingelhorn	46.47790	7.84350	3494	peak	3	Q3197788
Tschingelhorn	46.47881	7.84821	3562	peak	20	Q644952
Breithorn	46.47848	7.87725	3780	peak	19	Q16550
Anuchnubel	46.47964	7.94938	3589	peak	3	Q22444830
Dreieckhorn	46.47794	8.02016	3811	peak	18	Q16668
Kleines Wannenhorn	46.48315	8.10468	3706	peak	4	Q22442554
Setzehorn	46.47597	8.16084	3061	peak	7	Q7456984
Nufenenpass / Passo della Novena	46.47712	8.38783	2480	pass	23	Q570647
Vogelbärg	46.47829	9.06519	3217	peak	10	Q7939380
Rheinquellhorn	46.48027	9.07356	3200	peak	5	Q3934073
Zapporthorn	46.47963	9.11278	3155	peak	14	Q2354431
Piz de la Lumbreida	46.47980	9.22284	2982	peak	14	Q1764416
Inner Wissberg	46.48057	9.53420	2947	peak	3	Q22440501
Piz Barscheinz	46.47644	9.67592	2617	peak	5	Q22383016
Piz Neir	46.48442	9.68012	2906	peak	9	Q7199868
Piz Bardella	46.48234	9.70301	2838	peak	5	Q22697936
Piz Albana	46.48109	9.77365	3100	peak	11	Q3389482
Monte Breva / Piz La Stretta	46.47676	10.04481	3104	peak	9	Q7199933
Königspitze - Gran Zebrù	46.47870	10.56849	3851	peak	18	Q694318
Hinterer Eggenspitz - Cima Sternai	46.47771	10.77063	3443	peak	8	Q1350325
Cima degli Olmi - Ilmspitz	46.48212	10.96390	2652	peak	7	Q3676752
Passo di Giau	46.48252	12.05367	2236	pass	14	Q1975137
Monte Arvenis	46.48236	12.93625	1968	peak	4	Q3861205
Monte Sernio	46.47501	13.13767	2187	peak	12	Q2560918
Jôf di Miezegnot	46.47669	13.45363	2087	peak	5	Q3808777
Monte Lussari	46.47977	13.52350	1789	peak	6	Q6535375
Rosenkogel / Hruški vrh	46.48134	14.00664	1776	peak	7	Q5766234
Rosenbachsattel / Rožca	46.48137	14.01982	1587	pass	8	Q5732150
Schaidasattel / Sedlo Šajda	46.47894	14.46725	1068	pass	4	Q1419571
Mont Saint-Romain	46.49261	4.75451	579	peak	4	Q3322081
L'Aiguille	46.48701	7.07009	1713	peak	3	Q22565432
Pointe de Cray	46.48698	7.10038	2070	peak	3	Q22429809
Laitemaire	46.49065	7.16272	1678	peak	3	Q22655032
Bunderspitz	46.49249	7.62038	2546	peak	11	Q4997525
Alpschelehubel	46.48681	7.64462	2247	peak	3	Q22397016
Wyssi Frau	46.49285	7.78317	3650	peak	4	Q22702656
Mutthorn	46.48879	7.82301	3035	peak	10	Q3647583
Grosshorn	46.48698	7.91008	3754	peak	19	Q2537804
Grosses Wannenhorn	46.49340	8.09733	3906	peak	22	Q378519
Ritzihorn	46.48744	8.19682	2891	peak	8	Q3647544
Pizzo Gallina	46.49473	8.39229	3061	peak	14	Q672345
Pizzo Nero	46.49252	8.41100	2904	peak	6	Q7200026
Il Madone	46.49188	8.55899	2756	peak	10	Q5996581
Pizzo Molare	46.48862	8.86506	2585	peak	9	Q3905998
Adula - Rheinwaldhorn	46.49375	9.04021	3402	peak	29	Q15135
Piz Moesola	46.49283	9.13814	2963	peak	9	Q6773227
Pizzo Crotto	46.48574	9.42627	2894	peak	3	Q22391581
Pizzo del Crot	46.49199	9.42869	2846	peak	5	Q22385772
Usser Wissberg	46.49394	9.51987	3052	peak	9	Q16887816
Mittler Wissberg	46.48581	9.52930	3001	peak	3	Q22528843
Piz Platta	46.48722	9.56167	3392	peak	20	Q674333
Piz Güglia - Piz Julier	46.49099	9.75989	3380	peak	17	Q674379
Piz Languard	46.48845	9.95653	3261	peak	19	Q176231
Piz Prüna	46.48725	9.98730	3153	peak	10	Q7199878
Monte Zebrù	46.49232	10.55020	3735	peak	11	Q833476
Madritschspitze - Cima Madriccio	46.49160	10.62922	3265	peak	5	Q31662096
Lorchenspitz - Cima Lorchen	46.48598	10.76506	3347	peak	3	Q31635183
Gantkofel - Macaion	46.49440	11.20947	1866	peak	8	Q499264
Jouf de Pordoi - Passo Pordoi - Pordoijoch	46.48755	11.81219	2239	pass	25	Q1193166
Ra Gusela	46.49075	12.05098	2595	peak	5	Q31644599
Monte Tamai	46.49051	12.93606	1970	peak	4	Q3862052
Dovška Baba / Frauenkogel	46.48765	13.99374	1891	peak	10	Q5302590
Golica / Kahlkogel	46.49146	14.05460	1834	peak	16	Q1011656
Matschacher Gupf / Mačenski vrh	46.48969	14.13773	1691	peak	3	Q21869168
Sinacher Gupf / Psinjski vrh	46.49447	14.19204	1577	peak	5	Q1450897
Ferlacher Horn / Grlovec	46.48680	14.31425	1840	peak	8	Q281274
Uršlja gora	46.48557	14.96158	1699	peak	8	Q1400190
Črni vrh	46.48562	15.23320	1543	peak	9	Q341650
Jezerski vrh	46.49381	15.26440	1537	peak	4	Q10955577
Mont Pèlerin	46.49687	6.81928	1079	peak	11	Q302276
Vanil Carré	46.49741	7.11811	2195	peak	11	Q666413
Gros Perré	46.50316	7.12634	2208	peak	5	Q3116986
Albristhorn	46.49706	7.48934	2762	peak	18	Q691625
First	46.50479	7.64295	2548	peak	9	Q5452239
Blüemlisalp Rothorn	46.49584	7.76152	3297	peak	3	Q22578975
Wildi Frau	46.50388	7.78019	3273	peak	8	Q8001269
Morgenhorn	46.49529	7.79217	3627	peak	4	Q22701798
Mittaghorn	46.49825	7.93265	3890	peak	19	Q674459
Chamm	46.50184	8.07900	3866	peak	4	Q22477375
Fiescher Gabelhorn	46.50242	8.08426	3876	peak	16	Q2698614
Schönbühlhorn	46.49818	8.09136	3854	peak	8	Q7433331
Wasenhorn	46.49784	8.16590	3447	peak	12	Q3647015
Heji Zwächte	46.50474	8.21091	3086	peak	10	Q5451865
Mittaghorn (Nufenen)	46.49634	8.38545	3015	peak	3	Q1551321
Poncione di Manió	46.49685	8.43596	2925	peak	6	Q7227638
Poncione di Vespero	46.49965	8.58116	2717	peak	9	Q3647440
Grauhorn	46.50490	9.02804	3260	peak	11	Q5597749
Passo del San Bernardino	46.49710	9.17110	2067	pass	34	Q629324
Piz Uccello	46.50000	9.19877	2724	peak	14	Q671775
Piz Cavriola	46.50475	9.21033	2872	peak	3	Q13101078
Pizzo Tambo	46.49698	9.28330	3280	peak	15	Q15261
Pizzo Tamborello	46.50405	9.31094	2669	peak	3	Q3906025
Piz Miez	46.49791	9.43419	2834	peak	11	Q7199857
Guggernüll	46.50198	9.48457	2535	peak	5	Q22547098
Piz Campagnun	46.49534	9.69427	2826	peak	7	Q19056259
Corn Suvretta	46.50470	9.74931	3072	peak	4	Q22543027
Las Sours - Ostgipfel	46.50105	9.92809	3007	peak	6	Q22369258
Piz Muragl	46.49783	9.93735	3157	peak	11	Q7199860
Passo Foscagno	46.49636	10.20786	2291	pass	10	Q1502214
Monte Cristallo	46.49586	10.46044	3439	peak	7	Q1623505
Geisterspitze - Punta degli Spiriti	46.49919	10.47488	3467	peak	4	Q26877684
Tuckettspitze	46.49775	10.48942	3462	peak	6	Q2459166
Madaccio di Dentro	46.49966	10.49421	3428	peak	4	Q26882810
Große Schneeglocke - Cima Campana Grande	46.49659	10.50904	3410	peak	3	Q20797249
Trafoier Eiswand - Cima di Trafoi	46.49579	10.51475	3565	peak	8	Q1328375
Thurwieserspitze - Punta Thurwieser	46.49539	10.52508	3658	peak	8	Q479050
Hochjoch - Giogo Alto	46.49671	10.54736	3527	pass	8	Q1621897
Hintere Schöntaufspitze - Punta Beltovo di Dentro	46.50285	10.62857	3325	peak	7	Q173937
Zufrittspitze - Gioveretto	46.50188	10.78226	3439	peak	8	Q228237
Roterdspitze - Cima di Terrarossa	46.49805	11.61899	2655	peak	4	Q17486246
Großer Rosszahn	46.49900	11.63173	2653	peak	5	Q17486258
Col Rodela	46.49534	11.74862	2484	peak	6	Q3682472
Sas de Pordoi	46.50073	11.80799	2950	peak	7	Q2225709
Col di Lana	46.49666	11.95935	2452	peak	13	Q428308
Averau	46.50055	12.03740	2648	peak	10	Q2012568
Nuvolau	46.49528	12.04557	2574	peak	5	Q1945868
Monte Zoncolan	46.50247	12.92634	1749	peak	22	Q1468844
Visoki Kurji vrh	46.49631	13.88831	1828	peak	4	Q7936376
Mojstrovica	46.50315	13.89373	1816	peak	5	Q6895149
Kordeževa glava / Kordeschkopf	46.50031	14.78000	2126	peak	3	Q21879043
Tour de Gourze	46.51096	6.74068	927	peak	8	Q3322207
Mont Vuarat	46.50753	6.87065	984	peak	5	Q16665168
Corbetta	46.51228	6.93503	1401	peak	5	Q8557183
Dent de Lys	46.50768	7.00298	2014	peak	15	Q1811528
Pointe de Paray	46.51316	7.13708	2374	peak	8	Q3393630
Saanenmöser	46.51271	7.30449	1274	pass	6	Q680120
Hindere Spitz	46.50515	7.35681	2078	peak	11	Q7334642
Gsür	46.51040	7.51942	2708	peak	12	Q5613097
Hohtürli	46.51113	7.77018	2778	pass	5	Q1349136
Gspaltenhorn	46.51158	7.82727	3436	peak	17	Q16652
Tschingelspitz	46.51061	7.84020	3304	peak	10	Q7849467
Ebnefluh / Äbeni Flue	46.50803	7.95337	3962	peak	21	Q186186
Gletscherhorn	46.51287	7.96743	3983	peak	25	Q674403
Vorderes Galmihorn	46.50649	8.18507	3507	peak	14	Q2360595
Firehorn	46.50633	8.20578	3182	peak	10	Q5451865
Chüebodenhorn	46.50815	8.45311	3070	peak	14	Q1452097
Cima di Pinadee	46.51323	8.97687	2486	peak	10	Q5120074
Güferhorn	46.51242	9.06303	3379	peak	16	Q692088
Höhberghorn	46.50959	9.10296	3005	peak	9	Q5964643
Passo dello Spluga - Splügenpass	46.50562	9.33034	2115	pass	31	Q605243
Surettahorn - Pizzo Suretta	46.50950	9.36237	3027	peak	14	Q2354404
Punta Rossa	46.50910	9.36435	3015	peak	3	Q22626034
Piz Por	46.50934	9.38423	3028	peak	9	Q7199875
Piz Cagniel	46.50778	9.53927	2975	peak	5	Q22383146
Piz d'Agnel	46.51131	9.70227	3204	peak	12	Q3695758
Piz Surgonda	46.51018	9.72497	3196	peak	10	Q7199901
Piz Suvretta	46.51459	9.75870	3144	peak	11	Q7199904
Piz Nair	46.50640	9.78737	3057	peak	17	Q676149
Piz Vadret	46.50883	9.95090	3199	peak	11	Q3905949
Monte Cotschen	46.51012	10.04282	3090	peak	9	Q6936969
Ortler - Ortles	46.50910	10.54493	3905	peak	32	Q650695
Hochwart - Vedetta Alta	46.51184	10.99972	2626	peak	6	Q2477605
Schöngrub - Belmonte	46.51346	11.01997	2451	peak	5	Q1732329
Kleiner Kornigl - Cornicoletto	46.51394	11.03428	2312	peak	5	Q1669627
Passo Castrin - Hofmahdjoch	46.51428	11.05100	1785	pass	3	Q1623166
Schlern - Sciliar	46.51084	11.56075	2448	peak	14	Q264772
Petz - Monte Pez	46.51183	11.57489	2568	peak	14	Q264772
Sasplat - Plattkofel - Sasso Piatto	46.51414	11.71578	2958	peak	10	Q365711
L Dënt - Zahnkofel - Il Dente	46.51024	11.72591	3000	peak	5	Q143684
Punta Grohmann - Grohmannspitze	46.51064	11.73299	3114	peak	8	Q635030
Jouf de Sela - Passo Sella - Sellajoch	46.50807	11.76733	2240	pass	18	Q595382
Piz Ciavazes	46.51159	11.78490	2828	peak	5	Q1390218
Piz Boè	46.50892	11.82830	3152	peak	15	Q1478439
Passo Campolongo	46.51386	11.87237	1875	pass	13	Q1434155
Torre Grande	46.50908	12.05187	2361	peak	17	Q933666
Punta Sorapiss	46.50694	12.21167	3205	peak	4	Q24705615
Cimon del Froppa	46.50740	12.34044	2932	peak	5	Q3676992
Monte Brentoni (Cima di Mezzo)	46.51253	12.56590	2545	peak	6	Q3861253
Sella di Camporosso	46.50653	13.53002	816	pass	5	Q3954902
Mittagskogel / Kepa	46.50736	13.95252	2145	peak	18	Q386729
Hochobir / Ojstrc	46.50616	14.48722	2139	peak	11	Q460659
Feistritzer Spitze / Bistriška špica	46.51142	14.75017	2113	peak	3	Q21874655
Crêt de la Neuve	46.52346	6.22168	1494	peak	7	Q1142545
Mont Chesau	46.51566	6.81651	982	peak	4	Q22700949
Vanil Blanc	46.51775	7.01798	1827	peak	5	Q8557236
Vanil de l'Ecri	46.52187	7.14315	2375	peak	7	Q16887817
Dündenhorn	46.52013	7.72953	2862	peak	13	Q2741511
Schwarzhorn	46.51572	7.76249	2785	peak	14	Q669809
Bütlasse	46.51846	7.81984	3193	peak	12	Q3646156
Kranzberg	46.52209	7.98068	3742	peak	7	Q6436133
Finsteraarrothorn	46.51796	8.14820	3549	peak	9	Q5450950
Oberaarnollen	46.52289	8.17849	3409	peak	5	Q3342898
Oberaarrothhorn	46.52035	8.18081	3477	peak	11	Q3130318
Pizzo Rotondo	46.51770	8.46618	3192	peak	17	Q692038
Pizzo Pesciora	46.52456	8.47738	3120	peak	10	Q3906005
Pizzo di Campello	46.51601	8.82703	2660	peak	8	Q7200045
Einshorn	46.51618	9.23030	2944	peak	11	Q682782
Guggernüll	46.52356	9.27135	2886	peak	12	Q5615222
Piz Starlera	46.52442	9.46582	2734	peak	3	Q22389579
Piz Forbesch	46.52039	9.55918	3262	peak	15	Q16634
Tschima da Flix	46.52256	9.70278	3315	peak	12	Q7849465
Piz Picuogl	46.52397	9.70798	3333	peak	12	Q3905943
Piz Bever	46.52240	9.75918	3230	peak	13	Q391050
Piz Grisch	46.51793	9.78533	3098	peak	7	Q16887791
Muottas Muragl	46.52396	9.90983	2569	peak	16	Q363418
Monte Scorluzzo	46.52188	10.44245	3094	peak	8	Q1346438
Plattenspitze / Punta delle Laste	46.52140	10.64115	3422	peak	5	Q26265767
Großer Kornigl - Cornicolo	46.51774	11.02674	2419	peak	5	Q1548756
Altenberg - Montalto	46.51728	11.31779	1223	peak	3	Q101584495
Saslonch - Langkofel - Sassolungo	46.52494	11.73531	3181	peak	17	Q1805312
Piz Miara	46.52361	11.79541	2964	peak	3	Q31642066
Setsas	46.51945	11.95727	2571	peak	5	Q1852642
Sas de Stria	46.51993	11.99787	2477	peak	10	Q377267
Passo Falzarego	46.51875	12.00843	2105	pass	14	Q660136
Dito di Dio	46.51555	12.21845	2603	peak	3	Q24706120
Monte Tudaio	46.51966	12.49689	2141	peak	4	Q17636629
Dreiländereck / Peč / Ofen / Monte Forno	46.52299	13.71408	1508	peak	11	Q3309
Korensko Sedlo - Wurzenpass	46.52332	13.75156	1071	pass	14	Q696790
Techantinger Mittagskogel / Trupejevo poldne	46.51534	13.86064	1931	peak	9	Q2398900
Ostra peč / Mallestiger Mittagskogel	46.52445	13.88104	1802	peak	10	Q1887525
Ferlacher Spitze / Kamnica	46.52138	13.96421	1742	peak	7	Q15809539
Kleinobir / Mali Obir	46.51714	14.48052	1947	peak	3	Q21868495
Teysachaux	46.53405	6.99634	1909	peak	7	Q3519393
Vanil Noir	46.52850	7.14837	2389	peak	18	Q15225
Dent de Combette	46.52786	7.20423	2082	peak	10	Q5259380
Rauflihorn	46.53280	7.48261	2322	peak	8	Q7296131
Elsighorn	46.53470	7.63962	2341	peak	11	Q5367647
Sefinenfurgge	46.53156	7.81293	2612	pass	4	Q2265825
Rottalhorn	46.53200	7.96730	3972	peak	15	Q2603505
Grünegghorn	46.52673	8.07477	3860	peak	4	Q22651937
Gross Grünhorn	46.53203	8.07777	4043	peak	27	Q30496
Studerhorn	46.53237	8.14768	3632	peak	9	Q3500926
Oberaarjoch	46.52576	8.17418	3205	pass	3	Q3347930
Oberaarhorn	46.53142	8.17449	3631	peak	14	Q2575012
Löffelhorn	46.52679	8.23709	3096	peak	11	Q6711347
Saashörner	46.52982	8.43913	3026	peak	6	Q7395710
Chli Leckihorn	46.53369	8.46726	3024	peak	13	Q1766795
Witenwasserenstock	46.52822	8.47484	3085	peak	16	Q43446
Poncione Pro do Roduc	46.53225	8.72701		peak	6	Q7227635
Pizzo del Sole	46.52507	8.76789	2773	peak	12	Q1764791
Cima di Aquila	46.53337	9.01472	3127	peak	5	Q17625365
Pizzo di Cassimoi	46.52881	9.01842	3128	peak	13	Q1766801
Furggeltihorn	46.53426	9.06434	3043	peak	12	Q5509529
Lorenzhorn	46.52676	9.12793	3048	peak	8	Q6680605
Chilchalphorn	46.53327	9.15419	3039	peak	13	Q6980058
Piz Grisch	46.53152	9.47283	3060	peak	13	Q664661
Piz Alv	46.52602	9.49279	2854	peak	12	Q682623
Piz Mez	46.53386	9.53176	2718	peak	10	Q690679
Piz Saluver	46.53055	9.79554	3161	peak	8	Q7199894
Las Trais Fluors	46.53117	9.82051	2955	peak	3	Q2448330
Piz Padella	46.53254	9.83629	2857	peak	5	Q22388273
Piz da las Trais Linguas - Dreisprachenspitze - Cima Garibaldi	46.53085	10.45306	2843	peak	15	Q257696
Passo dello Stelvio - Stilfser Joch	46.52862	10.45321	2758	pass	36	Q1334855
Tabarettaspitze - Punta Tabaretta	46.52528	10.54237	3128	peak	4	Q1122503
Schildspitze / Punta dello Scudo	46.52749	10.64918	3461	peak	7	Q2235608
Mittlere Pederspitze - Punta Peder di Mezzo	46.52919	10.65959	3462	peak	5	Q26262607
Laugen - Monte Luco	46.53457	11.08584	2434	peak	8	Q1682914
Gampenpass - Passo delle Palade	46.52955	11.11180	1518	pass	6	Q1493265
Santner - Punta di Santner	46.52538	11.57036	2414	peak	4	Q28668217
Piz Sella	46.53205	11.75046	2284	peak	3	Q31644720
Piz Pisciadù - Pisciadù-Spitze - Cima Pisciadù	46.53149	11.82482	2985	peak	3	Q3676759
Piz da Lêch	46.52748	11.84109	2913	peak	3	Q31644181
Passo Valparola	46.52511	11.99738	2192	pass	12	Q1428951
Lagazuòi Piccolo	46.52960	12.00334	2778	peak	12	Q3825542
Terza Grande	46.52691	12.62163	2586	peak	9	Q3862066
Crêt à la Dame	46.54255	6.07188	1302	peak	3	Q3006358
Hinderi Spillgerte	46.53648	7.44671	2410	peak	12	Q75400
Aermighorn	46.54151	7.71358	2742	peak	11	Q8077078
Hundshorn	46.54271	7.80629	2928	peak	11	Q1637646
Silberhorn	46.54196	7.94899	3690	peak	18	Q82662
Jungfrau	46.53677	7.96259	4158	peak	56	Q15312
Wengen Jungfrau	46.53965	7.96334	4085	peak	8	Q7982855
Klein Grünhorn	46.53690	8.07378	3913	peak	16	Q2608157
Finsteraarhorn	46.53735	8.12611	4274	peak	42	Q15127
Grunerhorn	46.54129	8.18130	3432	peak	4	Q22651653
Scheuchzerhorn	46.54396	8.19046	3456	peak	9	Q7431219
Pizzo Lucendro	46.53891	8.51954	2963	peak	15	Q2250387
Fibbia	46.54269	8.54770	2738	peak	12	Q3652702
Pizzo dell'Uomo	46.54456	8.77716	2663	peak	11	Q7200042
Piz Arblatsch	46.53547	9.57695	3203	peak	13	Q664675
Piz Calderas	46.53640	9.69598	3397	peak	17	Q691499
Piz Jenatsch	46.54254	9.71657	3249	peak	11	Q3695412
Piz Ot	46.54325	9.81003	3246	peak	18	Q2736780
Passo Eira	46.53832	10.16642	2208	pass	3	Q1632095
Piz Schumbraida	46.54271	10.33823	3124	peak	12	Q3389492
Pass Umbrail - Giogo di Santa Maria	46.54165	10.43318	2501	pass	23	Q665026
Piz Cotschen	46.54186	10.45738	3026	peak	10	Q2202948
Vertainspitze - Cima Vertana	46.53743	10.63596	3545	peak	11	Q1516632
Hohe Angelusspitze - L'Angelo Grande	46.54492	10.64838	3521	peak	11	Q1623432
Hasenöhrl - L'Orecchia di Lepre	46.54407	10.85888	3257	peak	8	Q1588411
Tofana di Rozes	46.53701	12.05105	3225	peak	9	Q24764881
Terza Media	46.54073	12.61887	2455	peak	3	Q3862063
Monte Creta Forata	46.54264	12.73636	2462	peak	10	Q2271750
Col du Marchairuz	46.55279	6.25029	1449	pass	9	Q634397
Niremont	46.54815	6.95682	1514	peak	8	Q18615822
Le Moléson	46.54894	7.01714	2002	peak	18	Q16586
Dent de Folliéran	46.54707	7.16860	2340	peak	9	Q5259382
Dent de Brenleire	46.55090	7.17479	2353	peak	14	Q870025
Dent de Savigny	46.54961	7.22627	2252	peak	11	Q141470
Dent de Ruth	46.55356	7.23707	2232	peak	14	Q136873
Männliflue	46.55131	7.54657	2652	peak	12	Q3647286
Winterhore	46.54818	7.55283	2609	peak	4	Q22627908
Zahm Andrist	46.55336	7.78758	2681	peak	8	Q8064704
Schwarzmönch	46.55271	7.92435	2645	peak	9	Q7433211
Schneehoren	46.54931	7.96181	3400	peak	3	Q22545634
Jungfraujoch	46.54758	7.97897	3471	pass	28	Q665676
Trugberg	46.54662	8.01538	3932	peak	19	Q674692
Grosses Fiescherhorn	46.55133	8.06147	4049	peak	29	Q30495
Hinter Fiescherhorn	46.54647	8.06756	4025	peak	24	Q30527
Agassizhorn	46.54660	8.11441	3947	peak	23	Q176101
Nasse Strahlegg	46.55429	8.13138	3481	peak	7	Q16887800
Hinder Zinggestock	46.55275	8.24063	3040	peak	5	Q3135753
Vord. Zinggenstock	46.55447	8.25797	2915	peak	6	Q3563107
Sidelhorn	46.55253	8.31271	2764	peak	12	Q670269
Tällistock	46.55173	8.40127	2861	peak	4	Q22379197
Gross Muttenhorn	46.54656	8.42715	3099	peak	9	Q690552
Pizzo di Cadrèigh	46.54810	8.84955	2510	peak	11	Q7200044
Sosto	46.54805	8.95191	2221	peak	13	Q3491375
Torrone di Nav	46.54740	8.99353	2832	peak	7	Q7827160
Zervreilahorn	46.55065	9.06136	2898	peak	12	Q196791
Fanellhorn	46.54783	9.13058	3123	peak	13	Q870326
Piz Settember	46.54837	9.49926	2728	peak	5	Q22698100
Piz D'Err	46.54525	9.69158	3378	peak	13	Q674732
Piz Laviner	46.55039	9.72648	3137	peak	4	Q22386727
Cho d'Valletta	46.54946	9.85356	2496	peak	3	Q22496474
Munt Müsella	46.55086	9.93266	2631	peak	3	Q22629185
Piz Umbrail	46.55091	10.41582	3033	peak	11	Q870331
Croda del Forno	46.55307	10.65044	3431	peak	5	Q26703532
Johanniskofel - Monte San Giovanni	46.54972	11.36878	658	peak	4	Q1698875
Ju de Frara - Grödner Joch - Passo Gardena	46.54982	11.80839	2121	pass	15	Q1416427
Tofana di Mezzo	46.55099	12.06549	3244	peak	7	Q24764720
Monte Siera	46.54932	12.71125	2443	peak	6	Q3322580
Monte Acomizza	46.54686	13.52002	1812	peak	5	Q22693848
Monte Goriane / Göriacher Berg	46.54604	13.59287	1694	peak	3	Q21873132
Kanzianiberg	46.55194	13.87546	795	peak	3	Q1342569
Hemmaberg / Junska gora	46.55315	14.66728	842	peak	4	Q1604825
Col de la Savine	46.56332	6.00536	984	pass	3	Q2982198
Wandflue	46.56343	7.25973	2133	peak	7	Q440274
Hundsrügg	46.55681	7.30533	2047	peak	9	Q5942479
Schilthorn	46.55728	7.83517	2973	peak	26	Q674801
Birg	46.56198	7.85739	2684	peak	12	Q11151331
Mönch	46.55851	7.99727	4107	peak	48	Q16525
Walcherhorn	46.55998	8.03501	3692	peak	5	Q22440697
Kleines Fiescherhorn Ochs	46.55555	8.07579	3895	peak	18	Q2664803
Grimselpass	46.56152	8.33770	2164	pass	30	Q666668
Passo del San Gottardo	46.55931	8.56115	2106	pass	50	Q25233
Monte Prosa	46.56205	8.58132	2737	peak	7	Q22365990
Giübin	46.56438	8.63468	2776	peak	5	Q1528882
Plattenberg	46.55823	9.02323	3041	peak	11	Q1998428
Vernokhörner	46.56250	9.02682	3041	peak	6	Q7922029
Valserhorn	46.56036	9.20832	2885	peak	6	Q7912623
Piz digl Gurschus	46.56003	9.49263	2880	peak	10	Q266494
Crest' Ota	46.56255	9.52606		peak	4	Q22425242
Piz Arlos	46.55882	9.58381	2696	peak	11	Q682286
Piz d'Alp Val	46.55702	9.74296	3053	peak	3	Q22384250
Piz Bial	46.55901	9.75606	3061	peak	10	Q7199813
La Piramida	46.56204	9.76967	2964	peak	6	Q1799020
Cucler da Jon dad Onsch	46.56445	10.32477	2827	peak	3	Q22547247
Monte Forcola	46.55587	10.35195	2896	peak	9	Q3906037
Piz Val Gronda	46.56245	10.45266	2880	peak	4	Q28500125
Piz Costainas - Furkelspitz	46.56227	10.47495	3004	peak	9	Q3905935
Croda di Cengels - Tschenglser Hochwand	46.56430	10.62913	3375	peak	7	Q2457731
Kleine Angelus Spitze - L'Angelo Piccolo	46.55803	10.64829	3318	peak	3	Q11739924
Laaser Spitze - Punta di Lasa	46.56226	10.71799	3305	peak	6	Q1799354
Marchegg - Monte Confinale	46.56349	10.88998	2552	peak	7	Q547508
Monte Ciaval	46.56249	12.02508	2911	peak	5	Q14912886
Mont Ciase - Monte Casale	46.56373	12.02770	2894	peak	5	Q14530767
Tofana di Dentro	46.55720	12.06437	3238	peak	21	Q944214
Passo Tre Croci - Son Zuógo	46.55702	12.20185	1809	pass	8	Q729190
Terza Piccola	46.55995	12.62478	2336	peak	3	Q3862062
Monte Zermula	46.56147	13.15166	2143	peak	5	Q3862140
Nassfeldpass / Passo di Pramollo	46.55996	13.27556	1530	pass	9	Q685718
Schönwipfel / Cima Bella	46.55689	13.44489	1912	peak	3	Q22693849
Col du Chalet-à-Gobet	46.56647	6.69661	872	pass	4	Q679091
Rüdigenspitze	46.57345	7.26785	2124	peak	7	Q8537796
Seehorn	46.56685	7.46132	2281	peak	10	Q2264978
Gehrihorn	46.57378	7.69195	2130	peak	11	Q5530088
Hugihorn	46.57293	8.14687	3647	peak	11	Q5933618
Lauteraar Rothörner	46.56730	8.15371	3476	peak	9	Q8537292
Abschwunghorn	46.56587	8.16530	3134	peak	3	Q22354829
Furkapass	46.57269	8.41518	2429	pass	32	Q666628
Stotzigen Firsten	46.56813	8.44140	2759	peak	6	Q2352368
Pizzo dell'Uomo	46.56693	8.52105	2686	peak	5	Q22392185
Pizzo Prevat	46.57375	8.62957	2876	peak	5	Q2097648
Piz Tanelin	46.57140	8.71808	2847	peak	7	Q3905942
Piz Denter	46.57385	8.72299	2956	peak	9	Q3905938
Passo del Lucomagno	46.57431	8.80118	1972	pass	26	Q666004
Scopi	46.57170	8.82999	3190	peak	17	Q593551
Cima della Bianca	46.57304	8.86295	2893	peak	11	Q5120067
Piz Cartas	46.56916	9.51429	2713	peak	12	Q682555
Crap Farreras	46.57180	9.54568	2227	peak	5	Q22418365
Piz da Peder Bucs	46.57336	9.71831	3002	peak	3	Q22384650
Piz Bleis Marscha	46.57008	9.71975	3128	peak	12	Q7199815
Dschimels	46.57184	9.82025	2781	peak	3	Q22596986
Crasta Mora	46.57148	9.86783	2952	peak	11	Q5182526
Piz Mezzaun	46.56973	9.96522	2963	peak	10	Q7199855
Piz Murtaröl	46.57028	10.28750	3180	peak	14	Q692106
Piz Lad	46.57105	10.40965	2882	peak	9	Q7199848
Pederfick - Pietrafitta	46.56728	10.60372	3114	peak	4	Q21191626
Jennwand - Croda Jenne	46.57466	10.71941	2962	peak	5	Q1686999
Hoher Dieb - Gran Ladro	46.57232	10.93035	2730	peak	4	Q15815790
Sassongher	46.56794	11.86430	2665	peak	8	Q1263458
Mont Ciastel - Monte Castello	46.56748	12.02850	2817	peak	4	Q14530769
Croda del Pomagagnon	46.57406	12.14024	2450	peak	11	Q3493796
Passo di Sant'Antonio	46.57200	12.48236	1476	pass	6	Q974769
Cima Sappada	46.57018	12.72121	1292	pass	3	Q3676765
Monte Crostis	46.57176	12.89136	2250	peak	9	Q588000
Passo del Cason di Lanza	46.56598	13.17097	1555	pass	3	Q3897364
Creta di Aip / Trogkofel	46.57093	13.21655	2279	peak	13	Q2934857
Gartnerkofel	46.57170	13.30372	2195	peak	11	Q874987
Poludnig	46.57217	13.40985	1999	peak	3	Q19935987
Osternig / Oisternig	46.56593	13.49956	2052	peak	6	Q3886921
Kalvarija	46.56908	15.63971	374	peak	4	Q6354732
Piramida	46.56808	15.65233	386	peak	5	Q7263230
Dent du Chamois	46.58445	7.13012	1830	peak	10	Q3023319
Dent du Bourgo	46.57558	7.13969	1908	peak	9	Q3023316
Hochmatt	46.57631	7.22158	2151	peak	12	Q2359220
Wiriehorn	46.58025	7.52965	2304	peak	10	Q8026951
Hohniesen	46.57726	7.58324	2454	peak	11	Q8527692
Drättehorn	46.58221	7.82379	2794	peak	9	Q5309895
Bietenhorn	46.57710	7.86487	2756	peak	8	Q4904689
Eiger	46.57763	8.00547	3970	peak	58	Q4425
Lauteraarhorn	46.58327	8.12821	4042	peak	26	Q30499
Kleines Lauteraarhorn	46.57901	8.13922	3738	peak	11	Q6420161
Brandlammhorn	46.58161	8.25756	3108	peak	11	Q8536805
Brünberg	46.57591	8.27705	2982	peak	11	Q4981939
Juchlistock	46.58054	8.30833	2590	peak	3	Q22489604
Pizzo Centrale	46.57816	8.61494	2999	peak	16	Q691668
Piz Alv	46.57920	8.67874	2769	peak	12	Q43288
Piz Borel	46.58212	8.69942	2952	peak	6	Q2097562
Piz Ravetsch	46.58425	8.70307	3007	peak	12	Q6980449
Piz Blas	46.57703	8.72802	3019	peak	15	Q672366
Piz Uffiern	46.58416	8.73113	3013	peak	3	Q22389977
Piz Rondadura	46.57618	8.75077	3016	peak	11	Q6979846
Piz Miez	46.57646	8.83195	3119	peak	11	Q7199857
Piz Vallatscha	46.58172	8.83207	3109	peak	3	Q22390340
Pizzo Pianca	46.57664	8.96239	2376	peak	7	Q7200029
Piz Scharboda	46.58035	9.05020	3122	peak	9	Q7199897
Bärenhorn	46.57551	9.23201	2929	peak	11	Q5004930
Steilerhorn	46.58442	9.31497	2980	peak	7	Q7606738
Teurihorn	46.57669	9.31883	2973	peak	11	Q6981182
Piz Martegnas	46.57723	9.52953	2670	peak	11	Q690665
Piz Salteras	46.58151	9.70837	3111	peak	9	Q7199887
Piz da l'Antgierna da Salteras	46.57662	9.71705	2982	peak	3	Q22384480
Albulapass	46.58225	9.83768	2312	pass	25	Q685235
Pizzo Cassana	46.57513	10.07867	3070	peak	13	Q7199830
Monte Saliente	46.58496	10.10277	3047	peak	10	Q7199893
Monte Cassa del Ferro	46.57861	10.20167	3140	peak	3	Q3861415
Piz Mon'Ata	46.57763	10.26949	2938	peak	5	Q3389487
Piz Minschuns	46.58090	10.48343	2934	peak	7	Q7199861
Pic - Monte Pic - Pitschberg	46.58024	11.72466	2363	peak	4	Q1523268
Col dala Piëres	46.58440	11.78286	2747	peak	5	Q98497720
Piz dles Cunturines	46.57570	11.97777	3064	peak	8	Q1144124
Cristallino d'Ampezzo	46.58162	12.18997	3008	peak	3	Q25387072
Monte Cristallo	46.57545	12.20054	3221	peak	14	Q1945814
Piz Popena	46.57639	12.20728	3153	peak	9	Q3905940
Monte del Ferro	46.58336	12.66853	2347	peak	5	Q3201242
Mont Tendre	46.59472	6.31003	1679	peak	21	Q277809
Dent de Broc	46.58857	7.12778	1829	peak	10	Q3023303
Jaunpass	46.59216	7.33908	1508	pass	15	Q870227
Niderhorn	46.59295	7.42996	2077	peak	7	Q191742
Dreispitz	46.59271	7.75957	2520	peak	14	Q1258129
Schwalmere	46.59291	7.81697	2777	peak	12	Q373331
Lauberhorn	46.59252	7.94803	2472	peak	19	Q585048
Kleine Scheidegg	46.58525	7.96131	2061	pass	29	Q869540
Nässihorn	46.59460	8.11118	3741	peak	3	Q22410678
Schreckhorn	46.58989	8.11814	4078	peak	32	Q16539
Hienderstock	46.58653	8.21823	3307	peak	13	Q3646961
Bächlistock	46.58658	8.23949	3247	peak	12	Q3652847
Gross Diamantstock	46.59233	8.24337	3162	peak	11	Q459140
Klein Furkahorn	46.58572	8.40626	3026	peak	11	Q43409
Winterhorn	46.58683	8.53930	2661	peak	5	Q22627917
Rothorn	46.59438	8.61162	2932	peak	3	Q22467242
Frunthorn	46.58610	9.08880	3030	peak	10	Q5506516
Alperschällihorn	46.58821	9.30789	3039	peak	16	Q16548
Piz la Tschera	46.58874	9.45947	2627	peak	3	Q22386569
Piz Val Lunga	46.58645	9.70607	3078	peak	5	Q22698175
Igl Compass	46.58928	9.82367	3015	peak	5	Q22356200
Cima del Serraglio	46.59233	10.24205	2685	peak	9	Q5120062
Piz Turettas	46.58680	10.33508	2958	peak	13	Q3389494
Piz Sielva	46.58950	10.48799	2848	peak	3	Q22389371
Pitla Piza de Puez	46.59318	11.82462	2725	peak	6	Q2117507
Piz de Lavarela - La Varella	46.58513	11.97111	3055	peak	7	Q1808840
Tscheltschnigkogel	46.59254	13.81680	696	peak	3	Q2457709
Kathreinkogel	46.58569	14.07395	772	peak	4	Q16216307
Latrejespitz	46.59582	7.76903	2430	peak	6	Q1807013
Lobhörner	46.60257	7.84425	2566	peak	7	Q1867085
Tschuggen	46.60022	7.94955	2520	peak	13	Q7849473
Ankenbälli	46.60475	8.08506	3160	peak	3	Q22421512
Kleines Schreckhorn	46.60175	8.10210	3495	peak	12	Q3646177
Ewigschneehorn	46.59688	8.16869	3329	peak	15	Q3498367
Hiendertelltihorn	46.60020	8.23698	3179	peak	11	Q3646172
Alplistock	46.59504	8.28188	2878	peak	9	Q4735623
Mittler Gärstenhorn	46.59809	8.36148	3184	peak	11	Q920863
Sidelenhorn	46.59949	8.40762	3217	peak	8	Q43181
Gross Furkahorn	46.59652	8.41040	3168	peak	12	Q43398
Gross Bielenhorn	46.60396	8.42838	3210	peak	12	Q43186
Chli Bielenhorn	46.59891	8.43489	2940	peak	6	Q19810350
Chastelhorn	46.59509	8.59792	2973	peak	11	Q5087443
Gemsstock	46.60198	8.61152	2961	peak	11	Q3647486
Piz Alpetta	46.60258	8.70357	2844	peak	8	Q8528154
Pizzo Marumo	46.59862	8.95977	2791	peak	9	Q7200025
Piz Terri	46.60003	9.03407	3149	peak	15	Q16617
Strätscherhorn	46.59900	9.24978	2558	peak	5	Q15849484
Pizzas d'Anarosa-Grauhörner	46.59948	9.31343	3002	peak	14	Q6980248
Piz Calandari	46.59654	9.36055	2555	peak	4	Q1465551
Piz Vizan	46.60183	9.38213	2470	peak	11	Q7199912
Piz Curvér	46.60344	9.49709	2972	peak	13	Q15310
Pizza Grossa	46.59860	9.67062	2939	peak	5	Q22390688
Cotschen	46.60339	9.67380	2827	peak	5	Q22353753
Piz Furnatsch	46.59786	9.68209	2787	peak	3	Q30538284
Piz Ela	46.60194	9.70761	3339	peak	17	Q16531
Piz Üertsch	46.59641	9.83641	3267	peak	13	Q671732
Piz Blaisun	46.60319	9.86288	3200	peak	11	Q7199814
Naturnser Hochwart - Guardia Alta di Naturno	46.60044	11.02046	2608	peak	4	Q1318937
Secëda - Monte Seceda	46.60059	11.72578	2519	peak	7	Q2263528
Große Fermeda - Gran Fermeda - Grande Fermeda	46.60261	11.75148	2873	peak	5	Q3775544
Geislerspitze - Gran Odla - Grande Odla	46.60376	11.75573	2832	peak	3	Q31644131
Mittagsspitz - Sas de Mesdi	46.60313	11.75870	2762	peak	3	Q31273582
Piz Duleda	46.60043	11.79657	2909	peak	7	Q2097571
Piza de Puez - Östliche Puezspitze - Piz de Puez	46.59796	11.81381	2913	peak	8	Q2117505
Passo di Monte Croce Carnico / Plöckenpass	46.60356	12.94513	1360	pass	15	Q669135
Creta di Timau	46.59666	13.01073	2217	peak	4	Q3697101
Blaustein / Cima Avostanis	46.60225	13.02150	2195	peak	3	Q21873016
Cuestalta / Hoher Trieb	46.59740	13.06126	2198	peak	3	Q21879040
Findenigkofel / Monte Lodin	46.59597	13.10110	2016	peak	6	Q1416786
Dobratsch	46.60366	13.67039	2166	peak	16	Q643007
Georgiberg	46.60222	14.60651	624	peak	4	Q125489436
Bäderhore	46.61327	7.32738	2009	peak	11	Q5004921
Wätterlatte	46.60787	7.74330	2007	peak	9	Q870004
Mättenberg	46.60864	8.07913	3104	peak	15	Q670293
Bärglistock	46.61499	8.14072	3655	peak	15	Q3652844
Galenstock	46.61262	8.41696	3586	peak	19	Q43178
Piz Nair	46.60937	8.67777	2764	peak	7	Q7433192
Piz Vatgira	46.60606	8.77087	2983	peak	11	Q2097587
Piz Gannaretsch	46.61194	8.78667	3040	peak	15	Q6979838
Piz a Spescha	46.61215	8.87984	3108	peak	3	Q22382733
Piz Cristallina	46.60976	8.88211	3128	peak	6	Q2097569
Piz Uffiern	46.60991	8.89356	3151	peak	6	Q16887815
Cima di Camadra	46.61000	8.90609	3173	peak	5	Q3676818
Passo della Greina	46.61053	8.95973	2355	pass	9	Q683628
Piz Canal	46.61136	9.02481	2846	peak	10	Q7199820
Schwarzhorn	46.60757	9.10663	2944	peak	5	Q7433205
Faltschonhorn	46.61244	9.11487	3022	peak	10	Q1395001
Piz Mitgel	46.61428	9.64659	3159	peak	14	Q668530
Corn da Tinizong	46.61208	9.67133	3172	peak	15	Q175584
Monte Serra	46.61061	10.10676	3093	peak	9	Q7199899
Punta dell'Acqua	46.61093	10.13904	3121	peak	9	Q7199919
Piz Dora	46.60504	10.30619	2951	peak	10	Q1713412
Naturnser Hochjoch - Giogo Alto	46.60716	11.03840	2444	peak	4	Q14540760
Sas Rigais	46.60929	11.76682	3025	peak	11	Q1935898
Sas dla Porta - Torkofel	46.60860	11.77640	2967	peak	3	Q31644058
Le Ciaval	46.61448	11.95148	2907	peak	10	Q8545671
Monte Cogliàns / Hohe Warte	46.60732	12.88320	2781	peak	22	Q700922
Creta della Chianevate / Kellerspitzen	46.60925	12.90018	2769	peak	11	Q1675457
Creta di Collina / Kollinkofel	46.60827	12.90807	2686	peak	4	Q1779436
Kleiner Pal / Pal Piccolo / Pal Piçul	46.60609	12.95801	1867	peak	8	Q1746657
Pyramidenkogel	46.60899	14.14487	850	peak	13	Q511822
Pic de l'Aigle	46.61531	5.90293	994	peak	3	Q3382395
Vanil d'Arpille	46.61760	7.24081	2085	peak	9	Q2510292
Schopfenspitz - Gros Brun	46.62248	7.25073	2104	peak	10	Q595502
Abendberg	46.62194	7.52491	1850	peak	5	Q31567946
Morgenberghorn	46.62220	7.79357	2248	peak	14	Q16670
Sulegg	46.62136	7.85182	2413	peak	8	Q6980764
Männlichen	46.61814	7.93804	2345	peak	19	Q117417
Steinlauihorn	46.61784	8.25464	3162	peak	9	Q7606913
Winterstock	46.62031	8.45429	3203	peak	7	Q6981225
Lochberg	46.62409	8.46963	3079	peak	7	Q6665071
Piz Badus	46.62255	8.66358	2928	peak	14	Q16546
Piz Medel	46.61825	8.91116	3209	peak	17	Q674825
Piz Aul	46.62278	9.12509	3121	peak	14	Q1157785
Wissensteinhorn-Piz Tomül	46.62344	9.22853	2946	peak	13	Q3905948
Piz Toissa	46.61862	9.52501	2657	peak	12	Q682050
Piz Darlux	46.62286	9.79594	2642	peak	3	Q22385195
Piz Kesch	46.62130	9.87279	3418	peak	23	Q668594
Piz d’Esan	46.62431	10.06050	3127	peak	11	Q7199917
Piz dal Diavel	46.62256	10.13908	3061	peak	11	Q3905951
Piz Daint	46.61875	10.29094	2968	peak	12	Q16612
Piz Chavalatsch - Monte Cavallaccio	46.61533	10.49198	2763	peak	15	Q525419
Rittner Horn - Corno Renon	46.61504	11.46135	2260	peak	9	Q2155315
Piza dales Diesc	46.62233	11.96089	3026	peak	10	Q184610
Im Gemärk - Passo Cimabanche	46.62059	12.18398	1530	pass	6	Q2056122
Monte Piana	46.61586	12.24267	2324	peak	11	Q872637
Forcella dei castrati	46.61946	12.24669	2201	pass	11	Q872637
Cima Ovest - Westliche Zinne	46.61877	12.29723	2973	peak	4	Q1886326
Cima Grande - Große Zinne	46.61944	12.30254	2999	peak	5	Q2893380
Cima Piccola - Kleine Zinne	46.61939	12.30613	2857	peak	3	Q20675326
Cime Passaporto - Passportenkofel	46.62433	12.31650	2697	peak	4	Q1304367
Croda dei Toni - Zwölferkofel	46.61912	12.35988	3094	peak	13	Q245219
Monte Chiadenis	46.62364	12.73143	2454	peak	10	Q2195498
Mont Noir	46.63463	6.09328	1234	peak	3	Q31636002
Chörblispitz	46.62972	7.26884	2103	peak	8	Q5118947
Turne	46.62832	7.49285	2079	peak	10	Q690143
Drunegalm	46.62579	7.61910	2408	peak	7	Q5309315
Fromberghorn	46.63272	7.62938	2394	peak	12	Q1469811
Chrinnenhorn	46.63268	8.09722	2741	peak	6	Q1076908
Rosenhorn	46.63188	8.13725	3689	peak	13	Q2488032
Hangendgletscherhorn	46.62938	8.18262	3291	peak	12	Q673878
Ritzlihorn	46.63341	8.25870	3282	peak	13	Q664598
Tieralplistock	46.63311	8.37498	3383	peak	14	Q2717286
Tiefenstock	46.62724	8.42237	3516	peak	12	Q678180
Planggenstock	46.63074	8.47357	2824	peak	5	Q22404641
Müeterlishorn	46.62526	8.50224	3066	peak	7	Q6950441
Mittagstock	46.63243	8.51239	2989	peak	8	Q3647243
Piz Cavradi	46.63103	8.69397	2612	peak	11	Q7199826
Piz Máler	46.63372	8.73214	2790	peak	11	Q2819639
Piz Gaglianera	46.62991	8.95778	3121	peak	3	Q3905994
Piz Vial	46.63195	8.96910	3168	peak	14	Q588122
Piz Greina	46.62990	8.97378	3124	peak	3	Q22386319
Piz Stgir	46.63167	9.02652	2712	peak	3	Q22389625
Piz Serenastga	46.63334	9.14648	2874	peak	9	Q7199898
Bruschghorn	46.63272	9.30608	3056	peak	16	Q15268
Piz Tarantschun	46.63473	9.34138	2769	peak	6	Q1453835
Piz Val Müra	46.62793	9.90092	3162	peak	10	Q7199911
Piz Griatschouls	46.62823	9.94378	2972	peak	8	Q7199845
Piz Quattervals	46.62726	10.09484	3165	peak	15	Q670435
Munt Buffalora	46.62707	10.25006	2629	peak	8	Q6936968
Gamser - Cima dei Camosci	46.63377	11.41027	2155	peak	3	Q21167255
Piza dales Nü	46.63035	11.98107	2968	peak	10	Q739724
Piz de Sant Antone	46.63049	12.00419	2655	peak	6	Q606443
Crep Checio - Hohe Gaisl - Croda Rossa d'Ampezzo	46.63406	12.14467	3140	peak	12	Q3506451
Monte Paterno - Paternkofel	46.63041	12.31518	2744	peak	13	Q681749
Hochbrunnerschneid - Monte Popera	46.62734	12.38974	3046	peak	5	Q3861857
Monte Peralba	46.62962	12.71992	2694	peak	18	Q949153
Polinik	46.62757	12.98214	2332	peak	7	Q1491277
Kreuzbergl	46.63172	14.27665	588	peak	3	Q1788212
Vanil des Cours	46.63916	7.13832	1562	peak	6	Q7914918
Schafberg	46.63702	7.31642	2239	peak	12	Q7430907
Wetterhorn	46.63867	8.11560	3692	peak	23	Q665089
Mittelhorn	46.63504	8.12474	3704	peak	14	Q368948
Limistock	46.64007	8.38672	3183	peak	4	Q11756860
Dammastock	46.64345	8.42109	3630	peak	26	Q15133
Rossbodenstock	46.63520	8.65094	2837	peak	9	Q682768
Piz Pazzola	46.64497	8.81469	2581	peak	10	Q7199870
Piz Miezdi	46.63880	8.98701	2791	peak	3	Q22387257
Pass Diesrut	46.63657	9.02432	2428	pass	4	Q22494851
Motta Vallac	46.63595	9.57608	1376	peak	5	Q22407833
Motta Palousa	46.64115	9.60546	2143	peak	5	Q22697636
Chavagl Pitschen	46.64471	9.69382	2229	peak	3	Q22485040
Chavagl Grond	46.63799	9.70023	2443	peak	4	Q22485032
Piz Porchabella	46.63599	9.89623	3078	peak	8	Q7199876
Pass dal Fuorn	46.63977	10.29217	2150	pass	19	Q662646
Piz Terza	46.63818	10.39871	2907	peak	11	Q425955
Piz Urtiola	46.63847	10.39998	2909	peak	11	Q425955
Säbener Berg - Monte Sabiona	46.64433	11.56729	673	peak	4	Q1454770
Strudelkopf - Monte Specie	46.64450	12.21268	2307	peak	4	Q16579693
Toblinger Knoten Westgipfel - Torre di Toblin Cima Ovest	46.64229	12.30713	2541	peak	9	Q2438167
Toblinger Knoten - Torre di Toblin	46.64172	12.30805	2564	peak	9	Q2438167
Sextner Stein - Sasso di Sesto	46.63899	12.30822	2539	peak	4	Q3950699
Einserkofel - Cima Una	46.63931	12.34801	2698	peak	6	Q3676774
Cima Undici - Elferkofel	46.63604	12.37877	3090	peak	11	Q628931
Croda Rossa di Sesto - Sextener Rotwand	46.64383	12.38169	2965	peak	8	Q1724475
Creta Verde / Steinwand	46.64291	12.79201	2520	peak	3	Q21863285
Windische Höhe	46.63596	13.54668	1110	pass	6	Q2583601
Spitalsberg	46.64409	14.30786	498	peak	4	Q2311334
Col du Mollendruz	46.64991	6.36589	1180	pass	9	Q391715
Kaiseregg	46.65250	7.31906	2185	peak	16	Q155035
Niesen	46.64619	7.65237	2362	peak	21	Q16693
Scheideggwetterhorn	46.64503	8.11052	3361	peak	5	Q22442513
Dossen	46.64869	8.16313	3138	peak	11	Q3647622
Gallauidstöck	46.65207	8.23490	2869	peak	9	Q5518898
Eggstock	46.65218	8.41825	3556	peak	16	Q3049174
Schneestock	46.64790	8.42199	3608	peak	14	Q2418667
Pazolastock	46.64778	8.65820	2739	peak	4	Q22388175
Piz Caschleglia	46.65151	8.90449	2935	peak	11	Q7199823
Piz Miez	46.65471	8.91715	2934	peak	7	Q7199856
Piz Tgietschen	46.64599	9.02093	2857	peak	3	Q22389754
Crap Grisch-Planggenhorn	46.65483	9.23270	2861	peak	10	Q5182282
Tällihorn	46.64569	9.23931	2856	peak	4	Q15851791
Piz Beverin	46.65257	9.35796	2997	peak	16	Q16545
Muttner Horn	46.65405	9.48547	2394	peak	4	Q22640425
Cuolm da Latsch	46.65029	9.75491	2296	peak	4	Q22549356
Munt la Schera	46.64518	10.21050	2587	peak	11	Q6936970
Munt da la Bescha	46.65120	10.31066	2773	peak	3	Q22629115
Glurnser Köpfl - Monte di Glorenza	46.64567	10.51806	2373	peak	5	Q1532369
Tullen	46.65353	11.77512	2655	peak	5	Q3862091
Schwalbenkofel Nordgipfel - Croda dei Rondoi Cima Nord	46.65491	12.26862	2769	peak	3	Q31628634
Schwalbenkofel Südgipfel - Croda dei Rondoi Cima Sud	46.65115	12.27101	2869	peak	3	Q31628634
Porze / Cima Palombino	46.65153	12.56918	2600	peak	5	Q3861811
Monte Fleons / Raudenspitze	46.64775	12.76148	2507	peak	5	Q21865039
Plenge	46.65229	12.90074	2373	peak	5	Q21864865
Tschekelnock	46.65190	13.53700	1892	peak	7	Q1586136
Oswaldiberg	46.64916	13.85357	963	peak	4	Q1552600
Radlpass / Radeljski prelaz	46.64509	15.20649	661	pass	9	Q641202
Pongrac	46.64896	15.28878	994	peak	3	Q21881472
Mormont	46.65709	6.53803	604	peak	8	Q1948256
Schafharnisch	46.65534	7.36895	2107	peak	9	Q2581578
Gumihorn	46.65517	7.90821	2100	peak	7	Q19462117
Oberberghorn	46.65919	7.91370	2069	peak	3	Q22419426
Reeti	46.66494	8.01154	2757	peak	10	Q7307030
Grosse Scheidegg	46.65588	8.10187	1962	pass	18	Q665185
Wellhorn	46.65567	8.14201	3191	peak	12	Q6980428
Gstellihorn	46.66202	8.17481	2855	peak	9	Q5613091
Kilchlistock	46.66388	8.33736	3113	peak	4	Q9189697
Strahlhorn	46.65850	8.34334	3156	peak	7	Q7620958
Gwächtenhorn	46.65700	8.34690	3214	peak	14	Q669794
Oberalppass	46.65874	8.67117	2044	pass	26	Q661013
Piz Cazirauns	46.65910	8.90934	2935	peak	5	Q22383366
Piz Cavel	46.65580	9.02006	2946	peak	12	Q6977698
Zwölfihorn	46.66204	9.39882	2292	peak	5	Q22659197
Piz Forun	46.65531	9.86494	3052	peak	11	Q7199842
Piz Starlex	46.66275	10.39255	3075	peak	10	Q7199902
Piz Starlex	46.66052	10.39256	3062	peak	10	Q7199902
Vermoi Spitze - Punta Vermoi	46.65927	10.86987	2929	peak	4	Q22694423
Villanderer Berg - Monte Villandro	46.65858	11.41900	2509	peak	10	Q477387
Peitlerkofel - Sass de Pütia - Sass de Putia	46.65886	11.82053	2875	peak	9	Q2067685
Piz de Pares	46.66021	11.97029	2394	peak	4	Q2052187
Plätzwiese - Prato Piazza	46.65639	12.17626	1993	pass	5	Q2099904
Zweite Pyramide am Helltaler Schlechten - Piramide Seconda di Valchiara	46.66420	12.19945	2702	peak	4	Q8553235
Kreuzbergpass - Passo Monte Croce di Comelico	46.65594	12.42011	1636	pass	9	Q360740
Gamskofel	46.66352	12.77251	2122	peak	3	Q21870992
Spitzegel	46.65512	13.41025	2119	peak	7	Q1268492
Wollanigberg	46.66123	13.81094	1174	peak	3	Q2592543
Schibe	46.67255	7.39305	2151	peak	8	Q1555115
Loucherhorn	46.66626	7.93446	2230	peak	7	Q8527709
Faulhorn	46.67493	7.99932	2680	peak	19	Q674769
Klein Wellhorn	46.66540	8.15059	2730	peak	7	Q6420182
Grosses Engelhorn	46.67210	8.18001	2782	peak	9	Q5610578
Glogghüs	46.67104	8.23089	2135	peak	13	Q136844
Steinhaushorn	46.66735	8.33222	3122	peak	8	Q6980290
Maasplanggstock	46.67252	8.40060	3402	peak	5	Q11765193
Gross Schijen	46.66814	8.63839	2786	peak	5	Q22650545
Schneehüenerstock	46.67189	8.65563	2773	peak	6	Q1674683
Piz Muraun	46.67208	8.90618	2897	peak	12	Q2097579
Büelenhorn	46.67243	9.76632	2808	peak	5	Q22366688
Gletscher Ducan	46.67485	9.83014	3020	peak	13	Q3647500
Piz Terza	46.66879	10.13277	2682	peak	11	Q425955
Piz Nair	46.66703	10.27206	3009	peak	10	Q16712
Piz Vallatscha	46.66877	10.31398	3021	peak	10	Q3389493
Zerminiger - Cima Cermigna	46.67006	10.81792	3110	peak	3	Q31660678
Crusc da Rit	46.66512	11.94527	2021	peak	5	Q1788443
Muntejela de Sennes - Monte Sella di Sennes	46.67197	12.01855	2787	peak	4	Q1945923
Croda del Becco - Sas dla Porta - Seekofel	46.67499	12.07264	2810	peak	9	Q446041
Dürrenstein - Picco di Vallandro	46.67251	12.18555	2839	peak	8	Q446034
Große Pyramide am Helltaler Schlechten - Grande Piramide di Valchiara	46.66530	12.19635	2711	peak	4	Q8553235
Gran Pala di Valchiara	46.66570	12.20026	2622	peak	4	Q8553235
Dreischusterspitze - Punta dei Tre Scarperi	46.66797	12.31760	3152	peak	12	Q380419
Col Quaternà	46.66735	12.47237	2503	peak	5	Q3682471
Heretkofel	46.67237	12.56799	2440	peak	3	Q21871645
Golz	46.67153	13.36531	2004	peak	3	Q21871088
Hoher Gallin	46.66606	14.09522	1046	peak	3	Q21868020
Soboth	46.66835	15.00998		pass	5	Q2296487
Dent de Vaulion	46.68404	6.35107	1483	peak	18	Q669744
Gibloux	46.68416	7.04027	1204	peak	11	Q677991
La Berra	46.67604	7.18396	1719	peak	12	Q827053
Märe	46.67500	7.37650	2087	peak	12	Q504620
Widdersgrind	46.67736	7.40686	2103	peak	5	Q7998514
Homädli	46.67885	7.42546	2021	peak	5	Q5877657
Roteflue	46.68155	7.95774	2296	peak	6	Q7370366
Telltistock	46.67975	8.37523	2591	peak	4	Q22473584
Hinter Tierberg	46.68402	8.39734	3445	peak	17	Q2603486
Voralphorn	46.67959	8.46366	3202	peak	4	Q9369148
Chelenalphorn	46.67671	8.46504	3201	peak	4	Q11689962
Salbitschijen	46.68057	8.52977	2981	peak	10	Q43172
Rienzenstock	46.68307	8.63574	2962	peak	10	Q16654
Bächenstock	46.67906	8.64052	2944	peak	5	Q22369139
Piz Tiarms	46.67707	8.67378	2918	peak	5	Q22389797
Piz Gren	46.67761	9.02276	2890	peak	10	Q2800118
Glaspass	46.67675	9.34525	1843	pass	3	Q1403314
Muchetta	46.67520	9.73212	2623	peak	5	Q22698383
Piz dal Fuorn	46.67956	10.21240	2878	peak	7	Q7199922
Piz Tavrü	46.67916	10.29610	3168	peak	13	Q3905947
Tartscher Bichl - Collina di Tarces	46.67899	10.55970	1077	peak	4	Q999636
Großer Mittager - Monte Catino	46.68423	11.31020	2422	peak	4	Q26877597
Jü de Börz - Würzjoch - Passo delle Erbe	46.67511	11.81431	1987	pass	9	Q489301
Birkenkofel - Croda dei Baranci	46.68193	12.25601	2922	peak	10	Q865576
Haunold Südgipfel - Rocca dei Baranci Cima Sud	46.68471	12.27386	2860	peak	7	Q1589375
Pfannspitze / Cima Vanscuro	46.68063	12.50174	2678	peak	4	Q21874944
Große Kinigat / Monte Cavallino	46.67556	12.52417	2689	peak	13	Q675922
Jaukensattel	46.68475	13.11474	1630	pass	3	Q1684114
Kanzelhöhe	46.67712	13.90158	1524	peak	3	Q1728235
Haderniggkogel	46.68091	15.12838	1184	peak	4	Q27456010
Plački vrh	46.68019	15.61801	510	peak	5	Q19935922
Col du Mont d'Orzeires	46.68526	6.33697	1060	pass	6	Q688358
Cousimbert	46.69198	7.18571	1633	peak	5	Q573659
Stockhorn	46.69401	7.53774	2190	peak	16	Q15302
Wildgärst	46.69277	8.07436	2890	peak	9	Q8001261
Schwarzhoren	46.68611	8.07556	2927	peak	14	Q669809
Mährenhorn	46.69178	8.31088	2923	peak	11	Q3647534
Gwächtenhorn	46.69076	8.41210	3420	peak	14	Q669794
Rothorn	46.69133	8.52023		peak	3	Q22467252
Rorspitzli	46.69053	8.52275	3220	peak	7	Q7366845
Crispalt	46.68896	8.68905	3076	peak	5	Q11691647
Piz Nadels	46.69017	8.99897	2789	peak	10	Q7199867
Piz Val Gronda	46.69386	9.02663	2820	peak	6	Q2097581
Pala da Tgiern	46.68837	9.21948	2279	peak	7	Q7126139
Plangghoora	46.69192	9.27768	2584	peak	10	Q7199880
Chrachenhorn	46.68829	9.81452	2879	peak	10	Q5105609
Piz Ducan	46.68955	9.85157	3063	peak	13	Q3647253
Chüealphorn	46.68537	9.90536	3078	peak	13	Q3676174
Scalettapass	46.69266	9.92029	2606	pass	7	Q1494999
Scalettahorn	46.69343	9.94232	3067	peak	5	Q22698590
Piz Grialetsch	46.69374	9.95488	3130	peak	11	Q3905937
Piz Vadret	46.68703	9.96270	3229	peak	14	Q3695822
Piz Sarsura	46.69139	9.99523	3175	peak	7	Q8527282
Piz Foraz	46.69056	10.27670	3092	peak	9	Q7199840
Remsspitze	46.69420	10.67718	3212	peak	3	Q7312228
Kirchbachspitze - Croda del Clivio	46.68896	10.99447	2952	peak	3	Q21296508
Zielspitze - Cima di Tel	46.69272	11.01316	3008	peak	3	Q28090318
Großer Ifinger - Picco Ivigna	46.69230	11.25668	2581	peak	10	Q467229
Haunold Westgipfel - Rocca dei Baranci Cima Ovest	46.68898	12.27475	2897	peak	7	Q1589375
Haunold - Rocca dei Baranci	46.68875	12.27781	2966	peak	7	Q1589375
Haunold Ostgipfel - Rocca dei Baranci Cima Est	46.68979	12.28160	2907	peak	7	Q1589375
Roßkopf	46.68540	12.50057	2603	peak	9	Q3442848
Reißkofel	46.68576	13.14670	2371	peak	11	Q951181
Sattelnock	46.69409	13.18833	2033	peak	5	Q1778446
Gerlitzen	46.69476	13.91433	1909	peak	11	Q476184
Schwyberg	46.70060	7.27056	1644	peak	6	Q1483505
Ochsen	46.69876	7.41866	2188	peak	12	Q2695130
Bürgle	46.70285	7.43244	2165	peak	3	Q22368182
Gantrisch	46.70469	7.45076	2175	peak	15	Q155030
Tschingel	46.70379	8.14082	2326	peak	8	Q7849463
Sustenhorn	46.69892	8.45520	3503	peak	16	Q16527
Chüeplanggenstock	46.69564	8.50921	3209	peak	4	Q9192087
Spitzli	46.69758	8.53110	3019	peak	3	Q22571211
Rot Wichel	46.69944	8.69107	3084	peak	4	Q9322933
Piz Giuv	46.70194	8.69250	3096	peak	13	Q43294
Piz Nair	46.69896	8.70899	3059	peak	12	Q668416
Piz Linard	46.69994	9.59630	2767	peak	5	Q22386767
Mittaghorn	46.70189	9.86573	2735	peak	4	Q20012737
Piz Sarsura Pitschen	46.70428	9.99760	3132	peak	8	Q7199892
Piz d'Urezza	46.69667	10.04723	2906	peak	7	Q7199916
Piz Laschadurella	46.69817	10.19598	3045	peak	11	Q8527484
Piz Ftur	46.69564	10.20722	3022	peak	4	Q22385953
Piz Sampuoir	46.69555	10.21709	3022	peak	8	Q7199888
Hochalt - Monte Alto	46.70035	10.72557	3265	peak	6	Q5875338
Gfallwand - Croda del Tovale	46.69898	10.99609	3174	peak	4	Q5555110
Plattinger - Punta delle Laste	46.69850	11.27831	2615	peak	3	Q20895852
Telegraph - Monte Telegrafo	46.70128	11.73307	2491	peak	8	Q1121399
Sarlkofel - Monte Serla	46.70301	12.19293	2378	peak	5	Q3862007
Neunerkofel - Cima Nove	46.69980	12.25573	2581	peak	3	Q31628417
Haunoldköpfl Westgipfel - Piccola Rocca dei Baranci Cima Ovest	46.70236	12.28877	2158	peak	3	Q16590116
Haunoldköpfl Ostgipfel - Piccola Rocca dei Baranci Cima Est	46.70150	12.29131	2158	peak	3	Q16590116
Hornischegg - Monte Arnese	46.70083	12.41383	2550	peak	3	Q31660994
Torkofel	46.70194	13.07640	2276	peak	7	Q9360169
Spitzkofel	46.69847	13.09429	2223	peak	3	Q2311645
Hühnernock	46.69903	13.27065	1508	peak	3	Q21868111
Hășmașu Mare	46.70412	25.80435	1792	peak	5	Q1213906
Homad	46.70523	7.49436	2076	peak	9	Q2041770
Niederhorn	46.71171	7.77709	1963	peak	10	Q507577
Tschingel	46.70662	8.04766	2243	peak	8	Q7849463
Axalphoren	46.71027	8.06070	2321	peak	8	Q22465789
Radlefshorn	46.71450	8.35512	2603	peak	8	Q3647553
Giglistock	46.70959	8.38643	2898	peak	9	Q3647271
Fleckistock	46.70745	8.49756	3416	peak	14	Q3073520
Sunnig Wichel	46.71265	8.68338	2910	peak	3	Q22445114
Chrüzlistock	46.71460	8.74080	2709	peak	12	Q43291
Piz Titschal	46.70828	9.03017	2550	peak	9	Q7199906
Piz Sezner	46.70783	9.10550	2310	peak	11	Q16658
Crap la Pala	46.71145	9.51637	2151	peak	14	Q658938
Lenzerhorn	46.70901	9.59513	2906	peak	15	Q691768
Älplihorn	46.71064	9.82550	3006	peak	12	Q8077052
Bocktenhorn	46.70709	9.90270	3044	peak	10	Q4936298
Piz Plavna Dadaint	46.70830	10.22376	3166	peak	10	Q682249
Mot Tavrü	46.70817	10.30669	2420	peak	3	Q22405453
Piz Sesvenna	46.70553	10.40329	3204	peak	17	Q177758
Spitzige Lun - Piz Lun	46.70624	10.57736	2324	peak	3	Q2311620
Mutspitze - Monte Muta	46.71247	11.12124	2291	peak	5	Q14540989
Getrumspitze	46.70982	11.47326	2589	peak	4	Q15124913
Kassianspitz - Cima San Cassiano	46.70863	11.49664	2581	peak	11	Q1537912
Lorenzen - Cima San Lorenzo	46.71230	11.51883	2484	peak	4	Q1870171
Königsanger - Monte del Pascolo	46.70647	11.57048	2436	peak	10	Q913928
Piz da Peres	46.71180	11.98002	2507	peak	5	Q2097590
Coi Alc - Dreifingerspitz - Punta Tre Dita	46.70928	11.99210	2479	peak	5	Q1257789
Helm - Monte Elmo	46.71496	12.38706	2433	peak	13	Q501212
Kreuzbergsattel	46.70856	13.25505	1074	pass	8	Q875150
Palnock	46.71414	13.73713	1901	peak	3	Q21864750
Kreuzberg	46.71018	15.45941	633	peak	5	Q21868677
Burgfeldstand	46.72255	7.79540	2063	peak	11	Q4998614
Oltschiburg	46.71625	8.07921	2234	peak	9	Q8527715
Gross Griessenhorn	46.72033	8.48692	3201	peak	5	Q9280953
Stucklistock	46.71688	8.48694	3313	peak	11	Q3498337
Chrüzlipass	46.72255	8.74834	2347	pass	5	Q1088960
Piz Signina	46.72416	9.28412	2848	peak	5	Q21000024
Tguma	46.71873	9.35601	2165	peak	10	Q690134
Piz Scalottas	46.72116	9.51086	2321	peak	9	Q682826
Guggernell	46.72248	9.65348	2743	peak	11	Q3647256
Leidbachhorn	46.72142	9.82221	2908	peak	5	Q22401601
Radüner Rothorn	46.72412	9.94651	3021	peak	6	Q2126849
Piz Radönt	46.72248	9.95805	3064	peak	9	Q7199879
Piz Arpschella	46.71853	10.01043	3031	peak	9	Q7199811
Piz Nuna	46.72334	10.15457	3124	peak	13	Q3905941
Texelspitze - Cima Tessa	46.71940	10.97183	3318	peak	8	Q820658
Roteck - Monte Rosso	46.72358	10.98426	3337	peak	11	Q1465741
Lazinser Rötelspitze - Cima Rosa di Sopranes	46.72339	11.04907	3038	peak	3	Q2279635
Tschigat - Gigot	46.71987	11.06005	2999	peak	6	Q2457958
Plankenhorn - Corno Planca	46.71833	11.51111	2547	peak	4	Q1451479
Ju de Furćia - Furkelpass - Passo Furcia	46.72291	11.96892	1789	pass	7	Q641595
Toblacher Feld - Sella di Dobbiaco	46.72494	12.23173	1219	pass	5	Q1730577
Kartitscher Sattel	46.71795	12.54104	1525	pass	8	Q1734610
Lumkofel	46.72221	12.84343	2286	peak	7	Q1877261
Gailbergsattel	46.71779	12.96701	981	pass	8	Q956255
Le Mont d'Or	46.72752	6.35695	1463	peak	11	Q960584
Gurnigelpass	46.73203	7.44788	1608	pass	10	Q458191
Sigriswiler Rothorn	46.73069	7.77041	2051	peak	10	Q7513160
Gemmenalphorn	46.73196	7.80664	2061	peak	9	Q5530733
Sustenpass	46.72912	8.44652	2224	pass	18	Q666086
Piz Ault	46.72831	8.78199	3027	peak	11	Q6979957
Stein	46.72593	9.12720	2172	peak	7	Q7606746
Piz Fess (Bös Fess)	46.72763	9.28887	2880	peak	12	Q15297
Guggernellgrat	46.72559	9.66022	2810	peak	9	Q1553349
Wuosthorn	46.73455	9.87790	2815	peak	9	Q1548357
Piz d'Arpiglias	46.73433	10.11749	3023	peak	9	Q7199915
Piz Macun	46.73416	10.14240	2888	peak	10	Q7199852
Piz da la Crappa	46.73262	10.26484	3121	peak	7	Q7199918
Piz Minger	46.72897	10.26762	3113	peak	9	Q8527479
Piz Cristanas	46.73444	10.39275	3092	peak	12	Q3389486
Piz Rims	46.73335	10.39913	3050	peak	7	Q15840604
Schadler	46.72736	10.40951	2948	peak	5	Q15844180
Lodner - Cima Fiammante	46.73372	11.04019	3228	peak	11	Q730973
Schrotthorn - Corno del Ceppo	46.73288	11.51201	2590	peak	4	Q1747508
Dorfberg	46.72818	12.56073	2115	peak	3	Q21873793
Riebenkofel	46.72980	12.80208	2386	peak	7	Q1677767
Magdalensberg	46.72806	14.42906	1059	peak	7	Q878005
Lippekogel	46.73222	14.49875	1079	peak	6	Q1575709
Pfyffe	46.74130	7.37197	1665	peak	9	Q2084486
Zigerhubel	46.73742	7.45995	1616	peak	3	Q22656825
Augstmatthorn	46.74225	7.92863	2137	peak	10	Q760606
Planplatten	46.73671	8.25522	2245	peak	8	Q7201449
Bristen	46.73690	8.68133	3073	peak	15	Q43299
Witenalpstock	46.73583	8.74759	3015	peak	12	Q43313
Oberalpstock	46.74268	8.76953	3328	peak	16	Q15295
Piz Cavardiras	46.73672	8.81469	2964	peak	10	Q7199824
Piz Mundaun	46.74262	9.16050	2064	peak	11	Q690188
Piz Riein	46.74051	9.29297	2761	peak	10	Q7199881
Präzer Höhi	46.73938	9.37380		peak	11	Q574888
Piz Danis	46.73762	9.50720	2497	peak	6	Q1435581
Parpaner Rothorn	46.74293	9.59706	2861	peak	15	Q674518
Aroser Rothorn	46.73785	9.61390	2980	peak	18	Q674723
Erzhorn	46.74241	9.63076	2924	peak	6	Q1116273
Sandhubel	46.74012	9.68446	2764	peak	10	Q3647307
Valbellahorn	46.73970	9.70167	2764	peak	12	Q3647490
Alteingrat	46.73568	9.75226	2377	peak	4	Q22397542
Rinerhorn	46.73938	9.81424	2528	peak	7	Q1522377
Schwarzhorn	46.73580	9.94175	3147	peak	16	Q691093
Piz dal Ras	46.73850	10.03349	3028	peak	10	Q7199923
Piz Plavna Dadora	46.73658	10.25040	2981	peak	7	Q7199873
Piz Zuort	46.73549	10.26289	3119	peak	7	Q742342
Piz Pisoc	46.74444	10.27944	3173	peak	13	Q670183
Piz Madlain	46.73967	10.33914	3097	peak	10	Q7199854
Saldurspitze - Punta Saldura	46.74071	10.73611	3433	peak	8	Q185164
Lagaunspitze - Punta di Lagaun	46.73915	10.73937	3440	peak	6	Q6471938
Hirzer - Punta Cervina	46.73725	11.27660	2781	peak	12	Q568838
Kronplatz - Plan de Corones	46.73878	11.95831	2275	peak	18	Q1789966
Spitzhorn	46.74390	11.96676	2173	peak	3	Q31668789
Spitzenstein	46.74158	12.58171	2265	peak	4	Q28928301
Eggenkofel	46.73877	12.67772	2591	peak	4	Q9251532
Latschur	46.73853	13.39601	2236	peak	7	Q11753210
Le Morond	46.75119	6.35354	1419	peak	4	Q1768775
Schwändiblueme	46.74719	7.71040	1396	peak	5	Q7433306
Tällistock	46.74543	8.32488	2579	peak	5	Q22379160
Fünffingerstöck	46.75269	8.43665	2994	peak	4	Q22619765
Wendenhorn	46.75390	8.44359	3023	peak	14	Q43191
Chli Oberälpler	46.75096	8.77810	3084	peak	4	Q11690021
Piz Alpetta	46.74753	8.87121	2764	peak	9	Q7199807
Tällistock	46.74620	9.28925	2604	peak	5	Q22379177
Älplihorn	46.74842	9.60934	2839	peak	6	Q1534342
Älpliseehorn	46.74723	9.64765	2725	peak	12	Q3647601
Schaftällihorn	46.75367	9.65639	2546	peak	3	Q22441474
Flüelapass	46.74750	9.95028	2383	pass	21	Q372467
Hohe Weiße - Cima Bianca Grande	46.74558	11.03734	3277	peak	7	Q3676722
Weittalspitze	46.74977	12.76613	2537	peak	4	Q9371874
Veitsberg	46.74917	14.20806	1160	peak	5	Q2512152
Muraunberg	46.74778	14.36469	708	peak	3	Q21866187
Grillkogel	46.74745	15.40965	458	peak	9	Q4998727
Mont Rivel	46.76117	5.92569	812	peak	4	Q3322059
Sieben Hengste	46.75899	7.81952	1952	peak	8	Q2282186
Brünigpass	46.75686	8.13699	1005	pass	15	Q369093
Glogghüs	46.76064	8.26268	2535	peak	12	Q58283
Rothorn	46.75540	8.26869	2525	peak	3	Q22467187
Grassen	46.76342	8.44844	2946	peak	12	Q43219
Schlüechtli	46.75900	9.32352	2283	peak	9	Q1492325
Tenner Kreuz	46.76003	9.33317	2020	peak	26	Q66226
Crest dil Cut	46.75954	9.38225	2015	peak	12	Q682303
Stätzer Horn	46.75599	9.51232	2574	peak	14	Q670198
Parpaner Weisshorn	46.75909	9.60201	2775	peak	6	Q2053934
Tschirpen	46.76184	9.61892	2728	peak	6	Q2458002
Amselegg	46.76189	9.70813		peak	3	Q22407609
Amselflue Westgipfel	46.76371	9.72911	2781	peak	14	Q328312
Flüela Wisshorn	46.76223	9.96666	3085	peak	13	Q691113
Similaun	46.76368	10.88065	3597	peak	21	Q697937
Jakobsspitz - Cima San Giacomo	46.76323	11.49186	2737	peak	10	Q907911
Karspitze - Punta Quaira	46.76121	11.56343	2514	peak	5	Q1734423
Astjoch - Cima Lasta	46.76285	11.80876	2194	peak	3	Q29015759
Kreuzkofel	46.75610	12.74019	2694	peak	4	Q21868706
Kleine Gamswiesenspitze	46.76481	12.78430		peak	5	Q1493300
Kleine Gamswiesenspitze	46.76456	12.78475	2454	peak	5	Q1493300
Wilde Sender	46.75636	12.80981	2738	peak	4	Q21864023
Hochstadel	46.76016	12.85681	2681	peak	9	Q9293181
Goldeck	46.75884	13.45887	2142	peak	10	Q598318
Mirnock	46.75909	13.71506	2110	peak	7	Q1286118
Le Suchet	46.77237	6.46624	1588	peak	3	Q1585994
Guggershorn	46.76995	7.33428	1283	peak	7	Q1553353
Tannhorn	46.77499	7.98463	2221	peak	10	Q870038
Wilerhorn	46.77286	8.10690	2005	peak	7	Q18394875
Chingstuel	46.76949	8.20794	2120	peak	8	Q5101039
Hochstollen	46.77339	8.23852	2481	peak	8	Q5875451
Jochstock	46.77147	8.39536	2564	peak	12	Q3179887
Reissend Nollen	46.76648	8.40091	3003	peak	8	Q1410213
Titlis	46.77203	8.43781	3238	peak	33	Q15138
Wichelplanggstock	46.76563	8.47273	2974	peak	6	Q7998097
Stössenstock	46.76770	8.47313	2941	peak	8	Q5597517
Bächenstock	46.76796	8.53666	3011	peak	5	Q22369158
Piz Avat	46.76759	8.90626	2910	peak	11	Q7199812
Crest Ault	46.76657	9.38034	1941	peak	9	Q681994
Fulhorn	46.77378	9.49409	2529	peak	11	Q58279
Parpaner Schwarzhorn	46.77460	9.59647	2683	peak	10	Q690508
Hörnligrat	46.76676	9.62071		pass	3	Q1638926
Hörnli	46.77246	9.62294	2496	peak	4	Q1651828
Schiesshorn	46.76637	9.70313	2605	peak	6	Q2234837
Amselflue Ostgipfel	46.76642	9.73294	2768	peak	14	Q328312
Jakobshorn	46.77240	9.84934	2590	peak	10	Q1480696
Sentisch Horn	46.76604	9.91518	2827	peak	6	Q7451359
Piz Lischana	46.76951	10.34525	3105	peak	14	Q676012
Piz Triazza	46.76966	10.35846	3040	peak	7	Q7199907
Schwemser Spitze - Punta di Oberettes	46.77430	10.73320	3456	peak	9	Q820735
Steinschlagspitze - Punta delle Frane	46.77282	10.77007	2861	peak	4	Q613033
Grawand - Croda delle Cornacchie	46.76907	10.79964	3251	peak	7	Q1544023
Niederjoch - Giogo Basso	46.77256	10.85494	3012	pass	4	Q33167737
Westliche Marzellspitze - Punta di Marzèl Ovest	46.76946	10.89506	3527	peak	7	Q2151450
Mittlere Marzellspitze -  Punta di Marzèl di Mezzo	46.76796	10.90484	3529	peak	7	Q2413695
Punta di Marzèl Est/Östliche Marzellspitze	46.77115	10.91072	3555	peak	13	Q662863
Hintere Schwärze	46.77353	10.91466	3624	peak	16	Q427549
Monte Cavallo di Fosse/Pfasserspitze	46.77331	10.92697	3438	peak	6	Q26262832
Rötenspitze	46.77494	10.94425	3393	peak	4	Q11825919
Fanatspitze	46.77097	10.96351	3361	peak	4	Q11824025
Karlesspitze - Cima di Quaira	46.77257	10.97484	3463	peak	13	Q662876
Falschungsspitze	46.76800	10.98797	3363	peak	4	Q21874046
Bankkogel	46.76707	10.99345	3310	peak	3	Q11823479
Hochwilde - Cima Altissima	46.76542	11.02225	3482	peak	13	Q668470
Kolmer - La Clava	46.77260	11.14745	2868	peak	6	Q2302812
Thurntaler	46.77452	12.38291	2408	peak	6	Q1297168
Spitzkofel	46.77238	12.74285	2717	peak	10	Q2311655
Große Gamswiesenspitze	46.76639	12.78306	2486	peak	5	Q1493300
Laserzwand	46.77275	12.80115	2614	peak	7	Q1422932
Kleine Laserzwand	46.77020	12.80147	2568	peak	7	Q1422932
Roter Turm	46.77131	12.80605	2700	peak	4	Q1717511
Große Sandspitze	46.76672	12.81159	2772	peak	14	Q501315
Суворовская гора	46.77438	29.46471	147	peak	3	Q4445190
Trogenhorn	46.77896	7.85947	1973	peak	4	Q22526292
Dirrengrind	46.77946	8.03608	1850	peak	3	Q22633533
Bonistock	46.77747	8.29273	2169	peak	5	Q892593
Rotstöckli	46.77761	8.42569	2901	peak	10	Q15140
Chli Spannort	46.78070	8.51828	3140	peak	12	Q3646315
Krönten	46.78220	8.56928	3108	peak	12	Q674651
Sunniggratli	46.78389	8.63939	2034	peak	4	Q2366559
Piz Posta Biala	46.77921	8.93366	3075	peak	8	Q7199877
Cavistrau Pign	46.78477	8.98180	3219	peak	4	Q9185282
Plattenhorn	46.77756	9.62491	2554	peak	6	Q2098742
Furggahorn	46.77562	9.72521	2727	peak	3	Q22618887
Tiejer Flue	46.78095	9.73459	2781	peak	11	Q7801000
Jöriflüelafurgga	46.78296	9.95586	2723	pass	3	Q22492540
Piz Murtera	46.77537	10.04036	3044	peak	11	Q7199866
Piz Ajüz	46.78275	10.35705	2775	peak	9	Q7199806
Elferspitze - Cima Undici	46.77658	10.48760	2926	peak	4	Q1328514
Danzebell - Cima Dentrovalle	46.78000	10.63442	3110	peak	5	Q13510698
Rabenkopf - Cima dei Corvi	46.78352	10.67281	3394	peak	6	Q7278676
Finailspitze - Punta di Finale	46.78028	10.83193	3514	peak	16	Q544968
Mutmalspitze	46.78300	10.90829	3521	peak	12	Q635889
Hörtlahnerspitz - Punta Lavine	46.77529	11.48482	2653	peak	4	Q31673632
Tagewaldhorn - Corno di Tramin	46.78068	11.49674	2706	peak	10	Q907962
Toblacher Pfannhorn - Corno di Fana	46.78283	12.28452	2663	peak	7	Q3693774
Marchkinkele - Cornetto Di Confine	46.78074	12.32772	2545	peak	6	Q1258728
Knoten	46.78120	13.11265	2214	peak	5	Q19971264
Wöllaner Nock	46.77673	13.82854	2145	peak	7	Q2596427
Gauerstall	46.77716	14.30684	1129	peak	4	Q21870958
Col de l'Aiguillon	46.79175	6.46625	1324	pass	8	Q391844
Aiguilles de Baulmes	46.79117	6.47239	1560	peak	12	Q404741
Hohgant	46.78643	7.89329	2163	peak	13	Q16536
Brienzer Rothorn	46.78710	8.04687	2348	peak	23	Q15226
Arnihaggen	46.79040	8.07231	2216	peak	8	Q18378087
Höch Gumme	46.78763	8.09001	2205	peak	10	Q8528091
Haupt	46.78712	8.25294	2313	peak	4	Q5682760
Graustock	46.78784	8.36832	2662	peak	12	Q3115732
Gross Spannort	46.78667	8.52444	3198	peak	16	Q674478
Gross Düssi	46.79165	8.82767	3256	peak	16	Q43340
Piz Cambrialas	46.78958	8.85201	3207	peak	11	Q7199818
Piz Tumpiv	46.78646	8.98713	3100	peak	4	Q11818780
Piz Dado	46.79086	9.01542	2698	peak	11	Q7199836
Weisshorn	46.78959	9.63878	2653	peak	17	Q670223
Brüggerhorn	46.79382	9.65206	2447	peak	6	Q996878
Mederger Flue	46.79050	9.75124	2706	peak	4	Q22490717
Chörbsch Horn	46.79059	9.76723	2651	peak	4	Q22502775
Hanengretji	46.79097	9.77671	2542	peak	5	Q22594224
Büelenhorn	46.79308	9.88753	2512	peak	5	Q22366710
Rosställispitz	46.78896	9.99352	2929	peak	8	Q7369929
Piz Glims	46.78715	10.06809	2868	peak	6	Q2623400
Piz Chapisun	46.79401	10.11739	2931	peak	8	Q7199827
Endkopf (Jaggl) - Cima Termine	46.79214	10.56544	2627	peak	7	Q203714
Innere Quellspitze - Cima della Sorgente di Dentro	46.78824	10.73072	3514	peak	7	Q1663998
Im Hinteren Eis - Punta della Vedretta	46.79348	10.78222	3269	peak	10	Q462290
Hochjoch - Giogo Alto	46.78786	10.79898	2861	pass	8	Q782277
Hauslabkogel	46.78731	10.84664	3402	peak	3	Q21871607
Stagor	46.78637	13.26611	2289	peak	3	Q21879011
Hochgosch	46.79100	13.55448	878	peak	3	Q21871800
Großer Speikkogel	46.78692	14.97195	2140	peak	9	Q1549009
Demmerkogel	46.78596	15.42969	671	peak	6	Q1185772
Kreuzkogel	46.78904	15.51347	496	peak	3	Q56760934
Königsberg	46.78561	15.95842	462	peak	4	Q21861392
Honegg	46.80380	7.80357	1546	peak	11	Q1626815
Güpfi	46.79625	8.19534	2043	peak	9	Q5627116
Rotsandnollen	46.80060	8.34395	2700	peak	9	Q1150350
Bitzistock	46.80047	8.39055	1895	peak	3	Q22553615
Schlossberg	46.80250	8.52694	3133	peak	9	Q2244426
Chli Windgällen	46.79550	8.71583	2986	peak	8	Q5102818
Piz Urlaun	46.79648	8.92828	3359	peak	14	Q1633770
Bifertenstock	46.80427	8.95752	3419	peak	17	Q16657
Piz Frisal	46.79893	8.95829	3292	peak	8	Q11818775
Furggabüel	46.80449	9.49555	2174	peak	3	Q22618878
Dreibündenstein	46.80092	9.49736	2160	peak	6	Q22593703
Gürgaletsch	46.79721	9.58266	2441	peak	13	Q84163
Wannagrat	46.79889	9.77854	2516	peak	5	Q22546517
Gorihorn	46.79530	9.95878	2987	peak	9	Q5586450
Piz Linard	46.79897	10.07144	3410	peak	23	Q675543
Piz S-chalambert Dadaint	46.80084	10.41333	3031	peak	11	Q7199885
Äußerer Bärenbartkogel - Cima Barba d'Orso di Fuori	46.79658	10.69965	3473	peak	9	Q258309
Innerer Bärenbartkogel - Cima Barba d'Orso di Dentro	46.79985	10.71989	3557	peak	8	Q1664029
Weißkugel - Palla Bianca	46.79783	10.72607	3738	peak	22	Q701816
Langtauferer Spitze - Punta Vallelunga	46.80472	10.74600	3528	peak	13	Q877768
Saykogel	46.79811	10.85194	3355	peak	9	Q875906
Sennkogel	46.80495	10.85585	3398	peak	4	Q7450882
Schalfkogel	46.80176	10.95908	3537	peak	15	Q671590
Hinterer Seelenkogel - Cima delle Anime	46.80160	11.04436	3475	peak	14	Q673009
Sarner Weißhorn - Corno Bianco	46.80238	11.39620	2705	peak	10	Q1428401
Gerölljoch (Gröllerjoch)	46.80057	11.39646	2590	pass	10	Q1428401
Rudlhorn - Roda di Scandole	46.79741	12.14186	2448	peak	3	Q2172189
Rauchkofel	46.79923	12.78209	1910	peak	5	Q21865035
Badacsony	46.80329	17.49617	437	peak	17	Q642172
Signal d'Uchon	46.80604	4.25915	681	peak	4	Q3483582
Schibengütsch	46.81400	7.94793	2037	peak	6	Q1669406
Heitlistock	46.81080	8.25037	2146	peak	6	Q5701139
Huetstock	46.81149	8.33193	2676	peak	10	Q43268
Wissberg	46.81372	8.47813	2627	peak	9	Q682104
Gross Windgällen	46.80730	8.73216	3187	peak	15	Q16614
Gross Ruchen	46.81014	8.77468	3138	peak	13	Q670246
Heimstock	46.80663	8.86948	3101	peak	8	Q5699620
Piz Cazarauls	46.81292	8.87702	3063	peak	11	Q6979227
Tödi	46.81115	8.91486	3614	peak	27	Q15134
Chüpfenflue	46.80735	9.77605	2658	peak	12	Q3647261
Strela	46.80909	9.78312	2636	peak	11	Q17616696
Strelapass	46.81293	9.79621	2342	pass	4	Q2355793
Pischahorn	46.81316	9.94718	2980	peak	11	Q7198246
Piz Sagliains	46.80883	10.06888	3101	peak	4	Q13510799
Piz Cotschen	46.81316	10.17698	3030	peak	9	Q8527292
Rotmooskogel	46.80789	11.04864	3336	peak	3	Q21879062
Zietenkopf	46.80535	12.94382	2483	peak	3	Q21864150
Kandikó	46.81298	16.74097	304	peak	3	Q1104061
Glaubenbielen	46.81881	8.09317	1611	pass	6	Q388702
Wandelen	46.82279	8.24777	2104	peak	5	Q7967178
Nünalphorn	46.82380	8.32546	2385	peak	8	Q43265
Hahnen	46.82389	8.45561	2606	peak	13	Q16659
Älplistock	46.82012	8.56709	2648	peak	3	Q22659327
Fläugenfadhorn	46.82130	8.57554	2709	peak	4	Q22487553
Chli Ruchen	46.82084	8.79815	2944	peak	7	Q5102814
Kistenstöckli	46.81734	9.01992	2746	peak	6	Q1382747
Schiahorn	46.81791	9.80403	2709	peak	10	Q16701
Seehorn	46.81588	9.87032	2238	peak	5	Q23656451
Hochvernaglwand - Croda Vernaga Alta	46.81776	10.75879	3433	peak	9	Q2145685
Hintere Hintereisspitze	46.82263	10.76386	3486	peak	8	Q26219939
Kreuzspitze	46.81630	10.87006	3455	peak	13	Q683585
Firmisanschneide	46.81980	10.95370	3490	peak	13	Q663563
Liebener Spitze - Cima della Chiesa	46.82038	11.07570	3400	peak	8	Q6543866
Penser Joch - Passo di Pennes	46.81878	11.44125	2211	pass	7	Q1414399
Gölbner	46.82429	12.50444	2943	peak	5	Q9283942
Gumriaul	46.81552	12.50788	2918	peak	4	Q9282684
Hochkreuz	46.81505	13.07385	2709	peak	4	Q21871836
Priedröf	46.81982	13.74124	1963	peak	3	Q21864956
Col des Etroits	46.82987	6.49504	1152	pass	8	Q684261
Le Cochet	46.83403	6.51701	1483	peak	3	Q22382188
Schallenbergpass	46.82615	7.79686	1167	pass	5	Q682648
Hengst	46.83405	7.95756	2092	peak	11	Q16532
Widderfeldstock	46.83369	8.33256	2351	peak	9	Q43257
Hoch Geissberg	46.82639	8.59625	2395	peak	3	Q22629628
Bälmeten	46.83117	8.68052	2414	peak	10	Q1018976
Hoch Fulen	46.83074	8.70655	2506	peak	7	Q8536790
Chli Schärhorn	46.82859	8.82408	3234	peak	5	Q9189919
Gross-Schärhorn	46.82705	8.82925	3294	peak	15	Q16530
Claridenhorn	46.83428	8.87581	3120	peak	4	Q11690744
Hinter Selbsanft	46.83173	8.97791	3028	peak	10	Q3646309
Kistenpass / Pass Lembra	46.82991	9.02736	2640	pass	4	Q1743798
Weissflue	46.83463	9.79476	2843	peak	15	Q670215
Weissfluhjoch	46.83283	9.80496	2685	peak	9	Q682177
Wolfgangpass	46.83266	9.85374	1630	pass	9	Q385232
Roggenhorn	46.83433	10.00822	2891	peak	9	Q7359394
Rothorn	46.83217	10.02464	2806	peak	3	Q22467226
Chapütschin	46.83084	10.06935	3232	peak	6	Q1062840
Piz Fliana	46.82719	10.10891	3281	peak	13	Q2097574
Piz Minschun	46.83136	10.24139	3068	peak	11	Q6979879
Reschenpass - Passo Resia	46.83435	10.51025	1507	pass	24	Q222860
Mittlere Hintereisspitze	46.82669	10.77519	3450	peak	8	Q4348277
Vordere Hintereisspitze	46.83240	10.78299	3437	peak	8	Q1931156
Talleitspitze	46.83324	10.88667	3406	peak	9	Q2390530
Hinterer Spiegelkogel	46.82925	10.95883	3426	peak	8	Q664235
Hoher First - Monte Principe	46.82659	11.08073	3405	peak	9	Q5875367
Jaufenspitz - Cima Giovo	46.83427	11.33441	2481	peak	3	Q20053985
Stoanamandl	46.83322	11.59994	2118	peak	3	Q3862042
Gulács	46.82946	17.50099	393	peak	4	Q1028698
Hagleren	46.83636	8.04241	1949	peak	9	Q5638754
Blackenstock	46.84093	8.53760	2931	peak	4	Q22562206
Surenenpass	46.83647	8.54569	2291	pass	6	Q2368438
Chammliberg	46.83678	8.84500	3215	peak	10	Q5069830
Clariden	46.84203	8.87129	3267	peak	17	Q16649
Stelli	46.83602	9.76565	2622	peak	9	Q8528145
Verstanclahorn	46.83506	10.07255	3298	peak	12	Q672321
Kleiner Piz Buin	46.84219	10.11246	3255	peak	7	Q16848830
Piz Buin	46.84412	10.11888	3312	peak	28	Q16588
Piz Champatsch	46.84085	10.27148	2920	peak	8	Q7199828
Klopaier Spitze	46.83727	10.54617	2918	peak	8	Q1774869
Hintere Guslarspitze	46.83756	10.81817	3147	peak	3	Q596658
Mittlere Guslarspitze	46.83710	10.82436	3128	peak	3	Q596658
Vordere Guslarspitze	46.83948	10.82656	3118	peak	3	Q596658
Kleiner Ramolkogel	46.84057	10.96337	3349	peak	14	Q663547
Hangerer	46.83531	11.01808	3020	peak	5	Q21871564
Granatenkogel - Monte dei Granati	46.83835	11.07032	3304	peak	5	Q1542417
Fleckner	46.84104	11.26996	2331	peak	4	Q18219769
Jaufenpass - Passo di Monte Giovo	46.83960	11.32147	2094	pass	12	Q533765
Mittagspitz - Punta di Mezzodì	46.84035	11.35911	2055	peak	3	Q18411673
Zinseler - Cima di Stilves	46.84102	11.44272	2422	peak	5	Q205190
Böses Weibele	46.83515	12.65018	2521	peak	4	Q21873606
Millstätter Alpe	46.83925	13.62316	2091	peak	6	Q1594004
Weinebene	46.83991	15.01648	1668	pass	4	Q2555898
Sotinski breg (Kugla)	46.83609	16.03061	418	peak	5	Q55220992
Szent György-hegy	46.84154	17.44836	415	peak	5	Q1296341
Tóti-hegy	46.83653	17.52122	347	peak	4	Q1327506
Le Chasseron	46.85180	6.53825	1607	peak	16	Q674126
Imihubel	46.85359	7.44612	980	peak	6	Q1659857
Wachthubel	46.84715	7.86980	1415	peak	9	Q2538509
Hächle	46.84548	7.97123	2091	peak	3	Q22652823
Rigidalstock	46.85224	8.41945	2593	peak	11	Q3647465
Gross Sättelistock	46.85309	8.43727	2637	peak	7	Q5610478
Laucherenstock	46.85496	8.45850	2639	peak	6	Q15057368
Rugghubel	46.84660	8.46312	2296	peak	4	Q1755421
Engelberger Rotstock	46.85367	8.49788	2818	peak	13	Q674622
Wissigstock	46.84544	8.50690	2887	peak	12	Q16708
Brunnistock	46.84778	8.55000	2952	peak	12	Q3647509
Boggtschingel	46.84919	8.89369	3078	peak	9	Q4936295
Muttenstock	46.84999	9.04586	3089	peak	10	Q3646303
Crap Masegn	46.85037	9.17121	2516	peak	12	Q60923
Mattjisch Horn	46.85114	9.72362	2461	peak	10	Q75403
Signalhorn	46.84879	10.09692	3210	peak	8	Q16848836
Dreiländerspitze	46.85100	10.14497	3197	peak	21	Q673909
Piz Nair	46.84714	10.25518	2966	peak	10	Q16712
Fil Spadla	46.85140	10.29374	2936	peak	11	Q5360168
Piz Lat	46.84778	10.46889	2808	peak	15	Q338872
Bergkastelspitze - Cima Castello	46.84687	10.55638	2920	peak	5	Q22691327
Weißseespitze - Cima del Lago Bianco	46.84623	10.71687	3498	peak	15	Q871863
Ehrichspitze	46.84943	10.77645	3420	peak	5	Q691616
Kesselwandspitze	46.84853	10.79810	3414	peak	8	Q1612322
Großer Ramolkogel	46.84679	10.95913	3549	peak	14	Q663547
Mittlerer Ramolkogel	46.84609	10.96306	3518	peak	14	Q663547
Nördlicher Ramolkogel	46.84844	10.96994	3428	peak	14	Q663547
Hohe Mut	46.84868	11.03048	2653	peak	5	Q19703301
Festkogel	46.85214	11.05109	3038	peak	3	Q21878992
Hohe Kreuzspitze - Punta Altacroce	46.85492	11.21442	2743	peak	3	Q18346920
Hochgrabe	46.84898	12.42158	2951	peak	6	Q9293180
Iselsberg	46.85425	12.85812	1209	pass	5	Q874495
Rödresnock (Moschelitzen)	46.85321	13.81628	2310	peak	6	Q19971419
Ladinger Spitz	46.85382	14.65128	2079	peak	6	Q1799962
Handalm	46.84671	15.02078	1853	peak	6	Q14537599
Stradner Kogel	46.84568	15.93175	609	peak	6	Q2352716
Belpberg	46.86023	7.52586	892	peak	7	Q816165
Strick	46.85650	7.98737	1946	peak	3	Q22699320
Bärenturm	46.86172	8.07216	1798	peak	3	Q22369568
Gross Walenstock	46.85709	8.41966	2572	peak	9	Q5610483
Ruchstock	46.85636	8.47089	2813	peak	13	Q2410351
Urirotstock	46.86181	8.53512	2928	peak	13	Q674811
Gämsfairenstock	46.86047	8.91781	2972	peak	9	Q43356
Ruchi	46.86498	9.04520	3107	peak	11	Q2171786
Panixerpass / Pass dil Veptga	46.85578	9.10394	2407	pass	10	Q688201
Kunkelspass	46.85617	9.41157	1357	pass	5	Q1792228
Montalin	46.86361	9.59040	2266	peak	6	Q1945562
Durannapass	46.85775	9.78553	2117	pass	3	Q1266772
Casanna	46.85943	9.82813	2557	peak	11	Q5048020
Gotschnagrat	46.85838	9.84636	2281	peak	11	Q5587946
Rotfluh	46.86052	10.08082	3166	peak	3	Q21878987
Schneeglocke	46.86440	10.08543	3223	peak	7	Q1721145
Knoten	46.86146	10.08739	3190	peak	3	Q27613744
Silvrettahorn	46.85811	10.09267	3244	peak	16	Q16688
Ochsenkopf	46.86217	10.13967	3057	peak	5	Q21878983
Nördliche Augstenspitze	46.86462	10.20386	3228	peak	15	Q3780291
Piz Tasna	46.85912	10.25237	3179	peak	13	Q3541330
Nauderer Hennesiglspitze - Monte Cantone	46.86440	10.62419	3045	peak	13	Q874530
Fluchtkogel	46.85823	10.79220	3494	peak	14	Q672961
Hintergraslspitzen	46.85888	10.81072	3334	peak	6	Q1248271
Königskogel - Monte Re	46.85808	11.07305	3050	peak	3	Q21868625
Gitsch - Monte Cuzzo	46.85954	11.68688	2510	peak	7	Q1527722
Rote Wand - Croda Rossa	46.86463	12.17953	2818	peak	3	Q31671435
Regenstein	46.86066	12.49022	2891	peak	4	Q9305289
Tschiernock	46.86452	13.56525	2088	peak	3	Q21863604
Nöringsattel	46.85580	13.62758	1665	pass	3	Q15058195
Falkert	46.86025	13.81644	2308	peak	5	Q3064759
Hochrindl	46.85995	13.99416	1617	pass	5	Q1622033
Gertrusk	46.86492	14.64234	2044	peak	6	Q1515823
Pfyffer	46.87080	7.85777	1315	peak	8	Q748633
Gräfimattstand	46.87226	8.33036	2048	peak	4	Q22652024
Schluchberg	46.86683	8.33365	2102	peak	9	Q8537233
Klausenpass	46.86819	8.85544	1952	pass	18	Q667398
Rüchi	46.87285	9.01811	2849	peak	5	Q22699500
Nüschenstock	46.86851	9.01825	2893	peak	8	Q7071554
Hausstock	46.87445	9.06555	3158	peak	15	Q15300
Vorab Pign	46.87246	9.16544	2897	peak	4	Q14566760
Ful Berg	46.87148	9.61159	2395	peak	9	Q84162
Hochwang	46.87421	9.63290	2534	peak	12	Q15304
Cunggel	46.86580	9.67196	2413	peak	10	Q5194259
Hinteregg	46.87281	9.71190	2396	peak	7	Q5767534
Chistenstein	46.86617	9.76722	2473	peak	9	Q5102143
Chessler	46.87155	9.99157	2836	peak	10	Q5093368
Schattenspitze	46.86763	10.08750	3202	peak	5	Q20850945
Tiroler Kopf	46.86599	10.14057	3103	peak	3	Q21863496
Futschölpass	46.86600	10.21479	2768	pass	4	Q1511165
Piz Faschalba	46.86632	10.23264	3048	peak	6	Q21864231
Curuna Lada	46.87088	10.24131	3079	peak	5	Q22550700
Piz Arina	46.86766	10.37096	2828	peak	8	Q7199810
Mittlerer Seekarkopf	46.87361	10.61919	3063	peak	12	Q662843
Südlicher Seekarkopf	46.87201	10.61940	3059	peak	12	Q662843
Vorderer Brochkogel	46.87489	10.85087	3565	peak	12	Q662901
Urkundkolm	46.87380	10.87595	3134	peak	3	Q2009101
Wildes Mannle	46.87382	10.89373	3020	peak	9	Q871810
Eidechsspitze - Cima di Terento	46.87030	11.75560	2738	peak	6	Q19696237
Schafkopf (Bramstaller)	46.87383	12.01888	2559	peak	3	Q27949538
Weiße Spitze	46.87189	12.35797	2962	peak	12	Q698770
Großes Degenhorn	46.86887	12.39310	2946	peak	6	Q11693225
Buchkogel	46.87145	15.50755	550	peak	4	Q998579
Dreiländerecke / Hármashatárkő / Tromejnik	46.86906	16.11389	387	peak	5	Q465430
Csobánc	46.87140	17.50451	378	peak	7	Q5191583
Mont Touleur	46.88025	3.98204	581	peak	3	Q3322153
Chaiserstuel	46.87718	8.46790	2400	peak	6	Q15793855
Gitschen	46.87722	8.57500	2513	peak	11	Q1527723
Glatten	46.88133	8.85934	2505	peak	7	Q5567246
Scheidstöckli	46.87757	9.02639	2810	peak	3	Q22442549
Glarner Vorab	46.87985	9.15300	3018	peak	13	Q2533428
Laaxer Stöckli / Piz Grisch	46.88309	9.20413	2898	peak	9	Q7199847
Crap Mats	46.87838	9.35738	2947	peak	10	Q5182285
Felsberger Calanda	46.88121	9.45595	2697	peak	4	Q22460673
Glattwang	46.88087	9.71431	2376	peak	9	Q5567253
Schildflue	46.88076	9.95686	2887	peak	9	Q7431301
Leidhorn	46.87884	9.99382	2838	peak	6	Q6519343
Krone	46.87563	10.23200	3188	peak	10	Q6438887
Paulcketurm	46.88311	10.23404	3073	peak	3	Q21878957
Zahnspitze	46.88459	10.23469	3096	peak	4	Q21878955
Piz Davo Lais	46.87871	10.26794	3027	peak	9	Q7199837
Gueser Kopf	46.88411	10.57702	2740	peak	4	Q2160926
Nördlicher Seekarkopf	46.87785	10.62012	3003	peak	12	Q662843
Schwarzwandspitze	46.87509	10.78722	3467	peak	3	Q2688365
Südliche Sexegertenspitze	46.88401	10.79347	3424	peak	8	Q2275502
Hochvernagtspitze	46.88143	10.79692	3536	peak	15	Q672944
Ötztaler Urkund	46.88076	10.87356	3554	peak	8	Q307493
Hinterer Wurmkogel	46.88047	11.08589	3082	peak	5	Q21879061
Reisnock - Monte Stipa	46.87862	11.80899	2663	peak	4	Q27882379
Innerrodelkunke	46.87988	12.22229	2729	peak	3	Q31671367
Rote Spitze	46.87634	12.34435	2956	peak	8	Q764132
Hochleitenspitze	46.88002	12.39349	2877	peak	5	Q9293183
Wagenstein	46.87615	12.39950	2849	peak	4	Q21863816
Rosennock	46.87711	13.71237	2440	peak	10	Q872982
Klomnock	46.88149	13.78795	2331	peak	7	Q1774832
Mont des Alouettes	46.89477	-1.01026	232	peak	11	Q956593
Glaubenbergpass	46.89246	8.10767	1540	pass	7	Q390996
Wellenberg	46.88628	8.39979	1236	peak	5	Q19311455
Alpler Torstock	46.89468	8.78185	2621	peak	7	Q4735621
Schächentaler Windgällen	46.88798	8.79173	2764	peak	12	Q3647291
Mättlenstöck	46.88767	9.06601		peak	5	Q6949996
Ofen	46.89230	9.21243	2873	peak	5	Q1374003
Chlein Seehorn	46.88643	10.02366	3032	peak	10	Q16887784
Großes Seehorn	46.88802	10.03221	3121	peak	15	Q669851
Großlitzner	46.88646	10.03829	3109	peak	16	Q669837
Glötterspitze	46.89216	10.04703	2847	peak	3	Q21878943
Verhupfspitze	46.88858	10.05609	2957	peak	3	Q21878949
Hohes Rad	46.89286	10.11153	2934	peak	8	Q1623986
Piz Nair	46.88719	10.37335	3002	peak	17	Q676149
Tscheyegg	46.88884	10.57076	2666	peak	3	Q13510758
Wildnörderer	46.89135	10.61540	3015	peak	11	Q872031
Glockturm	46.89326	10.66530	3355	peak	13	Q528389
Hintere Ölgrubenspitze	46.89075	10.77487	3296	peak	5	Q946303
Hochvernagtwand	46.88608	10.80529	3400	peak	4	Q1339688
Petersenspitze	46.88880	10.83972	3472	peak	8	Q699540
Taschachwand	46.89448	10.84541	3354	peak	4	Q2652798
Hinterer Brochkogel	46.88601	10.84978	3635	peak	17	Q689121
Wildspitze	46.88524	10.86728	3768	peak	38	Q679277
Taufkarkogel	46.88539	10.88767	3362	peak	3	Q2533246
Weißer Kogel	46.89170	10.90607	3407	peak	8	Q2788005
Schermerspitze	46.88743	11.08432	3116	peak	7	Q7431199
Seefeldspitz - Cima di Campolago	46.88876	11.64994	2719	peak	3	Q3954215
Große Windschar - Cima del Vento	46.88975	12.01696	3041	peak	6	Q1266550
Wasserkopf - Cima dell'Acqua	46.89325	12.05420	3135	peak	3	Q75165227
Morgenkofel - Cima Mattina	46.88786	12.05761	3073	peak	3	Q17578599
Schwarze Wand - Croda Nera	46.88564	12.06585	3105	peak	6	Q2253757
Staller Sattel - Passo di Stalle	46.88772	12.19969	2052	pass	12	Q371791
Gsieser Torl	46.88714	12.25970	2206	pass	4	Q1552501
Zellinkopf	46.89426	12.95119	2597	peak	4	Q21873050
Polinik	46.89499	13.15829	2784	peak	11	Q871838
Danielsberg	46.88779	13.28271		peak	4	Q1163913
Pfannock	46.88795	13.75402	2254	peak	3	Q21864801
Schiestelscharte	46.89006	13.79351	2024	pass	5	Q718641
Großer Speikkofel	46.89401	13.93992	2270	peak	3	Q21878939
Lethkogel	46.88761	15.23058	608	peak	3	Q37830758
Gleichenberger Kogel	46.89228	15.90820	598	peak	8	Q1150493
Bschaidkogel	46.89409	15.91696	563	peak	3	Q21861443
Kapfensteiner Kogel	46.89214	15.97523	473	peak	3	Q21861447
Mont Rome	46.90290	4.61195	546	peak	4	Q3322065
Fürstein	46.89573	8.06982	2040	peak	10	Q25201
Ächerlipass	46.90468	8.33519	1458	pass	6	Q252796
Brisen	46.89878	8.45831	2404	peak	12	Q16615
Hoh Brisen	46.89748	8.46568	2413	peak	10	Q5877438
Gandstock	46.90166	9.17891		peak	3	Q121913273
Piz Dolf / Trinserhorn	46.90329	9.26668	3028	peak	10	Q682581
Glaserhorn	46.90179	9.33324	3127	peak	5	Q9268513
Ringelspitz	46.89833	9.34306	3247	peak	17	Q15137
Haldensteiner Calanda	46.89991	9.46728	2805	peak	13	Q16529
Westliche Plattenspitze	46.90056	10.01129	2883	peak	4	Q2565446
Fimberpass	46.89634	10.27820	2608	pass	5	Q19279620
Piz Tschütta	46.90361	10.34382	3254	peak	14	Q668517
Muttler	46.90066	10.37873	3294	peak	19	Q473561
Norbertshöhe	46.89510	10.48499	1405	pass	3	Q1446398
Rifflkarspitze	46.90064	10.67382	3219	peak	3	Q21000105
Pitztaler Urkund	46.89526	10.80917	3198	peak	3	Q2365085
Schuchtkogel	46.89764	10.87567	3471	peak	4	Q1644882
Kirchenkogel	46.89928	11.08175	3115	peak	4	Q4856254
Gelttalspitze - Cima Valfredda	46.89663	12.08309	3126	peak	4	Q1499844
Magerstein	46.89794	12.09647	3273	peak	9	Q776199
Wildgall	46.90302	12.13537	3273	peak	10	Q646359
Schleinitz	46.89559	12.74866	2904	peak	7	Q2238986
Rosenkogel	46.89555	15.14868	1362	peak	4	Q1688632
Schafmatt	46.91213	8.06350	1979	peak	7	Q7430922
Chinzig Chulm	46.90718	8.72529	2073	pass	4	Q1742308
Alpler Horn	46.91074	8.80813	2380	peak	8	Q4735622
Mörderhoren	46.90735	9.21305	2395	peak	5	Q22699105
Piz Segnas	46.90790	9.23969	3098	peak	14	Q16631
Isentällispitz	46.91343	9.96236	2872	peak	10	Q8536561
Hennekopf	46.90956	10.13953	2704	peak	5	Q21878908
Piz Malmurainza	46.90610	10.40722	3038	peak	8	Q7199851
Finstermünzpass	46.91334	10.49335	1186	pass	4	Q2662687
Bruchkopf	46.90653	10.65040	3013	peak	3	Q21878914
Vordere Ölgrubenspitze	46.90822	10.77344	3456	peak	11	Q871959
Hinterer Brunnenkogel	46.91263	10.86133	3438	peak	11	Q702055
Nederkogel	46.90703	11.00887	3163	peak	10	Q699174
Timmelsjoch - Passo Rombo	46.90535	11.09732	2474	pass	19	Q877334
Rosskopf - Monte Cavallo	46.91445	11.38407	2189	peak	4	Q2167747
Wilde Kreuzspitze - Picco della Croce	46.91346	11.59373	3135	peak	8	Q655998
Wurmaulspitze - Cima Valmala	46.91397	11.63779	3022	peak	9	Q1738359
Achternock	46.90955	12.03105	2667	peak	3	Q20999726
Monte Nevoso - Schneebiger Nock	46.90552	12.08408	3358	peak	13	Q939879
Hochgall - Monte Collalto	46.91085	12.14025	3436	peak	15	Q668394
Almerhorn	46.90783	12.19470	2985	peak	8	Q2649685
Niederer Prijakt	46.91454	12.70891	3051	peak	9	Q2109676
Rinsennock	46.90959	13.85009	2334	peak	9	Q2154262
Turracher Höhe	46.91317	13.87645	1795	pass	11	Q872329
Schoberriegel	46.91067	13.89391	2208	peak	4	Q21865545
Gruft	46.90537	13.90210	2232	peak	3	Q21878919
Bretthöhe	46.91247	13.93647	2320	peak	3	Q21873533
Hebalm	46.91286	15.03057	1420	pass	3	Q1592651
Schwarzkogel	46.90766	15.06672	1550	peak	6	Q2254264
Kuruzzenkogel	46.91272	15.99180	425	peak	4	Q21861452
Mont Beuvray	46.92446	4.03962	821	peak	11	Q924562
Gurten	46.91729	7.44377	858	peak	13	Q360492
Schwalmis	46.91855	8.49356	2246	peak	10	Q136921
Zingel	46.92273	8.51979	1905	peak	3	Q22657369
Diepen	46.92451	8.66592	2222	peak	3	Q22697498
Hagelstock	46.91710	8.68169	2182	peak	7	Q1250534
Hundstock	46.92454	8.68206	2213	peak	7	Q582739
Siwfass	46.91940	8.68350	2180	peak	4	Q22632532
Spilauerstock	46.91553	8.69769	2269	peak	4	Q1493303
Rossstock	46.91709	8.70788	2461	peak	10	Q2167812
Fulen	46.91815	8.71554	2491	peak	9	Q5507835
Schijen	46.91984	8.93538	2610	peak	10	Q7431296
Gross Kärpf	46.91675	9.09338	2794	peak	12	Q3647518
Piz Sardona	46.92295	9.25149	3056	peak	17	Q668503
Schlappiner Joch	46.92487	9.90793	2202	pass	6	Q949245
Rotbühelspitze	46.91602	9.95907	2853	peak	12	Q663770
Bielerhöhe	46.91804	10.09561	2037	pass	9	Q668326
Ritzenjoch	46.91716	10.24060	2686	pass	4	Q21864238
Piz Val Gronda	46.92327	10.29096	2812	peak	8	Q2097584
Piz Vadret	46.92293	10.32398	3024	peak	11	Q3905949
Bliggspitze	46.91803	10.78611	3454	peak	12	Q875012
Vorderer Brunnenkogel	46.91927	10.85685	3396	peak	4	Q4446658
Linker Fernerkogel	46.92119	10.91013	3278	peak	6	Q1826832
Mutkogel	46.91506	10.91974	3312	peak	4	Q687789
Innere Schwarze Schneide	46.92405	10.92115	3369	peak	8	Q592455
Telfer Weissen - Cime Bianche di Telves	46.92181	11.35179	2588	peak	3	Q2402137
Speikboden - Monte Spico	46.91818	11.89026	2518	peak	4	Q630342
Barmer Spitze	46.91608	12.15211	3200	peak	9	Q808368
Patscher Schneid	46.92397	12.15768	3082	peak	10	Q2058276
Hoher Prijakt	46.91575	12.71236	3064	peak	9	Q2109676
Alkuser Rotspitze	46.91752	12.73128	3053	peak	6	Q1287236
Lattersteighöhe	46.91896	13.94784	2264	peak	3	Q21868919
Le Soliat	46.92858	6.72479	1465	peak	10	Q1427815
Crêt aux Moines	46.92689	6.73369		peak	3	Q22425733
Blasenfluh	46.93224	7.69751	1118	peak	10	Q881812
Farneren	46.93424	8.04148	1572	peak	9	Q8537703
Stanserhorn	46.92976	8.34037	1898	peak	19	Q16613
Klewenstock	46.93347	8.47823	1748	peak	3	Q22543793
Oberbauenstock	46.92786	8.54412	2117	peak	9	Q16629
Rophaien	46.92796	8.64645	2078	peak	10	Q2166266
Chaiserstock	46.92837	8.72853	2515	peak	10	Q5068120
Höch Turm	46.93222	8.93537	2666	peak	10	Q5964580
Ortstock	46.92541	8.94820	2716	peak	13	Q16590
Madrisahorn	46.93111	9.87222	2826	peak	15	Q869976
Hochmaderer	46.92882	10.02830	2823	peak	8	Q1229699
Kresperspitze	46.92933	10.07756	2620	peak	3	Q21873731
Bielerspitze	46.92735	10.09819	2545	peak	3	Q21878878
Paraid Naira	46.93163	10.24166	3015	peak	11	Q7134787
Piz Rots	46.92518	10.31606	3097	peak	12	Q663783
Piz Mundin	46.92536	10.43068	3146	peak	12	Q7199862
Plattigkopf	46.92761	10.67577	3174	peak	3	Q7202533
Eiskastenspitze	46.92972	10.79176	3373	peak	11	Q875420
Mittagskogel	46.93354	10.87181	3162	peak	9	Q871984
Grabkogel	46.92907	10.88948	3052	peak	5	Q1540859
Jochköpfl	46.92600	11.10788	3143	peak	8	Q1646318
Scheiblehnkogel	46.93051	11.14432	3055	peak	5	Q1486121
Botzer - Il Capro	46.93112	11.19801	3251	peak	9	Q894934
Wetterspitze - Cima del Tempo	46.93145	11.32055	2709	peak	3	Q2566033
Fenneregg/Fennera	46.93327	12.16778	3123	peak	9	Q535463
Rosshorn	46.93405	12.17861	3068	peak	9	Q1751349
Reinischkogel	46.92800	15.11553	1463	peak	6	Q14912677
Schimbrig	46.93946	8.11358	1815	peak	10	Q7431320
Wasserbergfirst	46.93955	8.78903	2341	peak	11	Q7972757
Foopass	46.94279	9.23816	2223	pass	3	Q5465711
Fahnenstock	46.94220	9.29315	2611	peak	6	Q5429585
Sazmartinshorn	46.94393	9.37563	2827	peak	5	Q7429420
Rätschenhorn	46.93659	9.85019	2703	peak	8	Q7386058
Gargeller Madrisa	46.94185	9.89158	2770	peak	5	Q21878856
Ritzenspitzen	46.93805	9.92803	2650	peak	3	Q21865169
Vallüla	46.93730	10.11288	2813	peak	7	Q21863712
Wurmtalerkopf	46.93850	10.79592	3228	peak	6	Q338785
Grubenkarspitze	46.94350	10.81885	3002	peak	6	Q783072
Karleskogel	46.93732	10.92242	3106	peak	5	Q1733767
Äußere Schwarze Schneide	46.93773	10.95244	3257	peak	9	Q258275
Gaislachkogel	46.94234	10.96715	3056	peak	7	Q1491381
Amthorspitze - Cima Gallina	46.94449	11.50227	2748	peak	5	Q19787622
Grabspitz - Cima Grava	46.93898	11.61452	3059	peak	7	Q3676738
Tristenspitz - Cima dei Covoni	46.94425	11.81915	2716	peak	3	Q21000070
Lenkstein	46.93951	12.16664	3236	peak	13	Q873204
Hutner	46.93657	12.24722	2885	peak	3	Q21868127
Kauschkahorn	46.94304	12.28393	2903	peak	3	Q28735412
Weißes Beil	46.93677	12.30876	2766	peak	6	Q18029515
Gritzer Hörndle	46.94089	12.38799	2631	peak	4	Q1247674
Stanzling	46.94390	12.49781	2715	peak	3	Q21878851
Kreuzspitze	46.93612	12.66805	2937	peak	5	Q21868718
Rotspitzen	46.93980	12.68431	3096	peak	3	Q33105593
Hochschober	46.94261	12.69820	3240	peak	11	Q1622049
Hoher Perschitzkopf	46.93962	12.78640	3125	peak	7	Q935285
Sadnig	46.94121	12.98874	2745	peak	8	Q17127241
Hohe Pressing	46.93789	13.69239	2370	peak	7	Q5877464
Königstuhl	46.94386	13.78458	2336	peak	5	Q1796494
Wintertalernock	46.94237	13.95217	2394	peak	3	Q21864055
Flattnitzer Höhe	46.94094	14.03663	1429	pass	7	Q21874151
Klippitztörl	46.93670	14.67414	1644	pass	7	Q874205
Kögelberg	46.93897	15.54621	441	peak	3	Q25934786
Buochserhorn	46.94554	8.42860	1806	peak	11	Q1010079
Niderbauen-Chulm	46.94769	8.55698	1923	peak	7	Q1586102
Sisiger Spitz	46.95417	8.70717	1914	peak	3	Q22631224
Hangsackgrat	46.95195	9.32200	2633	peak	6	Q8536809
Zanaihorn	46.94757	9.40538	2821	peak	6	Q8066016
Muntaluna	46.94639	9.44476	2422	peak	3	Q22629225
Chrüz	46.95493	9.77487	2196	peak	4	Q8553190
Matschuner Joch	46.94973	9.97820	2423	pass	3	Q20855976
Palinkopf	46.95020	10.30936	2864	peak	7	Q7127559
Schwarzwandspitz - Croda Nera di Malavalle	46.94504	11.16812	3358	peak	3	Q21865674
Schaflahnernock - Cima delle Pecore	46.95237	11.81322	2703	peak	5	Q3676814
Weiße Wand - Croda Bianca	46.94576	11.81327	2717	peak	3	Q31842675
Großer Moosstock - Picco Palù	46.95081	12.02255	3059	peak	5	Q1548797
Großer Rotstein	46.95318	12.14777	3147	peak	4	Q31671726
Mulle	46.95102	12.15416	3158	peak	3	Q21871344
Muklarspitz	46.95060	12.15811	3162	peak	3	Q21880571
Seespitze	46.94826	12.27362	3021	peak	7	Q2265644
Kastal	46.94513	12.36310	2775	peak	6	Q1405248
Donnerstein	46.94728	12.42739	2725	peak	6	Q1241937
Kreuzberg	46.94592	12.49140	2743	peak	3	Q21868679
Deferegger Riegel	46.94513	12.50600	2729	peak	3	Q21873752
Kleinschober	46.94583	12.70470	3119	peak	3	Q33105607
Debantgrat Nordgipfel	46.95139	12.71001	3055	peak	6	Q1181375
Debantgrat	46.95161	12.71002	3055	peak	6	Q1181375
Debantgrat Südgipfel	46.94961	12.71113	3052	peak	6	Q1181375
Keeskopf	46.95106	12.76237	3081	peak	6	Q1737766
Petzeck	46.94823	12.80400	3283	peak	12	Q387629
Groneck	46.95152	13.27064	2691	peak	3	Q21871226
Reißeck	46.94732	13.36444	2965	peak	10	Q2142278
Kleines Reißeck	46.94878	13.37474	2924	peak	3	Q21868531
Eisenhut	46.95204	13.92818	2441	peak	20	Q580229
Mont Preneley	46.95668	4.00206	856	peak	5	Q3114609
Crêt du Cervelet	46.95924	6.63285	1293	peak	8	Q5191484
Mont Vully	46.96397	7.09396	653	peak	9	Q476762
Stäfeliflue	46.96464	8.16458	1922	peak	8	Q7629909
Huser Stock	46.96199	8.65025	1904	peak	3	Q22651525
Klingenstock	46.95743	8.67458	1935	peak	10	Q5102838
Pfannenstock	46.96159	8.91168	2572	peak	11	Q1258161
Foostock	46.95646	9.24471	2611	peak	12	Q3647221
Pizol	46.95915	9.38672	2844	peak	19	Q672737
Valisera	46.96097	9.95581	2716	peak	3	Q21863710
Madrisella	46.95958	9.98622	2466	peak	6	Q1883472
Breitspitze	46.95841	10.09826	2203	peak	3	Q21878829
Ballunspitze	46.95527	10.13500	2671	peak	3	Q21873495
Gorfenspitze	46.95538	10.17552	2558	peak	3	Q21878833
Predigberg	46.95580	10.21431	2645	peak	3	Q21864932
Glockhaus	46.95634	10.68620	3096	peak	3	Q21871063
Löcherkogel	46.95908	10.79109	3326	peak	9	Q871951
Gschrappkogel	46.96139	10.90637	3194	peak	4	Q27516860
Wurmsitzkogel	46.95668	10.90913	3079	peak	4	Q27554779
Schwarzkogel	46.96227	10.93867	3016	peak	4	Q21878822
Gaiskogel	46.95519	11.12896	3128	peak	4	Q15111140
Zuckerhütl - Westgipfel	46.96395	11.14964	3498	peak	8	Q874400
Zuckerhütl	46.96431	11.15380	3508	peak	19	Q227875
Sonklarspitze - Cima di Malavalle	46.95628	11.16454	3444	peak	14	Q664190
Roter Grat - Cresta Rossa	46.96254	11.20702	3099	peak	3	Q2168372
Niederer Weißzint - Punta Bianca Bassa	46.95752	11.73601	3263	peak	3	Q31670122
Durreck - Cima Dura	46.96111	12.02903	3135	peak	9	Q1267472
Dreieckspitze	46.96408	12.13107	3031	peak	7	Q1257499
Kleiner Rotstein	46.95648	12.13814	3048	peak	4	Q31804599
Fleischbachspitze	46.95823	12.16271	3157	peak	3	Q21874909
Alplesspitze	46.95780	12.26033	3149	peak	6	Q21873333
Großer Zunig	46.95567	12.51525	2776	peak	6	Q21871384
Kreuzegg	46.95872	12.66612	2819	peak	3	Q21868689
Winkelegg	46.96098	12.67400	2799	peak	3	Q21880614
Ganot	46.95876	12.70613	3102	peak	4	Q1493602
Ralfkopf	46.95720	12.71372	3106	peak	6	Q2129455
Glödis	46.96126	12.72569	3206	peak	10	Q1532697
Großer Friedrichskopf	46.95793	12.82822	3134	peak	5	Q21871284
Magernigspitz	46.96123	12.99583	2640	peak	3	Q21869117
Tristenspitz	46.96390	13.30896	2930	peak	6	Q1685042
Mont Poupet	46.97116	5.88598	851	peak	7	Q514933
Mittaggüpfi	46.97174	8.18734	1917	peak	8	Q43160
Widderfeld	46.97005	8.22888	2075	peak	8	Q7998512
Tomlishorn	46.97391	8.24122	2128	peak	7	Q15267
Matthorn	46.97064	8.25308	2041	peak	3	Q22452736
Fronalpstock	46.96827	8.63738	1920	peak	13	Q235840
Chratzerengrat	46.97134	8.90155	2349	peak	8	Q16887786
Bös Fulen	46.96712	8.94566	2802	peak	13	Q15141
Hochwart	46.97081	9.38717	2669	peak	4	Q22629852
Pizalun	46.97139	9.52038	1478	peak	4	Q22390628
Schollberg	46.97481	9.86486	2570	peak	6	Q2248647
Versettla	46.96568	9.99555	2368	peak	5	Q21000082
Greitspitze	46.97011	10.33401	2871	peak	12	Q5607327
K2	46.96591	10.79407	3253	peak	6	Q872294
Rostizkogel	46.96858	10.79453	3392	peak	10	Q874392
Seekogel	46.97180	10.81026	3358	peak	10	Q175160
Wassertalkogel	46.96707	10.90526	3247	peak	6	Q784896
Schussgrubenkogel	46.96846	11.10862	3211	peak	3	Q2252467
Aperer Pfaff	46.97199	11.14027	3353	peak	3	Q21873396
Wilder Pfaff - Cima del Prete	46.96575	11.16429	3456	peak	13	Q671171
Wilder Freiger - Cima Libera	46.97052	11.18999	3418	peak	15	Q180378
Aglsspitze - Cima dell Accla	46.96551	11.24389	3194	peak	7	Q393254
Östlicher Feuerstein - Montarso Orientale	46.97171	11.24422	3267	peak	4	Q92554801
Schneespitze - Monte della Neve	46.97416	11.25666	3174	peak	6	Q2247427
Sandjöchl - Passo del Santicolo	46.96942	11.42347	2165	pass	3	Q21875833
Hoher Lorenzenberg - Monte San Lorenzo	46.97270	11.43241	2313	peak	4	Q21873149
Hochfeiler - Gran Pilastro	46.97240	11.72759	3509	peak	20	Q700225
Hoher Weißzint - Punta Bianca	46.96760	11.74738	3371	peak	12	Q662994
Hirbernock - Cima di Moia	46.97250	12.04701	3010	peak	4	Q17410662
Keeseck	46.96920	12.24119	3173	peak	6	Q1737764
Kesselpater	46.97103	12.30322	2985	peak	3	Q50221330
Finsterkarspitze	46.97378	12.30468	3029	peak	5	Q21874134
Stampfleskopf	46.97494	12.32121	3071	peak	4	Q21863207
Blindis	46.96896	12.33133	3000	peak	5	Q21873578
Gollspitze	46.97455	12.65774	2219	peak	3	Q21880616
Spinal	46.97022	12.66192	2464	peak	3	Q21880615
Südliche Talleitenspitze	46.96927	12.74122	3113	peak	7	Q2381020
Gößnitzkopf	46.96721	12.74379	3096	peak	9	Q1560008
Großer Hornkopf	46.96750	12.77854	3251	peak	6	Q21871307
Mohar	46.96636	12.94666	2605	peak	3	Q21866119
Packsattel	46.96546	14.97793	1169	pass	7	Q2045610
Reithberg	46.96781	15.71763	460	peak	4	Q21861570
Tamás-hegy	46.97364	17.88508	317	peak	4	Q15060270
Col de la Tourne	46.98372	6.77886		pass	7	Q679606
Col de la Tourne	46.98398	6.77948	1168	pass	7	Q679606
Mannenberg	46.98413	7.48423	688	peak	3	Q1890626
Bantiger	46.97786	7.52773	947	peak	10	Q806976
Chastelendossen	46.97717	8.24370	1883	peak	4	Q1068122
Klimsenhorn	46.98323	8.25012	1907	peak	6	Q43167
Chrummhorn	46.97580	8.28206	1254	peak	6	Q1088398
Haslihorn	46.97592	8.30716	961	peak	4	Q1869798
Risetenpass	46.97803	9.24646	2189	pass	6	Q20065132
Versalspitze	46.98212	10.08458	2462	peak	4	Q1650691
Zeinisjoch	46.97767	10.14102	1840	pass	6	Q184944
Flimspitze	46.98220	10.34385	2929	peak	10	Q5459386
Pfroslkopf	46.97761	10.68936	3148	peak	8	Q7179825
Zuragkogel	46.97610	10.84387	2891	peak	5	Q230382
Brandkogel	46.97551	10.85138	2677	peak	6	Q379206
Puitkogel	46.98147	10.90120	3345	peak	13	Q675846
Hoher Nebelkogel	46.97890	11.06404	3211	peak	8	Q1623921
Stubaier Wildspitze	46.98307	11.09944	3341	peak	13	Q222144
Schaufelspitze	46.97845	11.11568	3332	peak	11	Q616391
Aperer Freiger	46.97672	11.17967	3262	peak	6	Q15783763
Gamsspitzl	46.97888	11.20237	3051	peak	8	Q21030665
Weißwandspitze - Parete Bianca	46.98354	11.30030	3016	peak	10	Q2557370
Hoher Zahn - Dente Alto	46.98409	11.30791	2924	peak	4	Q1623957
Wolfendorn - Spina del Lupo	46.98419	11.53780	2774	peak	5	Q3966750
Hochferner - Gran Vedretta	46.97798	11.71800	3470	peak	10	Q873287
Klammljoch	46.98419	12.13258	2288	pass	9	Q454931
Rotenmannspitze	46.98319	12.20182	3077	peak	4	Q28105567
Totenkarspitze	46.98050	12.20428	3133	peak	6	Q21863536
Panargenspitze	46.97641	12.22142	3117	peak	4	Q28554163
Graue Wand	46.97715	12.26259	2816	peak	3	Q28464228
Bachlenkenkopf	46.97590	12.27527	2759	peak	3	Q28464224
Gösleswand	46.97946	12.29540	2912	peak	6	Q1559625
Lasörling	46.97590	12.35504	3098	peak	10	Q1631332
Rotenkogel	46.97965	12.59766	2762	peak	5	Q20972040
Südliche Mörbetzspitze	46.98351	12.70396	2834	peak	3	Q21880624
Roter Knopf	46.97879	12.73896	3281	peak	11	Q1635399
Böseck	46.98102	13.10215	2834	peak	3	Q21873604
Mont Châteleu	46.98996	6.57502	1301	peak	4	Q3321753
Firstspitz	46.99034	8.76360	1623	peak	5	Q1419615
Silberen / Twärenen	46.99238	8.89942	2319	peak	9	Q141362
Bächistock	46.99289	8.98911	2914	peak	4	Q22369235
Gulderstock	46.99305	9.20152	2511	peak	7	Q8537286
Rotrüfner	46.99439	9.28118	2465	peak	3	Q22467561
Tavamunter Augstenberg	46.99000	10.08346	2489	peak	6	Q18028412
Gaisspitze	46.99124	10.18327	2779	peak	8	Q15111141
Bürkelkopf	46.98947	10.34762	3033	peak	15	Q3780287
Visnitzkopf	46.99072	10.37213	2745	peak	6	Q22426785
Watzespitze	46.98967	10.79538	3532	peak	15	Q477177
Windacher Daunkogel	46.98740	11.08115	3348	peak	8	Q674364
Niederl	46.99395	11.20891	2680	pass	3	Q15058130
Pflerscher Pinggl - Picco di Fleres	46.99126	11.31707	2767	peak	3	Q1279002
Goldkappl - Cappa d'Oro	46.98845	11.33043	2795	peak	4	Q1325740
Pflerscher Tribulaun - Tribulaun di Fleres	46.98529	11.33889	3097	peak	8	Q2084247
Gschnitzer Tribulaun	46.99070	11.34580	2946	peak	5	Q79521424
Kreuzjoch - Monte Croce	46.99143	11.46046	2242	peak	3	Q21868702
Pfitscher Joch - Passo di Vizze	46.99475	11.66038	2251	pass	9	Q668339
Großer Möseler - Grande Mèsule	46.99247	11.78178	3479	peak	14	Q525274
Turnerkamp - Cima di Campo	46.99019	11.80975	3416	peak	11	Q663046
Törlkopf	46.98946	12.20648	3035	peak	4	Q28113709
Rosenspitze	46.98846	12.25437	3060	peak	6	Q21865200
Reichenberger Spitze	46.98553	12.25983	3030	peak	4	Q1435550
Kriselachspitze	46.98847	12.31871	2848	peak	3	Q21868732
Berger Kogel	46.99453	12.38218	2656	peak	5	Q21873536
Schönleitenspitze	46.99054	12.68981	2809	peak	4	Q21865569
Nördliche Mörbetzspitze	46.98731	12.70707	2912	peak	3	Q21880625
Tschadinhorn	46.99201	12.70869	3017	peak	5	Q21878789
Ruiskopf	46.99177	12.72601	3090	peak	5	Q21880619
Kristallkopf	46.98541	12.73367	3160	peak	5	Q21880620
Brentenköpfe	46.98608	12.78998	3019	peak	3	Q38947017
Auernig	46.99159	13.18860	2130	peak	5	Q21873057
Haut Folin	46.99615	4.03711	901	peak	11	Q2200332
Geissgratflue	46.99713	7.87019	1332	peak	4	Q22633657
Farnli-Esel	47.00435	7.87883	1382	peak	3	Q22699937
Napf	47.00400	7.93994	1408	peak	16	Q15299
Rengg	47.00355	8.09102	959	pass	5	Q654571
Bürgenstock	47.00031	8.39833	1127	peak	19	Q43246
Vitznauerstock / Gersauerstock	47.00441	8.50852	1452	peak	3	Q22638100
Laucherenstöckli	47.00489	8.76582	1753	peak	3	Q22371997
Spirstock	47.00101	8.77230	1771	peak	3	Q22570887
Forstberg	47.00086	8.82370	2215	peak	3	Q22493562
Druesberg	47.00427	8.83371	2282	peak	14	Q673588
Pragelpass	46.99937	8.86950	1548	pass	9	Q670023
Nidfurner Turm	46.99971	9.01296	2661	peak	6	Q1552673
Wissgandstöckli	46.99517	9.24991	2488	peak	6	Q8027729
Verbellakopf	47.00259	10.10487	2581	peak	3	Q21863728
Vesulspitze	47.00167	10.34917	3089	peak	10	Q2521262
Grübelekopf	47.00052	10.38931	2894	peak	11	Q4896979
Verpeilspitze	47.00345	10.80497	3423	peak	11	Q600983
Parstleswand Westgipfel	46.99846	10.81725	3091	peak	4	Q568127
Hohe Geige	47.00481	10.90865	3394	peak	13	Q671089
Ampferkogel	46.99642	10.91354	3186	peak	4	Q474594
Fotzenkarstange	46.99637	10.92765	3024	peak	3	Q21870089
Wilde Leck	47.00274	11.06228	3359	peak	13	Q871961
Hinterer Daunkopf	47.00434	11.09646	3225	peak	6	Q1619685
Großer Trögler	46.99568	11.16035	2902	peak	8	Q616731
Innere Wetterspitze	46.99661	11.24670	3053	peak	7	Q1664012
Hochsteller	46.99687	11.71138	3098	peak	3	Q21880542
Furtschaglspitze	47.00454	11.77378	3190	peak	6	Q1475182
III. Hornspitze (Berliner Spitze)	47.00251	11.84492	3254	peak	8	Q1653886
Großer Reinhard	46.99788	12.12636	2790	peak	3	Q31671861
Törlspitze	46.99519	12.20018	3052	peak	6	Q21874899
Großschober	46.99627	12.25547	3054	peak	6	Q21871389
Böses Weibl	46.99765	12.72285	3119	peak	7	Q1020113
Gridenkarköpfe	47.00274	12.73347	3031	peak	6	Q1546250
Karlkamp	46.99684	12.80051	3114	peak	5	Q21868293
Feldseekopf	47.00141	13.07011	2864	peak	3	Q21874099
Maresenspitz	47.00452	13.22960	2915	peak	3	Q21869148
Säuleck	46.99691	13.28740	3086	peak	7	Q2379174
Schneewinkelspitze	47.00360	13.30110	3015	peak	3	Q1642257
Hirschstein	46.99849	14.08572	2047	peak	4	Q1620516
Wartenstein	47.00367	15.18103	804	peak	5	Q21863858
Höchänzi	47.00630	7.90256	1368	peak	4	Q22629857
Rigi Hochflue	47.01023	8.55993	1698	peak	10	Q7333787
Vrenelisgärtli	47.00779	9.01689	2904	peak	4	Q22432013
Vilan	47.01258	9.60317	2377	peak	12	Q117399
Sassauna	47.01204	9.69782	2307	peak	12	Q141457
Sulzfluh	47.01267	9.83969	2818	peak	12	Q674680
Wiss Platte	47.00969	9.87100	2630	peak	8	Q1221634
Scheienfluh	47.00644	9.87329	2627	peak	10	Q682840
Masnerkopf	47.01259	10.47302	2826	peak	6	Q15057712
Mooskopf	47.01359	10.76478	2532	peak	6	Q1947002
Madatschkopf	47.00750	10.76889	2783	peak	5	Q1695798
Schwabenkopf	47.00667	10.79361	3379	peak	11	Q874009
Kuhscheibe	47.01273	11.05500	3188	peak	5	Q718703
Äußere Wetterspitze	47.00794	11.25440	3068	peak	6	Q258288
Gargglerin	47.00907	11.32867	2470	peak	4	Q1494237
Sattelberg - Monte Sella	47.01098	11.47878	2115	peak	6	Q15844070
Brennerpass - Passo del Brennero	47.00740	11.50670	1370	pass	57	Q212946
Kraxentrager - La Gerla	47.00540	11.58991	2999	peak	5	Q3861584
Hohe Wand - Croda Alta	47.01330	11.62721	3289	peak	7	Q20190899
Schönbichler Horn	47.00867	11.77304	3133	peak	7	Q1442233
Schwarzenstein - Sasso Nero	47.01008	11.87406	3369	peak	12	Q637697
Gabelspitze - Cima di Forca	47.00574	12.12123	3076	peak	4	Q30141315
Alprechtspitz - Punta di Alpre	47.00843	12.12316	3083	peak	5	Q30141313
Jagdhausspitze	47.00953	12.16313	3165	peak	3	Q30173658
Glockhaus	47.01388	12.16371	3103	peak	5	Q21880568
Hohes Kreuz	47.00767	12.22501	3159	peak	7	Q20926527
Achsel	47.00987	12.24006	2673	peak	3	Q28166426
Vorderer Geißlkopf	47.01348	13.07303	2974	peak	3	Q21863772
Hindenburghöhe	47.01009	13.15659	2315	peak	3	Q55594619
Schwarzwand	47.00772	13.69295	2214	peak	4	Q120799529
Kleiner Königstuhl	47.00731	13.80402	2254	peak	3	Q21868484
Grand Sommartel	47.02310	6.75088	1337	peak	11	Q1542865
Mont Racine	47.02182	6.81610	1439	peak	11	Q1718973
Ibergeregg	47.01743	8.73321	1406	pass	7	Q683718
Roggenstock	47.02328	8.78984	1777	peak	7	Q16899430
Vorder Glärnisch	47.02206	9.04119	2328	peak	8	Q2533749
Gufelstock	47.02500	9.14658	2436	peak	12	Q84164
Spitzmeilen	47.02405	9.23648	2501	peak	14	Q60916
Großer Turm	47.02465	9.80987	2830	peak	7	Q1257176
Mittlerer Turm	47.02400	9.81264	2782	peak	7	Q1257176
Kleiner Turm	47.02241	9.81528	2754	peak	7	Q1257176
Hexenkopf	47.02122	10.46928	3034	peak	9	Q1616806
Gamezkogel	47.02472	10.82833	3125	peak	7	Q1493116
Sturpen	47.02342	10.88328	2718	peak	6	Q1306468
Äußerer Hahlkogel	47.02439	10.95271	2655	peak	3	Q30148334
Sagwandspitze	47.02486	11.62831	3227	peak	3	Q21879069
Westliche Floitenspitze - Cima di Floite Ovest	47.02043	11.89519	3195	peak	4	Q31669810
Lengspitz - Pizzo Lungo	47.01571	12.13103	3090	peak	5	Q21874890
Merbspitz	47.02490	12.14741	3090	peak	4	Q31618985
Löffelspitze	47.01760	12.16426	3190	peak	6	Q28531710
Kleiner Löffler - Punta Cucchiaio Piccolo	47.02368	12.17360	3050	peak	5	Q21880566
Daberspitze	47.01631	12.20686	3402	peak	8	Q1156544
Welitzscharte	47.02064	12.20785	3181	pass	3	Q21880561
Tredeberspitze	47.01671	12.21486	3134	peak	3	Q21000060
Ogasilspitze	47.02314	12.27648	3032	peak	6	Q17325518
Mullwitzkogel	47.02144	12.29472	2767	peak	4	Q1952249
Blauspitze	47.01887	12.60746	2575	peak	4	Q21862793
Weißseekopf	47.01550	12.99537	2910	peak	3	Q21863934
Großelendkopf	47.01927	13.31893	3317	peak	4	Q1548534
Hochalmspitze	47.01539	13.32043	3360	peak	17	Q667041
Bockkogel	47.02403	15.36888	539	peak	5	Q21879294
Florianiberg	47.02037	15.38965	527	peak	3	Q66375419
Chaumont	47.03265	6.96428	1171	peak	8	Q1068390
Rigi Scheidegg	47.02744	8.51957	1656	peak	8	Q16887806
Grosser Mythen	47.02988	8.68853	1898	peak	14	Q91089913
Fläschenspitz	47.02855	8.87157	2073	peak	6	Q5463726
Bützistock	47.02799	9.17606	2496	peak	10	Q60888
Magerrain	47.03312	9.22002	2523	peak	12	Q58281
Wissmeilen	47.02583	9.23002	2483	peak	6	Q14912262
Hochfinsler	47.03313	9.29974	2423	peak	8	Q5875370
Girenspitz	47.02644	9.74334	2393	peak	10	Q5564222
Drusenfluh	47.02905	9.80166	2827	peak	14	Q691134
Schwarzhorn	47.03266	9.87026	2460	peak	8	Q1714426
Gweilspitze	47.02625	9.92541	2187	peak	3	Q21878740
Valschavieler Maderer	47.02501	10.06978	2769	peak	3	Q21869095
Valschavielkopf	47.02935	10.13454	2696	peak	4	Q21863714
Schweikert	47.03348	10.77340	2881	peak	6	Q2255608
Rofelewand	47.03240	10.81847	3353	peak	12	Q641509
Hundstalkogel	47.03270	10.89297	3080	peak	9	Q871976
Schrammacher	47.02699	11.64247	3410	peak	11	Q800078
Großer Mörchner	47.03133	11.86505	3285	peak	9	Q1548799
Großer Löffler - Monte Lovello	47.03253	11.91565	3378	peak	13	Q684624
Keilbachspitz - Punta del Conio	47.03343	11.94691	3093	peak	5	Q21868346
Kemater Spitz	47.02547	12.18009	3005	peak	5	Q30173656
Rötspitz	47.02698	12.20488	3495	peak	14	Q663956
Untere Rötspitze	47.03285	12.20953	3290	peak	7	Q21880560
Quirl	47.03324	12.26864	3251	peak	7	Q17325793
Finsterwitzkopf	47.03175	12.32432	2257	peak	4	Q17321651
Ochsenbug	47.03450	12.47469	3007	peak	7	Q1768558
Hintereggkogel	47.02913	12.49513	2638	peak	5	Q21876457
Tschenglkopf	47.03054	12.65333	2410	peak	4	Q21862821
Figerhorn	47.03126	12.67519	2743	peak	3	Q21858950
Medelspitze	47.03025	12.70090	2669	peak	4	Q21858953
Kastenegg - Südgipfel	47.02610	12.71636	2831	peak	3	Q21858955
Kastenegg	47.02815	12.71704	2821	peak	3	Q21858955
Zinggetzkamp	47.02636	12.75400	2876	peak	3	Q21864166
Niederer Tauern	47.02715	13.08871	2414	pass	4	Q21866249
Le Crêt Monniot	47.03664	6.41233	1141	peak	3	Q3006344
Sonnenberg	47.04013	8.25074	800	peak	3	Q2301829
Klein Mythen	47.04068	8.68475	1810	peak	13	Q8539332
Haggenspitz	47.04375	8.68652	1762	peak	4	Q22585623
Furggelenstock	47.03856	8.73296	1655	peak	9	Q16651
Piet	47.03736	8.84116	1965	peak	9	Q16841628
Schilt	47.04434	9.11227	2299	peak	10	Q141463
Regitzer Spitz	47.03726	9.50635	1135	peak	6	Q16655
Glegghorn	47.03624	9.57650	2447	peak	13	Q75406
Kirchlispitzen	47.03886	9.76881	2552	peak	12	Q1743348
Verajoch	47.04231	9.77359	2330	pass	4	Q21881791
Schweizer Tor	47.03857	9.78434	2137	pass	4	Q22548239
Geißspitze	47.04471	9.82772	2334	peak	6	Q1499143
Patteriol	47.04411	10.18762	3056	peak	12	Q15124484
Küchlspitze	47.04108	10.23307	3147	peak	6	Q19288631
Furgler	47.04033	10.51186	3004	peak	14	Q876550
Gsallkopf	47.03803	10.80520	3277	peak	6	Q2237767
Schrankogel	47.04419	11.09895	3497	peak	15	Q684613
Ruderhofspitze	47.03979	11.14308	3474	peak	13	Q672988
Habicht	47.04388	11.28954	3277	peak	16	Q613740
Pinnisjoch	47.04372	11.31162	2372	pass	4	Q16587977
Padauner Kogel	47.04286	11.50726	2066	peak	3	Q21864742
Ochsner	47.04399	11.81529	3107	peak	3	Q21864699
Kasseler Spitze	47.03888	11.95152	2952	peak	3	Q21880605
Grüne Wand - Croda Verde	47.04347	11.95671	2947	peak	3	Q21877851
Virgenkopf	47.04162	12.21243	3035	peak	5	Q21880559
Vorderes Umbal-Törl	47.04467	12.21589	2926	pass	3	Q21863788
Essener Eck	47.04384	12.24054	3006	peak	4	Q17321520
Südliche Malhamspitze	47.04423	12.25668	3326	peak	11	Q1887276
Malhamhorn	47.03730	12.26070	3186	peak	4	Q17324976
Schlüsselspitze	47.04422	12.32036	2778	peak	5	Q17326102
Rote Säule	47.03972	12.34984	2820	peak	8	Q2168259
Hinterer Sajatkopf	47.04327	12.36187	3092	peak	6	Q17322292
Wunwand	47.04045	12.39720	3061	peak	7	Q17128058
Wunspitze	47.04336	12.40243	3217	peak	6	Q17128057
Mittereggspitze	47.04003	12.45082	3044	peak	6	Q17325208
Nördliche Göriacher Röte	47.04157	12.46356	3011	peak	3	Q41105158
Südliche Göriacher Röte	47.03918	12.46658	3020	peak	3	Q41105153
Bretterwandspitze	47.03675	12.57615	2887	peak	5	Q21876451
Vordere Kendlspitze	47.03814	12.59303	3085	peak	8	Q2533718
Hintere Kendlspitze	47.04323	12.59336	3080	peak	3	Q33449832
Ganimitz	47.03664	12.60391	2785	peak	3	Q21862816
Freiwandspitze	47.04230	12.68236	2919	peak	3	Q21858985
Sandkopf	47.03744	12.93045	3090	peak	7	Q2220863
Alteck	47.03561	12.98535	2942	peak	4	Q21873345
Herzog-Ernst-Spitze	47.04394	13.00316	2933	peak	3	Q21871653
Schareck	47.04155	13.01774	3123	peak	8	Q125939
Korntauern	47.04190	13.17885	2459	pass	3	Q21868040
Kuhalm	47.03508	14.25015	1784	peak	4	Q21868759
Grebenzen	47.03878	14.33152	1870	peak	5	Q3116041
Buchkogel	47.03801	15.37488	658	peak	6	Q21873709
Tête de Ran	47.05421	6.85340	1422	peak	10	Q1442945
Mutteristock	47.04874	8.94277	2294	peak	11	Q141486
Siwellen	47.04874	9.11811	2306	peak	6	Q8536830
Hochmättli	47.05256	9.17318	2252	peak	11	Q5875398
Guscha	47.05025	9.31504	2140	peak	3	Q22702874
Ellhorn	47.05356	9.47889	758	peak	6	Q15055970
Mazorakopf	47.04851	9.55692	2452	peak	14	Q673660
Falknis	47.05044	9.56403	2565	peak	19	Q75570
Hinter Grauspitz	47.05483	9.58745	2574	peak	13	Q125968
Schesaplana	47.05385	9.70736	2965	peak	19	Q15241
Felsenkopf	47.05438	9.71458	2835	peak	4	Q1404262
Tschaggunser Mittagsspitze	47.04577	9.88500	2168	peak	8	Q1759566
Zamangspitze	47.05154	9.97490	2386	peak	3	Q39663672
Kuchenspitze	47.04854	10.23003	3148	peak	8	Q19288421
Saumspitze	47.05087	10.26964	3039	peak	11	Q676445
Fatlarspitze	47.05203	10.28676	2986	peak	6	Q15809338
Kleiner Dristkogel	47.05460	10.80066	2934	peak	4	Q1746606
Luibiskogel	47.04956	10.90402	3110	peak	12	Q662888
Reiserkogel	47.04561	10.90663	3082	peak	3	Q2141914
Schrandele	47.05478	11.11179	3392	peak	10	Q596016
Westliche Seespitze	47.04750	11.14250	3354	peak	7	Q1414717
Östliche Seespitze	47.04941	11.15174	3416	peak	10	Q307011
Kalkwand	47.04674	11.31918	2564	peak	5	Q1722412
Fußstein	47.04706	11.64947	3380	peak	7	Q1115155
Olperer	47.05331	11.65872	3476	peak	14	Q360824
Zsigmondyspitze	47.05043	11.83783	3089	peak	8	Q227318
Wollbachspitz - Punta di Valle	47.05005	11.97953	3210	peak	11	Q638086
Hörndljoch - Giogo del Cornetto	47.04726	12.01485	2553	pass	4	Q21874885
Ahrner Kopf - Cima del Vento	47.04785	12.21697	3051	peak	8	Q17493695
Mittlere Malhamspitz	47.04723	12.25848	3364	peak	11	Q1887276
Reggentörlturm	47.05486	12.25854	3176	peak	4	Q28480457
Nördliche Malhamspitz	47.04937	12.25924	3373	peak	11	Q1887276
Rostocker Eck	47.05019	12.28768	2749	peak	4	Q2167856
Kreuzspitze	47.04673	12.35910	3155	peak	8	Q872331
Tulpspitze	47.05156	12.36258	3054	peak	6	Q17326648
Hoher Eichham	47.05377	12.40664	3371	peak	10	Q1558537
Kuhhaut	47.04706	12.40809	3190	peak	5	Q17124153
Niederer Eichham	47.05355	12.41193	3247	peak	6	Q17325467
Säulkopf	47.04845	12.42013	3209	peak	7	Q2379191
Rauhkopf	47.04579	12.42897	3070	peak	7	Q2133198
Maurer Röte	47.04527	12.43892	2873	peak	3	Q17325100
Nussingkogel	47.05171	12.55297	2989	peak	3	Q21864628
Gradötzkogel	47.04864	12.59343	3063	peak	7	Q1541291
Bretterspitze	47.04633	12.64291	2868	peak	3	Q21858976
Säulspitze	47.05323	12.64608	2956	peak	3	Q21865739
Kreuzwandspitze	47.05415	12.65664	3031	peak	5	Q21858980
Hoher Guldanoa	47.04536	12.65958	2777	peak	3	Q21858982
Fanatkogel	47.05261	12.68239	2905	peak	4	Q21858984
Dritter Leiterkopf	47.05488	12.75040	2891	peak	3	Q21858991
Goldbergspitze	47.04921	12.95298	3073	peak	3	Q21871078
Hoher Sonnblick	47.05410	12.95743	3106	peak	12	Q877393
Kreuzkogel	47.05386	13.10025	2688	peak	3	Q21868707
Ankogel	47.05115	13.24868	3249	peak	21	Q557416
Großer Sonnblick	47.04851	13.42266	3030	peak	8	Q873194
Mittlerer Sonnblick	47.05284	13.43084	3000	peak	4	Q1258914
Obdacher Sattel	47.04518	14.71874	955	pass	9	Q873457
Kab-hegy	47.04595	17.65689	599	peak	4	Q14619722
Rigi	47.05668	8.48526	1798	peak	29	Q15291
Hochstuckli	47.05818	8.67025	1566	peak	8	Q5875455
Schijen	47.05938	8.99174	2259	peak	9	Q7431294
Silberspitz	47.05636	9.17915	2236	peak	4	Q22624197
Mütschüelergulmen	47.05534	9.22142	2315	peak	6	Q15111955
Rainissalts	47.06247	9.22146	2258	peak	6	Q15059145
Leist	47.06490	9.23328	2222	peak	6	Q15118279
Rot Spitz	47.05790	9.55240	2127	peak	10	Q4398696
Naafkopf	47.06077	9.60705	2571	peak	24	Q666531
Salaruelkopf	47.06140	9.67744	2841	peak	6	Q2213903
Schafköpfe	47.05530	9.68774	2806	peak	3	Q21878680
Seekopf	47.05762	9.73635	2698	peak	3	Q21878676
Latschätzkopf	47.05669	9.82669	2219	peak	3	Q21880630
Golmer Joch	47.06190	9.83558	2124	peak	6	Q1536627
Kreuzjoch	47.06072	9.97484	2398	peak	6	Q14506276
Scheibler	47.05869	10.22204	2978	peak	7	Q1532581
Gamskogel	47.05531	10.99697	2813	peak	9	Q1493291
Gaislehnkogel	47.06332	11.07640	3216	peak	3	Q21871287
Östliche Knotenspitze	47.06453	11.18246	3101	peak	3	Q306931
Nösslachjoch	47.05830	11.44137	2231	peak	7	Q18604623
Nösslachjoch-Kreuzgipfel	47.05950	11.44254	2221	peak	7	Q18604623
Großer Kaserer	47.06030	11.65748	3263	peak	6	Q1147754
Gefrorene-Wand-Spitzen	47.06495	11.67889	3288	peak	11	Q607665
Großer Ingent	47.05664	11.78795	2917	peak	6	Q1548708
Gigalitz	47.05795	11.89086	3001	peak	10	Q1523612
Gigalitzturm	47.05699	11.89353	2978	peak	3	Q21880587
Hintere Stangenspitze	47.05745	11.97572	3225	peak	3	Q21871711
Napfspitz - Cima Cadini	47.06010	12.03961	3144	peak	7	Q1964857
Hundskehljoch - Passo del Cane	47.05987	12.07082	2557	pass	3	Q21874883
Hoher Rosshuf	47.05868	12.21656	3199	peak	6	Q20900410
Althausschneide - Costa di Casaveccia	47.06298	12.22932	3223	peak	4	Q28480460
Althausschneideturm - Cima di Casaveccia	47.06416	12.23228	3273	peak	7	Q21880557
Hintere Gubachspitze	47.06413	12.25784	3387	peak	5	Q17322291
Vordere Gubachspitze	47.05920	12.25924	3316	peak	4	Q17326843
Türml	47.06394	12.31487	2844	peak	5	Q17265623
Niklaskogel	47.05869	12.31945	2791	peak	6	Q17265618
Zopetspitze	47.05746	12.36142	3198	peak	8	Q17327125
Zopetkopf	47.06062	12.36205	3087	peak	4	Q17327123
Großer Hexenkopf	47.05951	12.40545	3314	peak	6	Q17123423
Kleiner Hexenkopf	47.06140	12.40994	3194	peak	6	Q17124094
Wellachköpfe Südgipfel	47.05778	12.57943	3037	peak	6	Q256882
Zollspitze	47.06351	12.64977	3024	peak	5	Q21864195
Kristallspitzl	47.05591	12.65372	3006	peak	5	Q21858979
Blaue Köpfe	47.05917	12.69930	3061	peak	5	Q21859020
Schwerteck	47.05736	12.72288	3247	peak	4	Q21865684
Gjaidtroghöhe	47.06340	12.91111	2988	peak	3	Q21871037
Salesen-Kogel	47.06039	13.09316	2681	peak	3	Q21865322
Katschberghöhe	47.05915	13.61566	1641	pass	12	Q666263
Aineck	47.05555	13.63710	2210	peak	3	Q21873297
Rosenkranzhöhe	47.05519	14.04943	2118	peak	3	Q21878679
Frauenalpe	47.06468	14.13683	1997	peak	4	Q3086722
Zirbitzkogel	47.06362	14.56722	2396	peak	16	Q205579
Vue des Alpes	47.07272	6.86982	1283	pass	12	Q678448
Lueg	47.07419	7.70531	887	peak	3	Q1875497
Wiggis	47.06538	9.02560	2282	peak	5	Q1689502
Rautispitz	47.07126	9.02838	2283	peak	12	Q16537
Fronalpstock	47.06870	9.10876	2124	peak	13	Q16667
Sächsmoor	47.07002	9.23257	2196	peak	3	Q22456104
Ziger	47.06822	9.24952	2074	peak	6	Q15136201
Maschgenkamm	47.06914	9.25961	2006	peak	3	Q22445511
Prodkamm	47.07134	9.26559	2005	peak	3	Q22576343
Gonzen	47.06750	9.43380	1830	peak	13	Q16633
Mittagspitze	47.06926	9.53410	1856	peak	7	Q4296878
Mittlerspitz	47.06512	9.53974	1897	peak	12	Q2065492
Plasteikopf	47.06596	9.57766	2345	peak	9	Q4364503
Panüelerkopf	47.06672	9.67957	2860	peak	9	Q2050254
Wildberg	47.06773	9.70222	2788	peak	7	Q1257046
Saulajoch	47.07264	9.76359	2065	pass	3	Q21880644
Gipsköpfle	47.07028	9.77940	1975	peak	4	Q21878656
Hochjoch	47.06601	9.98833	2520	peak	8	Q1621897
Längentaler Weißer Kogel	47.07004	11.08603	3217	peak	5	Q1879194
Kirchdachspitze	47.06725	11.34180	2840	peak	9	Q1424083
Kleiner Kaserer	47.06830	11.64588	3093	peak	5	Q1746630
Dreiherrnspitze	47.06917	12.24075	3499	peak	15	Q663943
Umbalköpfl	47.07060	12.24834	3426	peak	6	Q21881798
Westliche Simonyspitze	47.07277	12.26146	3481	peak	10	Q2288254
Kleiner Happ	47.07193	12.32910	2852	peak	7	Q17265636
Gastacherwände	47.06600	12.36948	3074	peak	6	Q17321861
Vorderer Seekopf	47.07238	12.40189	3282	peak	7	Q17127893
Hinterer Seekopf	47.07070	12.40883	3234	peak	7	Q17123634
Hohe Achsel	47.06699	12.42673	3161	peak	7	Q17322311
Kleiner Muntanitz	47.06909	12.58496	3192	peak	5	Q21858999
Muntanitz	47.07361	12.58898	3232	peak	14	Q872621
Oberer Muntanitzpalfen	47.07198	12.59274	3170	peak	3	Q33430665
Salzkogel	47.06525	12.65747	2986	peak	4	Q21859010
Gamsspitze	47.06918	12.66239	3157	peak	5	Q21859011
Gramul	47.07243	12.67182	3276	peak	5	Q21880627
Luisenkopf	47.06568	12.68603	3207	peak	5	Q21859014
Großglockner	47.07455	12.69388	3798	peak	63	Q3388
Kleinglockner	47.07418	12.69468	3770	peak	12	Q873240
Schareck	47.06693	12.86088	2606	peak	4	Q21865417
Kolmkarspitz	47.07445	13.03790	2529	peak	4	Q21868612
Hölltorkogel	47.07411	13.21079	2905	peak	3	Q21868076
Tischlerspitze	47.07183	13.23979	3003	peak	6	Q15060441
Großer Hafner	47.07006	13.40074	3076	peak	12	Q873155
Ameringkogel	47.07280	14.80775	2187	peak	11	Q470151
Hirschegger Sattel	47.06854	14.87183	1543	pass	3	Q18020908
Gaisberg	47.06915	15.37955	636	peak	3	Q21879280
Lustbühel	47.06861	15.49345	490	peak	3	Q64416113
Bucklberg	47.07184	15.59317	543	peak	5	Q999425
Kleeberg	47.06689	15.70197	499	peak	5	Q21868439
Mont d'Amin	47.08235	6.90623	1417	peak	6	Q8537281
Gnipen	47.08167	8.56322	1568	peak	4	Q22352349
Wildspitz	47.08450	8.57761	1580	peak	7	Q15227
Zindlenspitz	47.07629	8.95977	2097	peak	11	Q204346
Rossalpelispitz	47.08143	8.96643	2075	peak	6	Q2167635
Brünnelistock	47.08417	8.97259	2133	peak	11	Q16592
Alpbigligenstöckli	47.07866	9.17869	1958	peak	3	Q22395704
Koraspitz	47.07946	9.55675	1927	peak	7	Q4232662
Langspitz	47.07942	9.55970	2006	peak	5	Q6486496
Rappastein	47.07684	9.56598	2222	peak	10	Q4390062
Goldlochspitz	47.08214	9.56753	2110	peak	10	Q4142758
Augstenberg	47.08239	9.61011	2359	peak	13	Q4072361
Gorfion	47.07814	9.61867	2308	peak	13	Q4145968
Saulakopf	47.07932	9.76894	2517	peak	6	Q1531753
Pflunspitzen	47.07973	10.13274	2912	peak	9	Q2084335
Aherkogel	47.08376	10.79054	2803	peak	6	Q400208
Saxuirer Feuerkogel	47.07735	10.79736	2803	peak	3	Q1767787
Zwölferspitze	47.07665	11.29953	2562	peak	7	Q245225
Elferspitze	47.08246	11.31281	2505	peak	8	Q1328517
Hammerspitze	47.07910	11.35287	2641	peak	4	Q27062140
Lärmstange	47.08023	11.65436	2686	peak	4	Q64495114
Hoher Riffler	47.08132	11.70434	3231	peak	13	Q685588
Gaulspitze	47.08389	11.81955	2412	peak	3	Q27516212
Rosswandspitze	47.08309	11.95937	3157	peak	4	Q21865229
Rauchkofel - Monte Fumo	47.07605	12.09197	3251	peak	7	Q2133203
Heilig-Geist-Jöchl	47.07652	12.12621	2658	pass	3	Q21871623
Dreiecker - Cima di Campo	47.08067	12.13602	2892	peak	6	Q21874880
Krimmler Tauern - Passo dei Tauri	47.08133	12.15882	2633	pass	4	Q1229446
Östliche Simonyspitze	47.07539	12.26766	3448	peak	4	Q21865780
Vorderer Maurerkeeskopf	47.07851	12.26914	3325	peak	5	Q21863776
Glexenköpfe	47.08202	12.38343		peak	4	Q21876412
Frosnitztörl	47.07919	12.39133	3112	pass	3	Q21870811
Weißspitze	47.07612	12.39284	3300	peak	9	Q1677894
Hintere Michlbachspitze	47.08353	12.47241	2905	peak	5	Q21072275
Raneburgkogel	47.08155	12.48405	2925	peak	6	Q21865017
Grauer Schimmel	47.07888	12.58361	3053	peak	7	Q1462968
Teufelshorn	47.07667	12.69100	3677	peak	9	Q875589
Glocknerhorn	47.07669	12.69164	3680	peak	9	Q875589
Racherin	47.08136	12.79392	3092	peak	8	Q1554940
Wasserradkopf	47.07525	12.79785	3032	peak	3	Q21863873
Hochtor	47.08233	12.84203	2576	pass	5	Q21871884
Hochtor	47.08119	12.84259	2504	pass	5	Q21871884
Hocharn	47.07600	12.93746	3254	peak	13	Q1621665
Rappoldkogel	47.08408	14.88327	1928	peak	5	Q21878631
Wölkerkogel	47.08033	14.92458	1706	peak	5	Q21864073
Madersberg	47.08444	15.36708	540	peak	4	Q21879277
Hubertushöhe	47.08491	15.39556	562	peak	5	Q21879274
Schloßberg	47.07654	15.43761	474	peak	22	Q264176
Biberegg	47.09338	8.66943	932	pass	8	Q667483
Nüsellstock	47.09035	8.69559	1479	peak	3	Q22408187
Schiberg	47.09309	8.95395	2044	peak	6	Q7431242
Nüenchamm	47.09145	9.12063	1904	peak	7	Q7071540
Nospitz	47.09314	9.59812	2091	peak	7	Q4327845
Silberhorn	47.08713	9.60551	2150	peak	8	Q281367
Spitz	47.08661	9.62397	2187	peak	8	Q4526493
Brandner Mittagspitze	47.08897	9.76383	2557	peak	3	Q21878616
Zimba	47.09136	9.78890	2643	peak	10	Q203400
Kaltenberg	47.08651	10.13826	2896	peak	7	Q1722654
Schalwand	47.08969	10.77529	2942	peak	5	Q1257212
Kitzmörder	47.09177	10.79717	2435	peak	5	Q1743966
Blockkogel	47.08539	10.88059	3098	peak	6	Q4927291
Gänsekragen	47.09011	11.03960	2914	peak	5	Q1293529
Lüsener Spitze	47.08840	11.11086	3230	peak	5	Q6558768
Rinnenspitze	47.08572	11.14120	3000	peak	3	Q15059383
Tuxer Joch	47.09474	11.64353	2338	pass	6	Q873294
Frauenwand	47.08709	11.64501	2541	peak	5	Q1451908
Floitenturm	47.08839	11.87068	2805	peak	3	Q21870741
Klockerkarkopf - Vetta d'Italia	47.09117	12.18057	2912	peak	12	Q632252
Westlicher Zwillingskopf - Testa Gemella Occidentale	47.09215	12.18597	2837	peak	6	Q2565500
Östlicher Zwillingskopf - Testa Gemella Orientale	47.09106	12.18995	2843	peak	4	Q307311
Birnlücke - Forcella del Picco	47.08516	12.21644	2667	pass	11	Q662117
Mittlerer Maurerkeeskopf	47.08675	12.27823	3283	peak	4	Q21866107
Hinterer Maurerkeeskopf	47.09256	12.28378	3311	peak	5	Q21871699
Kleiner Maurerkeeskopf	47.09481	12.28925	3205	peak	3	Q29045065
Großer Geiger	47.09317	12.30859	3360	peak	10	Q1548686
Großer Happ	47.08520	12.31155	3352	peak	7	Q17265687
Mullwitzaderl	47.09063	12.36760	3244	peak	3	Q21866180
Kristallwand	47.09370	12.39951	3310	peak	6	Q1500140
Luckenkogel	47.08759	12.59014	3100	peak	8	Q1873681
Knappenköpfe	47.09078	12.59509	3031	peak	6	Q258315
Spinewitrol	47.08629	12.61786	2483	peak	3	Q21859035
Unterer Kasten	47.09381	12.63522	2670	peak	3	Q21859065
Romariswandköpfe	47.09147	12.66859	3511	peak	9	Q874064
Teufelskamp	47.08680	12.67925	3511	peak	8	Q1563932
Spielmann	47.09318	12.79598	3027	peak	6	Q2310229
Silberpfennig	47.08909	13.04153	2600	peak	6	Q2285872
Feuersang	47.08503	13.15877	2477	peak	3	Q21874118
Arlscharte	47.09083	13.32304	2252	pass	3	Q21873404
Kölnbreinspitze	47.09263	13.38020	2934	peak	3	Q1570678
Kreiskogel	47.08706	14.55145	2306	peak	5	Q21868664
Brandkogel	47.08562	14.93465	1648	peak	3	Q21878628
Bundschuh	47.08723	14.97920	1423	peak	3	Q21873716
Frauenkogel	47.09221	15.37071	561	peak	5	Q21879268
Fürstenstand	47.09040	15.38516	758	peak	4	Q21870834
Reinerkogel	47.09446	15.43342	501	peak	5	Q21879263
Fuchsriegel	47.08742	15.49580	501	peak	4	Q21879273
Schweinberg	47.08543	15.51249	535	peak	3	Q80433261
Morgartenberg	47.09989	8.65549	1239	peak	9	Q3862989
Bockmattlistock	47.10070	8.95881	1932	peak	6	Q889220
Tierberg	47.10375	8.97084	1989	peak	4	Q22504759
Gauschla	47.10126	9.42274	2310	peak	10	Q5527806
Wildberg	47.09625	9.76898	2372	peak	3	Q21878605
Sarotlahörner	47.09945	9.77404	2192	peak	3	Q21878601
Gottvaterspitze	47.10333	9.80356	2438	peak	3	Q21878586
Großer Valkastiel	47.10088	9.80569	2449	peak	3	Q21871398
Krachelspitze	47.09696	10.14497	2686	peak	4	Q21000016
Hohe Aifnerspitze	47.10434	10.73137	2779	peak	7	Q1623425
Breiter Grieskogel	47.10126	11.02262	3287	peak	10	Q873513
Hoher Seeblaskogel	47.09560	11.07481	3235	peak	10	Q1623934
Lüsener Fernerkogel	47.09669	11.11493	3299	peak	13	Q871870
Schafgrübler	47.10124	11.16029	2922	peak	6	Q15059756
Kesselspitze	47.10067	11.36468	2727	peak	7	Q19287877
Realspitze	47.10239	11.73051	3039	peak	3	Q21865051
Grundschartner	47.10067	11.95434	3065	peak	4	Q21871432
Krimmler Törl	47.10288	12.27043	2776	pass	3	Q21868729
Hohes Aderl	47.10196	12.35006	3506	peak	7	Q21876392
Rainerhorn	47.10085	12.36415	3559	peak	14	Q874774
Schwarze Wand	47.10384	12.37017	3506	peak	9	Q2253761
Hoher Zaun	47.09983	12.37678	3457	peak	7	Q1623956
Löbbenkopf	47.09776	12.41089	2917	peak	5	Q21876388
Innerer Knorrkogel	47.10201	12.41986	2884	peak	6	Q21876387
Äußerer Knorrkogel	47.10361	12.44027	2920	peak	6	Q21876385
Wildenkogel	47.10402	12.45947	3021	peak	7	Q1723033
Aderspitze	47.10054	12.60492	2990	peak	5	Q21873270
Hoher Kasten	47.10231	12.64524	3189	peak	5	Q21859070
Eiskögele	47.09987	12.65574	3422	peak	10	Q263100
Schneewinkelkopf	47.09732	12.66001	3476	peak	8	Q569831
Fuscher-Kar-Kopf	47.09905	12.74498	3331	peak	11	Q664834
Sinwelleck	47.09801	12.75754	3261	peak	3	Q21859089
Kapuziner	47.10094	12.77279	2852	peak	3	Q21859090
Brennkogel	47.09765	12.82028	3018	peak	7	Q909419
Großes Woazköpfl	47.09997	12.83798	2390	peak	3	Q21878597
Ritterkopf	47.10264	12.94912	3006	peak	8	Q2155208
Zitterauer Tisch	47.09804	13.08572	2463	peak	4	Q21864185
Graukogel	47.09731	13.17137	2492	peak	4	Q21871152
Böcksteinkogel	47.09532	13.23138	2527	peak	3	Q21873591
Weinschnabel	47.09725	13.35484	2754	peak	5	Q21863897
Generalkogel	47.09817	15.32469	713	peak	4	Q20190851
Göstinger Ruinenberg	47.10385	15.38075	574	peak	4	Q1344919
Rooterberg	47.11125	8.41258	831	peak	8	Q7366599
Chli Aubrig	47.10755	8.86218	1642	peak	9	Q16887785
Gross Aubrig	47.11144	8.88203	1695	peak	12	Q16535
Fridlispitz	47.11280	9.02902	1624	peak	3	Q22613665
Raischibe	47.11360	9.30357	658	peak	6	Q2128544
Alvier	47.10981	9.41475	2343	peak	14	Q16660
Ochsenkopf	47.11469	9.62467	2286	peak	12	Q4332782
Fundelkopf	47.11006	9.67646	2401	peak	4	Q21870828
Maroispitze	47.10965	10.15609	2548	peak	3	Q21878573
Blankahorn	47.11427	10.36774	3129	peak	3	Q21873563
Fundusfeiler	47.11241	10.87036	3079	peak	12	Q461081
Strahlkogel	47.10903	11.01952	3288	peak	13	Q577249
Winnebacher Weißkogel	47.11072	11.06241	3182	peak	3	Q2584685
Gleirscher Fernerkogel	47.11387	11.06356	3189	peak	8	Q1530470
Hohe Villerspitze	47.10673	11.16539	3087	peak	10	Q1623545
Lämpermahdspitze	47.11154	11.37715	2595	peak	5	Q1485040
Blaser	47.10651	11.41167	2241	peak	6	Q881857
Tristner	47.11354	11.83913	2767	peak	8	Q5307840
Großvenediger	47.10927	12.34534	3657	peak	33	Q697907
Hinterer Plattenkogel	47.10981	12.46833	2741	peak	6	Q21124268
Wilde Mander	47.10716	12.54652	2668	peak	5	Q21876378
Schwarzkogel	47.10977	12.58205	2866	peak	5	Q21876352
Knaudl	47.10703	12.60371	2936	peak	4	Q21859062
Johannisberg	47.10928	12.67323	3453	peak	13	Q664808
Breitkopf	47.11361	12.73422	3154	peak	3	Q21859118
Stubnerkogel	47.11313	13.09873	2246	peak	5	Q21863364
Neumarkter Sattel	47.11060	14.36947	894	pass	4	Q1980889
Perchauer Sattel	47.11011	14.45773	995	pass	5	Q1298049
Gaberl	47.10734	14.91674	1551	pass	5	Q873612
Frauenkogel	47.10656	15.34995	683	peak	5	Q21870775
Steinkogel	47.10506	15.35843	742	peak	5	Q21879269
Admonter Kogel	47.11430	15.39712	578	peak	5	Q21879258
Platte	47.11261	15.46965	651	peak	5	Q21864852
Kogelberg	47.10792	15.47985	533	peak	3	Q66386535
Col du Chasseral	47.11942	7.03230	1502	pass	8	Q663347
Chöpfenberg	47.11872	8.96865	1896	peak	10	Q1091020
Brüggler	47.11757	8.98384	1777	peak	6	Q22697872
Wageten	47.11925	9.00051	1755	peak	6	Q2539122
Drei Kapuziner	47.12449	9.58875	2085	peak	8	Q4462860
Tuklar	47.11794	9.69455	2318	peak	3	Q21863608
Hoher Riffler (Nord)	47.11617	10.37126	3167	peak	15	Q688775
Pillerhöhe	47.11806	10.66694	1559	pass	3	Q1628561
Hintere Grubenwand	47.11798	11.08474	3173	peak	5	Q1550229
Vordere Grubenwand	47.11918	11.08605	3173	peak	5	Q1550229
Schöntalspitze	47.12220	11.09450	3002	peak	5	Q2259490
Lüsener Villerspitze	47.11543	11.15980	3027	peak	4	Q15833190
Serles	47.12396	11.38135	2717	peak	15	Q357751
Mittlere Grinbergspitze (Turm)	47.12249	11.77104	2867	peak	3	Q21871423
Windbachtalkogel	47.12085	12.14699	2843	peak	6	Q18029763
Schlieferspitze	47.12296	12.24303	3290	peak	9	Q2239662
Kleinvenediger	47.11715	12.35750	3470	peak	7	Q1773928
Vorderer Kesselkopf	47.12489	12.41004	2713	peak	3	Q21876344
Vorderer Plattenkogel	47.11625	12.46997	2672	peak	6	Q21124266
Glockenkogel	47.11542	12.54426	2828	peak	6	Q21871062
Sillingkopf	47.12353	12.55469	2858	peak	5	Q21600544
Granatspitze	47.12488	12.59223	3086	peak	10	Q699001
Rotkogel	47.12178	12.61256	2611	peak	3	Q21859105
Kalser Törl	47.11915	12.62248	2515	pass	4	Q1722592
Hohe Riffl	47.12286	12.66602	3338	peak	7	Q1623500
Schattseitköpfl	47.12441	12.69035	3172	peak	3	Q21859115
Vorderer Bärenkopf	47.12189	12.70356	3249	peak	3	Q21863767
Edelweißspitze	47.12377	12.83142	2572	peak	8	Q1283472
Kalkbretterkopf	47.12001	13.03020	2412	peak	3	Q21868241
Ofnerkogel	47.12181	14.92984	1666	peak	3	Q21864707
Chasseral	47.13299	7.05930	1607	peak	16	Q15229
Sattelegg	47.12733	8.84682	1190	pass	5	Q392568
Planggenstock	47.13308	8.99364	1675	peak	8	Q2098204
Hirzli	47.13401	9.00754	1640	peak	6	Q1620616
Biberlichopf	47.13289	9.06910	566	peak	4	Q856199
Sichelchamm	47.13374	9.36208	2259	peak	6	Q2281092
Gross Fulfirst	47.12988	9.39680	2384	peak	11	Q5507839
Schönberg	47.13038	9.59302	2104	peak	11	Q4528266
Scheienkopf	47.12828	9.63597	2159	peak	10	Q4519447
Arlberg	47.12985	10.21063	1793	pass	33	Q17189229
Galzig	47.13404	10.22458	2185	peak	11	Q492033
Wenderkogl	47.12721	10.90180	2200	peak	4	Q21863944
Nederkogel	47.12811	11.00581	2755	peak	3	Q21866227
Zischgeles	47.13154	11.09501	3004	peak	11	Q206030
Hoher Burgstall	47.13336	11.28101	2611	peak	7	Q15115073
Filzenkogel	47.13222	11.88246	2227	peak	3	Q21878537
Ahornspitze	47.12922	11.91780	2976	peak	10	Q402568
Graukarkopf	47.13221	12.16587	2663	peak	4	Q18020544
Riegelkopf	47.13338	12.53722	2920	peak	4	Q23384257
Amertaler Höhe	47.12800	12.55276	2841	peak	5	Q21876323
Stubacher Sonnblick	47.13210	12.58743	3088	peak	8	Q285627
Totenkopf	47.12691	12.65909	3141	peak	6	Q1396838
Schwarzköpfl	47.13410	12.71036	3124	peak	4	Q21859151
Mittlerer Bärenkopf	47.12798	12.71305	3358	peak	3	Q21866105
Großer Bärenkopf	47.13104	12.73122	3396	peak	10	Q1548652
Hohe Dock	47.13103	12.74069	3348	peak	11	Q265947
Flugkopf	47.13008	13.19477	2231	peak	3	Q21870746
Speiereck	47.12751	13.62460	2411	peak	5	Q21863154
Scherzberg	47.12952	14.94157	1624	peak	3	Q21865459
Hirtlkogel	47.13283	15.04841	961	peak	3	Q21868125
Lineckberg	47.12775	15.47478	702	peak	5	Q21869027
Hauenstein	47.12504	15.48836	650	peak	5	Q21879242
Pietrosul Călimani	47.12505	25.18558	2100	peak	6	Q517345
Mont Sujet	47.13762	7.14481	1382	peak	8	Q1689014
Raten	47.14180	8.66329	1077	pass	6	Q677620
Chatzenstrick	47.13638	8.72163	1053	pass	4	Q653090
Gamsberg	47.13528	9.37389	2385	peak	14	Q492689
Schillerkopf	47.14275	9.72120	2006	peak	6	Q1381126
Blisadona	47.14345	10.10310	2199	peak	3	Q21878526
Wildgrat	47.14063	10.82671	2971	peak	11	Q871932
Narrenkogel	47.13856	10.95832	2309	peak	3	Q21866208
Roter Kogel	47.13789	11.16918	2832	peak	10	Q874355
Niederer Burgstall	47.13535	11.28832	2436	peak	3	Q15122845
Lizumer Reckner	47.14398	11.63059	2886	peak	13	Q126868
Geier	47.14012	11.63287	2857	peak	8	Q1290627
Kuchelmooskopf	47.13927	12.09732	3214	peak	4	Q18022609
Wildgerlosspitze	47.14405	12.09811	3280	peak	8	Q1779584
Reichenspitze	47.13965	12.11067	3303	peak	13	Q872916
Gabler	47.14094	12.11331	3263	peak	6	Q20190472
Keeskogel	47.13648	12.31184	3291	peak	10	Q1737768
Hohe Fürleg	47.14165	12.36266	3243	peak	3	Q21871920
Plattiger Habach	47.14023	12.37179	3207	peak	6	Q1632638
Roter Kogel	47.14496	12.45068	2946	peak	6	Q22693690
Messelingkogel	47.13896	12.50885	2694	peak	5	Q21876330
Bärenköpfe	47.14490	12.52310	2863	peak	6	Q21876295
Riegelturm	47.13795	12.52947	2740	peak	3	Q21876327
Teufelsspitz	47.13701	12.53529	2818	peak	5	Q22694296
Großer Landeggkopf	47.13616	12.56639	2892	peak	6	Q22692108
Edlenkopf	47.13649	12.92658	2923	peak	3	Q21873905
Gstoder	47.14219	13.99208	2140	peak	7	Q1552520
Schraußberg	47.13721	15.38348	621	peak	3	Q21879248
Leistchamm	47.14605	9.21341	2101	peak	9	Q1356177
Selun	47.15258	9.25551	2205	peak	8	Q15275971
Frümsel	47.15232	9.26605	2263	peak	10	Q15221158
Brisi	47.15319	9.27742	2279	peak	13	Q9179387
Zuestoll	47.15410	9.28548	2235	peak	9	Q16887823
Schibenstoll	47.15436	9.29549	2234	peak	7	Q15275661
Hinterrugg	47.15364	9.30525	2306	peak	14	Q385301
Chäserrugg	47.15481	9.31277	2262	peak	13	Q352243
Margelchopf	47.14610	9.39920	2163	peak	6	Q1895221
Alpspitz	47.14870	9.55390	1942	peak	9	Q4063561
Helwangspitz	47.14859	9.56188	2000	peak	8	Q4497169
Galinakopf	47.15164	9.62059	2198	peak	16	Q642396
Eckskopf	47.15228	9.68113	1563	peak	5	Q21873891
Roggelskopf	47.15253	9.95743	2284	peak	6	Q2162013
Rohnspitze	47.15349	10.10020	2495	peak	3	Q21878501
Krahberg	47.14577	10.62627	2208	peak	3	Q21871122
Glanderspitze	47.14856	10.66163	2512	peak	9	Q2512836
Hochzeiger	47.14558	10.79526	2560	peak	6	Q1622543
Murmentenkarspitze	47.15226	10.82994	2784	peak	3	Q2018495
Poschachkogel	47.14815	10.97437	2574	peak	3	Q21878521
Schlicker Seespitze	47.14529	11.27297	2808	peak	10	Q2239643
Riepenwand	47.14906	11.27415	2760	peak	5	Q1740568
Große Ochsenwand	47.15445	11.27852	2700	peak	5	Q14906732
Lizumer Sonnenspitze	47.15353	11.63114	2831	peak	4	Q1866645
Rosskopf	47.15181	12.13835	2845	peak	6	Q18027503
Käferfeldeck	47.14678	12.30225	3070	peak	3	Q21868215
Gamsmutter	47.15436	12.35524	3089	peak	3	Q21876319
Schwarzkopfscharte	47.15077	12.39467	2861	pass	3	Q21876313
Seekopf	47.14696	12.40671	2921	peak	6	Q22693902
Abretter	47.15034	12.43453	2980	peak	3	Q21876307
Dichtenkogel	47.14700	12.46399	2839	peak	3	Q21873755
Fechtebenkogel	47.15143	12.48170	2867	peak	5	Q21876301
Hochgasser	47.15054	12.52173	2922	peak	6	Q21871792
Kitzkarkogel	47.15357	12.60155	2800	peak	3	Q21868423
Klockerin	47.14720	12.73602	3422	peak	10	Q1774809
Hinterer Bratschenkopf	47.15126	12.74310	3413	peak	10	Q873200
Vorderer Bratschenkopf	47.14873	12.74676	3401	peak	5	Q21859191
Türchlwand	47.15108	13.03232	2577	peak	4	Q21863614
Mauskarkopf	47.15420	13.04741	2373	peak	3	Q21878499
Stolzalpe	47.15139	14.19000	1817	peak	3	Q68582059
Puxberg	47.15328	14.34143	1486	peak	5	Q1309985
Somló	47.14647	17.37192	431	peak	7	Q743913
Stockberg	47.15550	8.91440	1212	peak	3	Q22401982
Flügespitz	47.15608	9.20421	1701	peak	6	Q1434899
Gamserrugg	47.15823	9.33336	2076	peak	6	Q15056252
Gafleispitz	47.15892	9.55492	1982	peak	7	Q4134274
Goppelspitze	47.15554	10.09313	2371	peak	3	Q21878488
Untere Wildgrubenspitze	47.16498	10.12644	2753	peak	12	Q338849
Flexenpass	47.15835	10.16486	1773	pass	8	Q361973
Valluga	47.15757	10.21309	2809	peak	11	Q871985
Eisenspitze	47.16267	10.44761	2859	peak	9	Q874563
Weiter Karkopf	47.16239	10.83664	2777	peak	3	Q2157338
Kreuzjochspitze	47.15770	10.87308	2675	peak	4	Q2374033
Gleirscher Roßkogel	47.15717	11.04961	2994	peak	5	Q22662099
Lampsenspitze	47.15609	11.09565	2875	peak	6	Q1801721
Kleine Ochsenwand	47.16005	11.27902	2520	peak	5	Q15823799
Steingrubenkogel	47.16347	11.28211	2633	peak	5	Q2340740
Grüblspitze	47.15742	11.69316	2395	peak	6	Q1551757
Habachspitze	47.16019	12.35121	3064	peak	3	Q21879424
Tauernkogel	47.15795	12.48346	2988	peak	9	Q15131892
Felber Tauern	47.15766	12.49651	2465	pass	7	Q873934
Hocheiser	47.15624	12.67333	3206	peak	6	Q21871785
Großes Wiesbachhorn	47.15670	12.75495	3564	peak	19	Q691776
Rauchkogel	47.16498	13.14361	2208	peak	3	Q21878466
Gamskarkogel	47.16087	13.15847	2467	peak	6	Q1493288
Weißeck	47.16248	13.39364	2711	peak	12	Q631914
Pleschaitz	47.16196	14.31576	1797	peak	3	Q21864868
Steinplan	47.16327	14.90503	1670	peak	3	Q21863274
Eggenberg	47.15596	15.33790	707	peak	6	Q15110133
Mont Soleil	47.16580	6.98936	1291	peak	10	Q1945442
Etzelpass	47.17345	8.77227	950	pass	5	Q683762
Federispitz	47.16660	9.08969	1865	peak	10	Q1400602
Mattstock	47.16978	9.13566	1936	peak	11	Q1666513
Gulmen	47.16898	9.18335	1789	peak	6	Q1554366
Kuhgrat	47.16667	9.56083	2122	peak	12	Q4244296
Garsellikopf	47.17028	9.56462	2104	peak	14	Q4133703
Hohe Köpfe	47.16632	9.62330	2066	peak	5	Q21871923
Gamsfreiheit	47.17342	9.89846	2213	peak	3	Q139816862
Schafberg	47.16998	9.95096	2412	peak	3	Q21865395
Spullerschafberg	47.17424	10.07584	2679	peak	3	Q21881776
Roggalspitze	47.16623	10.11719	2673	peak	9	Q2162019
Kleine Wildgrubenspitze	47.17242	10.12093	2625	peak	3	Q21864650
Roggspitze	47.16537	10.20921	2747	peak	9	Q453688
Stanskogel	47.17343	10.30488	2757	peak	9	Q872026
Kaiserjoch	47.17327	10.32620	2307	pass	3	Q1648629
Malatschkopf	47.17026	10.32998	2387	peak	5	Q17577970
Samspitze	47.17378	10.39556	2624	peak	5	Q2217725
Dawinkopf	47.16611	10.47298	2968	peak	12	Q639532
Parseierspitze	47.17427	10.47823	3036	peak	22	Q697931
Patrolscharte	47.17409	10.48242	2846	pass	3	Q2058228
Gatschkopf	47.17322	10.48930	2945	peak	9	Q875867
Sechszeiger	47.16595	10.78375	2392	peak	4	Q2635893
Hoher Karkopf	47.17092	10.84638	2686	peak	3	Q2222655
Mittlerer Karkopf	47.17425	10.85826	2606	peak	3	Q2087700
Hochreichkopf	47.17045	10.96977	3010	peak	11	Q1622011
Hohe Wasserfalle	47.16525	10.97180	3003	peak	4	Q21124382
Haidenspitze	47.17223	11.06737	2975	peak	3	Q22927280
Schlicker Zinnen	47.16816	11.28561	2600	peak	3	Q15849073
Hochtennspitze	47.17116	11.29012	2549	peak	5	Q15056702
Malgrubenspitze	47.17184	11.29631	2571	peak	4	Q15057641
Marchreisenspitze	47.17286	11.30854	2620	peak	7	Q1514704
Ampferstein	47.17444	11.31326	2556	peak	8	Q474597
Grünbergspitze	47.17415	11.54696	2790	peak	3	Q72830341
Penken	47.16880	11.79969	2095	peak	9	Q2069035
Brandberger Kolm	47.17260	11.96221	2700	peak	8	Q897823
Wildkarspitze	47.17346	12.13880	3073	peak	8	Q2570735
Leiterkogel	47.17042	12.34176	2988	peak	3	Q21874870
Larmkogel	47.17408	12.40351	3017	peak	6	Q1805989
Schafkopf	47.16830	12.40356	2902	peak	5	Q21879418
Hörndl	47.16644	12.51639	2853	peak	6	Q15115402
Höhenburg	47.16978	12.72291	2108	peak	5	Q21859231
Kleines Wiesbachhorn	47.16659	12.76086	3283	peak	3	Q21868536
Gamskogel	47.17262	13.03329	2436	peak	3	Q21870923
Frauenkogel	47.17351	13.16697	2424	peak	4	Q21878439
Weidschober	47.17037	13.92911	1789	peak	3	Q21863814
Hohe Rannach	47.17310	15.40049	1018	peak	5	Q21868014
Erhardhöhe	47.16538	15.44517	1049	peak	3	Q21873998
Hohenberg	47.16582	15.45451	1048	peak	5	Q21879220
Etzel	47.17748	8.76761	1098	peak	11	Q16656
Chüemettler	47.17970	9.09625	1704	peak	9	Q1091062
Flügenspitz	47.18002	9.12698	1739	peak	4	Q22487041
Drei Schwestern	47.17557	9.57297	2051	peak	18	Q206798
Goppaschrofen	47.17565	9.61316	1781	peak	5	Q21878433
Zäwas-Heil Spitze	47.18057	9.63140	1782	peak	3	Q73157999
Gurtisspitze	47.18205	9.63202	1778	peak	5	Q21871485
Rothorn	47.18207	9.97952	2476	peak	3	Q21878413
Grießkopf	47.17505	10.33268	2581	peak	5	Q17575101
Vorderseespitze	47.18490	10.36712	2889	peak	11	Q508307
Silberspitze	47.18421	10.57251	2461	peak	3	Q21865775
Mutzeiger	47.18110	10.82685	2277	peak	3	Q2475420
Blosse	47.18163	10.84737	2536	peak	3	Q4420714
Erster Karkopf	47.17806	10.87046	2512	peak	5	Q2200733
Sulzkogel	47.18242	11.01143	3016	peak	9	Q538757
Freihut	47.18279	11.11854	2625	peak	5	Q21870790
Hoadl	47.18304	11.28149	2340	peak	4	Q14531135
Widdersberg	47.18028	11.29780	2340	peak	4	Q994743
Nederjoch	47.18305	11.33713	2142	peak	3	Q21866225
Rosenjoch	47.18020	11.54316	2796	peak	10	Q9322787
Mölsberg	47.18252	11.62204	2479	peak	5	Q1957952
Wanglspitze	47.18421	11.77481	2420	peak	7	Q2548361
Torhelm	47.18037	11.95596	2452	peak	6	Q1288217
Hütteltalkopf	47.18482	12.20744	2962	peak	3	Q21868129
Hoher Tenn	47.18001	12.75873	3368	peak	13	Q670652
Tennkogel	47.17824	13.15768	2338	peak	6	Q1520939
Dittiberg	47.19481	7.57944	465	peak	4	Q1230394
Speer	47.18576	9.12273	1950	peak	13	Q15308
Saroja	47.19076	9.57267	1659	peak	14	Q4187536
Hoher Fraßen	47.19202	9.83375	1979	peak	5	Q1623891
Rote Wand	47.18634	9.98510	2703	peak	12	Q688481
Omeshorn	47.18583	10.12804	2557	peak	4	Q2459964
Acherkogel	47.18921	10.95665	3008	peak	13	Q871698
Zwölferkogel	47.19017	11.01087	2988	peak	9	Q2671697
Schneiderspitze	47.18521	11.30829	2160	peak	4	Q1734403
Saile (Nockspitze)	47.19207	11.32472	2404	peak	9	Q2212240
Gerlosstein	47.19422	11.92386	2166	peak	4	Q27917026
Arbeskopf	47.19427	12.15469	2400	peak	3	Q21878390
Kitzsteinhorn	47.18804	12.68750	3203	peak	28	Q668012
Kempsenkopf	47.19400	12.74743	3090	peak	6	Q1560565
Bauernbrachkopf	47.19231	12.74953	3125	peak	4	Q21873520
Kramkogel	47.18872	13.03646	2454	peak	3	Q21868653
Laderdinger Gamskarspitz	47.19086	13.14748	2413	peak	3	Q21870917
Hochfeind	47.18762	13.49440	2687	peak	5	Q9293179
Montagne du Droit	47.19625	7.05540	1263	peak	7	Q691407
Buechberg	47.20125	8.90894	630	peak	9	Q997950
Wildhaus	47.20333	9.35051	1098	pass	6	Q378164
Misthaufen	47.20349	9.99732	2435	peak	5	Q1939281
Rüfikopf	47.20123	10.16973	2362	peak	3	Q21878381
Feuerspitze	47.19984	10.36862	2852	peak	14	Q671118
Fallenbacherspitze	47.20051	10.39045	2723	peak	8	Q1254508
Freispitze	47.20067	10.42856	2884	peak	8	Q461106
Seekogel	47.20464	10.47529	2412	peak	8	Q2265131
Die Mute	47.20058	11.01700	2398	peak	5	Q2113722
Neunerkogel	47.20034	11.03294	2640	peak	4	Q4899751
Pockkogel	47.19783	11.04259	2807	peak	6	Q2100160
Gaiskogel	47.20408	11.05368	2820	peak	7	Q1491557
Salfeins	47.20198	11.24296	2000	peak	3	Q21865324
Birgitzköpfl	47.19888	11.31472	1980	peak	5	Q15052125
Malgrübler	47.20065	11.58840	2749	peak	6	Q1488326
Geiseljoch	47.19943	11.71589	2292	pass	3	Q15811524
Rastkogel	47.20430	11.75088	2762	peak	13	Q505144
Pangert	47.20257	11.77501	2550	peak	6	Q1669174
Hoher Herd	47.19931	12.44964	2819	peak	3	Q21868023
Spitzbrettköpfl	47.20392	12.75927	2465	peak	3	Q21859295
Schöckl	47.19762	15.46253	1445	peak	9	Q1750156
Col de Pierre Pertuis	47.21002	7.19423	827	pass	10	Q670928
Neuenalpspitz	47.20766	9.25183	1816	peak	6	Q14565682
Kellaspitze	47.20990	9.89672	2017	peak	5	Q1843796
Gronggenkopf	47.21050	9.93276	1977	peak	5	Q13510846
Bettlerspitze	47.21168	9.97145	2272	peak	5	Q2240220
Westlicher Johanneskopf	47.21031	10.02210	2572	peak	3	Q21881482
Holzgauer Wetterspitze	47.20624	10.36946	2895	peak	12	Q671067
Saxerspitze	47.21091	10.43922	2690	peak	4	Q2606168
Kühtaisattel	47.21380	11.02437	2017	pass	5	Q877772
Patscherkofel	47.20883	11.46061	2246	peak	18	Q695264
Glungezer	47.20760	11.52838	2677	peak	13	Q671146
Haneburger	47.21218	11.58479	2596	peak	6	Q1575355
Leitachkogel	47.20728	12.44755	2677	peak	3	Q21879358
Mosermandl	47.20624	13.39579	2680	peak	9	Q1728599
Großes Gurpitscheck	47.21063	13.61498	2526	peak	3	Q21871481
Ochsenkogel	47.21326	15.08190	1572	peak	3	Q21864686
Montoz	47.21733	7.27424	1328	peak	7	Q1226094
Tanzboden	47.22062	9.10678	1443	peak	6	Q15131863
Lütispitz	47.22294	9.28335	1986	peak	6	Q14565680
Glattmar	47.22047	9.93687	1926	peak	5	Q3094166
Hochlichtspitze	47.21992	10.04595	2600	peak	3	Q21878346
Pimig	47.22476	10.27357	2406	peak	3	Q21878336
Leiterspitze	47.22331	10.52166	2750	peak	6	Q13510925
Roßkogel	47.22300	11.15263	2647	peak	5	Q15126441
Hirzer	47.21786	11.66321	2725	peak	5	Q19971238
Rosskopf	47.22125	11.75246	2576	peak	4	Q1735799
Plattenkogel	47.22486	12.13528	2039	peak	5	Q27927375
Kreuzkogel	47.22469	13.15397	2027	peak	3	Q21868710
Faulkogel	47.21648	13.37193	2654	peak	5	Q21874061
Preber	47.21997	13.86474	2740	peak	10	Q680084
Bocksruck	47.22279	14.39281	1763	peak	5	Q21873588
Kugelstein	47.22391	15.33552	538	peak	5	Q21879189
Krienzerkogel	47.21818	15.38262	914	peak	3	Q21879184
Windhofkogel	47.22456	15.43552	1064	peak	3	Q21879182
Dealul Bălănești	47.21691	28.08334	429	peak	32	Q47940
Grenchenberg	47.22962	7.38363	1405	peak	12	Q1545656
Wandflue	47.23272	7.40999	1399	peak	5	Q90737116
Stockberg	47.22886	9.24285	1782	peak	11	Q7617938
Wildhauser Schafberg	47.22944	9.35210	2373	peak	9	Q16690
Gätterifirst	47.23167	9.40051	2099	peak	6	Q1558866
Feuerstein	47.22935	10.01059	2270	peak	3	Q21874121
Braunarlspitze	47.22950	10.06433	2649	peak	9	Q452114
Zuger Hochlicht	47.22656	10.10085	2371	peak	5	Q21878337
Mohnenfluh	47.23242	10.10218	2542	peak	10	Q1254635
Sattele	47.23134	10.92771	1690	pass	3	Q1925522
Pirchkogel	47.23201	10.99895	2828	peak	10	Q1777474
Vorderer Grieskogel	47.22612	11.00451	2671	peak	3	Q2332087
Hochalter	47.23157	11.03089	2678	peak	3	Q29441801
Mugkogel	47.23010	11.03796	2693	peak	3	Q29441802
Stubenkogel	47.22852	12.45597	2531	peak	4	Q21879312
Pihapper	47.23409	12.46127	2513	peak	6	Q2094708
Imbachhorn	47.23245	12.77082	2470	peak	3	Q21868144
Mooseckhöhe	47.23443	13.05340	2129	peak	3	Q21866134
Große Kesselspitze	47.23200	13.55542	2361	peak	3	Q21868371
Roteck	47.23012	13.85002	2742	peak	4	Q21865234
Habring	47.23373	14.47181	1497	peak	5	Q21871500
Hohe Sinn	47.23143	14.98727	1638	peak	3	Q21868046
Lenzmoarkogel	47.23163	15.03789	1991	peak	7	Q1288358
Speikkogel	47.22709	15.04849	1988	peak	6	Q1768757
Gollersattel	47.23292	15.54424	789	pass	4	Q21879159
Kulm	47.22540	15.75892	975	peak	7	Q1791517
Ság	47.23044	17.11581	279	peak	5	Q1314392
Hasenmatt	47.24217	7.45098	1445	peak	13	Q15230
Stierenberg	47.23830	8.15922	872	peak	8	Q7616387
Silberplatten	47.23994	9.31599	2157	peak	7	Q7514290
Altmann	47.23954	9.37157	2435	peak	16	Q16672
Mutschen	47.23607	9.40636	2122	peak	6	Q1955894
Eschnerberg	47.24040	9.56623	697	peak	8	Q1367118
Muttkopf	47.24279	9.70660	1598	peak	3	Q21878310
Hochgerach	47.23689	9.75659	1984	peak	6	Q3138936
Tälispitze	47.23942	9.77750	2000	peak	3	Q21874716
Kreuzspitze	47.24477	9.80654	1946	peak	3	Q21878307
Parzinnspitze	47.23902	10.57573	2613	peak	4	Q15058393
Dremelspitze	47.23514	10.59591	2733	peak	10	Q670867
Tschirgant	47.24169	10.79639	2372	peak	9	Q178629
Rangger Köpfl	47.24265	11.18143	1939	peak	7	Q1671078
Largoz	47.24167	11.59257	2214	peak	5	Q1805941
Kleiner Gilfert	47.23592	11.75308	2388	peak	3	Q15117013
Gerlospass	47.24286	12.10939	1531	pass	12	Q668619
Spielbergkogel	47.24149	12.46756	2096	peak	3	Q21879311
Baukogel	47.24309	12.94664	2224	peak	3	Q21878306
Fulseck	47.23534	13.14801	2033	peak	3	Q21870827
Gamsspitzl	47.23889	13.53023	2340	peak	7	Q1493299
Gamsleitenspitze	47.23917	13.54619	2359	peak	3	Q21878316
Kasereck	47.23780	13.77085	2740	peak	10	Q874616
Rupprechtseck	47.23987	14.00137	2591	peak	4	Q21865295
Wildeggkogel	47.24328	15.01151	1792	peak	3	Q21863996
Lammkogel	47.24083	15.33884	759	peak	3	Q21879174
Montbautier	47.24640	7.16578	1160	peak	5	Q1640976
Balmfluechöpfli	47.25326	7.53998	1290	peak	3	Q22507549
Lindenberg	47.25379	8.29322	878	peak	9	Q6552373
Schwägalp Passhöhe	47.25353	9.30369	1300	pass	7	Q870169
Grenzchopf	47.24701	9.32381	2193	peak	10	Q5607542
Säntis	47.24944	9.34324	2502	peak	31	Q15224
Freiheit	47.25237	9.40013	2139	peak	4	Q1454265
Hundstein	47.25251	9.40202	2157	peak	10	Q1637690
Widderalpstöck	47.25392	9.40348	2131	peak	6	Q2567733
Saxerlücke	47.24726	9.42477	1649	pass	4	Q1453082
Hochhus	47.25073	9.43776	1926	peak	6	Q1505606
Ardetzenberg	47.25134	9.60242	632	peak	4	Q20829758
Löffelspitze	47.25308	9.82731	1962	peak	5	Q21869051
Auenfelder Horn	47.25048	10.14068	2292	peak	3	Q21878291
Karhorn	47.24816	10.15120	2416	peak	7	Q1559104
Warther Horn	47.25173	10.15641	2256	peak	4	Q21878288
Kogelseespitze	47.24774	10.56526	2647	peak	5	Q1778401
Große Schlenkerspitze	47.24907	10.61544	2827	peak	11	Q871997
Rietzer Grießkogel	47.24583	11.05896	2884	peak	10	Q761945
Bergisel	47.24675	11.40014	746	peak	20	Q683996
Lanser Kopf	47.24509	11.41806	930	peak	6	Q2055415
Marchkopf	47.25124	11.80610	2499	peak	5	Q21869145
Kreuzjoch	47.25149	11.98260	2558	peak	14	Q13668
Isskogel	47.24852	12.01317	2263	peak	6	Q21878296
Sladinkopf	47.24559	13.04061	2305	peak	4	Q21878301
Bernkogel	47.24884	13.04328	2325	peak	3	Q21873546
Radstädter Tauern	47.24799	13.55926	1738	pass	6	Q1640612
Schusterstuhl	47.25037	13.64385	2416	peak	3	Q21864246
Greim	47.24762	14.15152	2474	peak	11	Q668769
Franz-Josephs-Höhe	47.25250	14.50590	1033	peak	3	Q21859375
Tremmelberg	47.24626	14.78784	1194	peak	6	Q1510094
Stroß	47.24736	15.57381	1039	peak	3	Q21863348
Moron	47.26241	7.26343	1336	peak	5	Q6913231
Röti	47.25797	7.52790	1396	peak	5	Q2202940
Bürglen	47.25760	8.53738	915	peak	9	Q8537747
Marwees	47.26129	9.40392	2056	peak	8	Q1429622
Hüser	47.25653	9.44750	1951	peak	4	Q1652463
Staubernkanzel	47.26052	9.45241	1860	peak	5	Q2334356
Seraspitz	47.26333	9.83603	1890	peak	5	Q21880647
Pfrondhorn	47.26251	9.84243	1949	peak	5	Q21878274
Türtschhorn	47.25753	9.87990	2096	peak	3	Q21878279
Hochlicht	47.26102	9.95109	2109	peak	4	Q21878280
Schadonapass	47.25905	10.02925	1833	pass	4	Q21865394
Saloberkopf	47.25536	10.13469	2040	peak	4	Q21878282
Königsleitenspitze	47.26147	12.08979	2315	peak	5	Q27851264
Plattenspitze	47.25592	13.57920	2294	peak	6	Q1573444
Wiegeneck	47.25844	13.90073	2472	peak	3	Q21863970
Schöderkogel	47.25554	14.02418	2501	peak	3	Q21865554
Rettlkirchspitze	47.25995	14.12728	2475	peak	8	Q876513
Eiblkogel	47.26135	15.09809	1831	peak	4	Q21878276
Hochtrötsch	47.26026	15.36942	1239	peak	5	Q21871887
Aeugsterberg	47.27470	8.48552	829	peak	6	Q381979
Öhrli	47.26545	9.36052	2194	peak	5	Q22659389
Altenalp Türm	47.27077	9.37849	2033	peak	11	Q436607
Furkakopf	47.26961	9.83025	1902	peak	3	Q138297336
Furkajoch	47.26663	9.83290	1758	pass	8	Q1256104
Damülser Horn	47.27042	9.86913	1929	peak	5	Q21873740
Glatthorn	47.26527	9.87995	2133	peak	15	Q257718
Faschinajoch	47.27173	9.90726	1486	pass	4	Q1397308
Zafernhorn	47.27018	9.92521	2107	peak	6	Q2782805
Zitterklapfen	47.26812	9.97133	2403	peak	9	Q206618
Grünes Gräshorn	47.27411	9.97179	2201	peak	3	Q21878252
Schöneberg	47.27122	10.01248	2282	peak	3	Q21878259
Hochkünzelspitze	47.27172	10.03046	2397	peak	6	Q1236173
Giglturm	47.26561	10.03321	2112	peak	3	Q21878270
Höferspitze	47.27409	10.10141	2131	peak	7	Q1453726
Hochtannbergpass	47.26947	10.13045	1676	pass	6	Q874001
Simmel	47.26853	10.13317	1751	peak	3	Q21881586
Haldenwanger Eck	47.27168	10.17405	1931	peak	3	Q130603811
Gehrner Berg	47.27119	10.18078	1937	peak	3	Q1498576
Biberkopf	47.27057	10.23237	2599	peak	13	Q504504
Ellbogner Spitze	47.26523	10.27232	2552	peak	6	Q1114283
Peischelspitze	47.27143	10.27769	2512	peak	7	Q2067633
Wilder Kasten	47.26989	10.28768	2542	peak	5	Q2570644
Wildmahdspitze	47.27325	10.29697	2489	peak	7	Q1411715
Imster Muttekopf	47.26745	10.65172	2774	peak	11	Q873805
Maldonkopf	47.27473	10.66985	2632	peak	6	Q1544860
Hintere Platteinspitze	47.27306	10.67824	2723	peak	4	Q21871690
Vordere Platteinspitze	47.26983	10.69137	2562	peak	4	Q3002072
Gilfert	47.26797	11.74302	2506	peak	12	Q582835
Gedrechter	47.26678	11.82803	2217	peak	6	Q1264470
Torhelm	47.27145	12.00410	2494	peak	11	Q663686
Müllachgeier	47.26752	12.09884	2254	peak	4	Q21878267
Gernkogel	47.26597	12.18653	2267	peak	3	Q21871008
Urkübel	47.26876	13.12622	2010	peak	3	Q21861977
Seekarspitze	47.27294	13.54340	2350	peak	6	Q18923153
Lungauer Kalkspitze	47.27229	13.62482	2471	peak	6	Q15118940
Engelkarspitze	47.27337	13.66144	2518	peak	3	Q21861057
Östliche Vetternspitze	47.27416	13.67638	2524	peak	3	Q21863739
Zinkwand	47.26892	13.68265	2442	peak	5	Q21864275
Hochgolling	47.26627	13.76064	2862	peak	19	Q700259
Bauleiteck	47.27110	13.96905	2424	peak	3	Q21873522
Süssleiteck	47.26754	13.99844	2507	peak	4	Q21863400
Sölkpass	47.27169	14.07967	1790	pass	8	Q875137
Hochstubofen	47.26780	14.11233	2385	peak	3	Q21871880
Fuchskogel	47.26731	15.23266	1293	peak	3	Q21870821
Pasul Tihuța	47.26655	25.02016	1201	pass	12	Q1473795
Walenmatt	47.28426	7.48538	1240	peak	6	Q7961701
Rüttelhorn	47.28031	7.60681	1193	peak	4	Q22370731
Homberg	47.28025	8.18154	787	peak	3	Q24037837
Hochalp	47.27531	9.25390	1530	peak	11	Q5875341
Spitzli	47.28353	9.29265	1519	peak	5	Q2311663
Schäfler	47.27600	9.39034	1925	peak	6	Q1625268
Hoher Kasten	47.28362	9.48525	1795	peak	16	Q16646
Nob	47.28158	9.76254	1785	peak	3	Q21866268
Gerenfalben	47.28112	9.81016	1938	peak	3	Q21880606
Hochrohkopf	47.27826	9.82872	1975	peak	6	Q1622034
Portlakopf	47.28083	9.84367	1905	peak	4	Q21878242
Heiterberg	47.28173	10.09014	2188	peak	6	Q1503839
Widderstein	47.28477	10.12932	2533	peak	12	Q458391
Haldenwanger Kopf	47.27507	10.17348	2002	peak	6	Q1570783
Schrofenpass	47.27623	10.20194	1692	pass	7	Q1450527
Kleiner Rappenkopf	47.28342	10.24396	2276	peak	8	Q1746667
Rappenseekopf	47.28098	10.25482	2469	peak	10	Q831402
Hohes Licht	47.28017	10.27603	2651	peak	13	Q524774
Steinschartenkopf	47.28462	10.28029	2615	peak	11	Q261126
Muttekopf	47.27532	10.30882	2431	peak	8	Q1955917
Jöchlspitze	47.28172	10.35911	2226	peak	9	Q1715162
Rauhenkopf	47.27930	11.30532	1912	peak	7	Q1592886
Ochsenkopf	47.27511	12.07862	2469	peak	5	Q20191113
Baumgartgeier	47.27678	12.14686	2392	peak	3	Q21873525
Rauchkögerl	47.27620	13.05069	1810	peak	3	Q21865037
Höllwand	47.28265	13.16385	2287	peak	3	Q21868077
Meregg	47.28329	13.60779	2235	peak	3	Q21864295
Steirische Kalkspitze	47.28331	13.62220	2459	peak	5	Q21863289
Krukeck	47.28086	13.68549	2428	peak	3	Q21861066
Elendberg	47.28400	13.74639	2672	peak	5	Q21873976
Zwerfenberg	47.27784	13.74766	2642	peak	3	Q21864205
Seekarspitze	47.27744	13.90889	2500	peak	5	Q2265078
Gjoadeck	47.28285	13.96993	2525	peak	3	Q21876962
Krautwasch	47.27927	14.12032	2360	peak	3	Q17577001
Kobaldeck	47.27541	14.39769	1834	peak	3	Q21859395
Patschaberg	47.28061	15.60020	1271	peak	3	Q21864760
Mont Afrique	47.29409	4.92599	600	peak	4	Q3321640
Pfannenstiel	47.29231	8.67098	853	peak	15	Q15283
Bachtel	47.29488	8.88636	1115	peak	11	Q16589
Tweralpspitz	47.29070	9.02625	1332	peak	11	Q15303
Kronberg	47.29161	9.32893	1663	peak	9	Q16632
Kamor	47.28972	9.48669	1751	peak	9	Q1723237
Portlahorn	47.29061	9.84977	2010	peak	5	Q27443403
Geißhorn	47.28786	10.17533	2366	peak	11	Q320334
Angererkopf	47.29390	10.18548	2263	peak	9	Q538072
Muskopf	47.29086	10.24524	1968	peak	6	Q1767031
Linkerskopf	47.29093	10.26369	2459	peak	9	Q831129
Rotgundspitze	47.28811	10.26581	2485	peak	10	Q831788
Wilder Mann	47.28771	10.27993	2577	peak	10	Q830919
Bockkarkopf	47.29218	10.28770	2609	peak	14	Q573647
Strahlkopf	47.29443	10.35920	2388	peak	9	Q830076
Rothornspitze	47.29012	10.35950	2393	peak	8	Q2168780
Hahntennjoch	47.28735	10.65547	1894	pass	7	Q875441
Zirler Berg	47.28529	11.22540	1057	peak	9	Q205988
Westlicher Salzachgeier	47.29367	12.10305	2469	peak	10	Q1748244
Östlicher Salzachgeier	47.29298	12.10699	2466	peak	10	Q1748244
Dristkopf	47.28913	12.14431	2361	peak	3	Q55058641
Wildkogel	47.28575	12.29740	2224	peak	11	Q453158
Heukareck	47.29230	13.16518	2100	peak	6	Q1616453
Tennkogel	47.29053	13.18565	1975	peak	5	Q2403713
Murspitzen	47.29205	13.67405	2333	peak	3	Q21866190
Greifenbergsattel	47.28570	13.78797	2450	pass	3	Q21861084
Greifenberg	47.28929	13.78895	2618	peak	5	Q21871192
Kieseck	47.29320	13.82534	2681	peak	3	Q21868391
Deneck	47.28713	14.05040	2433	peak	5	Q21873754
Schoberspitze	47.28937	14.16065	2423	peak	5	Q15837305
Sommerthörl	47.28769	14.54992	1644	pass	4	Q21865800
Sommertörl	47.28771	14.55000	1644	pass	4	Q21865800
Kőris-hegy	47.29443	17.75450	709	peak	8	Q1126674
Buchenegg	47.29614	8.50781	786	pass	4	Q684428
Auenberg	47.30143	8.88929	1050	peak	6	Q759100
Höchhand	47.29784	8.97913	1314	peak	10	Q5964585
Schusterstuhl	47.30386	9.78774	1917	peak	3	Q21878212
Sünser Spitze	47.30318	9.83475	2061	peak	8	Q2382188
Hübscher Bühel	47.30230	9.84548	2032	peak	5	Q133463745
Sünser Joch	47.29774	9.84656	1903	pass	4	Q27236046
Ragazer Blanken	47.30481	9.85253	2051	peak	7	Q2127199
Üntschenspitze	47.30419	10.06069	2135	peak	6	Q334934
Güntlespitze	47.30096	10.07876	2092	peak	7	Q382622
Hintere Üntschenspitze	47.29555	10.08238	2046	peak	3	Q1619672
Bärenkopf	47.30006	10.13576	2083	peak	5	Q1019135
Elfer	47.30230	10.17747	2387	peak	8	Q1328493
Liechelkopf	47.29609	10.17974	2384	peak	8	Q831435
Hüttenkopf	47.29529	10.19254	2208	peak	7	Q1936353
Sechszinkenspitze	47.29657	10.19427	2213	peak	7	Q2263675
Kemptner Kopf	47.29753	10.19908	2191	peak	8	Q1738567
Südlicher Schafalpenkopf	47.30279	10.20540	2272	peak	5	Q520546
Känzele	47.29939	10.25223	1774	peak	5	Q1795392
Hochfrottspitze	47.29691	10.29300	2649	peak	14	Q315335
Trettachspitze	47.30362	10.29545	2595	peak	13	Q450837
Mädelegabel	47.29992	10.29568	2644	peak	20	Q186077
Ramstallspitze	47.30273	10.35473	2531	peak	5	Q1515553
Großer Solstein	47.30270	11.30766	2541	peak	11	Q873196
Kleiner Solstein	47.30248	11.32440	2637	peak	10	Q1746692
Hohe Warte	47.30159	11.33349	2596	peak	9	Q1552044
Hintere Brandjochspitze	47.30291	11.33921	2596	peak	9	Q1619661
Vordere Brandjochspitze	47.30224	11.34154	2559	peak	11	Q871994
Kröndlhorn	47.29874	12.16495	2444	peak	12	Q6440531
Wasserfallspitze	47.30270	13.72955	2507	peak	3	Q21863869
Tristhof	47.29531	13.73515	2517	peak	3	Q21861106
Waldhorn	47.29619	13.81717	2702	peak	7	Q1671150
Rosenkogel	47.29711	14.55153	1918	peak	3	Q21865198
Rabenwaldkogel	47.30167	15.73662	1280	peak	6	Q2125013
Ringkogel	47.29757	15.95112	789	peak	6	Q2153914
Mont Raimeux	47.30717	7.42871	1302	peak	11	Q15231
Bööler Passhöchi	47.30734	8.08419	611	pass	5	Q686516
Felsenegg	47.31183	8.50617	804	peak	8	Q682033
Schufelberger Egg Pass	47.30684	8.88728	990	pass	3	Q684323
Tössstock	47.30633	8.96444	1154	peak	7	Q1238435
Chlosterspitz	47.31100	9.40061	1326	peak	6	Q15108749
Fähnerenspitz	47.31427	9.48083	1506	peak	6	Q16681
Hoher Freschen	47.30690	9.77765	2004	peak	8	Q1623894
Hochblanken	47.31177	9.86938	2068	peak	7	Q1621692
Damülser Mittagsspitze	47.31037	9.88388	2095	peak	12	Q874590
Gungern	47.31365	9.90827	2053	peak	3	Q21878196
Hochstarzel	47.31108	10.08497	1974	peak	6	Q1622329
Unspitze	47.30895	10.09376	1926	peak	5	Q2496939
Zwölfer	47.30676	10.17065	2224	peak	4	Q245217
Mittlerer Schafalpenkopf	47.30660	10.21041	2302	peak	8	Q233690
Nördlicher Schafalpenkopf	47.31056	10.21660	2320	peak	7	Q1259247
Wildengundkopf	47.31284	10.29192	2238	peak	9	Q323390
Kratzer	47.30642	10.31748	2427	peak	8	Q1767643
Muttlerkopf	47.31441	10.34123	2368	peak	8	Q21873215
Krottenkopf	47.31156	10.35565	2656	peak	19	Q661135
Hermannskarspitze	47.31004	10.37665	2471	peak	8	Q1613404
Heiterwand	47.31418	10.73289	2639	peak	8	Q1601397
Holzleitensattel	47.30534	10.89342	1119	pass	7	Q1625625
Gschwandtkopf	47.31393	11.17879	1495	peak	8	Q18125318
Rauenkopf	47.30864	11.22817	2011	peak	4	Q18166153
Kuhljochspitze	47.31495	11.27138	2297	peak	8	Q1791229
Frau Hitt	47.30518	11.35047	2270	peak	11	Q877602
Kemacher	47.31267	11.36658	2480	peak	6	Q18227865
Hafelekarspitze	47.31283	11.38632	2334	peak	13	Q875071
Schafsiedel	47.31452	12.11427	2447	peak	8	Q2230190
Aleitenspitze	47.31115	12.11704	2449	peak	3	Q19901835
Resterhöhe	47.30711	12.38253	1892	peak	6	Q15059296
Pass Thurn	47.30859	12.40849	1273	pass	8	Q875113
Hahneckkogel	47.31173	12.85476	1857	peak	3	Q21871519
Strimskogel	47.31177	13.47038	2139	peak	6	Q9346692
Hinterer Geißstein	47.30669	13.53789	2190	peak	3	Q21878206
Schiedeck	47.31180	13.65040	2339	peak	5	Q21865463
Ochsenkogel	47.31218	15.10617	1458	peak	5	Q15837333
Schiffall	47.31218	15.33984	1221	peak	5	Q21000119
Gschaidberg	47.30518	15.43736	1239	peak	4	Q21878208
Pommesberg	47.31325	15.60769	1287	peak	4	Q21881782
Born	47.32335	7.88177	719	peak	5	Q16616
Allmen	47.31512	8.88755	1076	peak	6	Q2649320
Klippern	47.31621	9.91607	2066	peak	5	Q11740152
Grünhorn	47.32383	10.07935	2039	peak	6	Q1552259
Starzeljoch	47.31910	10.08283	1867	pass	4	Q1364524
Westlicher Ochsenhofer Kopf	47.32487	10.09402	1950	peak	4	Q2565468
Östlicher Ochsenhofer Kopf	47.32483	10.10400	1959	peak	3	Q307166
Lüchlekopf	47.32470	10.11119	1989	peak	5	Q1443068
Oberstdorfer Hammerspitze	47.31934	10.21042	2260	peak	8	Q1462806
Rossgundkopf	47.31946	10.23356	2139	peak	5	Q2171348
Alpgundkopf	47.32221	10.23758	2177	peak	6	Q1361612
Grießgundkopf	47.32360	10.23955	2164	peak	6	Q1546508
Alpkopf	47.31966	10.24101	2102	peak	6	Q2651319
Einödsberg	47.31955	10.27648	1590	peak	5	Q20830965
Spätengundkopf	47.31859	10.28911	1993	peak	4	Q21000029
Mädelekopf	47.31616	10.31256	1910	peak	4	Q1957193
Krottenspitze	47.31979	10.34483	2551	peak	9	Q1790064
Öfnerspitze	47.31751	10.34878	2576	peak	11	Q281277
Hornbachspitze	47.31553	10.35674	2533	peak	8	Q1628343
Marchspitze	47.31513	10.37442	2609	peak	12	Q1766896
Balschtespitze	47.32350	10.41779	2498	peak	6	Q805528
Kreuzkarspitze	47.32389	10.42536	2587	peak	10	Q1788323
Namloser Wetterspitze	47.32319	10.64143	2553	peak	9	Q874485
Heiterwand Ostgipfel	47.31541	10.74680	2471	peak	8	Q1601397
Seefelder Sattel	47.31798	11.19855	1185	pass	4	Q2264807
Reither Spitze	47.32315	11.23596	2374	peak	10	Q1000705
Freiungen (W)	47.31773	11.25557	2332	peak	10	Q1454836
Freiungen (M)	47.31649	11.26185		peak	10	Q1454836
Freiungen (O)	47.31636	11.26479		peak	10	Q1454836
Erlspitze	47.32012	11.28504	2405	peak	10	Q1355688
Gleirschspitze	47.31564	11.39818	2317	peak	7	Q1530467
Südliches Gleierschtaler Brandjoch	47.32449	11.41046	2374	peak	5	Q972538
Arzler Scharte	47.32090	11.41272	2158	pass	3	Q718551
Rumer Spitze	47.32052	11.42606	2454	peak	7	Q1390365
Haller Zunterkopf	47.31920	11.48431	1966	peak	5	Q1386128
Kreuzjoch / Kellerjoch	47.31906	11.77054	2343	peak	13	Q877618
Sonnenjoch	47.32162	12.02281	2287	peak	8	Q2301950
Hohes Schareck	47.32327	13.83831	2575	peak	3	Q21876972
Großer Knallstein	47.32031	13.97577	2599	peak	7	Q1548740
Großhansl	47.31873	14.26510	2315	peak	3	Q21871386
Kleinhansl	47.32447	14.27050	2217	peak	3	Q21878168
Großer Ringkogel	47.32089	14.62165	2277	peak	3	Q21871342
Atilla-domb	47.32235	19.76900		peak	24	Q1186781
Бельмак-Могила	47.32023	36.59570	324	peak	4	Q12081837
Schnebelhorn	47.32564	8.97960	1291	peak	13	Q15232
Wasserfluh	47.32605	9.11457	848	pass	4	Q678096
Alpkopf	47.32973	9.77538	1788	peak	5	Q20999728
Salzbödenkopf	47.33013	9.79357	1765	peak	4	Q20682981
Falzer Kopf	47.33165	10.04994	1968	peak	6	Q1395044
Kreuzmandl	47.33003	10.06422	1974	peak	5	Q1788396
Steinmandl	47.33227	10.07000	1982	peak	5	Q2341359
Walmendinger Horn	47.32668	10.12817	1990	peak	6	Q1663539
Walser Hammerspitze	47.32646	10.19955	2170	peak	7	Q1741866
Kanzelwand	47.33478	10.20770	2058	peak	11	Q872350
Schmalhorn	47.33403	10.28735	1953	peak	6	Q2245691
Fürschießer	47.32828	10.32990	2271	peak	9	Q830949
Schreierkopf	47.33163	10.41318	2198	peak	6	Q1406933
Noppenspitze	47.32582	10.44108	2594	peak	11	Q1422936
Sattelkarspitze	47.32803	10.44771	2552	peak	7	Q2226271
Woleggleskarspitze	47.33140	10.45146	2522	peak	7	Q2588430
Bretterspitze	47.33303	10.46149	2608	peak	11	Q910959
Härmelekopf	47.32666	11.23081	2224	peak	6	Q18125459
Seefelder Spitze	47.33279	11.23755	2221	peak	6	Q18166350
Nördliches Gleierschtaler Brandjoch	47.32615	11.41016	2372	peak	5	Q972538
Große Stempeljochspitze	47.33463	11.43832	2543	peak	7	Q2342508
Pfeiserspitze	47.32535	11.44518	2345	peak	5	Q2083575
Hüttenspitze	47.32973	11.52216	1858	peak	4	Q1652614
Hamberg	47.32521	11.90935	2100	peak	5	Q55356486
Großer Rettenstein	47.33261	12.29659	2366	peak	12	Q671133
Maurerkogel	47.33024	12.69829	2074	peak	3	Q21866020
Schmittenhöhe	47.32936	12.73762	1965	peak	13	Q689088
Himmelreich	47.32591	13.82446	2500	peak	5	Q1619131
Hochwildstelle	47.33496	13.83023	2747	peak	11	Q1535040
Hohenwart	47.32936	14.23602	2363	peak	5	Q21868008
Pletzen	47.33296	14.61720	2345	peak	6	Q1421419
Wetterkogel	47.33454	15.20843	1643	peak	3	Q120869701
Röthelstein	47.32651	15.38624	1263	peak	6	Q21878163
Rote Wand	47.33334	15.40664	1505	peak	5	Q21865249
Hohe Winde	47.34276	7.57981	1204	peak	5	Q1623566
Scheltenpass	47.33584	7.58182	1051	pass	4	Q677605
Santelhöchi	47.33901	7.80519	797	pass	4	Q677709
Wassberg	47.33624	8.64106	729	peak	3	Q26912323
Wilkethöchi	47.33829	9.17458	1172	peak	9	Q8002483
Hundwiler Höhi	47.34080	9.33338	1305	peak	10	Q16544
Hoher Hirschberg	47.34272	9.46943	1169	peak	6	Q16643
Kummenberg	47.33613	9.61683	667	peak	7	Q946172
Kapf	47.34275	9.68705	1159	peak	5	Q21868276
Hohe Kugel	47.33513	9.71592	1645	peak	7	Q1496301
Sattelspitze	47.33783	9.76997	1562	peak	4	Q20731365
Mittagsfluh	47.33776	9.98387	1637	peak	3	Q21878132
Hinterer Wildgundkopf	47.33963	10.28737	1955	peak	6	Q1619692
Kreuzeck	47.33704	10.35691	2376	peak	10	Q871952
Rauheck	47.34471	10.36815	2385	peak	10	Q872340
Mittlere Kreuzspitze	47.33635	10.59276	2496	peak	4	Q1940647
Wannig	47.33663	10.86213	2493	peak	10	Q875458
Wankspitze	47.33758	10.93893	2209	peak	10	Q8553112
Roßkopf	47.33954	11.44189	2646	peak	5	Q1739182
Lafatscher Joch	47.34302	11.47077	2080	pass	3	Q21868801
Großer Bettelwurf	47.34423	11.51987	2725	peak	12	Q871845
Hohe Fürleg	47.34028	11.53449	2570	peak	6	Q2719093
Hundskopf	47.34110	11.55824	2243	peak	6	Q257419
Standkopf	47.33516	11.92879	2241	peak	3	Q111939931
Großer Galtenberg	47.33684	11.97588	2424	peak	11	Q655945
Großer Beil	47.34149	12.02705	2309	peak	9	Q1548601
Steinbergstein	47.34144	12.19008	2215	peak	12	Q462500
Kleiner Rettenstein	47.33703	12.34193	2217	peak	10	Q873486
Geißstein	47.33745	12.49528	2363	peak	9	Q1357785
Hundstein	47.33818	12.91115	2117	peak	11	Q874863
Rippetegg	47.34070	13.59971	2126	peak	4	Q21865162
Steinkarzinken	47.33624	13.70593	2281	peak	3	Q21863269
Kleine Wildstelle	47.33719	13.82318	2577	peak	4	Q21861164
Karlspitz	47.34178	13.96388	2212	peak	3	Q1733956
Gruber-Hirnkogel	47.33517	14.31051	2080	peak	3	Q21876992
Seckauer Zinken	47.33925	14.73616	2397	peak	8	Q1749340
Herrenkogel	47.33596	15.21869	1642	peak	3	Q120869757
Osser	47.34424	15.50102	1548	peak	4	Q21864723
Oberer Hauenstein	47.35166	7.76398	734	pass	6	Q670026
Uetliberg	47.34945	8.49196	871	peak	24	Q16524
Schlosshöchi	47.35305	9.02153	1033	peak	3	Q22545166
Strahlkopf	47.35355	9.72171	1366	peak	5	Q21000039
Mörzelspitze	47.34553	9.81086	1829	peak	6	Q1958152
Leuenkopf	47.35016	9.81536	1831	peak	5	Q20653301
Stoggersattel	47.34715	10.01104	1415	pass	3	Q21881565
Diedamskopf	47.34645	10.02562	2090	peak	8	Q832987
Hählekopf	47.34663	10.07071	2058	peak	6	Q1641952
Berlingersköpfle	47.35330	10.07612	2010	peak	4	Q821895
Hoher Ifen	47.35479	10.09995	2230	peak	11	Q315293
Fellhorn	47.35059	10.21756	2037	peak	13	Q554414
Vorderer Wildgundkopf	47.34638	10.28469	1935	peak	6	Q263182
Jochspitz	47.35433	10.38356	2232	peak	9	Q1691248
Klimmspitze	47.35184	10.50604	2464	peak	8	Q1774463
Elmer Kreuzspitze	47.34587	10.59130	2480	peak	6	Q1332935
Loreakopf	47.35412	10.77140	2471	peak	11	Q871804
Hochplattig	47.35313	10.98837	2768	peak	11	Q873696
Hohe Munde Westgipfel	47.34705	11.07173	2662	peak	13	Q389939
Hohe Munde Ostgipfel	47.34621	11.08121	2592	peak	13	Q389939
Mittlere Jägerkarspitze	47.35371	11.37538	2608	peak	5	Q1714868
Südliche Jägerkarspitze	47.35229	11.37616	2579	peak	5	Q1714868
Westliche Praxmarerkarspitze	47.35086	11.40198	2644	peak	9	Q442776
Kaskarspitze	47.34781	11.41828	2580	peak	6	Q1734990
Sonntagkarspitze	47.34635	11.42742	2575	peak	6	Q2302158
Hintere Bachofenspitze	47.34559	11.43834	2668	peak	9	Q873441
Großer Lafatscher	47.34566	11.45257	2696	peak	9	Q290991
Kleiner Lafatscher	47.34710	11.45745	2635	peak	7	Q632467
Speckkarspitze	47.34626	11.48738	2621	peak	8	Q390571
Kleiner Bettelwurf	47.34547	11.51003	2650	peak	4	Q2620568
Eiblschrofen	47.34702	11.74256		peak	3	Q1301198
Schönwieskopf	47.35366	12.87500	1995	peak	3	Q21865572
Hochglocker	47.34750	13.13946	1590	peak	3	Q21871797
Gasselhöhe	47.35264	13.59234	2001	peak	4	Q21870947
Schober	47.34589	13.60528	2133	peak	3	Q21865535
Höchstein	47.34689	13.79118	2543	peak	6	Q21871875
Ahornkogl	47.34555	14.11501	2001	peak	3	Q21873283
Amachkogel	47.35300	14.53816	2312	peak	3	Q21873351
Sonntagkogel	47.34870	14.60252	2343	peak	3	Q21865822
Maieranger Kogel	47.34753	14.71355	2356	peak	5	Q1686825
Plankogel	47.35494	15.55811	1531	peak	4	Q21881781
Masenberg	47.34915	15.87487	1261	peak	6	Q1906979
Großer Hirschenstein	47.34538	16.37928	862	peak	6	Q1548698
Geschriebenstein / Írott-kő	47.35283	16.43372	884	peak	25	Q630494
Szent Vid-hegy	47.35186	16.47732	589	peak	3	Q1296727
Passwang	47.35921	7.65914	1025	peak	9	Q358710
Ruchen	47.36232	7.80711	1123	peak	7	Q15273633
Belchenflue	47.36290	7.81047	1099	peak	13	Q15198209
Mutschellenpass	47.36240	8.36699	551	pass	6	Q351542
Ötlisberg	47.35850	8.60879	696	peak	5	Q22691123
Hulftegg	47.36217	8.96665	954	pass	5	Q362530
Stoss	47.36085	9.49489	943	pass	6	Q681105
Wendkopf	47.35705	9.73775	1532	peak	6	Q17326134
Bocksberg	47.36069	9.75739	1461	peak	5	Q21873587
Hangspitze	47.35920	9.84963	1746	peak	7	Q15056541
Gopfberg	47.35782	9.89898	1316	peak	3	Q21878096
Schnepfegg	47.35674	9.94616	891	pass	3	Q21881616
Hirschberg	47.35945	9.99913	1834	peak	6	Q8553205
Mohrenkopf	47.36030	10.02517	1645	peak	5	Q1532119
Schlappoltkopf	47.35851	10.22409	1968	peak	8	Q2238453
Himmelschrofen	47.36271	10.28257	1791	peak	6	Q1423281
Klupper	47.35540	10.28307	1776	peak	6	Q1776615
Kegelkopf	47.35544	10.32668	1959	peak	8	Q1502198
Kleiner Wilder	47.36317	10.38624	2306	peak	8	Q1435439
Südliches Höllhorn	47.35827	10.38663	2145	peak	7	Q1323890
Nördliches Höllhorn	47.35946	10.38698	2145	peak	7	Q1647431
Tagweidkopf	47.35840	10.77705	2408	peak	4	Q1572429
Fernpass	47.36392	10.83494	1216	pass	15	Q667984
Drachenkopf	47.35771	10.92654	2303	peak	7	Q14912302
Hinterer Tajakopf	47.36027	10.94860	2407	peak	9	Q1554456
Hohe Wand / Hochwand (Nebengipfel)	47.35740	11.01310	2715	peak	11	Q1622423
Hohe Wand / Hochwand	47.35852	11.01545	2719	peak	11	Q1622423
Karkopf	47.35529	11.02718	2469	peak	3	Q21878102
Hoher Gleirsch	47.36103	11.35619	2492	peak	8	Q991999
Nördliche Jägerkarspitze	47.35500	11.37566	2596	peak	5	Q1714868
Sunntigerspitze	47.36470	11.48137	2322	peak	8	Q736430
Gamskarspitze	47.36300	11.50257	2601	peak	6	Q17321845
Wiedersberger Horn	47.36124	11.92288	2127	peak	11	Q872713
Wildkarspitze	47.36073	12.07885	1961	peak	6	Q16897652
Gamshag	47.36442	12.46780	2178	peak	9	Q1264161
Hohe Penhab	47.35583	12.55754	2113	peak	3	Q21868011
Schwalbenwand	47.36439	12.86326	2011	peak	3	Q21865606
Langegg	47.35698	12.91986	1899	peak	4	Q1804943
Hochwurzen	47.35999	13.63959	1849	peak	9	Q874144
Krahbergzinken	47.35602	13.74195	2134	peak	4	Q21868650
Bärfallspitze	47.35971	13.78585	2150	peak	3	Q21861215
Hochreichart	47.36355	14.68196	2416	peak	7	Q598586
Mugel	47.35831	15.18822	1630	peak	6	Q1557931
Rosseck	47.35853	15.20499	1664	peak	3	Q21878092
Hochlantsch	47.36297	15.42403	1720	peak	7	Q21871837
Col de la Croix	47.37286	7.14135	789	pass	6	Q390993
Vogelberg	47.36836	7.68251	1204	peak	8	Q7939381
Hinteri Egg	47.37258	7.71084	1169	peak	12	Q15233
Hohbüel	47.37058	8.40689	587	peak	3	Q21106922
Adlisberg	47.37056	8.59182	701	peak	12	Q358573
Hörnli	47.37092	8.94174	1133	peak	12	Q442082
Schlossberg	47.36602	9.69798	705	peak	3	Q28150002
Schwarzenberg	47.36636	9.73552	1475	peak	3	Q21874715
Sevischrofen	47.36971	10.06382	1659	peak	3	Q21878071
Wannenkopf	47.37299	10.32434	1722	peak	6	Q201926
Hüttenkopf	47.37407	10.33414	1949	peak	6	Q475710
Kleine Höfats	47.36807	10.35452	2073	peak	6	Q1746457
Sonnenspitze (Kreuzgipfel)	47.36825	10.92191	2411	peak	12	Q1300944
Vorderer Tajakopf	47.36517	10.94837	2450	peak	8	Q1258587
Hochglück	47.37402	11.57160	2573	peak	8	Q255599
Rotwandlspitze	47.37367	11.60626	2322	peak	8	Q15273395
Hochnissl	47.36733	11.61800	2546	peak	9	Q873968
Fiechter Spitze	47.36757	11.64443	2299	peak	5	Q1411473
Tristkogel	47.36814	12.47704	2096	peak	3	Q21878075
Schattberg West	47.36510	12.62294	2096	peak	8	Q2231591
Schleichkogel	47.36944	13.16401	1421	peak	3	Q21865495
Planai	47.36898	13.72636	1906	peak	12	Q775252
Hauser Kaibling	47.37370	13.77866	2015	peak	11	Q247991
Pleschnitzzinken	47.37326	13.85618	2112	peak	5	Q21864873
Mödringkogel	47.36731	14.56182	2142	peak	3	Q21859463
Geierhaupt	47.37475	14.63608	2417	peak	11	Q871819
Bremstein	47.37234	14.77892	1868	peak	4	Q21873655
Hochanger	47.36571	15.26609	1304	peak	6	Q15108064
Col des Rangiers	47.38482	7.21915	856	pass	5	Q391710
Unterer Hauenstein	47.38134	7.86898	690	pass	6	Q667434
Geissflue	47.37622	7.88829	813	peak	6	Q1251505
Staufberg	47.38011	8.16119	516	peak	4	Q1428666
Honeret	47.37754	8.40478	581	peak	3	Q21107472
Gäbris	47.38157	9.46794	1250	peak	10	Q16585
Breitenberg	47.37941	9.73221	1105	peak	6	Q20191253
Staufen	47.37610	9.75522	1465	peak	8	Q2334486
Weißenfluh	47.37904	9.83104	1377	peak	3	Q15061741
Sienspitze	47.38493	10.01737	1600	peak	3	Q98901695
Toreck	47.37649	10.12894	2016	peak	6	Q8532420
Torkopf	47.37927	10.12948	1930	peak	7	Q1295612
Riefenköpfle	47.38215	10.30962	1562	peak	4	Q1508097
Älpelekopf	47.37616	10.31323	1614	peak	7	Q254802
Riefenkopf	47.37930	10.31744	1749	peak	6	Q1667691
Hahnenkopf	47.37929	10.32486	1736	peak	6	Q831424
Himmelhorn	47.38196	10.37615	2111	peak	9	Q831806
Himmeleck	47.38249	10.38394	2152	peak	8	Q1602221
Kreuzspitze	47.38394	10.43089	2367	peak	5	Q1788437
Hochvogel	47.38036	10.43676	2592	peak	11	Q455546
Knittelkarspitze	47.37587	10.65102	2376	peak	6	Q1777201
Hintere Suwaldspitze	47.37549	10.75430	2159	peak	3	Q1320062
Steinmandlspitze	47.37744	10.76869	2347	peak	4	Q2341362
Roter Stein	47.38193	10.77329	2366	peak	4	Q1292377
Gartnerwand-Westgipfel	47.38466	10.81474	2353	peak	6	Q1494775
Grubigstein	47.38286	10.84079	2233	peak	8	Q645493
Predigtstein	47.38332	11.05805	2234	peak	6	Q945698
Grubenkarspitze	47.38078	11.52211	2663	peak	9	Q453696
Spritzkarspitze	47.38128	11.55147	2606	peak	8	Q1662378
Eiskarlspitze	47.37700	11.55875	2610	peak	7	Q1317808
Lamsenspitze	47.38268	11.59119	2508	peak	11	Q874374
Larchkopf	47.37831	11.81677	1375	peak	3	Q20190993
Brechhorn	47.37798	12.26628	2032	peak	11	Q872479
Palfnerkogel	47.37617	13.17893	1413	peak	5	Q19971357
Hochgründeck	47.38209	13.27312	1827	peak	5	Q21871804
Kettentörl	47.37505	14.58868	1864	pass	3	Q21868377
Schrimpfkogel	47.38067	14.62160	2207	peak	5	Q21865586
Mont Terri	47.39162	7.16127	804	peak	10	Q682985
Les Ordons	47.38780	7.23126	996	peak	9	Q3234371
Heitersberg	47.39163	8.36106	787	peak	4	Q428947
Zürichberg	47.38568	8.56688	676	peak	15	Q248667
Karren	47.38790	9.75073	971	peak	6	Q1734381
Luguntenkopf	47.38722	9.98918	1702	peak	4	Q21878050
Schochen	47.39417	10.36058	2100	peak	9	Q597225
Lachenkopf	47.39483	10.37171	2111	peak	9	Q323648
Laufbacher Eck	47.39356	10.38082	2178	peak	10	Q832044
Schneck	47.38592	10.38239	2268	peak	10	Q831188
Wiedemerkopf	47.38990	10.41722	2169	peak	6	Q2568292
Galtjoch	47.39400	10.67548	2109	peak	5	Q1492741
Hönig	47.39366	10.74172	2034	peak	5	Q1644180
Gartner Wand	47.38508	10.82067	2377	peak	6	Q1494775
Gehrenspitze	47.38676	11.13514	2367	peak	7	Q1368332
Weißlehnkopf	47.39053	11.20176	2002	peak	3	Q21878044
Südliche Sonnenspitze	47.38641	11.47763	2668	peak	3	Q21863375
Laliderer Spitze	47.39129	11.50026	2583	peak	10	Q672820
Laliderer Wand	47.38894	11.50829		peak	3	Q1801239
Dreizinkenspitze	47.38843	11.51401	2602	peak	6	Q1258251
Rauher Knöll	47.38699	11.62297	2277	peak	5	Q14538474
Kerschbaumer Sattel	47.38749	11.87669	1113	pass	3	Q1739618
Schatzberg	47.38999	11.98412	1903	peak	10	Q2231788
Feldalphorn	47.38550	12.08524	1923	peak	9	Q1402288
Pengelstein	47.39100	12.34871	1938	peak	3	Q21878042
Spieleckkogel	47.39070	12.52365	1998	peak	4	Q2064505
Dientner Sattel	47.39154	13.05753	1370	pass	4	Q1221151
Kohlmaißhöhe	47.38705	13.19476	1190	peak	3	Q21862061
Scheiblingpalfen	47.39022	13.57976	1304	peak	3	Q19971435
Kochofen	47.39418	13.91329	1916	peak	6	Q1778117
Bruderkogel	47.38795	14.42193	2299	peak	3	Q21873674
Kerschkern	47.38774	14.61361	2225	peak	3	Q21878048
Wisenberg	47.40244	7.88187	1001	peak	10	Q2586085
Käferberg	47.40443	8.51601	575	peak	13	Q663516
Ruppenpass	47.39610	9.50261	1016	pass	6	Q670012
Zanzenberg	47.40480	9.75522	581	peak	3	Q18410227
Hochälpele	47.40284	9.81302	1463	peak	6	Q1622570
Baumgartenhöhe	47.39938	9.93672	1640	peak	4	Q811557
Stongerhöhe	47.39955	9.97032	1772	peak	3	Q21880613
Winterstaude	47.39944	9.98006	1877	peak	6	Q2585140
Seeköpfle	47.40100	10.33234	1920	peak	6	Q1022377
Kleiner Seekopf	47.40143	10.35639	2096	peak	7	Q1635279
Salober	47.39785	10.38808	2088	peak	8	Q572923
Glasfelderkopf	47.40290	10.43161	2270	peak	9	Q155086
Kesselspitz	47.39999	10.43434	2284	peak	8	Q699763
Bleispitze	47.39817	10.81826	2225	peak	3	Q21878023
Südliche Wetterspitze	47.40080	10.97035	2746	peak	13	Q470068
Wetterwandeck	47.39810	10.97719	2698	peak	11	Q2566084
Mittlere Plattspitze	47.39581	10.99035	2680	peak	11	Q830583
Östliche Plattspitze	47.39646	10.99268	2680	peak	11	Q830583
Gatterl	47.39635	11.01652	2024	pass	3	Q21870957
Hochwanner	47.39596	11.05536	2744	peak	32	Q255743
Hinterreintalschrofen	47.39611	11.07583	2670	peak	8	Q515359
Teufelsgrat	47.39584	11.08372	2648	peak	3	Q9357673
Oberreintalschrofen	47.39556	11.10389	2523	peak	11	Q873153
Scharnitzspitze	47.39579	11.11182	2461	peak	4	Q21865424
Schüsselkarspitze	47.39709	11.11990	2553	peak	11	Q699526
Leutascher Dreitorspitze	47.40048	11.12395	2682	peak	16	Q585796
"Öfelekopf, Westgipfel"	47.40389	11.14805	2469	peak	4	Q294087
"Öfelekopf, Ostgipfel"	47.40426	11.15023	2478	peak	4	Q294087
Große Arnspitze	47.39734	11.22233	2196	peak	9	Q1548141
Große Seekarspitze	47.40487	11.39078	2677	peak	9	Q459905
Kaltwasserkarspitze	47.40303	11.45064	2733	peak	13	Q624393
Rauhkarlspitze	47.40200	11.45600	2619	peak	4	Q23689671
Moserkarspitze	47.39740	11.46962	2533	peak	3	Q1681508
Hohljoch	47.39509	11.52367	1794	pass	4	Q21868060
Hahnkampl	47.39548	11.59458	2080	peak	4	Q15056511
Rappenspitze	47.40224	11.64574	2223	peak	6	Q2131650
Stanser Joch	47.39956	11.69927	2102	peak	7	Q2331896
Fleiding	47.40353	12.24949	1892	peak	3	Q21874153
Sonnspitze	47.39625	12.50451	2062	peak	4	Q1808074
Reiterkogel	47.40144	12.59321	1819	peak	3	Q2228700
Filzensattel	47.39725	13.00097	1290	pass	3	Q222394
Hochkeil	47.40219	13.14038	1784	peak	3	Q21871822
Breitspitz	47.39762	13.27828	1804	peak	5	Q17122519
Gumpeneck	47.39731	14.01486	2226	peak	6	Q1554504
Steinwandkogel	47.40375	14.38768	2132	peak	3	Q21859486
Schüttnerkogel	47.39648	14.39552	2170	peak	3	Q21859487
Rennfeld	47.40432	15.35927	1629	peak	8	Q2144075
Dornkogel	47.40310	15.46917	1336	peak	3	Q21873804
Hochschlag	47.40294	15.50469	1580	peak	3	Q21871863
Leutschenberg	47.41283	7.93683	925	peak	3	Q22418604
St. Anton	47.40994	9.53517	1110	pass	6	Q681543
Zeiger	47.41010	10.35076	1995	peak	6	Q184828
Großer Seekopf	47.40582	10.35473	2085	peak	7	Q1548996
Bergächtle	47.40753	10.39440	2006	peak	10	Q323383
Giebel	47.41266	10.39871	1957	peak	8	Q601822
Lärchwand	47.40684	10.43742	2186	peak	8	Q831149
Sattelkopf	47.41355	10.43845	2097	peak	9	Q323584
Schneefernerkopf	47.40960	10.96996	2874	peak	18	Q679080
Musterstein	47.41380	11.13982	2478	peak	8	Q1310178
Brunnsteinspitze	47.40561	11.28727	2180	peak	6	Q2169131
Rotwandlspitze	47.40662	11.28822	2192	peak	8	Q15273395
Pleisenspitze	47.40868	11.34195	2569	peak	9	Q388397
Larchetkarspitze	47.41002	11.35374	2541	peak	9	Q872521
Große Riedlkarspitze	47.41138	11.36612	2585	peak	6	Q1548340
Breitgrieskarspitze	47.40792	11.37813	2585	peak	9	Q873185
Westliche Ödkarspitze	47.41191	11.42044	2714	peak	3	Q98006835
Mittlere Ödkarspitze	47.41247	11.42442	2746	peak	3	Q98006835
Östliche Ödkarspitze	47.41264	11.43003	2739	peak	3	Q98006835
Birkkarspitze	47.41132	11.43756	2749	peak	20	Q702352
Mahnkopf	47.41235	11.50789	2093	peak	9	Q15119244
Sonnjoch	47.41238	11.60514	2458	peak	12	Q873527
Bärenkopf	47.41479	11.71227	1991	peak	10	Q15108495
Gratlspitze	47.41497	11.94769	1894	peak	10	Q280245
Buchberg	47.40826	13.24426	1117	peak	5	Q17122540
Plannerseekarspitze	47.41495	14.20951	2072	peak	4	Q21876948
Hochschwung	47.40738	14.33886	2196	peak	4	Q21871867
Gfällturm	47.41058	14.87269	1655	peak	3	Q21871017
Geissflue	47.41986	7.95675	963	peak	9	Q15239
Hasleren	47.42446	8.42151	583	peak	3	Q21116059
Gubrist	47.42240	8.45952	615	peak	3	Q21117933
Losenpass	47.42391	9.80910	1137	pass	4	Q996481
Piesenkopf	47.41624	10.13285	1630	peak	3	Q27882374
Rubihorn	47.42408	10.31536	1957	peak	10	Q317003
Gaisalphorn	47.41937	10.31814	1953	peak	6	Q1255455
Geißfuß	47.41780	10.32663	1981	peak	6	Q1499122
Gundkopf	47.41935	10.33298	2062	peak	8	Q831155
Nebelhorn	47.42187	10.34235	2224	peak	18	Q696067
Westlicher Wengenkopf	47.42293	10.35039	2235	peak	4	Q2565482
Schänzlekopf	47.41815	10.45345	2070	peak	11	Q323357
Schänzlespitz	47.42323	10.45637	2052	peak	10	Q323571
Zugspitze	47.42121	10.98630	2962	peak	75	Q3375
Innere Höllentalspitze	47.41849	11.01057	2741	peak	13	Q265375
Vollkarspitze	47.42172	11.03470	2630	peak	8	Q885103
Hochblassen	47.42240	11.04444	2706	peak	12	Q870721
Wettersteinwand	47.42226	11.16635	2482	peak	3	Q27020458
Südliche Linderspitze	47.42303	11.29044	2304	peak	6	Q15849891
Hochalmkreuz	47.42430	11.42854	2192	peak	6	Q15056693
Gamsjoch Westgipfel	47.41784	11.54546	2438	peak	8	Q874608
Gamsjoch	47.41841	11.54878	2452	peak	8	Q874608
Gamsjoch Ostgipfel	47.41916	11.55179	2380	peak	8	Q874608
Ruederkarspitze	47.42246	11.55603	2240	peak	3	Q21877834
Schaufelspitze	47.42273	11.60735	2306	peak	10	Q1360903
Nachtsöllberg	47.41639	12.24818	1886	peak	3	Q21866204
Hahnenkamm	47.42379	12.36492	1712	peak	17	Q697928
Lamkopf	47.42202	13.04085	2846	peak	8	Q17577225
Hochkönig	47.42033	13.06245	2941	peak	32	Q262545
Großer Bratschenkopf	47.41951	13.07930	2858	peak	3	Q64767647
Kleiner Bratschenkopf	47.42327	13.09691	2686	peak	5	Q21862082
Rossbrand	47.41550	13.47890	1770	peak	6	Q1726880
Hochrettelstein	47.42468	14.23250	2220	peak	4	Q21871857
Zinkenkogel	47.42006	14.37586	2233	peak	3	Q21864164
Perwurzgupf	47.42415	14.38426	2082	peak	3	Q21859504
Madereck	47.41959	15.22205	1053	peak	5	Q15057615
Eibeggsattel	47.42179	15.44825	1001	pass	4	Q21873975
Salhöhe	47.42893	7.98597	779	pass	5	Q2214306
Wasserflue	47.43007	8.02449	844	peak	8	Q7972759
Staffelegg	47.43382	8.06046	621	pass	5	Q686547
Chestenberg	47.42550	8.19440	645	peak	5	Q1070651
Altberg	47.43366	8.42063	631	peak	5	Q434967
Gupf	47.42999	9.49307	1089	peak	5	Q1555129
Kaienspitz	47.43235	9.50402	1121	peak	5	Q1721401
Geißkopf	47.42899	9.82493	1198	peak	3	Q21870876
Feuerstätterkopf	47.43267	10.07815	1645	peak	5	Q21874120
Besler	47.42520	10.18801	1679	peak	8	Q829945
Östlicher Wengenkopf	47.42620	10.36068	2206	peak	3	Q138858064
Rosskopf	47.42599	10.43258	1823	peak	7	Q831429
Lahnerkopf	47.42916	10.46285	2121	peak	12	Q323562
Kastenkopf	47.43193	10.47208	2129	peak	11	Q323852
Kälbelespitze	47.43160	10.47539	2135	peak	7	Q1795309
Thaneller	47.42651	10.72423	2341	peak	11	Q871673
Upsspitze	47.43124	10.87459	2332	peak	7	Q11837398
Daniel	47.43265	10.88023	2340	peak	15	Q365773
Riffeltorkopf	47.43423	10.99854	2236	peak	5	Q2152634
Alpspitze	47.42950	11.04781	2628	peak	15	Q252743
Bernadeinkopf	47.43108	11.06034	2144	peak	6	Q822140
Obere Wettersteinspitze	47.42696	11.19101	2297	peak	9	Q2566053
Untere Wettersteinspitze	47.42803	11.19916	2151	peak	9	Q2566053
Mittlere Linderspitze	47.42546	11.29091	2239	peak	6	Q15849891
Nördliche Linderspitze	47.42798	11.29306	2372	peak	6	Q15849891
Westliche Karwendelspitze	47.43002	11.29886	2385	peak	11	Q316308
Hochalmsattel	47.42817	11.43135	1803	pass	5	Q21871758
Steinfalk	47.42714	11.51236	2348	peak	10	Q873112
Bettlerkarspitze	47.43094	11.61775	2268	peak	7	Q850158
Bettlerkarspitze (Vorgipfel)	47.43374	11.61776	2075	peak	7	Q850158
Zwölferkopf	47.42729	11.69601	1491	peak	5	Q245221
Ebner Joch	47.42558	11.77375	1957	peak	6	Q15110044
Stadtberg	47.43415	11.89120	908	peak	3	Q1583693
Rosskopf	47.42566	12.07044	1731	peak	6	Q15273581
Gaisberg	47.42689	12.28721	1770	peak	6	Q1491339
Wildseeloder	47.43189	12.53146	2119	peak	12	Q488389
Henne	47.42879	12.54324	2078	peak	4	Q15815118
Spielberghorn	47.43210	12.63229	2044	peak	6	Q9340258
Hochseiler	47.43095	13.03070	2793	peak	10	Q17487715
Torsäule	47.42876	13.10464	2589	peak	11	Q877611
Teufelskirche	47.43415	13.10849	2520	peak	3	Q21862177
Rössingkogel	47.42645	13.73391	1346	peak	3	Q21861242
Hochstein	47.43078	14.18736	2183	peak	3	Q21871876
Großer Hengst	47.43090	14.42838	2159	peak	4	Q21871302
Triebener Tauern	47.43334	14.48020	1274	pass	6	Q2452827
Himmeleck	47.42681	14.60293	2096	peak	3	Q21871674
Benkerjoch	47.43544	8.03009	674	pass	4	Q681046
Herzberg	47.43791	8.05051	750	peak	3	Q15815462
Brüggelekopf	47.44346	9.85299	1182	peak	6	Q996848
Entschenkopf	47.43657	10.33131	2043	peak	8	Q831204
Großer Daumen	47.44160	10.37552	2280	peak	10	Q316061
Älpelekopf	47.43900	10.45490	2024	peak	9	Q254791
Knappenkopf	47.44308	10.47315	2071	peak	5	Q1776882
Rote Spitze	47.44318	10.49969	2130	peak	6	Q2168252
Steinkarspitze	47.43852	10.50457	2067	peak	6	Q2341043
Lachenspitze	47.44010	10.51761	2126	peak	7	Q1799693
Leilachspitze	47.43871	10.54631	2274	peak	9	Q1552753
Kohlbergspitze	47.43782	10.79963	2202	peak	10	Q1312788
Hochwanner	47.44360	10.88204	2085	peak	3	Q1622426
Höllentorkopf	47.43811	11.04734	2150	peak	5	Q1273885
Osterfelderkopf	47.43853	11.04983	2060	peak	7	Q18560512
Viererspitze	47.43794	11.29368	2054	peak	6	Q15061381
Tiefkarspitze	47.43773	11.32124	2430	peak	6	Q21863490
Raffelspitze	47.44488	11.36471	2323	peak	3	Q21864998
Östliche Karwendelspitze	47.44486	11.42143	2537	peak	11	Q306927
Grabenkarspitze	47.43954	11.43146	2471	peak	5	Q1540764
Lackenkarkopf	47.43755	11.44380	2416	peak	6	Q15118012
Kuhkopf	47.43617	11.45612	2399	peak	9	Q873280
Risser Falk	47.43869	11.50685	2414	peak	7	Q2154831
Kleiner Falk	47.44471	11.50762	2190	peak	4	Q15117011
Laliderer Falk	47.43512	11.51913	2428	peak	5	Q1312315
Haidachstellwand	47.44401	11.78037	2192	peak	3	Q102121675
Vorderes Sonnwendjoch	47.44469	11.80105	2224	peak	6	Q2533733
Lärchfilzkogel	47.44282	12.54910	1654	peak	3	Q15833087
Österreichberg	47.43843	13.37625	1267	peak	4	Q16930865
Seekoppe	47.43548	14.24831	2150	peak	4	Q21865723
Wurzleiten	47.44412	14.37293	2066	peak	3	Q21859542
Kleiner Bösenstein	47.43803	14.40170	2395	peak	4	Q21868460
Großer Bösenstein	47.44335	14.40400	2448	peak	12	Q671614
Großer Schober	47.44206	14.63733	1895	peak	3	Q21871348
Vadász-hegy	47.43792	18.99015	224	peak	3	Q1400804
Glaserberg	47.45166	7.28109	816	peak	3	Q1529410
Eggflue	47.45002	7.57777	688	peak	3	Q1297653
Strihen	47.44942	8.03682	866	peak	6	Q2356274
Riedberger Horn	47.45151	10.15910	1787	peak	9	Q1269347
Wannenkopf	47.44829	10.19206	1712	peak	8	Q1670546
Schnippenkopf	47.45095	10.32730	1833	peak	8	Q831133
Kleiner Daumen	47.44709	10.38617	2197	peak	6	Q1311878
Spicherer Kopf	47.44866	10.40315	1961	peak	4	Q2309723
Mittagsspitz	47.45292	10.41563	1682	peak	5	Q1939950
Kugelhorn	47.44852	10.47025	2126	peak	9	Q831165
Geierköpfle	47.44893	10.50244	2017	peak	3	Q21877973
Schochenspitze	47.45229	10.52403	2069	peak	7	Q2248434
Gaichtpass	47.45263	10.62495	1093	pass	7	Q873957
Hochschrutte	47.44510	10.84209	2247	peak	12	Q478206
Großer Waxenstein	47.44620	11.02329	2276	peak	13	Q256209
Kreuzeck	47.45242	11.06665	1651	peak	10	Q268125
Kreuzjoch	47.45250	11.08032	1719	peak	3	Q6436892
Hoher Kranzberg	47.45136	11.22863	1391	peak	9	Q177064
Wörner	47.44971	11.33814	2476	peak	12	Q315922
Hochkarspitze	47.44750	11.35007	2482	peak	11	Q829835
Westliche Steinkarspitze	47.45384	11.41109		peak	5	Q21873241
Vogelkarspitze	47.44650	11.41128	2522	peak	10	Q317490
Östliche Steinkarspitze	47.45465	11.41313	2015	peak	5	Q21873241
Rotspitze	47.44543	11.75236	2067	peak	4	Q1440245
Sagzahn	47.45325	11.79796	2228	peak	4	Q2211953
Schönegg	47.45338	12.91939	2389	peak	4	Q32798664
Selbhorn	47.44688	12.96315	2655	peak	12	Q392190
Wildalmkirchl	47.44750	12.99249	2573	peak	8	Q2570372
Brandhorn	47.44742	13.00437	2610	peak	9	Q18646533
Reisshorn	47.45413	13.02662	2428	peak	7	Q2142292
Hohes Tenneck	47.44883	13.06639	2435	peak	4	Q21996595
Scheichenspitze	47.45057	13.65658	2667	peak	8	Q2232609
Eselstein	47.45420	13.67553	2552	peak	3	Q21861264
Sinabell	47.45136	13.69201	2349	peak	4	Q21861269
Sonntagskarspitze	47.44866	14.39596	2350	peak	3	Q21859543
Triebenstein	47.44535	14.48689	1810	peak	5	Q21187362
Schoberpass	47.45103	14.67390	849	pass	7	Q872910
Gößeck	47.44848	14.89958	2214	peak	7	Q1559996
Zeiher Homberg	47.45790	8.09368	782	peak	3	Q184859
Sulperg	47.46377	8.34070	514	peak	5	Q15713729
Schauenberg	47.46010	8.86655	891	peak	5	Q693822
Großer Ochsenkopf	47.46369	10.18056	1662	peak	4	Q20999879
Bolsterlanger Horn	47.45927	10.20833	1586	peak	6	Q891604
Sonnenkopf	47.45887	10.32992	1712	peak	9	Q876764
Rotspitz	47.45950	10.36934	2034	peak	7	Q830784
Heubatspitze	47.45893	10.38102	2008	peak	5	Q8553229
Rauhhorn	47.45852	10.46819	2241	peak	10	Q830885
Sulzspitze	47.46224	10.53651	2084	peak	6	Q2365132
Brendten	47.46016	11.24283	1193	peak	7	Q1623887
Wechselkopf	47.45942	11.41166	1835	peak	6	Q15061701
Torkopf	47.45554	11.43833	2014	peak	4	Q15132438
Kompar	47.45555	11.58452	2011	peak	6	Q1780760
Plumsjoch	47.45674	11.61150	1921	peak	6	Q2099712
Klobenjoch	47.45855	11.73472	2041	peak	3	Q25926629
Streichkopf	47.45945	11.75946	2243	peak	3	Q2355498
Hochiss	47.45845	11.76481	2299	peak	13	Q494163
Spieljoch	47.45580	11.77291	2236	peak	3	Q1310348
Seekarlspitze	47.45724	11.77798	2261	peak	5	Q2265059
Roßkopf	47.45518	11.78068	2257	peak	4	Q1616670
Rofanspitze	47.45765	11.79319	2259	peak	8	Q1511941
Karstein	47.45561	12.48754	1922	peak	4	Q21868309
Pass Grießen	47.45636	12.64321	975	pass	8	Q876839
Persailhorn	47.45994	12.89106	2347	peak	10	Q873557
Mitterhorn	47.46076	12.90021	2491	peak	8	Q18535063
Breithorn	47.45701	12.90256	2504	peak	13	Q873454
Sommerstein	47.45664	12.91379	2306	peak	5	Q19358319
Wurmkopf	47.45669	12.92778	2451	peak	3	Q21877971
Schönfeldspitze	47.45831	12.93774	2653	peak	13	Q874797
Gerzkopf	47.46034	13.43050	1728	peak	6	Q1515970
Rötelstein	47.45744	13.55467	2247	peak	5	Q21865235
Landfriedstein	47.46270	13.66766	2536	peak	5	Q15057341
Stoderzinken	47.45937	13.82826	2048	peak	8	Q2350887
Mölbegg	47.45619	14.18679	2080	peak	5	Q21866121
Hochgrößen	47.45832	14.25207	2115	peak	4	Q21871802
Dreistecken	47.45815	14.39579	2382	peak	4	Q21873824
Weiherkopf	47.46506	10.20077	1665	peak	6	Q15061717
Gaishorn	47.46979	10.47599	2247	peak	7	Q21150411
Litnisschrofen	47.46663	10.56330	2068	peak	7	Q1414331
Krinnenspitze	47.47428	10.58536	2000	peak	6	Q1789029
Gaichtspitze	47.46602	10.63954	1986	peak	6	Q1491189
Tauern	47.46778	10.76219	1841	peak	6	Q21863430
Eckbauer	47.46647	11.13398	1237	peak	3	Q31556020
Rappenklammspitze	47.46927	11.40795	1835	peak	4	Q15059183
Montscheinspitze	47.46620	11.61297	2106	peak	12	Q472984
Seebergspitze	47.46611	11.67922	2085	peak	7	Q2264586
Voldöpper Spitze	47.47485	11.88780	1507	peak	7	Q2530722
Voldöppberg	47.47442	11.88839	1509	peak	7	Q2530722
Hohe Salve	47.46502	12.20417	1829	peak	13	Q668367
Pass Grießen	47.46662	12.62773	975	pass	8	Q876839
Pass Grießen	47.46665	12.62778	975	pass	8	Q876839
Grießkogel	47.47485	12.97300	2543	peak	7	Q19702285
Wildalmrotkopf	47.47378	12.98147	2517	peak	8	Q19713126
Torstein	47.47463	13.58527	2948	peak	8	Q1378479
Hunerkogel	47.46809	13.62611	2687	peak	3	Q21861302
Großer Koppenkarstein	47.46631	13.64015	2863	peak	9	Q1784107
Moserspitz	47.47339	14.38683	2230	peak	3	Q21859573
Hochhaide	47.46989	14.39917	2363	peak	6	Q21871807
Almspitz	47.47066	14.40928	2188	peak	4	Q21859579
Teufelstein	47.46513	15.62105	1498	peak	6	Q2407256
Farkas-hegy	47.47468	18.93923	343	peak	3	Q996114
Odvas-hegy	47.46789	18.94600	315	peak	4	Q26231764
Kő-hegy	47.46558	18.95732	235	peak	4	Q26231973
Nap-hegy	47.47001	18.96393	253	peak	3	Q26231719
Rupp-hegy	47.47466	18.97976	257	peak	3	Q1251801
Bözbergpass	47.48093	8.13875	569	pass	9	Q604199
Lägern	47.48182	8.39385	866	peak	12	Q15258
Eschenberg	47.48130	8.73528	591	peak	4	Q1366994
Hochhäderich	47.48181	10.00322	1566	peak	6	Q1621890
Falken	47.48344	10.02061	1564	peak	3	Q21877945
Heidenkopf	47.48116	10.11172	1685	peak	4	Q17575466
Siplingerkopf	47.48006	10.12562	1746	peak	6	Q1694753
Rangiswanger Horn	47.47852	10.20081	1616	peak	6	Q2130960
Sigiswanger Horn	47.48482	10.20924	1527	peak	5	Q18027873
Imberger Horn	47.48427	10.35707	1655	peak	4	Q1030783
Neunerkopf	47.48214	10.54263	1862	peak	6	Q1710762
Hahnenkamm	47.47853	10.64199	1938	peak	6	Q1568912
Soiernspitze	47.48157	11.35711	2253	peak	10	Q316066
Fleischbank	47.47902	11.51918	2028	peak	8	Q872348
Kuhjoch	47.48380	11.53000	1766	pass	3	Q21881790
Hölzelstaljoch	47.47913	11.53010	2012	peak	6	Q1644122
Grasberg	47.47686	11.54252	2020	peak	4	Q1543409
Seekarspitze	47.47955	11.68239	2053	peak	7	Q2265074
Kitzbüheler Horn	47.47612	12.42979	1996	peak	12	Q671193
Buchensteinwand	47.48391	12.58340	1462	peak	5	Q21873707
Birnhorn	47.47504	12.73383	2634	peak	14	Q683611
Schottmalhorn	47.47883	12.95285	2225	peak	8	Q1353640
Laubwand	47.47642	13.01852	2312	peak	7	Q1680817
Hochkesselkopf	47.48285	13.56803	2453	peak	3	Q21871823
Mitterspitz	47.47610	13.59553	2925	peak	7	Q670326
Hoher Dachstein	47.47519	13.60567	2995	peak	44	Q686841
Niederer Dachstein	47.47837	13.60642	2934	peak	3	Q21861334
Hoher Gjaidstein	47.48179	13.63228	2794	peak	10	Q873233
Kammspitz	47.47616	13.88447	2139	peak	7	Q12027914
Seegupf	47.48405	14.37190	2011	peak	3	Q21859596
Diewaldgupf	47.47654	14.37816	2125	peak	3	Q21859598
Wildfeld	47.48238	14.84795	2043	peak	6	Q2570695
Thalerkogel	47.47680	15.05396	1656	peak	3	Q21863467
Szekrényes-hegy	47.47676	18.93468	364	peak	4	Q26230821
Budaörsi-hegy	47.48324	18.95345	430	peak	4	Q851328
Sas-hegy	47.48208	19.01752	266	peak	9	Q714048
Nollen	47.49251	9.12141	734	peak	6	Q1722506
Gebhardsberg	47.49001	9.74734	598	peak	4	Q1496955
Kojenstein	47.49187	9.97061	1300	peak	3	Q21868643
Eineguntkopf	47.48892	10.03841	1641	peak	6	Q1225730
Hohenfluhalpkopf	47.48934	10.04945	1636	peak	3	Q21877940
Seelekopf	47.49041	10.05998	1663	peak	5	Q2265199
Ofterschwanger Horn	47.49369	10.21257	1408	peak	8	Q1235054
B'schießer	47.48782	10.44059	2000	peak	10	Q323910
Ponten	47.48574	10.45138	2045	peak	10	Q323905
Rohnenspitze	47.48820	10.46784	1990	peak	5	Q2162246
Schneid	47.49337	10.64496	2009	peak	4	Q2247507
Feldernkreuz	47.49200	11.32877	2048	peak	4	Q15056103
Schöttelkarspitze	47.49408	11.32980	2050	peak	8	Q139309
Gumpenkarspitze	47.49201	11.36101	2010	peak	4	Q15111956
Krapfenkarspitze	47.49355	11.36909	2110	peak	5	Q15057166
Schönalmjoch	47.48598	11.50456	1986	peak	4	Q15059933
Hartkaiser	47.49194	12.27167	1555	peak	5	Q1587194
Viehkogel	47.48824	12.93266	2158	peak	9	Q2523163
Funtenseetauern	47.48501	12.97678	2578	peak	11	Q316715
Kleines Teufelshorn	47.48683	13.03156	2283	peak	3	Q21873203
Großes Teufelshorn	47.48916	13.03626	2362	peak	7	Q320734
Großes Fieberhorn	47.49459	13.23805	2276	peak	5	Q21862174
Hochthron	47.49243	13.24296	2363	peak	9	Q1442608
Tauernkogel	47.49373	13.29833	2247	peak	8	Q2396843
Große Bischofsmütze	47.49387	13.51113	2458	peak	14	Q866184
Stein am Mandl	47.49276	14.36504	2043	peak	3	Q21863259
Lahnerleitenspitze	47.49230	14.67888	2027	peak	5	Q21877939
Speikkogel	47.48547	14.68783	1992	peak	3	Q27555074
Zeiritzkampel	47.49140	14.72668	2125	peak	6	Q184956
Floning	47.48796	15.20230	1583	peak	6	Q1429163
Gellért-hegy	47.48692	19.04456	235	peak	30	Q577122
Bruggerberg	47.49563	8.21181	516	peak	5	Q992301
Hochgrat	47.49535	10.07863	1834	peak	10	Q459121
Iseler	47.49958	10.42087	1876	peak	9	Q187371
Kühgundkopf	47.50376	10.43130	1907	peak	10	Q830767
Schartschrofen	47.50308	10.60248	1968	peak	9	Q2231518
Rote Flüh	47.49958	10.60851	2108	peak	12	Q323478
Gimpel	47.50127	10.61252	2173	peak	11	Q872011
Kellenspitze	47.49899	10.63010	2238	peak	9	Q870423
Babylonischer Turm	47.49812	10.63601	2076	peak	6	Q797942
Gehrenspitze	47.50014	10.65514	2163	peak	11	Q828076
Hoher Ziegspitz	47.50143	11.00327	1864	peak	7	Q880231
Vorderskopf	47.49709	11.43753	1858	peak	7	Q15061601
Delpsjoch	47.50082	11.49581	1945	peak	6	Q15055797
Baumgartenjoch	47.50152	11.51341	1939	peak	4	Q21876558
Schreckenspitze	47.50016	11.64883	2023	peak	5	Q2249570
Rauchkopf	47.50198	12.82385	1953	peak	5	Q21865038
Raucheck	47.49913	13.22638	2430	peak	10	Q876433
Eiskogel	47.49657	13.28203	2321	peak	8	Q1317883
Brietkogel	47.50080	13.29440	2316	peak	5	Q915236
Däumling	47.50220	13.51800	2322	peak	4	Q29169655
Taubenkogel	47.50416	13.64736	2300	peak	9	Q875895
Eisenerzer Reichenstein	47.50280	14.93443	2165	peak	8	Q873823
Alpl	47.50063	15.64531	1091	pass	3	Q1756369
Nagy-Csákány	47.50071	18.46284	487	peak	3	Q26231627
Széchenyi-hegy	47.49702	18.97234	482	peak	5	Q1301848
Orbán-hegy	47.49805	19.00200	297	peak	5	Q1225177
Lindberg	47.51311	8.74696	551	peak	3	Q22543733
Pfänder	47.50737	9.78020	1062	peak	18	Q698608
Buralpkopf	47.51077	10.13107	1772	peak	4	Q1010214
Sedererstuiben	47.51440	10.15312	1737	peak	5	Q2264325
Füssener Jöchl	47.51326	10.59633	1818	pass	3	Q21876596
Läuferspitze	47.50994	10.59746	1956	peak	6	Q1879309
Hahlekopf	47.50930	10.66783	1758	peak	3	Q21876659
Schellschlicht	47.50930	10.91633	2052	peak	7	Q2233117
Hirschbichel	47.51424	11.01206	1935	peak	3	Q15056679
Kramerspitz	47.50688	11.04726	1985	peak	10	Q885415
Wank	47.50871	11.14303	1780	peak	14	Q833896
Schafreuter	47.50901	11.48760	2102	peak	11	Q315887
Stierjoch	47.51093	11.51867	1909	peak	7	Q2348522
Sonntagsspitze	47.51006	11.64576	1923	peak	3	Q21877928
Mittagskogel	47.51030	12.15040	1562	peak	11	Q872461
Großer Pölven	47.51058	12.15390	1595	peak	11	Q872461
Unterberg	47.51056	12.60389	1187	peak	6	Q2497248
Großer Hundstod	47.51272	12.88493	2593	peak	14	Q565025
Großer Schneiber	47.51068	12.91159	2330	peak	6	Q18289350
Halsköpfl	47.51066	12.97441	1718	peak	4	Q22692189
Bleikogel	47.51427	13.29840	2411	peak	7	Q883651
Fritzerkogel	47.51000	13.32969	2360	peak	9	Q663592
Edelweißkogel	47.51266	13.34564	2029	peak	3	Q21877924
Angerstein	47.51323	13.49003	2100	peak	4	Q23900487
Mandlkogel	47.51102	13.49995	2279	peak	4	Q21869134
Hirzberg	47.50518	13.78633	2051	peak	3	Q21871746
Hiaslegg	47.50882	15.04517	1154	pass	3	Q23689416
Himmel	47.50993	15.20378	1145	peak	4	Q1619063
Prinzkogel	47.51366	15.81203	1273	peak	3	Q43303856
Wechsel	47.51133	16.04482	929	pass	4	Q15134612
Wartenberg	47.51876	7.65464	479	peak	5	Q2549960
Schinberg	47.52364	8.07202	722	peak	4	Q16519
Iberig	47.52115	8.25110	512	peak	4	Q1655806
Hirschberg	47.52235	9.82212	1095	peak	6	Q19787566
Stuiben	47.51725	10.16115	1749	peak	6	Q583833
Hirschberg	47.51887	10.37611	1500	peak	6	Q993602
Einstein	47.52232	10.51359	1866	peak	6	Q1309274
Seichenkopf	47.52054	10.57250	1864	peak	7	Q11826225
Sefenspitze	47.51697	10.59034	1948	peak	6	Q1310789
Große Schlicke	47.51845	10.62346	2059	peak	7	Q1548360
Kreuzkopf	47.52001	10.81271	1909	peak	6	Q1788373
Geierköpfe-Westgipfel	47.51617	10.86597	2143	peak	10	Q871973
Geierköpfe-Hauptgipfel	47.51918	10.87490	2161	peak	10	Q871973
Geierköpfe-Ostgipfel	47.51834	10.88887	2060	peak	10	Q871973
Friederspitz	47.51714	10.95883	2049	peak	9	Q315901
Hochunnutz	47.51998	11.73594	2075	peak	5	Q2496641
Vorderunnutz	47.51510	11.73854	2078	peak	5	Q2496641
Seehorn	47.51668	12.85312	2321	peak	11	Q19971449
Tiroler Kogel	47.52469	13.20395	2322	peak	7	Q2436232
Großer Donnerkogel	47.52428	13.48138	2054	peak	7	Q21871278
Krippenstein	47.52422	13.69200	2108	peak	8	Q1789051
Grimming	47.52069	14.01711	2351	peak	15	Q668410
Kulm	47.52120	14.12460	918	peak	5	Q15117785
Hohe Trett	47.51921	14.20448	1681	peak	3	Q21868051
Erzberg	47.52444	14.91158	1465	peak	21	Q700232
Präbichl	47.52424	14.94724	1226	pass	9	Q872152
János-hegy	47.51798	18.95946	527	peak	15	Q897730
Dättenberg	47.52577	8.56369	560	peak	4	Q1270382
Immenberg	47.53152	8.97632	706	peak	8	Q6004799
Denneberg	47.52797	10.08492	1427	peak	3	Q31549806
Vorderer Prodel	47.53179	10.10302	1470	peak	3	Q31516234
Steineberg	47.52557	10.18845	1683	peak	6	Q744356
Bärenkopf	47.53092	10.21065	1476	peak	8	Q1019143
Spieser	47.52653	10.38361	1651	peak	6	Q1601977
Oberjochpass	47.52684	10.43293	1175	pass	6	Q454956
Brentenjoch	47.53231	10.58227	2000	peak	6	Q909920
Vilser Kegel	47.53017	10.62117	1831	peak	3	Q21876587
Säuling	47.53498	10.75383	2039	peak	13	Q573703
Säuling	47.53499	10.75528	2048	peak	13	Q573703
Hirschfäng	47.52628	10.81275	1905	peak	8	Q2013679
Ammersattel	47.53316	10.88385	1115	pass	6	Q317652
Kreuzspitze	47.52654	10.91799	2184	peak	9	Q279725
Vorderer Felderkopf	47.53024	11.02904	1928	peak	3	Q2533726
Hoher Fricken	47.53135	11.15317	1940	peak	10	Q315767
Krepelschrofen	47.52645	11.27709	1160	peak	5	Q15057181
Kotzen	47.52952	11.51925	1771	peak	6	Q873382
Hochplatte	47.52794	11.64929	1813	peak	5	Q1687035
Hinterunnutz	47.52986	11.73471	2007	peak	5	Q2496641
Großes Palfenhorn	47.52804	12.86266	2222	peak	7	Q19964157
Kleines Palfenhorn	47.53233	12.87066	2073	peak	4	Q19964160
Kahlersberg	47.53158	13.03208	2350	peak	9	Q1721197
Südlicher Wieselstein	47.53470	13.22493	2315	peak	7	Q2569386
Tagweide	47.52688	13.35539	2128	peak	3	Q21863407
Kleiner Donnerkogel	47.52732	13.47914	1916	peak	3	Q21868465
Lahngangkogel	47.52827	14.50817	1778	peak	3	Q21868809
Polster	47.53238	14.96062	1910	peak	6	Q1485833
Hochturm	47.53372	15.00665	2081	peak	3	Q21871888
Nagy-Hárs-hegy	47.53370	18.95517	454	peak	4	Q1213912
Kis-Hárs-hegy	47.52998	18.96621	362	peak	4	Q1109622
Ferenc-hegy	47.52737	19.01310	265	peak	4	Q951655
Ineu	47.52589	24.88360	2279	peak	4	Q6976575
Hochberg	47.54259	9.80314	1069	peak	6	Q1621684
Hündlekopf	47.54060	10.05779	1112	peak	3	Q31556479
Himmelseck	47.53678	10.12319	1487	peak	3	Q31540910
Mittagberg	47.53623	10.21578	1452	peak	8	Q1687984
Schönkahler	47.54040	10.48891	1688	peak	6	Q2259320
Roter Stein	47.54370	10.59636	1547	peak	4	Q21876577
Hoher Straußberg	47.54370	10.79407	1933	peak	7	Q1566749
Kienjoch	47.54089	10.99871	1953	peak	4	Q1741028
Bischof	47.54045	11.17579	2033	peak	7	Q866104
Krottenkopf	47.54438	11.19143	2086	peak	15	Q565442
Juifen	47.54336	11.62546	1987	peak	11	Q1711574
Großes Reifhorn	47.54097	12.64319	2488	peak	5	Q873221
Großes Ochsenhorn	47.53807	12.66047	2513	peak	12	Q671739
Alpelhorn	47.53653	12.85000	2254	peak	3	Q21873170
Hochseeleinkopf	47.54205	13.03679	2105	peak	3	Q21873196
Mittlerer Wieselstein	47.53844	13.22277	2300	peak	7	Q2569386
Nördlicher Wieselstein	47.54277	13.22349	2190	peak	7	Q2569386
Knallstein	47.54465	13.23166	2234	peak	3	Q21877918
Vorderer Hirlatz	47.53788	13.63674	1934	peak	3	Q21862223
Kulmkogel	47.54223	13.99987	1123	peak	6	Q967774
Mitterberg	47.54175	14.26150	1046	peak	4	Q21866090
Hochkogel	47.53877	14.81526	2105	peak	5	Q1621915
Kaiserschild	47.53868	14.82803	2084	peak	7	Q1721731
TAC-Spitze	47.54433	14.97795	2019	peak	5	Q874466
Steinriegel	47.53562	15.71971	1577	peak	3	Q21863274
Fazekas-hegy	47.54460	18.95672	281	peak	3	Q996785
Kecske-hegy	47.54300	18.99109	383	peak	3	Q1105918
Staufner Berg	47.55449	10.03609	1042	peak	3	Q23794199
Gschwender Horn	47.55104	10.16949	1450	peak	3	Q31543232
Immenstädter Horn	47.55355	10.18697	1489	peak	7	Q993388
Breitenberg	47.54863	10.55187	1838	peak	8	Q881991
Gabelschrofen	47.55372	10.82186	1989	peak	4	Q15111131
Krähe	47.55280	10.82524	2010	peak	5	Q15117767
Hochplatte	47.55227	10.84205	2082	peak	10	Q316418
Scheinbergspitz	47.55467	10.88748	1929	peak	4	Q2232749
Notkarspitze	47.55344	11.05507	1888	peak	8	Q880033
Klaffen	47.54627	11.21559	1829	peak	3	Q1744202
Altlacher Hochkopf	47.55424	11.35713	1328	peak	4	Q15106464
Demeljoch	47.54608	11.58644	1923	peak	11	Q684757
Rosskopf	47.55040	11.60994	1528	peak	3	Q21876532
Guffertspitze	47.54623	11.78864	2194	peak	11	Q769643
Feuerköpfl	47.54999	12.06996	1291	peak	4	Q17048446
Tuxeck	47.55237	12.28933	2226	peak	8	Q970398
Mitterhorn	47.54956	12.62818	2506	peak	5	Q1940581
Kammerlinghorn	47.54505	12.83271	2483	peak	4	Q21868263
Hocheisspitze	47.54684	12.84264	2523	peak	8	Q871271
Fagstein	47.54884	13.03092	2164	peak	4	Q21032716
Hochtörl	47.55087	13.21127	1919	peak	3	Q50628257
Riffel	47.55300	14.51423	2106	peak	5	Q21858118
Admonter Kalbling	47.54723	14.52100	2196	peak	6	Q1417203
Sparafeld	47.54962	14.53012	2247	peak	8	Q1278833
Admonter Reichenstein	47.54925	14.54335	2251	peak	11	Q359334
Großer Ödstein	47.55401	14.61260	2335	peak	9	Q872341
Lugauer	47.55314	14.72235	2217	peak	9	Q873224
Griesmauerkogel	47.55109	14.98306	2034	peak	8	Q15124008
Pribitz	47.55098	15.05389	1579	peak	5	Q23692068
Nagy-Kopasz	47.55180	18.86514	559	peak	4	Q611282
Hármashatár-hegy	47.55500	18.99845	495	peak	11	Q838786
Hochwacht Irchel	47.55778	8.57946	670	peak	9	Q15259
Westerkienberg	47.56005	10.49005	1488	peak	3	Q53489887
Geiselstein	47.56157	10.82974	1882	peak	9	Q870308
Lösertalkopf	47.55788	10.87463	1859	peak	3	Q1879798
Hohe Kisten	47.56110	11.20797	1922	peak	10	Q316328
Platteneck	47.55728	11.22657	1804	peak	4	Q2098724
Abendstein	47.56405	11.81622	1581	peak	5	Q319009
Zettenkaiser	47.55698	12.23567	1968	peak	8	Q15062120
Scheffauer	47.55732	12.24184	2111	peak	12	Q442440
Westlicher Hackenkopf	47.55869	12.24613	2092	peak	11	Q874584
Kopfkraxen	47.56222	12.27779	2180	peak	5	Q27556441
Sonneck	47.56177	12.28354	2260	peak	10	Q873464
Treffauer	47.55535	12.29148	2304	peak	13	Q431070
Gamshalt	47.56454	12.30010	2289	peak	5	Q27555377
Kaiserkopf	47.55832	12.30181	2159	peak	5	Q27560834
Ellmauer Halt	47.56164	12.30253	2342	peak	13	Q689038
Vordere Karlspitze	47.56398	12.31592	2263	peak	10	Q874306
Vordere Goinger Halt	47.56460	12.32537	2242	peak	10	Q479108
Regalmspitze	47.55662	12.33901	2253	peak	10	Q872518
Westliche Hochgrubachspitze	47.55837	12.34340	2277	peak	5	Q27490407
Östliche Hochgrubachspitze	47.55879	12.34510	2284	peak	5	Q27490407
Ackerlspitze	47.55913	12.34719	2329	peak	13	Q341784
Vordere Gamsflucht	47.56312	12.34909	2203	peak	5	Q27527693
Maukspitze	47.55890	12.35637	2231	peak	10	Q489403
Schneibstein	47.56207	13.05755	2275	peak	10	Q675293
Hochtor	47.56185	14.63261	2369	peak	17	Q120493
Pfaffenstein	47.56134	14.91455	1871	peak	6	Q2082136
Frauenmauer	47.56377	14.97376	1827	peak	3	Q21870777
Messnerin	47.55982	15.08541	1835	peak	10	Q872363
Troiseck	47.55698	15.41344	1466	peak	5	Q2455001
St. Chrischona	47.57302	7.68018	522	peak	6	Q15240
Salmaser Höhe	47.57089	10.09007	1254	peak	3	Q31524257
Falkenstein	47.56941	10.59117	1270	peak	3	Q31547515
Zwölferkopf	47.56686	10.60534	1287	peak	4	Q19312156
Salober	47.56548	10.61274	1293	peak	4	Q19308399
Hornburg	47.57078	10.76764	1172	peak	3	Q31556907
Schönleitenschrofen	47.57166	10.80823	1706	peak	5	Q1461471
Zundereck	47.56920	11.19362	1476	peak	3	Q21996586
Zunderkopf	47.56773	11.19375	1506	peak	3	Q31556859
Zwölferköpfl	47.57174	11.21348	1656	peak	3	Q22030340
Elferköpfl	47.57317	11.22006	1412	peak	3	Q21996594
Simetsberg	47.56652	11.25373	1840	peak	10	Q315741
Hühnerberg	47.57032	11.58744	1397	peak	3	Q21868108
Natterwand	47.57244	11.74944	1618	peak	5	Q1969830
Schneidjoch	47.56661	11.78922	1811	peak	5	Q1323166
Ragstattjoch	47.56758	11.84912	1545	peak	5	Q1295772
Schmalegger Joch	47.57478	11.92716	1633	peak	3	Q1749261
Veitsberg	47.57411	11.97351	1787	peak	4	Q2512148
Pendling	47.57125	12.10902	1563	peak	8	Q602129
Kleine Halt	47.56754	12.29741	2122	peak	6	Q17322849
Totenkirchl	47.57000	12.31194	2190	peak	11	Q337660
Hintere Karlspitze	47.56695	12.31496	2279	peak	10	Q874306
Christaturm	47.56835	12.31724	2170	peak	5	Q27500883
Fleischbank	47.56925	12.31762	2186	peak	12	Q668380
Ellmauer Tor	47.56593	12.32077	1980	pass	3	Q1332505
Predigtstuhl	47.57061	12.32319	2116	peak	12	Q688759
Hintere Goinger Halt	47.56877	12.32396	2192	peak	10	Q479108
Hintere Gamsflucht	47.56680	12.34916	2121	peak	5	Q27527693
Lärcheck	47.56903	12.35154	2123	peak	12	Q871925
Hochkalter	47.56933	12.86581	2608	peak	12	Q883041
Plassen	47.57012	13.60589	1953	peak	4	Q21864850
Koppenpass	47.57350	13.72049	690	pass	3	Q1784111
Planspitze	47.57358	14.64009	2114	peak	9	Q455208
Hochzinödl	47.56550	14.66610	2191	peak	5	Q21877910
Aflenzer Bürgeralm	47.56976	15.22535	1550	peak	3	Q56219314
Stuhleck	47.57419	15.78996	1782	peak	13	Q668536
Pfaffensattel	47.57010	15.81399	1372	pass	6	Q1270732
Feistritzsattel	47.56747	15.86548	1287	pass	5	Q872855
Csúcs-hegy	47.57097	18.98399	444	peak	4	Q876390
Eggberg	47.57821	7.95490	709	peak	6	Q981954
Hurbig	47.57546	8.56268	546	peak	4	Q18625818
Grubenkopf	47.57914	10.86897	1839	peak	3	Q1168790
Brunnenkopf	47.58305	10.92380	1719	peak	3	Q17310616
Pürschling	47.58228	10.99215	1566	peak	6	Q2120961
Ettaler Manndl	47.58468	11.11568	1633	peak	7	Q1371732
Großer Laber	47.57786	11.11859	1466	peak	3	Q31543959
Schwarzberg	47.57515	11.50080	1172	peak	3	Q31556973
Niederskopf	47.57704	11.50326	1293	peak	3	Q31529506
Schindelberg	47.57820	11.52204	1145	peak	3	Q31557086
Reitstein	47.58423	11.67832	1516	peak	5	Q2142214
Maistaller Berg	47.58344	12.13120	998	peak	5	Q1885920
Zeller Berg	47.58027	12.15834	597	peak	4	Q187743
Stripsenkopf	47.58203	12.30828	1807	peak	11	Q2356437
Stripsenjoch	47.57675	12.31006	1577	pass	4	Q2356425
Rotpalfen	47.57863	12.86216	2367	peak	5	Q1117892
Jenner	47.57568	13.02038	1874	peak	9	Q315611
Hohes Brett	47.58439	13.04969	2340	peak	9	Q1623963
Pass Lueg	47.57561	13.19469	553	pass	8	Q252518
Zinken	47.58210	13.76615	1854	peak	6	Q18410279
Hochtausing	47.58444	14.15636	1822	peak	5	Q21871881
Schießling	47.57862	15.28178	1667	peak	5	Q21865472
Pretalsattel	47.57720	15.42255	1069	pass	4	Q2109060
Pauliberg	47.58468	16.33904	761	peak	6	Q1691163
Balzenberg	47.59205	9.97006	921	peak	4	Q8553234
Reuterwanne	47.59041	10.46023	1539	peak	5	Q20884085
Edelsberg	47.59190	10.49652	1630	peak	4	Q1283352
Teufelstättkopf	47.58737	10.98634	1758	peak	8	Q2407307
Kofel	47.58686	11.05953	1342	peak	7	Q1641755
Laber	47.58584	11.10217	1682	peak	4	Q1799411
Staffel	47.58578	11.46772	1532	peak	6	Q1507853
Brandkopf	47.59472	11.57956	1258	peak	4	Q25393050
Achselkopf	47.58964	11.61750	1190	peak	3	Q25393105
Platteneck	47.59143	11.71341	1618	peak	5	Q1515428
Schildenstein	47.59481	11.72499	1613	peak	7	Q745196
Blaubergkopf	47.59016	11.76730	1787	peak	3	Q21876511
Halserspitz	47.59117	11.78108	1862	peak	4	Q21871544
Schattlahnerkopf	47.58541	11.81070	1629	peak	5	Q1328463
Feldberg	47.59229	12.32418	1813	peak	12	Q14269787
Stadelhorn	47.59317	12.79533	2286	peak	12	Q472226
Grünstein	47.59435	12.96545	1304	peak	6	Q1552351
Brettgabel	47.59123	13.03265	1805	peak	3	Q910965
Hoher Göll	47.59393	13.06714	2522	peak	16	Q549503
Großer Archenkopf	47.58664	13.07000	2391	peak	3	Q21871266
Hinteres Freieck	47.58750	13.09994	2309	peak	5	Q21871708
Pass Gschütt	47.59137	13.50563	957	pass	5	Q1616891
Himbeerstein	47.58583	14.55419	1222	peak	3	Q21871670
Bruckstein	47.59056	14.59501	1388	peak	3	Q21873673
Festlbeilstein	47.59453	15.14037	1847	peak	4	Q72686701
Nagy-Szénás	47.59065	18.87164	550	peak	4	Q26231695
Zsíros-hegy	47.59110	18.90083	424	peak	4	Q26230685
Alpspitz	47.59785	10.49605	1575	peak	4	Q8553197
Hündleskopf	47.59776	10.52892	1199	peak	3	Q23785629
Hirschberg	47.60110	11.24147	1660	peak	5	Q1620373
Hoher Zwiesler	47.60072	11.53997	1376	peak	4	Q15115084
Achenpass	47.60459	11.63591	941	pass	7	Q314878
Langeckberg	47.59878	11.81418	1423	peak	4	Q1804940
Österreichischer Schinder	47.60108	11.86113	1808	peak	10	Q165212
Hinteres Sonnwendjoch	47.59858	11.94964	1986	peak	11	Q390493
Thierberg	47.60032	12.16478	721	peak	7	Q872013
Steinplatte	47.60419	12.58013	1869	peak	10	Q873678
Großes Häuselhorn	47.60180	12.78394	2284	peak	8	Q1549180
Wagendrischelhorn	47.59886	12.79173	2251	peak	9	Q829328
Haarberg	47.59500	13.18943	688	peak	3	Q17322075
Hoher Sarstein	47.60260	13.69908	1975	peak	5	Q2225138
Lawinenstein	47.59762	13.95443	1965	peak	5	Q21868935
Traweng	47.60379	14.01430	1981	peak	5	Q21877899
Gstatterstein	47.59725	14.66459	1390	peak	3	Q21871458
Brandstein	47.60081	14.98270	2003	peak	6	Q21873626
Fölzstein	47.59570	15.18037	1946	peak	4	Q21870753
Pietrosul Rodnei	47.59720	24.63379	2303	peak	12	Q153170
Kalter Wangen	47.60678	8.44233	671	peak	5	Q18287823
Buchenberg	47.60642	10.81147	1142	peak	4	Q998255
Großer Aufacker	47.61387	11.09735	1542	peak	7	Q759483
Ölrain	47.60688	11.24236	1542	peak	6	Q297281
Heimgarten	47.61258	11.28066	1791	peak	10	Q315930
Herzogstand	47.61346	11.30849	1731	peak	13	Q315270
Rothkogel	47.60832	11.85420	1687	peak	3	Q31804519
Naunspitze	47.60941	12.24269	1633	peak	11	Q875491
Petersköpfl	47.60898	12.24640	1745	peak	14	Q784154
Pyramidenspitze	47.61005	12.27674	1997	peak	12	Q873582
Vordere Kesselschneid	47.60689	12.27781	2002	peak	10	Q872754
Schnappen	47.60907	12.40943	1546	peak	3	Q21865520
Fellhorn	47.60999	12.50887	1765	peak	6	Q1404075
Schottmalhorn	47.61323	12.82980	2045	peak	8	Q828128
Kehlstein	47.60969	13.04595	1881	peak	9	Q2511014
Niederer Sarstein	47.60595	13.70668	1877	peak	3	Q21862351
Sturzhahn	47.60719	14.02275	2031	peak	4	Q41799211
Pleschberg	47.61090	14.40232	1720	peak	3	Q21864871
Buchauer Sattel	47.61050	14.51780	861	pass	4	Q997910
Großer Buchstein	47.61036	14.59664	2224	peak	7	Q1548631
Tamischbachturm	47.61489	14.69909	2035	peak	5	Q21863412
Ebenstein	47.60608	15.02812	2123	peak	6	Q1278726
Hinterer Polster	47.60607	15.04414	2057	peak	3	Q21864906
Hochwart	47.61463	15.11120	2210	peak	3	Q21871897
Stangenwand	47.60692	15.11567	2155	peak	3	Q127812576
Zagelkogel	47.61060	15.12370	2255	peak	4	Q121760809
Karlhochkogel	47.60711	15.15781	2096	peak	5	Q21868292
Hochanger	47.60660	15.31659	1682	peak	6	Q1621655
Pasul Prislop	47.60918	24.85591	1416	pass	14	Q970147
Tüllinger Berg	47.61975	7.63556	452	peak	3	Q94358445
Laubenberg	47.62371	10.02073	919	peak	3	Q15118205
Kesselberg	47.62157	11.34920	858	pass	3	Q1739789
Lapberg	47.61530	11.80165	1432	peak	3	Q24206976
Ursprungpass	47.61646	12.02166	836	pass	4	Q872279
Trainsjoch	47.61527	12.05435	1707	peak	8	Q15132489
Unterberghorn	47.62059	12.43646	1773	peak	10	Q2497256
Edelweißlahnerkopf	47.61863	12.83690	1953	peak	6	Q1283468
Gamsfeld	47.62332	13.48066	2027	peak	11	Q874655
Pötschenpass	47.62203	13.69522	993	pass	5	Q1672467
Großes Tragl	47.61877	14.03177	2184	peak	5	Q21871381
Gamsspitz	47.61803	14.06007	2057	peak	5	Q21870928
Almkogel	47.61924	14.09304	2116	peak	5	Q21862636
Querlstein	47.62084	14.17885	2084	peak	3	Q21862649
Angerkogel	47.61794	14.22830	2114	peak	5	Q21873378
Pyhrnpass	47.61909	14.29797	954	pass	5	Q2119548
Bosruck	47.62297	14.34617	1992	peak	9	Q763955
Großer Griesstein	47.61742	15.02691	2023	peak	4	Q21871297
Hochschwab	47.61824	15.14245	2277	peak	14	Q685441
Hirschenkogel	47.62215	15.83377	1341	peak	4	Q1620407
Nagy-Kevély	47.62289	18.98469	534	peak	5	Q1213915
Hohe Flum	47.62653	7.81016	536	peak	7	Q885275
Wolfskopf	47.63127	10.86800	1526	peak	4	Q1493678
Hohe Bleick	47.62987	10.90777	1638	peak	4	Q1515166
Langer Köchel	47.63214	11.15263	710	peak	3	Q31532373
Rötelstein	47.63104	11.28492	1395	peak	3	Q15059629
Stein	47.63382	11.32589	930	peak	4	Q1547343
Jochberg	47.62594	11.37186	1565	peak	10	Q322506
Hirschhörnlkopf	47.62748	11.40632	1515	peak	4	Q1620459
Latschenkopf	47.63103	11.46398	1487	peak	4	Q1470235
Grüneck	47.63251	11.72315	1395	peak	3	Q42306274
Großer Weitschartenkopf	47.63201	12.78631	1979	peak	7	Q1549078
Eisberg	47.62587	12.84773	1800	peak	5	Q1310858
Toter Mann	47.63113	12.92332	1392	peak	4	Q1742289
Roßfeld	47.62797	13.09558	1537	peak	5	Q1738892
Tressenstein	47.62649	13.78909	1201	peak	6	Q18202159
Plankermira	47.63296	14.00434	2188	peak	5	Q2098244
Großer Brieglersberg	47.62624	14.05193	2148	peak	4	Q21871276
Hochmölbing	47.63424	14.17746	2336	peak	5	Q21871842
Admonter Warte	47.63014	14.49248	1804	peak	3	Q21858199
Grabnerstein	47.63296	14.50442	1848	peak	6	Q8553243
Kleiner Buchstein	47.62917	14.62801	1990	peak	3	Q21868464
Tieflimauer	47.62611	14.64616	1820	peak	7	Q16295024
Ringkamp	47.63170	15.17826	2153	peak	4	Q21865156
Krautgartenkogel	47.63314	15.23858	1988	peak	3	Q97150334
Seebergsattel	47.62586	15.28220	1246	pass	3	Q2341963
Semmeringpass	47.63265	15.82906	984	pass	22	Q63600
Sonnwendstein	47.62969	15.86028	1523	peak	6	Q1668878
Großer Otter	47.62966	15.91477	1356	peak	5	Q1545304
Vitibuck	47.63985	8.27741	458	peak	3	Q2528663
Riedholzer Kugel	47.63760	10.06342	1065	peak	6	Q785368
Iberger Kugel	47.63941	10.07718	1049	peak	5	Q1655793
Hinteres Hörnle	47.63882	11.07451	1548	peak	5	Q1651825
Schönberg	47.63852	11.64217	1620	peak	7	Q1384094
Hochplatte	47.64038	11.66697	1592	peak	4	Q2400324
Leonhardstein	47.63704	11.71610	1452	peak	6	Q1819346
Daffenstein	47.64245	11.78060	1546	peak	3	Q31558128
Plankensteinnadel	47.63972	11.80201		peak	10	Q316937
Blankenstein	47.64019	11.80278	1768	peak	10	Q316937
Risserkogel	47.63688	11.80355	1826	peak	9	Q315932
Lahnerkopf	47.63824	11.82332	1621	peak	3	Q25393385
Rotzigmoosberg	47.64010	11.83955	1198	peak	3	Q24698492
Stolzenberg	47.64268	11.87249	1609	peak	6	Q13466177
Auerspitz	47.64376	11.94528	1811	peak	5	Q759286
Jochköpfl	47.64335	12.87548	1575	peak	3	Q1691241
Braunedlkogel	47.63531	13.44999	1894	peak	5	Q23900485
Schrocken	47.64424	14.18638	2281	peak	5	Q21865588
Eisernes Bergl	47.63740	14.23903	1955	peak	5	Q21862676
Wurzer Kampl	47.64246	14.28667	1706	peak	3	Q124024892
Natterriegel	47.64035	14.48940	2065	peak	3	Q21866214
Hohe Weichsel	47.63811	15.22678	2006	peak	3	Q21868056
Pinkenkogel	47.63683	15.81345	1290	peak	3	Q21864826
Kálvária domb	47.63959	18.31555	166	peak	3	Q220943
Stammerberg	47.65009	8.80932	639	peak	4	Q17041686
Rabenkopf	47.65037	11.41202	1555	peak	4	Q2124967
Glaswand	47.65300	11.43627	1496	peak	4	Q19963196
Benediktenwand	47.65317	11.46554	1800	peak	11	Q456783
Achselköpfe	47.65310	11.48628	1710	peak	4	Q15050743
Seekarkreuz	47.65215	11.64316	1601	peak	7	Q2265064
Setzberg	47.65122	11.78461	1706	peak	5	Q15059993
Rotwand	47.65021	11.93442	1884	peak	11	Q458097
Ruchenköpfe	47.64810	11.94726	1805	peak	10	Q317794
Kleiner Traithen	47.65490	12.03585	1722	peak	3	Q31534231
Großer Traithen	47.64656	12.03763	1852	peak	9	Q320745
Brünnstein	47.64734	12.09711	1619	peak	8	Q882165
Karspitz	47.64864	12.87922	1641	peak	3	Q1734422
Kiliansberg	47.65273	13.02794	960	peak	3	Q1257338
Zinkenkopf	47.64767	13.08619	1336	peak	6	Q204741
Trisselwand	47.64606	13.81343	1755	peak	7	Q2454152
Hebenkas	47.65346	14.06497	2285	peak	3	Q88317367
Pyhrner Kampl	47.64892	14.19851	2249	peak	5	Q21864974
Warscheneck	47.65251	14.24082	2388	peak	10	Q2549856
Ramesch	47.65226	14.25080	2119	peak	6	Q2130096
Stubwieswipfel	47.65482	14.29954	1786	peak	5	Q21863365
Großer Pyhrgas	47.65266	14.39752	2244	peak	11	Q449833
Scheiblingstein	47.65295	14.42348	2197	peak	8	Q21858214
Hexenturm	47.64584	14.48098	2172	peak	6	Q1294146
Riegerin	47.64507	15.06730	1939	peak	4	Q21865138
Hohe Veitsch	47.64875	15.40565	1981	peak	13	Q683574
Wolfsbergkogel	47.65216	15.82440	960	peak	4	Q18029857
Grasberg	47.64723	15.89588	1078	peak	4	Q1543404
Raachberg	47.65334	15.94025	908	peak	3	Q2124795
Salbert	47.65972	6.81282	650	peak	3	Q3226873
Läufelberg	47.65801	7.60702	393	peak	3	Q31319655
Latschenkopf	47.65659	11.49903	1712	peak	4	Q1399069
Brauneck	47.66419	11.52479	1555	peak	8	Q180647
Spitzkamp	47.65893	11.65458	1604	peak	6	Q367455
Auerkamp	47.66118	11.65986	1607	peak	6	Q367455
Hirschberg	47.66076	11.69611	1670	peak	7	Q1620367
Hirschberg Vorgipfel	47.65953	11.70327	1653	peak	7	Q1620367
Stümpfling	47.66223	11.85634	1506	peak	5	Q15060197
Roßkopf	47.65569	11.86186	1579	peak	5	Q2171355
Raukopf	47.66363	11.92098	1691	peak	4	Q19721169
Taubenstein	47.65848	11.92111	1693	peak	5	Q15060298
Hochmiesing	47.65784	11.94141	1883	peak	5	Q15056698
Dürrmiesing	47.65833	11.94725	1863	peak	3	Q31548931
Seebergkopf	47.66436	11.99775	1538	peak	7	Q2264591
Kneifelspitze	47.65815	13.01790	1189	peak	5	Q1263150
Predigstuhl	47.65979	13.63912	1278	peak	3	Q21864933
Sandling	47.65637	13.71389	1717	peak	7	Q1740410
Loser	47.66074	13.77103	1837	peak	12	Q688431
Hochanger	47.66281	13.77794	1837	peak	4	Q1621658
Backenstein	47.65512	13.86823	1772	peak	6	Q18410513
Kleiner Pyhrgas	47.66292	14.40929	2023	peak	6	Q1229273
Hochtürnach	47.66057	15.12249	1770	peak	5	Q2465091
Großer Wildkamm	47.66109	15.40544	1874	peak	6	Q1572239
Sieggrabener Kogel	47.66093	16.36220	650	peak	3	Q2283929
Brenntenriegel	47.65954	16.39067	606	peak	5	Q909565
Szirtes-tető	47.66010	18.84193	439	peak	3	Q26230894
Scheinberg	47.67236	7.78234	619	peak	3	Q31523337
Entegast	47.67080	7.81616	589	peak	3	Q30771114
Ochsenkamp	47.66612	11.66602	1594	peak	6	Q367455
Wallberg	47.66588	11.79675	1722	peak	11	Q321002
Rinnerspitz	47.67453	11.83399	1611	peak	6	Q2154222
Bodenschneid	47.67175	11.83810	1669	peak	8	Q889652
Jägerkamp	47.67351	11.90605	1746	peak	4	Q1714867
Aiplspitz	47.67317	11.92370	1759	peak	9	Q316319
Dürrnbachhorn	47.67388	12.60911	1778	peak	8	Q744472
Großer Rauher Kopf	47.66917	12.97651	1604	peak	5	Q15117019
Gruberhorn	47.67466	13.29890	1732	peak	7	Q1550263
Gennerhorn	47.67476	13.30950	1734	peak	4	Q21877880
Hoher Zinken	47.66976	13.34707	1764	peak	5	Q19971242
Osterhorn	47.67316	13.36322	1746	peak	5	Q21881801
Rinnkogel	47.66685	13.48589	1823	peak	6	Q2154215
Pötschenstein	47.66834	13.72480	1359	peak	5	Q21862427
Greimuth	47.66932	13.78508	1871	peak	6	Q18412099
Atterkogel	47.66697	13.78670	1826	peak	6	Q18410438
Siniweler	47.67094	13.89130	1907	peak	5	Q21865783
Elm	47.67360	13.96270	2128	peak	6	Q1332647
Großer Hochkasten	47.67338	14.04715	2388	peak	6	Q21871304
Steinwand	47.66517	14.74721	950	peak	4	Q21863286
Cholfirst	47.67664	8.65457	575	peak	4	Q1075928
Wolkensteinerberg	47.67708	8.84164	608	peak	4	Q18612833
Geierstein	47.67965	11.61908	1491	peak	7	Q1498712
Fockenstein	47.68439	11.65221	1564	peak	9	Q880217
Ringspitz	47.68290	11.73302	1293	peak	3	Q26882765
Wasserspitz	47.68039	11.83591	1552	peak	3	Q31515706
Brecherspitz	47.67644	11.87105	1685	peak	9	Q904144
Wildbarren	47.68119	12.13824	1448	peak	7	Q2570414
Vorderlahner Kopf	47.68263	12.68376	1907	peak	3	Q104175128
Sonntagshorn	47.68221	12.69580	1961	peak	13	Q454128
Schlenken	47.68171	13.21316	1648	peak	6	Q1491609
Schmittenstein	47.68319	13.23660	1695	peak	6	Q1411182
Holzeck	47.67904	13.32861	1649	peak	4	Q21868080
Bräuningzinken	47.67538	13.79224	1899	peak	6	Q18410922
Ostrawitz	47.68476	14.09038	1823	peak	5	Q21864729
Seespitz	47.67830	14.30069	1574	peak	5	Q2265640
Wetterin	47.68452	15.35824	1530	peak	5	Q1618152
Niederalpl	47.68095	15.37777	1221	pass	8	Q872240
Preiner Gscheid	47.67576	15.72361	1069	pass	6	Q1794599
Schwarzkogel	47.68046	16.34230	673	peak	3	Q2254260
Greimkogel	47.68225	16.35166	677	peak	5	Q1545523
Gerecse	47.68071	18.48589	634	peak	3	Q26232956
Hohe Möhr	47.69291	7.87447	983	peak	8	Q880395
Schiener Berg	47.68551	8.91992	716	peak	6	Q1697468
Schwarzer Grat	47.69233	10.12576	1119	peak	8	Q882913
Raggenhorn	47.68544	10.13330	1055	peak	5	Q2127225
Hohenkapf	47.69064	10.17961	1121	peak	5	Q642357
Vogelkopf	47.68737	11.48143	1210	peak	3	Q31516407
Schwarzwand	47.68506	11.62685	1364	peak	3	Q21865673
Rainerkopf	47.68576	11.84235	1463	peak	3	Q31527212
Dümpfel	47.69157	12.06899	1354	peak	3	Q31549079
Ristfeuchthorn	47.69430	12.78172	1569	peak	6	Q120074
Hochschlegel	47.69158	12.88376	1688	peak	4	Q19285644
Karkopf	47.68637	12.89272	1739	peak	11	Q584978
Dreisesselberg	47.69157	12.89771	1680	peak	8	Q1258124
Mittlerer Rotofen	47.69432	12.91897	1396	peak	4	Q11825933
Berchtesgadener Hochthron	47.69351	12.98662	1972	peak	11	Q317811
Bleckwand	47.69228	13.44625	1541	peak	6	Q19835536
Sparber	47.69428	13.46619	1502	peak	6	Q2307116
Katrin	47.68987	13.58004	1542	peak	4	Q1736691
Redender Stein	47.68987	13.88672	1900	peak	6	Q8553231
Wildgößl	47.69254	13.93167	2062	peak	5	Q21877873
Feuertalberg	47.68574	14.02216	2376	peak	5	Q60041293
Hochstadl	47.68561	15.07468	1919	peak	12	Q3786091
Heukuppe	47.68899	15.68947	2007	peak	4	Q21871661
Hartlspitz	47.68748	16.31454	708	peak	3	Q1587239
Lom-hegy	47.69127	18.96658	589	peak	3	Q26232150
Bölcső-hegy	47.69098	18.97985	588	peak	4	Q26233356
Colline de Bourlémont	47.70476	6.62001	474	peak	5	Q16540847
Hochtannenkopf	47.70085	11.49564	1184	peak	3	Q31539718
Keilkopf	47.69539	11.60238	1125	peak	3	Q16832392
Schweinberg	47.69668	11.62172	1278	peak	3	Q16856787
Huder	47.70129	11.67559	1382	peak	3	Q19963321
Riederstein	47.70419	11.79231	1207	peak	4	Q30335869
Baumgartenschneid	47.70223	11.81118	1448	peak	9	Q811560
Lahnenkopf	47.69908	11.82427	1416	peak	3	Q31532641
Wendelstein	47.70348	12.01205	1838	peak	15	Q819671
Kesselwand	47.70184	12.02111	1721	peak	3	Q15056989
Wildalpjoch	47.70132	12.03543	1720	peak	8	Q1293138
Kaserwand	47.70104	12.03927	1690	peak	6	Q1734938
Schortenkopf	47.70090	12.06338	1322	peak	3	Q31521871
Rehleitenkopf	47.70257	12.10368	1338	peak	4	Q31526565
Kranzhorn	47.70052	12.18354	1368	peak	8	Q1439810
Breitenstein	47.69717	12.33804	1661	peak	5	Q15108006
Predigtstuhl	47.69619	12.87897	1613	peak	8	Q877151
Siriuskogl	47.70478	13.61799	599	peak	5	Q21862455
Rotgschirr	47.70203	13.99606	2270	peak	9	Q2168559
Temlberg	47.70011	14.03634	2327	peak	5	Q21863450
Spitzmauer	47.69556	14.06203	2446	peak	10	Q668557
Hengstpass	47.70221	14.46035	985	pass	4	Q1605214
Weißjacklberg	47.69727	15.95881	805	peak	4	Q2557241
Heuberg	47.69756	16.30683	748	peak	8	Q1379209
Geißspitz	47.69650	16.33652	565	peak	3	Q1499142
Reisnerkogel	47.70381	16.37326	443	peak	4	Q1405978
Rohrenkopf	47.71338	7.92749	1170	peak	7	Q2162329
Ursersberg	47.71256	10.18496	1129	peak	4	Q8553176
Luckenkopf	47.71463	11.66470	1370	peak	3	Q22692887
Hirschgröhrkopf	47.71376	11.88918	1272	peak	3	Q31540383
Auracher Köpferl	47.71377	11.90792	1231	peak	3	Q31535780
Soinwand	47.70501	12.02136	1756	peak	7	Q2297964
Großer Riesenkopf	47.70847	12.10688	1337	peak	7	Q1548935
Maiwand	47.71030	12.11481	1135	peak	5	Q1885965
Petersberg	47.71185	12.12512	842	peak	9	Q2079549
Spitzstein	47.71095	12.24693	1598	peak	11	Q185459
Geigelstein	47.70755	12.33451	1808	peak	9	Q315546
Gurnwandkopf	47.70521	12.57768	1691	peak	4	Q31354117
Hörndlwand	47.70639	12.58444	1684	peak	8	Q977119
Dötzenkopf	47.70903	12.88830	1001	peak	6	Q1271535
Hochplatte	47.71009	12.90422	911	peak	3	Q1621994
Hirschangerkopf	47.70779	12.95551	1769	peak	3	Q21871733
Breitenberg	47.71426	13.38712	1260	peak	4	Q21877870
Kalvarienberg	47.71467	13.60636	606	peak	5	Q19631320
Großer Wildenkogel	47.71244	13.79302	2093	peak	7	Q18412981
Zwölferkogel	47.70967	13.95167	2099	peak	4	Q21879162
Zwölferkogel Nordgipfel	47.71130	13.95298	2059	peak	4	Q21879162
Garstner Eck	47.70916	14.33429	794	peak	3	Q21862751
Hochkar	47.71083	14.90121	1808	peak	12	Q671628
Fadenkamp	47.70919	15.08684	1804	peak	3	Q21874030
Tonion	47.71317	15.37889	1699	peak	6	Q1650829
Dreimarkstein	47.70871	15.71546	1949	peak	5	Q19946237
Nagy-Eménkes	47.70875	18.50919	526	peak	16	Q256766
Nagy-Gete	47.70898	18.68315	457	peak	4	Q25459832
Siblinger Randenturm	47.72100	8.53407	790	peak	3	Q2280896
Zwiesel	47.72357	11.48845	1348	peak	6	Q14850767
Schürfenkopf	47.72237	11.60078	1096	peak	3	Q31521735
Rechelkopf	47.72230	11.62475	1330	peak	7	Q2135213
Gronetseck	47.71558	11.64970	1278	peak	3	Q26271340
Kogelkopf	47.71903	11.67440	1324	peak	4	Q19843401
Gindelalmschneid	47.72362	11.79569	1335	peak	5	Q1524911
Breitenstein	47.72109	11.98777	1622	peak	8	Q879983
Hochsalwand	47.71680	12.03576	1625	peak	7	Q1622038
Rampoldplatte	47.72394	12.04360	1422	peak	5	Q980656
Salzburger Hochthron	47.71802	13.00475	1853	peak	6	Q18615505
Geiereck	47.72241	13.00874	1805	peak	4	Q21870968
Jainzenberg	47.72097	13.62429	834	peak	5	Q21862476
Rinnerkogel (Augstkogel)	47.71972	13.83983	2012	peak	7	Q1431397
Feigentalhimmel	47.72254	13.88639	1984	peak	5	Q21874069
Großer Woising	47.71611	13.90321	2064	peak	5	Q26995019
Schermberg	47.71537	14.03521	2396	peak	6	Q2233723
Almtaler Köpfl	47.71855	14.03937	2204	peak	3	Q83382100
Großer Priel	47.71694	14.06325	2515	peak	17	Q695334
Wasserklotz	47.72119	14.48113	1505	peak	6	Q2551074
Amaißbichl	47.71548	15.63595	1828	peak	5	Q50368788
Gfieder	47.71532	16.00941	609	peak	4	Q1395620
Krieriegel	47.71918	16.29457	682	peak	5	Q1312661
Öreg-kő	47.72306	18.57435	374	peak	4	Q1472254
Dobogó-kő	47.71995	18.89902	699	peak	5	Q907082
Zeller Blauen	47.73421	7.85173	1077	peak	6	Q14531851
Rosenegg	47.73451	8.82572	549	peak	4	Q174579
Blender	47.72930	10.22517	1072	peak	5	Q883779
Stallauer Eck	47.73375	11.47864	1213	peak	5	Q15848876
Blomberg Westgipfel	47.73335	11.49210	1248	peak	6	Q244660
Heigelkopf	47.72771	11.51335	1218	peak	10	Q869872
Sulzkopf	47.72953	11.62091	1279	peak	4	Q16857355
Nesselscheibe	47.72840	11.68045	1258	peak	3	Q16854886
Gassler Berg	47.73387	11.76833	1178	peak	4	Q16064616
Neureuth	47.72846	11.77209	1261	peak	7	Q571058
Oeder Kogel	47.73445	11.77658	1135	peak	5	Q16320527
Schußkogel	47.73481	11.78634	1134	peak	3	Q18289376
Auer Berg	47.73059	11.81050	1252	peak	4	Q16054465
Rainer Berg	47.73236	11.82632	1169	peak	5	Q16292474
Eibelkopf	47.72760	11.99168	1317	peak	3	Q31558962
Heuberg	47.72610	12.18434	1338	peak	7	Q1616384
Unternberg	47.72931	12.64012	1450	peak	5	Q2498131
Rauschberg	47.73295	12.68394	1645	peak	8	Q2133484
Hohe Schrott	47.72762	13.71126	1839	peak	5	Q21868043
Hochkogel	47.72884	13.79096	1591	peak	4	Q21862524
Grünberg	47.72830	13.80800	1870	peak	4	Q21871420
Fäustling	47.73488	13.99826	1919	peak	4	Q1479220
Zwillingkogel	47.73183	14.05769	2184	peak	3	Q82559831
Kreuz	47.72918	14.05790	2174	peak	4	Q82554454
Kleiner Priel	47.73294	14.12899	2136	peak	6	Q18628218
Wurbauerkogel	47.72620	14.34039	858	peak	5	Q21858308
Hochkogel	47.72942	14.77740	1774	peak	6	Q1493298
Kogel	47.73304	16.32050	537	peak	5	Q1778389
Le Fayé	47.74014	6.89676	916	peak	4	Q16635952
Gehrenberg	47.74183	9.42444	752	peak	11	Q538262
Auerberg	47.73530	10.73574	1055	peak	6	Q759244
Wallenburger Kogel	47.74500	11.79667	936	peak	4	Q18334815
Rohnberg (Schliersberg)	47.74279	11.88831	1257	peak	6	Q15059837
Katzenköpfl	47.73818	11.99512	1132	peak	3	Q27882380
Sterneck	47.74293	11.99587	1241	peak	3	Q27190515
Farrenpoint	47.74335	12.03558	1273	peak	5	Q1397113
Sulzberg	47.74462	12.06267	1119	peak	7	Q2365083
Klausenberg	47.73883	12.26676	1554	peak	5	Q1745964
Zwölferhorn	47.74251	13.35143	1521	peak	6	Q245218
Tamberg	47.73734	14.21648	1516	peak	5	Q21862765
Gösing	47.73877	15.98898	898	peak	6	Q1559624
Bauernmaiß	47.73707	16.29835	630	peak	3	Q811284
Bergkogel	47.74371	16.29919	621	peak	3	Q819924
Prédikálószék	47.73927	18.92065	639	peak	4	Q26231302
Buchberg	47.75304	11.50703	857	peak	4	Q20183860
Platten	47.74905	11.65028	879	peak	6	Q236127
Schwarzenberg	47.75305	11.96441	1187	peak	3	Q27342216
Hochries	47.74715	12.24873	1569	peak	6	Q1533425
Hochplatte	47.75109	12.40500	1586	peak	5	Q1072432
Hochgern	47.75057	12.51578	1748	peak	8	Q1515760
Hochstaufen	47.75496	12.84876	1771	peak	12	Q571702
Fuderheuberg	47.75352	12.87099	1350	peak	6	Q879480
Mühlstein	47.75168	13.12686	1059	peak	6	Q1958645
Leonsberg	47.75456	13.56878	1745	peak	6	Q203891
Bodenwies	47.75175	14.56642	1540	peak	5	Q889794
Mendlingpass	47.74818	14.89830	686	pass	3	Q1374743
Großer Zeller Hut	47.75377	15.20063	1639	peak	6	Q1549115
Mittlerer Zeller Hut	47.75339	15.21358	1586	peak	3	Q21866110
Wildalpe	47.75364	15.45548	1523	peak	5	Q2570357
Glatzeter Kogel	47.74680	15.61065	1594	peak	4	Q21877864
Großer Sonnleitstein	47.75211	15.63885	1639	peak	6	Q1447799
Urak asztala	47.75358	19.00671	593	peak	4	Q26230544
Гнатася	47.74554	24.88054	1766	peak	7	Q23972
Staufenkopf	47.75808	8.20381	1037	peak	5	Q18028128
Hohentwiel	47.76475	8.81894	686	peak	21	Q700092
Friedenrath	47.76108	12.40567	1432	peak	3	Q31546708
Schnappenberg	47.76295	12.48668	1250	peak	6	Q1671120
Hochfelln	47.76235	12.55922	1674	peak	8	Q1621782
Zwiesel	47.75522	12.81730	1782	peak	10	Q244657
Hellbrunner Berg	47.75887	13.06618	515	peak	9	Q876484
Hengstberg	47.75991	13.10094	778	peak	3	Q1345883
Schwarzenberg	47.76035	13.15658	1334	peak	6	Q2253810
Goffeck	47.75877	13.68287	1101	peak	3	Q21881738
Steyreck	47.76346	14.38927	1592	peak	5	Q21863303
Großer Größtenberg	47.76479	14.42514	1724	peak	5	Q21871318
Палениця	47.75884	24.87237	1749	peak	4	Q23970
Томнатик	47.76427	25.03380	1565	peak	5	Q12161893
Planche des Belles Filles	47.76720	6.77423	1148	peak	21	Q2098121
Hochkopf	47.76712	7.98716	1263	peak	6	Q390008
Hagen	47.77480	8.56766	912	peak	6	Q5638593
Staufen	47.77242	8.80348	593	peak	7	Q1414590
Staufen	47.77226	8.80561	590	peak	7	Q1414590
Morzger Hügel	47.76693	13.05763	470	peak	3	Q1948790
Sonnberg	47.77204	13.32458	1073	peak	4	Q18413098
Sulzberg	47.76865	13.34143	1017	peak	3	Q18413294
Breitenberg	47.77200	13.51542	1412	peak	4	Q21873640
Brandberg	47.76654	13.96755	1074	peak	3	Q21873610
Gamsplan	47.77443	14.33464	1902	peak	4	Q21870927
Mayrwipfl	47.76691	14.37357	1736	peak	3	Q60607334
Lahnsattel	47.77489	15.48568	1015	pass	6	Q1800615
Klosterwappen	47.76706	15.80450	2076	peak	3	Q21868575
Mitterriegel	47.76654	16.29614	534	peak	4	Q1405683
Ballon Saint-Antoine	47.78395	6.78959	1128	peak	4	Q16531059
Blauen	47.77733	7.70124	1165	peak	12	Q25630
Höllersberg	47.78360	11.72941	795	peak	3	Q31538240
Zinnkopf	47.78131	12.67738	1227	peak	6	Q205091
Schafberg	47.77658	13.43349	1783	peak	15	Q682684
Hoher Nock	47.78279	14.32305	1963	peak	9	Q875839
Коман	47.78038	24.83631	1723	peak	3	Q23981
Col des Chevrères	47.79133	6.74241	916	pass	4	Q17461950
Le Wissgrut	47.79278	6.86139	1124	peak	3	Q16683382
Köhlgarten	47.79083	7.77877	1224	peak	3	Q31533729
Blößling	47.79446	8.00454	1310	peak	3	Q32406290
Rainberg	47.79488	13.03628	511	peak	9	Q1651678
Festungsberg	47.79490	13.04708	548	peak	8	Q1409030
Gurlspitze	47.78797	13.14327	1158	peak	6	Q1555233
Hohe Rehstatt	47.79221	13.61710	1038	peak	3	Q21868018
Ofenhöhe	47.78935	13.70080	1594	peak	3	Q21881739
Eibenberg	47.78783	13.82439	1598	peak	5	Q21873927
Rohrauer Größtenberg	47.78777	14.28877	1810	peak	4	Q21871396
Dürrenstein	47.78573	15.05943	1878	peak	16	Q874810
Zellerrain	47.79150	15.21515	1121	pass	6	Q187770
Bürgeralpe	47.78772	15.32896	1270	peak	9	Q1021029
Himberg	47.78744	15.92364	948	peak	4	Q1619035
Яровиця	47.79350	25.02975	1587	peak	5	Q4538703
Colline de la Bretèche	47.80043	-1.36788	117	peak	3	Q2983440
Luginsland	47.80147	7.60983	343	peak	5	Q1876037
Sirnitz	47.80169	7.76755	1114	peak	3	Q31520599
Hohenstoffeln	47.79532	8.75007	842	peak	6	Q520511
Hohenkrähen	47.79874	8.82021	644	peak	7	Q1623742
Hoher Peißenberg	47.80096	11.01323	988	peak	9	Q896781
Karolinenhöhe	47.79653	13.04042	508	peak	3	Q15823114
Bürglstein	47.79903	13.05737	455	peak	4	Q1021578
Höllkar	47.79853	13.35493	1169	peak	4	Q21868074
Großer Schoberstein	47.80022	13.55193	1037	peak	6	Q1756037
Segenbaumkogel	47.80211	13.65230	1779	peak	3	Q21881736
Großer Höllkogel	47.79769	13.67820	1862	peak	9	Q1548711
Helmeskogel	47.80337	13.71548	1633	peak	4	Q21881741
Wimmersberg	47.80385	13.74289	1243	peak	3	Q21881740
Kasberg	47.80163	13.99821	1747	peak	7	Q785778
Spering	47.80372	14.19432	1605	peak	5	Q21863162
Col du Hundsruck	47.80631	7.04246	748	pass	3	Q1107479
Mägdeberg	47.80568	8.79743	664	peak	7	Q1243466
Teisenberg	47.80566	12.76821	1333	peak	6	Q1445024
Högl	47.80814	12.89995	827	peak	5	Q1643517
Kapuzinerberg	47.80515	13.05796	640	peak	11	Q873917
Gaisberg	47.80512	13.11272	1287	peak	13	Q688441
Schober	47.81283	13.31219	1328	peak	6	Q2248405
Drachenwand	47.81377	13.34725	1176	peak	8	Q1254353
Mahdlgupf	47.80508	13.55923	1261	peak	6	Q16854564
Grünalmkogel	47.81438	13.64000	1822	peak	7	Q8553230
Hochhirn	47.80651	13.66666	1821	peak	4	Q21881742
Eiblgupf	47.81467	13.67567	1813	peak	4	Q21873935
Gemeindealpe	47.81303	15.24970	1626	peak	7	Q1500367
Klostertaler Gscheid	47.81020	15.79946	764	pass	6	Q1776504
Ascher	47.81409	15.94139	739	pass	3	Q21873439
Plackles	47.81420	16.00319	1132	peak	11	Q475028
Col du Ballon d'Alsace	47.82087	6.83691	1165	pass	4	Q2982247
Ballon d'Alsace	47.82235	6.84523	1248	peak	21	Q1334057
Rossberg	47.82037	7.00894	1191	peak	3	Q3442813
Belchen	47.82249	7.83300	1414	peak	13	Q515385
Hasenhorn	47.82013	7.95868	1156	peak	6	Q652565
Höchsten	47.82279	9.40112	843	peak	6	Q741838
Schindelberg	47.82472	11.60766	805	peak	3	Q31523018
Nockstein	47.81574	13.11991	1043	peak	6	Q1995215
Hochplettspitze	47.82196	13.46932	1134	peak	5	Q21871853
Brennerin	47.81659	13.57866	1605	peak	8	Q909304
Alberfeldkogel	47.81711	13.70529	1707	peak	7	Q1585675
Feuerkogel	47.81604	13.72228	1592	peak	9	Q732450
Großer Sonnstein	47.82377	13.77451	1037	peak	5	Q21871354
Erlakogel	47.81937	13.82566	1575	peak	6	Q1307736
Brennet	47.81899	14.14059	1249	peak	4	Q23309495
Перевал Джогуль	47.81579	25.10092	1160	pass	3	Q4160369
Knöpflesbrunnen	47.82665	7.91319	1124	peak	4	Q13406695
Spießhorn	47.83071	8.04145	1351	peak	6	Q15129013
Äulemer Kreuz	47.82707	8.08780	1138	pass	3	Q258177
Taubenberg	47.82747	11.74945	896	peak	6	Q2396498
Heuberg	47.83121	13.10781	901	peak	5	Q76958394
Hochleckenkogel	47.82695	13.62084	1691	peak	8	Q1621952
Brunnkogel	47.82761	13.63012	1708	peak	8	Q992922
Kleiner Sonnstein	47.82914	13.78479	923	peak	5	Q21868512
Almkogel	47.82569	14.56476	1513	peak	6	Q1637535
Ennsberg	47.83101	14.59815	1373	peak	3	Q1343450
Kernhofer Gscheid	47.82831	15.48390	970	pass	4	Q871967
Naszály	47.83367	19.15196	652	peak	4	Q26231720
Silberberg	47.83764	7.99703	1359	peak	6	Q2285729
Herzogenhorn	47.83538	8.01934	1416	peak	14	Q460690
Hohenhewen	47.83623	8.74715	845	peak	7	Q519850
Hochberg	47.84123	12.65606	775	peak	4	Q1321369
Plainberg	47.83750	13.04430	549	peak	7	Q1785452
Kremsmauer	47.84433	14.10023	1604	peak	6	Q1396504
Großer Sulzberg	47.83855	15.38339	1400	peak	8	Q282766
Силигул	47.83998	24.71518	1688	peak	4	Q4419175
Лостун	47.84237	24.78258	1653	peak	3	Q4267311
Haute Bers	47.84627	6.91202	1252	peak	3	Q3128527
Tête des Perches	47.85012	6.92007	1222	peak	4	Q3546957
Molkenrain	47.85408	7.12993	1125	peak	5	Q1943538
Col de Herrenfluh	47.84554	7.14337	835	pass	3	Q18005369
Grafenmatt	47.84787	8.02043	1377	peak	3	Q31544952
Kulmspitze	47.85072	13.40627	1095	peak	5	Q21868776
Zuckerhut	47.85060	13.97935	902	peak	3	Q21881727
Josefsberg	47.84531	15.31423	1012	pass	4	Q874171
Col des Croix	47.85972	6.74707	680	pass	4	Q2982214
Riesenkopf	47.86150	7.12794	1077	peak	4	Q17485172
Vieil Armand	47.86091	7.16102	956	peak	13	Q325716
Seebuck	47.86461	8.02249	1449	peak	10	Q1412192
Feldbergpass	47.85631	8.02908	1231	pass	3	Q1402367
Hochgitzen	47.85606	13.03419	676	peak	5	Q21871796
Mondseeberg	47.86480	13.37107	1029	peak	6	Q1770180
Ötscher	47.86186	15.20251	1893	peak	16	Q307436
Enzian	47.86028	15.48834	1233	peak	4	Q2448353
Großer Neukogel	47.85509	15.91118	1053	peak	6	Q17575134
Hidas-bérc	47.86016	20.01533	973	peak	3	Q26229495
Чивчин	47.86465	24.71028	1766	peak	6	Q4515640
Tête des Neufs Bois	47.87178	6.90966	1229	peak	4	Q3546956
Stübenwasen	47.86740	7.97157	1389	peak	8	Q1522277
Feldberg	47.87399	8.00467	1494	peak	38	Q316401
Wachbühl	47.87300	9.97063	793	peak	7	Q2538325
Traunstein	47.87320	13.83980	1691	peak	17	Q700658
Katzenstein	47.87454	13.85929	1349	peak	7	Q1736918
Georgenberg	47.87360	14.13832	595	peak	6	Q124342173
Schneeberg	47.87316	14.41149	1244	peak	3	Q56882755
Annaberg	47.87139	15.37780	976	pass	3	Q564131
Rohrer Sattel	47.87055	15.79870	864	pass	7	Q2162334
Tót-hegyes	47.87286	19.83244	814	peak	5	Q26230509
Kékes	47.87260	20.00798	1014	peak	45	Q747618
Пнів’є	47.87173	24.84817	1586	peak	3	Q24422
Col Amic	47.87549	7.12735	828	pass	3	Q2981945
Notschrei	47.87626	7.90965	1120	pass	3	Q2002510
Baldenweger Buck	47.87717	8.01475	1461	peak	5	Q804766
Neuhewen	47.87889	8.71721	867	peak	7	Q1980659
Große Plaike	47.88492	13.23623	1034	peak	6	Q15111854
Kolomansberg	47.87670	13.27515	1114	peak	6	Q1565798
Ochsattel	47.88230	15.63947	820	pass	3	Q2013546
Sonnenberg	47.87551	16.47585	484	peak	6	Q1418545
Buchkogel	47.87769	16.53885	443	peak	3	Q998578
Le Sudelkopf	47.88581	7.13087	1012	peak	3	Q17405130
Toter Mann	47.89214	7.99025	1321	peak	5	Q15851272
Fürstenberg	47.89044	8.56169	918	peak	4	Q162539
Sturmberg	47.88632	9.35257	771	peak	5	Q2359306
Lehmberg	47.89225	13.26419	1027	peak	6	Q18410698
Hirschwaldstein	47.88767	14.16823	1095	peak	6	Q1620525
Hennesteck	47.89249	15.35978	1334	peak	6	Q1281005
Csór-hegy	47.89308	19.97000	733	peak	3	Q20438874
Le Drumont	47.90216	6.91670	1200	peak	7	Q3040130
Storkenkopf	47.90472	7.08222	1366	peak	10	Q1574024
Grand Ballon	47.90084	7.09840	1424	peak	23	Q1397720
Col du Grand Ballon	47.90368	7.10326	1343	pass	23	Q1397720
Hochfirst	47.90119	8.18416	1190	peak	8	Q897231
Haselrast	47.90460	15.80063	778	pass	4	Q1588283
Hohe Mandling	47.89525	16.00903	967	peak	7	Q1623486
Mont Lassois	47.90619	4.53223	307	peak	7	Q1945401
Hundskopf	47.91210	7.06303	1238	peak	3	Q17485159
Schauinsland	47.91188	7.89866	1284	peak	18	Q650549
Höwenegg	47.91243	8.73827	803	peak	6	Q827395
Haunsberg	47.91483	12.99607	835	peak	6	Q1589369
Gmundnerberg	47.90580	13.73500	884	peak	6	Q1451854
Gaisberg	47.91027	14.28056	1267	peak	6	Q1491341
Hohe Dirn	47.91151	14.39509	1134	peak	4	Q21871234
Schieferstein	47.91173	14.48409	1206	peak	6	Q1624370
Jochart	47.91247	15.71198	1266	peak	6	Q8553177
Șerban / Шербан	47.91142	24.29818	1793	peak	5	Q4179521
Col du Page	47.91588	6.89091	957	pass	3	Q2361562
Col d'Oderen	47.92269	6.91736	884	pass	5	Q1107537
Hinterwaldkopf	47.91897	8.01678	1198	peak	7	Q1619849
Grillenparz	47.92047	14.13312	842	peak	5	Q21881767
Großer Landsberg	47.92172	14.22680	899	peak	3	Q21873889
Türnitzer Höger	47.91944	15.55599	1372	peak	6	Q2465101
Nagy-Inóc	47.92195	18.91473	826	peak	3	Q26231659
Piszkés-tető	47.91700	19.89510	944	peak	3	Q18702542
Galya-tető	47.91623	19.91609	965	peak	13	Q747656
Pop Ivan / Піп Іван Мармароський	47.92381	24.32792	1938	peak	16	Q4372154
Col du Ménil	47.92617	6.81705	621	pass	3	Q2982294
Haut de Felsach	47.93081	6.92589	1161	peak	3	Q31664002
Felsachkopf	47.92677	6.93131	1108	peak	3	Q31663985
Trehkopf	47.92710	7.01634	1266	peak	5	Q17426306
Jungfrauenkopf	47.92621	7.02441	1268	peak	4	Q16647598
Wartenberg	47.92565	8.61798	844	peak	5	Q2549962
Buchberg	47.92767	13.52916	808	peak	4	Q21881735
Trafelberg	47.92959	15.86820	1146	peak	3	Q21863542
Hals	47.92703	15.98864	662	pass	3	Q1572143
Ágasvár	47.92656	19.82746	788	peak	4	Q26233586
Nagy-Eged hegy	47.92896	20.41316	537	peak	6	Q26072143
Баба Людова	47.92541	24.78323	1586	peak	5	Q4074111
Лунгуль	47.93383	25.30682	1377	peak	5	Q114293
Batzenberg	47.93764	7.74002	328	peak	4	Q811067
Rappeneck	47.93507	7.91716	1010	peak	6	Q2131639
Rossberg	47.94447	8.08019	1120	peak	4	Q2171320
Weißtannenhöhe	47.94012	8.11766	1191	peak	4	Q25099535
Schoibernberg	47.93805	13.33924	883	peak	5	Q18412923
Die Röten	47.94465	13.38651	819	peak	3	Q18620433
Sauzahn	47.93866	14.47679	770	peak	4	Q18412861
Unterberg	47.93842	15.81913	1342	peak	10	Q875549
Almesbrunnberg	47.93586	15.92068	1079	peak	6	Q1734621
Waxeneck	47.93849	16.02904	797	peak	5	Q2552941
Guglzipf	47.93859	16.11225	474	peak	4	Q1553415
Nagy-Hideg-hegy	47.93693	18.92266	864	peak	6	Q1213908
Погребина	47.93585	24.73310	1605	peak	3	Q24418
Тарниця	47.93555	24.78928	1553	peak	3	Q4452059
Tête du Chat Sauvage	47.94641	6.92003	1153	peak	3	Q34815896
Col d'Hahnenbrunnen	47.95157	7.01951	1186	pass	3	Q17625028
Breitfirst	47.94760	7.02698	1280	peak	3	Q17485176
Schönberg	47.95471	7.80550	644	peak	9	Q885298
Buchberg	47.95366	13.10856	801	peak	5	Q20672042
Kogler Berg	47.95202	13.33005	819	peak	4	Q18409971
Csóványos	47.94909	18.94853	938	peak	16	Q876273
Берлебашка	47.95327	24.31594	1734	peak	4	Q4084959
Copilașu / Копилаш	47.94553	24.60182	1599	peak	3	Q4232329
Керничний	47.94809	24.62725	1589	peak	4	Q4219655
Le Grand Ventron	47.95944	6.92533	1204	peak	6	Q3114629
Hundskopf	47.96164	7.00342	1237	peak	3	Q17485163
Lauchenkopf	47.95618	7.03947	1314	peak	5	Q3218575
Hilsenfirst	47.96445	7.08502	1274	peak	4	Q19365608
Irrsberg	47.95626	13.27347	832	peak	6	Q18412726
Spadenberg	47.95534	14.52828	1000	peak	5	Q21865833
Reisalpe	47.95678	15.66346	1399	peak	13	Q685577
Kieneck	47.96083	15.87417	1106	peak	6	Q1741025
Magos-fa	47.95779	18.93858	916	peak	3	Q1161764
Петрос Мармароський	47.96231	24.33804	1781	peak	5	Q4361615
Micu Mic / Неніска Мала	47.96180	24.46403	1815	peak	3	Q4317121
Mica Mare / Неніска Велика	47.96311	24.47255	1815	peak	6	Q975402
Шурдин (найвищий перевал України)	47.96267	25.25250	1173	pass	5	Q4527951
Магура	47.96172	25.26678	1313	peak	4	Q12122100
Le Schweisel	47.97442	6.99060	1271	peak	4	Q17426607
Col du Platzerwasel	47.96950	7.04289	1183	pass	6	Q2982307
Lorettoberg	47.97492	7.83959	385	peak	7	Q1870290
Tannberg	47.97354	13.19022	787	peak	4	Q2392911
Stogu / Стіг	47.96877	24.56304	1650	peak	10	Q2358215
Schnepfenriedkopf	47.98137	7.04184	1258	peak	3	Q31663718
Petit Ballon	47.98063	7.12603	1272	peak	10	Q1721201
Schwarzberg	47.97926	14.47214	836	peak	4	Q21865619
Muckenkogel	47.98062	15.60801	1248	peak	8	Q18746931
Col de la Croix des Moinats	47.98746	6.81698	891	pass	3	Q2982171
Batteriekopf	47.99389	6.98063	1311	peak	6	Q1877318
Hochhub	47.98575	14.32287	613	peak	4	Q21871810
Col de Bramont	48.00049	6.94540	956	pass	3	Q2982017
Rothenbachkopf	48.00074	6.98100	1316	peak	8	Q3442970
Col du Firstplan	47.99926	7.18512	722	pass	4	Q2982267
Honigbuck	47.99713	7.76329	225	peak	3	Q16861395
Schlossberg	47.99749	7.86755	456	peak	9	Q277106
Hohbäumle	48.00441	9.88626	712	peak	6	Q1623418
Hocheck	47.99681	15.95166	1037	peak	6	Q1621749
Rainkopf	48.00975	6.98276	1305	peak	9	Q8158932
Rosskopf	48.01020	7.90254	737	peak	9	Q402832
Peilstein	48.01478	16.05214	718	peak	7	Q1283631
Hoher Lindkogel	48.00722	16.13488	834	peak	7	Q1623914
Kastelberg	48.02137	7.00103	1350	peak	8	Q2485743
Lupfen	48.02364	8.67097	977	peak	5	Q1877593
Am Heisteig	48.02200	10.66702	649	peak	3	Q1601343
Вихід	48.01768	24.57723	1471	peak	5	Q4129885
Col de Grosse Pierre	48.02639	6.88557	955	pass	3	Q2982058
Spitzkoepfe	48.03035	7.01574	1290	peak	4	Q3493628
Gerichtsberg	48.02996	15.85910	581	pass	4	Q873978
Pfaffstättner Kogel	48.03155	16.23826	550	peak	6	Q17126914
Скупова	48.03336	24.82612	1579	peak	7	Q4422731
Haut de Falimont	48.04288	7.00970	1306	peak	5	Q16641375
Hohneck	48.03761	7.01629	1363	peak	14	Q1624140
Hohenkarpfen	48.04118	8.71815	912	peak	5	Q1623737
Kalteis	48.03971	13.37709	734	peak	5	Q18413099
Gusterberg	48.03774	14.13654	488	peak	4	Q1556837
Кобила	48.03770	24.09352	1177	peak	8	Q15711661
Кобилецький перевал	48.03612	24.09374	870	pass	3	Q16701804
Tête de Grouvelin	48.04679	6.91669	1137	peak	3	Q17640220
Türnleberg	48.04851	8.55911	793	peak	4	Q2465114
Oberer Riedberg	48.05200	10.80446	686	peak	3	Q2009480
Anninger	48.04750	16.24590	675	peak	10	Q567198
Піп Іван Чорногірський	48.04697	24.62751	2028	peak	22	Q2003560
Col de la Schlucht	48.06417	7.02266	1139	pass	9	Q1107460
Kandel	48.06255	8.01132	1242	peak	11	Q314746
Eichkogel	48.06255	16.29256	367	peak	6	Q1302076
Tar-kő	48.05710	20.46120	949	peak	7	Q1316746
Перевел Камінь-Клевка (Рахівський)	48.05634	24.15421	1024	pass	3	Q16714096
Kandel	48.06500	8.01626	1204	pass	11	Q314746
Istállós-kő erőse	48.06946	20.43017	959	peak	18	Q1098335
Смотрич	48.06921	24.64405	1898	peak	8	Q4425273
Розтіцька	48.06810	24.79434	1513	peak	3	Q4398569
Le Tanet	48.08362	7.05215	1294	peak	7	Q3227523
Totenkopf	48.08123	7.67066	557	peak	10	Q464537
Brend	48.07942	8.15725	1149	peak	7	Q880372
Dreifaltigkeitsberg	48.08247	8.76190	990	peak	9	Q1257595
Дземброня	48.07621	24.60540	1877	peak	9	Q4160769
Eichelspitze	48.09240	7.69600	521	peak	4	Q1301437
Nimberg	48.08780	7.77608	253	peak	6	Q1992530
Alter Berg	48.09239	8.80447	980	peak	4	Q437781
Göblberg	48.09308	13.52640	801	peak	5	Q23689497
Schöpfl	48.08774	15.91409	893	peak	17	Q315479
Менчул	48.09065	24.59555	1998	peak	10	Q4307574
Schnaitkapf	48.10107	8.96507	920	peak	4	Q2246935
Spitzerberg	48.09918	16.95023	302	peak	6	Q1320114
Bálvány	48.09973	20.47205	957	peak	5	Q852855
Гутин Томнатик	48.09944	24.55665	2016	peak	15	Q4152998
Бребенескул	48.09761	24.58000	2038	peak	20	Q2091106
Schultiskopf	48.10896	8.09441	1075	peak	4	Q15128028
Obereck	48.11296	8.11698	1178	peak	5	Q2009394
Guggenberg	48.10658	13.49149	697	peak	3	Q18020590
Predigerstuhl	48.10691	16.21214	535	peak	3	Q21859739
Менчіль	48.11397	24.44270	1588	peak	3	Q31804214
Ребра	48.11119	24.55856	2001	peak	13	Q683191
Rocher Hans	48.12311	7.09276	1144	peak	7	Q267332
Hummelsberg	48.11786	8.76399	1002	peak	7	Q1637137
Königswarte	48.11556	17.02311	344	peak	8	Q1796511
Szilváskő	48.11723	19.90096	628	peak	4	Q1298391
Kopasz-hegy	48.12023	21.38178	513	peak	6	Q1118658
Туркул	48.12349	24.53051	1933	peak	12	Q4466192
Hörnleberg	48.12753	8.04591	906	peak	10	Q773086
Rohrhardsberg	48.13157	8.12563	1153	peak	10	Q885277
Parsberg	48.13285	11.32758	569	peak	4	Q2054143
Hegerberg	48.13221	15.77836	655	peak	4	Q1593740
Eichkogel	48.12661	16.21836	428	peak	5	Q21859775
Bierhäuslberg	48.12615	16.23850	488	peak	3	Q21927225
Hundsheimer Berg	48.13220	16.93873	480	peak	6	Q1637638
Hengstlhöhe	48.13808	16.04923	517	pass	3	Q1605211
Kleiner Semmering	48.14384	16.12667	462	pass	5	Q1506597
Sauberg	48.14375	16.27667	259	peak	3	Q2226983
Пожижевська	48.14431	24.52355	1822	peak	6	Q4368734
Данциж	48.13529	24.53147	1855	peak	6	Q4154911
Гомул	48.13594	24.56259	1787	peak	5	Q23979
Tête des Faux	48.15420	7.11512	1208	peak	4	Q33821796
Lemberg	48.15050	8.75038	1016	peak	13	Q186527
Jochgrabenberg	48.15319	16.01634	645	peak	6	Q19286687
Faßlberg	48.15275	16.23345	366	peak	5	Q21859792
Wilder Berg	48.15299	16.24332	370	peak	4	Q21881773
Antonshöhe	48.14922	16.24488	356	peak	3	Q1726493
Georgenberg	48.14691	16.25267	330	peak	3	Q1508702
Steinberg	48.15402	16.28257	252	peak	3	Q2339997
Braunsberg	48.15334	16.95784	346	peak	11	Q901776
Шешул	48.15025	24.36712	1728	peak	5	Q4523543
Брескул	48.15033	24.51054	1911	peak	10	Q4096324
Karreg an Tan	48.15757	-3.96722	281	peak	4	Q26832771
Col du Bonhomme	48.16462	7.08000	949	pass	8	Q1107476
Hochberg	48.15669	8.75606	1009	peak	7	Q1296562
Oberhohenberg	48.16421	8.76059	1010	peak	5	Q2009870
Wandbühl	48.16282	8.80480	1007	peak	7	Q2547916
Bussen	48.16234	9.55606	767	peak	12	Q464548
Turmberg	48.16026	13.61097	750	peak	5	Q1769829
Kaiserbrunnberg	48.15933	16.03392	576	peak	5	Q1721627
Bärenberg	48.16075	16.20005	434	peak	5	Q21859806
Laaber Kaiserzipf	48.15779	16.20194	382	peak	4	Q1799298
Kaiserzipf	48.15635	16.21381	339	peak	6	Q1721785
Mittlerer Eichberg	48.16248	16.22384	372	peak	5	Q21859809
Kleiner Eichberg	48.15519	16.22649	334	peak	6	Q21859791
Rosenhügel	48.15901	16.28322	258	peak	4	Q21859814
Laaer Berg	48.15806	16.39544	255	peak	9	Q873879
Karancs/Karanč	48.15825	19.78968	725	peak	8	Q16515528
Nagy-hegy	48.15745	21.16857	205	peak	3	Q1213956
Говерла	48.16021	24.49994	2061	peak	59	Q627508
Roc'h Toullaeron	48.16866	-3.64233	326	peak	4	Q20971941
Calotte Saint-Joseph	48.17323	-3.44539	292	peak	3	Q16535201
Bol	48.17113	8.80501	1003	peak	4	Q39074239
Luitpoldhügel	48.17242	11.57090	539	peak	3	Q1146187
Schlossberg	48.16972	13.60823	725	peak	3	Q1230590
Laabersteigberg	48.17054	16.16976	530	peak	3	Q21880665
Hornauskogel	48.17126	16.21258	504	peak	5	Q21859808
Kaltbründlberg	48.16900	16.21953	508	peak	5	Q21868251
Wienerberg	48.16510	16.36403	245	peak	8	Q2569185
Medvedia výšina	48.16703	19.88293	659	peak	3	Q31561266
Петрос	48.17201	24.42147	2020	peak	17	Q1419635
Ortenberg	48.17888	8.80034	996	peak	5	Q2031724
Rainen	48.17936	8.80884	1006	peak	6	Q2127938
Brandberg	48.17976	16.20374	419	peak	4	Q21859824
Gemeindeberg	48.17866	16.26048	321	peak	3	Q79051043
Girzenberg	48.18284	16.26732	285	peak	4	Q1362454
Roter Berg	48.18129	16.27273	262	peak	5	Q1600359
Küniglberg	48.17957	16.28901	262	peak	5	Q21868777
Kamzík	48.18185	17.09337	439	peak	9	Q848283
Апецька	48.18017	23.99529	1511	peak	6	Q4067993
Петросул	48.18052	24.41804	1848	peak	6	Q4361627
Col des Bagenelles	48.19248	7.11394	905	pass	6	Q2982208
Weichenwang	48.18543	8.94471	988	peak	7	Q2554873
Johannser Kogel	48.18954	16.21803	377	peak	5	Q21859828
Hagenberg	48.18863	16.24743	412	peak	4	Q1432705
Trazerberg	48.18524	16.26625	277	peak	3	Q2450708
Devínska Kobyla	48.18924	16.99569	514	peak	14	Q1207065
Апецька	48.18535	23.99755	1512	peak	6	Q4067993
Німчич перевал	48.18980	25.15699	580	pass	4	Q4317068
Col du Pré de Raves	48.19938	7.10706	1005	pass	4	Q2982312
Hünersedel	48.20460	7.97187	744	peak	8	Q885064
Malesfelsen	48.20233	9.03620	884	peak	3	Q6743122
Schöffelstein	48.19819	16.17543	425	peak	4	Q1321319
Rudolfshöhe	48.19559	16.18725	475	peak	5	Q19299473
Nikolaiberg	48.19882	16.24943	268	peak	4	Q1702683
Plettenberg	48.21339	8.80724	1002	peak	6	Q167378
Gräbelesberg	48.21125	8.91932	915	peak	6	Q1551267
Fröttmaninger Berg	48.21418	11.63045	562	peak	5	Q634016
Buchberg	48.21382	15.94476	469	peak	5	Q997948
Wolfersberg	48.21083	16.24624	322	peak	5	Q21859860
Konstantinhügel	48.21051	16.40309	170	peak	4	Q1782818
Біла Кобила	48.20965	24.80070	1477	peak	3	Q4081618
Буковецький перевал	48.20699	24.92422	810	pass	5	Q4098611
Ménez-Hom	48.21979	-4.23511	330	peak	7	Q1269725
Tête du Violu	48.22493	7.12651	994	peak	3	Q49754461
Gespaltener Fels	48.22030	8.83824	1000	peak	6	Q2230022
Lochenstein	48.22002	8.84932	963	peak	6	Q1359136
Hörnle	48.22253	8.87836	956	peak	3	Q30669048
Heersberg	48.22480	8.94893	964	peak	6	Q1593614
Schlossfelsen	48.21771	9.03645	953	peak	3	Q21714946
Georgenberg	48.21632	14.48221	278	peak	3	Q55221224
Brandstetterkogel	48.21879	14.87859	569	peak	3	Q898304
Troppberg	48.22388	16.11006	542	peak	6	Q1724182
Hühnersteigberg	48.21888	16.20574	408	peak	4	Q21859853
Kolbeterberg	48.22449	16.23058	426	peak	3	Q98896959
Satzberg	48.21528	16.26136	435	peak	4	Q21865363
Gallitzinberg	48.21942	16.27568	388	peak	8	Q874710
Malá Baňa	48.21799	17.13014	364	peak	4	Q18602927
Близниця Велика	48.22249	24.23119	1881	peak	10	Q4088161
Кукул	48.21615	24.54549	1540	peak	7	Q16703989
Кривопільський перевал	48.21513	24.67020	970	pass	3	Q12114680
Le Ramelstein	48.23487	7.25848	988	peak	6	Q1418334
Greutberg	48.23254	16.21330	449	peak	3	Q21859872
Heuberg	48.22958	16.27486	464	peak	4	Q21859878
Malinský vrch	48.23423	17.09374	424	peak	4	Q12770904
Жандарм	48.23209	24.23046	1763	peak	9	Q81828
Габорянська	48.22576	24.77717	1445	peak	4	Q4130930
Mooswaldkopf	48.24089	8.30120	881	peak	6	Q1947025
Böllat	48.24243	8.92505	920	peak	5	Q21714643
Hohe Wand	48.23826	16.21397	452	peak	3	Q21859871
Hochbruckenberg	48.23581	16.22719	497	peak	4	Q21859875
Dahaberg	48.24447	16.24457	507	peak	4	Q21859885
Steinerne Lahn	48.23681	16.24715	448	peak	3	Q21859876
Schafberg	48.23989	16.29238	390	peak	5	Q21859881
Ротило	48.24206	24.74772	1483	peak	6	Q4398643
Dealul Visoca	48.23825	27.95391	310	peak	3	Q27558188
Braunhardsberg	48.24657	9.00644	969	peak	6	Q901443
Exelberg	48.24791	16.24554	516	peak	7	Q548366
Hameau	48.25488	16.26529	465	peak	4	Q21874781
Michaelerberg	48.24555	16.28889	387	peak	4	Q21859888
Hackenberg	48.25069	16.31442	306	peak	9	Q1567167
Meiselberg	48.25210	16.32616	291	peak	5	Q1918225
Hungerberg	48.25177	16.34643	242	peak	5	Q21876791
Стіг	48.25089	24.22411	1704	peak	5	Q4442697
Ґрегіт	48.25393	24.77879	1472	peak	5	Q4148377
Farrenkopf	48.25671	8.18114	789	peak	5	Q1397118
Schutzengelberg	48.25708	16.22045	509	peak	3	Q21874782
Dreimarkstein	48.25870	16.28430	454	peak	5	Q1257989
Neuberg	48.25874	16.29665	418	peak	5	Q1979281
Pfaffenberg	48.26165	16.30861	415	peak	4	Q2082057
Malý Javorník	48.25568	17.15220	584	peak	3	Q26833005
Veľký Javorník	48.26095	17.16335	594	peak	4	Q31266883
Blatný vrch	48.26189	19.71343	358	peak	3	Q13396342
Szokolya	48.26433	21.29952	610	peak	4	Q12816326
Версалем	48.25703	24.72519	1407	peak	4	Q16694262
Могила Мечетна	48.26310	38.88100	367	peak	8	Q4299085
Col du Haut Jacques	48.27456	6.86258	605	pass	3	Q2982280
Hermannskogel	48.27072	16.29456	544	peak	14	Q873943
Vogelsangberg	48.27274	16.31096	516	peak	6	Q21874754
Latisberg	48.26700	16.31435	494	peak	6	Q21874752
Krapfenwaldl	48.26586	16.33071	354	peak	5	Q21874750
Nußberg	48.26868	16.34382	342	peak	5	Q21876788
Burgstall	48.27032	16.35551	295	peak	5	Q21876787
Тупий	48.27017	23.25100	878	peak	5	Q4141050
Темпа	48.27295	24.04225	1634	peak	5	Q4454518
Велика Куртяска	48.27098	24.06651	1621	peak	3	Q4091438
Догяска	48.26752	24.16184	1761	peak	6	Q4164111
Великий Котел	48.27104	24.20301	1770	peak	6	Q4235932
Le Chalmont	48.28383	7.28958	702	peak	4	Q2947986
Hundsrücken	48.27994	8.92914	931	peak	6	Q1637681
Irrenberg	48.28141	8.94478	921	peak	6	Q1673183
Kahlenberg	48.27634	16.33307	484	peak	25	Q697119
Leopoldsberg	48.27819	16.34521	425	peak	14	Q670841
Мала Куртяска	48.28351	24.08827	1644	peak	4	Q4277035
Унгаряска	48.28357	24.11635	1707	peak	6	Q4475634
Трояска	48.28394	24.14602	1702	peak	7	Q4464107
Heiligenkopf	48.29420	8.95553	893	peak	6	Q1537277
Kürnberg	48.29449	14.22157	526	peak	4	Q1797287
Blasenberg	48.29800	8.96092	886	peak	4	Q881796
Augstberg	48.29741	9.27668	849	peak	7	Q573704
Großer Peilstein	48.30276	15.10141	1062	peak	6	Q1548815
Kalvária	48.29643	18.08933	213	peak	4	Q12768809
Татарука	48.30152	24.14423	1707	peak	6	Q4452544
Яблуницький перевал	48.30269	24.44588	931	pass	18	Q1187710
Лисина Космацька	48.30167	24.73056	1465	peak	4	Q4263099
Zeller Horn	48.31252	8.98002	912	peak	6	Q187749
Raichberg	48.30528	8.99336	956	peak	5	Q594960
Pfenningberg	48.30982	14.35765	616	peak	6	Q1292837
Somár	48.30995	17.15390	650	peak	4	Q31266901
Менчул	48.31381	23.68012	1501	peak	7	Q13667714
Підпула	48.30543	24.09068	1629	peak	4	Q4362473
Mont Bel-Air	48.32309	-2.58354	339	peak	3	Q3321689
Haut de Rittempierre	48.31790	6.95242	611	peak	3	Q3433332
Hohenzollern	48.32361	8.96715	855	peak	6	Q1374777
Pöstlingberg	48.32419	14.25799	539	peak	11	Q2120837
Kumenberg	48.32007	16.21211	288	peak	3	Q2752851
Bisamberg (Elisabethhöhe)	48.32076	16.36300	360	peak	3	Q21876785
Магура	48.32230	24.54869	1288	peak	5	Q114210
Voyemont	48.33304	7.12716	793	peak	3	Q31667085
Col d'Urbeis	48.32620	7.17761	602	pass	3	Q2981999
Климова	48.32612	23.86162	1492	peak	4	Q31521508
Околе	48.32955	24.15670	1193	pass	4	Q4332622
Mt. Climont	48.34486	7.18327	965	peak	7	Q1101476
Brandenkopf	48.33859	8.15395	946	peak	9	Q885310
Koglerauer Spitz	48.34356	14.23178	685	peak	4	Q21868596
Hochbuchberg	48.33690	14.80739	836	peak	5	Q8552999
Jauerling	48.33977	15.33800	961	peak	7	Q1684101
Чорний Грунь	48.34081	24.28598	1486	peak	3	Q114205
Montagne Saint-Michel	48.35021	-3.94574	381	peak	7	Q2164399
Kornbühl	48.35450	9.09821	886	peak	6	Q1784500
Baba	48.35032	17.18939	527	pass	3	Q9163665
Zobor	48.34645	18.10879	587	peak	13	Q218078
Берляска	48.34601	24.07197	1555	peak	3	Q4085021
Чорна Клива	48.35017	24.25647	1719	peak	7	Q4518611
Col de Steige	48.36368	7.20015	534	pass	42	Q22491
Ungersberg	48.36269	7.35865	901	peak	6	Q940612
Čmeľok	48.36280	17.19865	709	peak	3	Q110678433
Veľká homoľa	48.36322	17.26113	709	peak	4	Q12778417
Tarbucka	48.36232	21.78943	278	peak	3	Q12777262
Сигланський	48.36306	23.79417	1564	peak	4	Q20092971
Свидова	48.35848	24.02126	1425	peak	4	Q4410688
Руська	48.35562	24.22681	1612	peak	5	Q4400412
Tuchenn Kador	48.37247	-3.95307	384	peak	3	Q3333199
Dreifürstenstein	48.37293	9.04415	854	peak	6	Q1257811
Žibrica	48.36735	18.15156	617	peak	4	Q31556900
Братківська Велика	48.36532	24.17873	1788	peak	9	Q4095906
Довга	48.36817	24.36924	1371	peak	7	Q4163964
Хом’як	48.36752	24.49679	1542	peak	6	Q4499702
Weinsberg	48.38310	15.03312	1041	peak	3	Q1721936
Skalnatá	48.38106	17.22875	704	peak	3	Q31267051
Kukla	48.38384	17.31746	564	peak	5	Q12769837
Kopaný závoz	48.38428	19.20681	775	peak	3	Q29054603
Топас	48.37917	23.74493	1548	peak	4	Q31519797
Ґропа	48.37673	24.16509	1758	peak	8	Q4150297
Farrenberg	48.38751	9.06977	820	peak	6	Q1109437
Sternberg	48.39337	9.37966	844	peak	4	Q1283257
Lichtenberg	48.38529	14.25438	927	peak	5	Q1646763
Дурня	48.38941	24.14849	1705	peak	8	Q7277068
Синяк	48.38842	24.45738	1665	peak	6	Q4420615
Filsenberg	48.39902	9.11263	805	peak	6	Q1415497
Bolberg	48.39853	9.14312	881	peak	3	Q891267
Sitno	48.40325	18.87725	1011	peak	13	Q1621423
Присліп	48.39913	23.79063	926	pass	5	Q4379134
Прибуй	48.39776	23.86307	1546	peak	3	Q18425335
Плоска	48.40135	24.28415	1353	peak	4	Q4365202
Бабин Погар	48.39789	24.40767	1449	peak	5	Q12079973
Малий Ґорґан	48.40013	24.43537	1592	peak	6	Q4278841
Roc'h Trevezel	48.40663	-3.90964	384	peak	8	Q460386
Veľký Inovec	48.41000	18.54359	900	peak	5	Q11892216
Roc’h Ruz	48.41667	-3.88029	385	peak	7	Q2160852
Col de Trédudon	48.41736	-3.86584	361	pass	12	Q2607651
Geißkopf	48.41749	7.97416	359	peak	5	Q1499132
Roßberg	48.41788	9.14317	869	peak	6	Q1324131
Schuttberg	48.42002	10.89444	512	peak	3	Q760550
Breitenstein	48.41539	14.27425	956	peak	3	Q42341371
Waschberg	48.42273	16.27753	395	peak	5	Q18397166
Vysoká	48.41695	17.21861	759	peak	13	Q2031115
Gergely-hegy	48.41617	21.31058	783	peak	3	Q26229397
Veľký kopec	48.41824	21.96124	261	peak	3	Q15631140
Lettstädter Höhe	48.43412	8.25784	966	peak	5	Q1119836
Sandl	48.42771	15.48652	723	peak	4	Q1511149
Michelberg	48.43007	16.28894	409	peak	6	Q1269287
Бужора	48.43389	23.14333	1081	peak	8	Q4098320
Ведмежик	48.43249	24.35884	1736	peak	5	Q4105815
Довбушанка	48.42502	24.37447	1754	peak	6	Q4163961
Mont Sainte-Odile	48.43746	7.40449	764	peak	17	Q1399857
Wachtstein	48.43631	15.11308		peak	3	Q2538524
Javorie	48.44147	19.29017	1044	peak	4	Q2094118
Стримба	48.43813	23.80058	1719	peak	6	Q4444012
Странжул	48.44076	23.91079	1630	peak	3	Q18434628
Пантир	48.43623	24.14154	1213	peak	7	Q4344342
Mont des Avaloirs	48.45063	-0.14438	416	peak	5	Q3322216
Tête du Coquin	48.45319	7.01065		peak	4	Q3546962
Staufenberg	48.44511	10.71485	577	peak	4	Q2334572
Tanád	48.45155	18.86890	938	peak	3	Q62667443
Полєнський	48.45237	24.33342	1693	peak	6	Q4369765
Товста	48.44787	24.41847	1400	peak	5	Q133515
Маковиця	48.45101	24.58948	984	peak	4	Q195179
Käpfle	48.45858	9.14842	595	peak	5	Q1689538
Buchberg	48.45999	14.55949	813	peak	6	Q997939
Vápenná	48.46013	17.27437	747	peak	8	Q2535894
Paradajs	48.46276	18.87420	939	peak	4	Q62667380
Буштул	48.46444	23.92505	1691	peak	5	Q4100699
Берть	48.46002	23.98918	1666	peak	6	Q4085241
Перевал Легіонів	48.46029	24.12633	1110	pass	6	Q4349975
Козій Ґорґан	48.45995	24.34373	1616	peak	3	Q4226564
Brandeckkopf	48.46735	8.02616	686	peak	7	Q897844
Georgenberg	48.47158	9.21157	602	peak	6	Q1508708
Feichtberg	48.47034	13.68612	777	peak	4	Q1401398
Hansberg	48.47422	14.14597	850	peak	3	Q1583664
Veľký Tribeč	48.46925	18.23968	830	peak	5	Q11892307
Budinská skala	48.46634	19.42970	766	peak	5	Q13398560
Дарвайка	48.46586	23.75475	1502	peak	6	Q4155024
Butte Chaumont	48.48075	-0.02679	378	peak	3	Q2928955
Col de la Chapelotte	48.48362	6.95609	446	pass	4	Q2982156
Alexanderschanze	48.48006	8.27614	973	pass	3	Q1476543
Starý Plášť	48.48044	17.32950	644	peak	3	Q31267041
Rozhľadňa	48.47629	21.70665	469	peak	3	Q13403646
Achalm	48.49394	9.24408	707	peak	7	Q897073
Hohe Warte	48.49242	9.33096	821	peak	4	Q1623563
Runder Berg	48.49004	9.36532	711	peak	8	Q787451
Pohanská	48.48924	17.27051	495	peak	3	Q31267037
Javor	48.48591	19.46193	821	peak	4	Q13419901
Кук	48.48794	23.40578	1361	peak	7	Q44933
Ясновець	48.48658	23.76403	1600	peak	5	Q4539366
Rangenbergle	48.50092	9.26525	589	peak	3	Q2130896
Polámané	48.49542	17.33673	621	peak	3	Q31267035
Ostrôžka	48.49834	19.37800	877	peak	3	Q16765323
Негровець	48.49829	23.71517	1709	peak	8	Q4316000
Передня	48.50365	23.84804	1598	peak	6	Q4350262
Spitzberg	48.50743	8.98989	475	peak	6	Q173880
Römerstein	48.51024	9.54361	874	peak	5	Q1436941
Haugstein	48.50840	13.67040	895	peak	5	Q1589269
Veterlín	48.51408	17.36386	724	peak	3	Q31267027
Molpír	48.51072	17.42387	352	peak	3	Q12038542
Le Petit Donon	48.51612	7.17586	961	peak	4	Q3377135
Rinkenkopf	48.51564	8.36436	760	peak	7	Q20180113
Pfaffenberg	48.51722	8.95111	472	peak	4	Q2082053
Brockenberg	48.52490	14.80219	1053	peak	3	Q53351565
Čelo	48.51698	17.39013	717	peak	3	Q31267029
Záruby	48.52345	17.39269	767	peak	16	Q246976
Havranica	48.52498	17.40699	717	peak	3	Q31267025
Steinenberg	48.53188	9.03000	492	peak	3	Q2340475
Явірник	48.53409	23.76810	1405	peak	6	Q195191
Кінець Ґорґану	48.52971	24.08389	1599	peak	5	Q25436130
Неґрова	48.53247	24.15052	1604	peak	5	Q4315999
Боярин	48.52877	24.17729	1675	peak	6	Q4095473
Schliffkopf	48.53535	8.21519	1055	peak	8	Q881889
Hörnle	48.54325	9.35383	707	peak	5	Q256254
Manhartsberg	48.54390	15.74890	537	peak	15	Q695580
Присліп	48.54475	23.36144	938	pass	5	Q12144322
Овул	48.53929	24.00255	1610	peak	5	Q18433008
Signal d'Ecouves	48.54990	0.03418	413	peak	5	Q3483587
Rocher de Mutzig	48.54935	7.23981	1009	peak	5	Q2160243
Jusiberg	48.54990	9.33921	673	peak	7	Q1545974
Ameisberg	48.55494	13.83379	941	peak	4	Q460775
Rohy	48.55247	19.34887	657	peak	4	Q31559745
Петрос Ґорґанський	48.55456	23.95108	1702	peak	4	Q20091252
Сивуля Велика	48.54921	24.11931	1836	peak	12	Q4418523
Сивуля Мала	48.54518	24.12934	1818	peak	7	Q4277335
Grossmann	48.55917	7.22278	986	peak	4	Q3117039
Melkereikopf	48.55611	8.20074	1016	peak	3	Q31308002
Vogelskopf	48.55823	8.21271	1056	peak	3	Q31294243
Ruhestein	48.56126	8.22173	915	pass	3	Q1409975
Sternstein	48.55997	14.26739	1125	peak	9	Q2345976
Viehberg	48.56029	14.62323	1112	peak	5	Q2523130
Oberleiser Berg	48.55891	16.37191	457	peak	6	Q1556302
Michalov vrch	48.56104	18.40958	541	peak	4	Q31561218
Markov vrch	48.55877	18.60972	937	peak	5	Q19690029
Кам’янка	48.55806	23.62896	1578	peak	3	Q16565187
Попадя	48.56320	23.90713	1740	peak	8	Q4372181
Лопушна	48.56287	24.10369	1694	peak	5	Q4266905
Seekopf	48.57035	8.23323	1054	peak	8	Q835657
Suchá hora	48.56648	18.56573	879	peak	4	Q16517729
Студенець	48.56502	23.96203	1600	peak	5	Q18434939
Боревка	48.56988	24.09146	1596	peak	4	Q4093540
Menez Bré	48.57641	-3.30774	302	peak	5	Q3305826
Breitenstein	48.58335	9.50148	812	peak	8	Q825221
Auchtert	48.58265	9.51703	813	peak	3	Q2013660
Buschberg	48.57711	16.39585	490	peak	8	Q1017299
Nagy-Milic / Veľký Milič	48.57677	21.45812	895	peak	11	Q897554
Обавський Камінь	48.58466	22.81587	979	peak	5	Q194554
Канч	48.57763	23.74935	1578	peak	3	Q16565256
Мала Попадя	48.57514	23.89106	1597	peak	3	Q4277229
Hohenbol	48.59351	9.46502	602	peak	6	Q1623641
Teckberg	48.58879	9.47032	775	peak	9	Q538217
Schwarze Mauer	48.59055	14.65833	1071	peak	3	Q1288290
Dubník	48.59414	17.22611	289	peak	3	Q12778913
Marhát	48.59477	17.97066	748	peak	6	Q12771025
Plešina	48.58895	18.59941	1078	peak	3	Q13538296
Rúbaný vrch	48.59330	18.60227	1097	peak	3	Q13403948
Ostrovica	48.58590	18.62628	855	peak	3	Q12773196
Schneeberg	48.60119	7.28694	961	peak	5	Q3475452
Kühlenberg	48.59596	8.75324	627	peak	3	Q22692721
Bromberg	48.59688	8.99250	583	peak	4	Q119508
Limburg	48.60451	9.53620	598	peak	5	Q1825384
Osečný vrch	48.59598	18.38828	552	peak	3	Q31560757
Balatom	48.59883	18.59184	1086	peak	3	Q12762865
Borová hora	48.59718	19.13326		peak	3	Q13396893
Граб	48.60227	23.30525	1374	peak	3	Q4147186
Паренки	48.59870	23.91103	1736	peak	6	Q4345079
Великий Канусяк	48.60333	23.96446	1642	peak	5	Q16614868
Ігровець	48.59759	24.09974	1804	peak	6	Q4197726
Hornisgrinde	48.60570	8.20212	1164	peak	15	Q650402
Boßler	48.60865	9.59437	803	peak	7	Q896224
Tischberg	48.60794	14.73181	1062	peak	6	Q2436449
Žarnov	48.60886	18.54277	840	peak	5	Q13365731
Buchlov	48.61144	18.57214	1040	peak	7	Q12763593
Kláštorská skala	48.61266	18.62527	1279	peak	5	Q13425009
Turniansky hrad	48.61094	20.87462		peak	11	Q248269
Дунавка	48.61066	22.87235	1018	peak	6	Q166143
Висока	48.60820	24.09557	1803	peak	12	Q159829
Betzenberg	48.61734	9.14313	500	peak	5	Q850622
Kornberg	48.62010	9.63306	780	peak	6	Q1784489
Dernberg	48.61773	16.17796	281	peak	4	Q21928665
Vtáčnik	48.62469	18.63482	1346	peak	5	Q643840
Čierťaž	48.62393	19.65717	1102	peak	3	Q31564930
Železník	48.62042	20.13012	814	peak	3	Q31551722
Dievčenská skala	48.61789	20.54553	660	peak	4	Q12764651
Jablonovské sedlo	48.61816	20.62955	535	pass	5	Q3491266
Стій	48.62145	23.19106	1681	peak	10	Q1986372
Жид-Магура	48.61936	23.28774	1517	peak	7	Q4274208
Ґрофа	48.62031	23.93241	1748	peak	7	Q4150372
Малий Канусяк	48.61511	23.98067	1620	peak	5	Q16575817
Середня	48.62249	24.11160	1639	peak	3	Q4417523
Hochkopf	48.63494	8.20855	1039	peak	6	Q1621924
Luč	48.63246	14.26323	933	peak	3	Q30635886
Zraz	48.62741	18.62198	1233	peak	3	Q13383622
Malá Homôľka	48.63376	18.64325	1298	peak	3	Q13440663
Veľká Homôľka	48.63249	18.65410	1275	peak	3	Q12778406
Predná Poľana	48.63023	19.46460	1367	peak	5	Q13538560
Ґимба	48.63270	23.26824	1491	peak	7	Q4135140
Omerskopf	48.64230	8.17765	874	peak	3	Q31295940
Hoher Ochsenkopf	48.64253	8.26873	1054	peak	7	Q1623922
Uhlberg	48.63509	9.20603	469	peak	5	Q201532
Fuchseck	48.63743	9.68665	761	peak	7	Q870272
Wasserberg	48.63660	9.71169	751	peak	6	Q2550756
Klenová	48.63811	17.59187	586	peak	3	Q31266957
Tri chotáre	48.63881	18.65608	1144	peak	3	Q16518824
Poľana	48.63676	19.48350	1458	peak	6	Q326494
Mehliskopf	48.64921	8.24025	1008	peak	7	Q1917268
Staffelberg	48.65110	13.65138	793	peak	5	Q267491
Ruhmannsberg	48.64750	13.68582	862	peak	4	Q11825954
Friedrichsberg	48.65460	13.79636	930	peak	4	Q1464187
Vítkův kámen	48.64511	14.10324	1036	peak	4	Q15731016
Dopler	48.65300	14.61092	956	peak	3	Q30631989
Galgenberg	48.64905	16.17022	346	peak	6	Q15717390
Ostriež	48.65462	17.53247	371	peak	4	Q13537962
Kuní vrch	48.64821	18.62689	1112	peak	3	Q12769878
Hrebienky	48.64845	18.65824	1087	peak	3	Q12767139
Tŕstie	48.65120	19.98809	1121	peak	3	Q15229994
Matesova skala	48.65324	20.76928	925	peak	3	Q16765303
Великий Верх	48.64763	23.22969	1598	peak	6	Q4106479
Lerchenberg	48.66304	8.79394	599	peak	5	Q1690152
Baranec	48.66037	17.54778	379	peak	3	Q12762927
Jarabá skala	48.65669	18.66409	1169	peak	4	Q13419816
Маковиця	48.65990	22.59625	978	peak	4	Q4275894
Молода	48.65645	23.86983	1724	peak	7	Q4300538
Kochersberg	48.66511	7.52972	301	peak	5	Q1302114
Badener Höhe	48.66879	8.27525	1002	peak	7	Q798922
Seekopf	48.66543	8.29027	1002	peak	8	Q1124685
Nebelstein	48.67374	14.77888	1017	peak	7	Q1973295
Bezovec	48.67282	17.97463	742	peak	8	Q12881294
Orlí kameň	48.66624	18.67190	1126	peak	3	Q12773123
Brusniansky grúň	48.67312	19.48088	1271	peak	4	Q12763568
Анталовецька Поляна	48.66956	22.49223	968	peak	7	Q3566284
Темнатик	48.67486	23.16965	1343	peak	5	Q4454479
Плай	48.66563	23.19607	1323	peak	5	Q12140687
Яйко-Перегінське	48.66810	23.90022	1596	peak	6	Q4536578
Schlossberg	48.68306	7.29982	584	peak	3	Q2244428
Steinberg	48.68222	13.58750	830	peak	5	Q288474
Bärenstein	48.68329	13.98457	1077	peak	5	Q1019177
Bradlo	48.68136	17.56817	543	peak	6	Q7342257
Tlstý javor	48.68385	19.64079	1068	peak	3	Q12777575
Pipitka	48.68404	20.67600	1225	peak	6	Q11818417
Messelberg	48.69000	9.83083	749	peak	5	Q1924095
Steinhirt	48.68544	10.06706	579	peak	3	Q1596052
Oberfrauenwald	48.68500	13.65805	945	peak	4	Q2009651
Drieňový vrch	48.68635	18.47471	616	peak	4	Q12764914
Biela skala	48.68585	18.68730	1133	peak	5	Q12763193
Hájny grúň	48.69085	19.46728	1208	peak	4	Q13419276
Obrubovanec	48.68695	19.60524	1020	peak	4	Q12772853
Klenovský Vepor	48.68913	19.76976	1338	peak	8	Q3505645
Turecká	48.68507	20.47896	954	peak	3	Q31552079
Ostrý vrch	48.70495	17.11919	256	peak	3	Q31560612
Kremnický štít	48.69527	18.95313	1008	peak	3	Q11748109
Úhornianske sedlo	48.70217	20.64954	1000	pass	3	Q9393689
Торунський перевал	48.70204	23.63395	931	pass	6	Q820967
Яйко-Ілемське	48.70416	23.84162	1680	peak	6	Q4536576
Le Brotschberg	48.70685	7.32488	531	peak	5	Q990879
Hohloh	48.70780	8.41649	989	peak	8	Q1624072
Panská javorina	48.71209	18.01310	943	peak	5	Q13538057
Veľký Grič	48.71242	18.71384	971	peak	6	Q12778434
Smrečník	48.70870	18.99398	1244	peak	4	Q13539224
Velestúr	48.70871	19.00375	1254	peak	4	Q15711538
Перевал Уклин	48.70981	22.99003	552	pass	3	Q12163599
Zlatá studňa	48.71544	19.00480	1265	peak	5	Q9391451
Vepor	48.71514	19.45804	1277	peak	5	Q12778345
Štóske sedlo	48.72232	20.76178	798	pass	3	Q2855361
Albínovská hora	48.71819	21.64481	177	peak	5	Q12762062
Yberg	48.73037	8.20139	520	peak	7	Q2599906
Bernhartshöhe	48.72861	9.06527	549	peak	6	Q826470
Kaltes Feld	48.73491	9.84984	781	peak	4	Q1722694
Einsiedelberg	48.72760	13.81286	692	peak	3	Q21875845
Dachsberg	48.72622	13.85164	902	peak	3	Q21873736
Mandelstein	48.73249	14.80902	874	peak	8	Q1501612
Branč	48.73326	17.46716	473	peak	3	Q12763458
Malý Grič	48.73186	18.71399	878	peak	6	Q12770934
Mýtny vrch	48.72936	19.00106	1221	peak	3	Q17619458
Bystrické sedlo	48.73463	19.00153		pass	3	Q766862
Králické sedlo	48.72840	19.00248		pass	3	Q11750076
Urpín	48.72518	19.14087	510	peak	5	Q4177997
Stará kopa	48.72532	19.19140	713	peak	3	Q31558992
Hrb	48.73060	19.45741	1255	peak	3	Q12767129
Kohút	48.73027	20.18277	1409	peak	4	Q31554939
Чорна Рипа	48.73036	23.51889	1285	peak	4	Q16538106
Hohenstaufen	48.74278	9.71677	684	peak	11	Q542505
Stuifen	48.74347	9.81863	757	peak	4	Q2358969
Zwieselberg	48.73640	13.86991	1163	peak	3	Q21864214
Hochficht / Smrčina	48.73658	13.92098	1338	peak	12	Q874441
Zámčisko	48.73530	17.25054	434	peak	4	Q13383961
Skalka	48.73972	18.99544	1232	peak	5	Q9337546
Zbojská	48.74357	19.85089	725	pass	4	Q9388574
Skalisko	48.74429	20.57524	1293	peak	7	Q12778798
Dargovský priesmyk	48.73906	21.53533	473	pass	4	Q1126214
Вишківський перевал	48.74200	23.68186	931	pass	3	Q12089718
Горган-Ілемський	48.74050	23.85852	1587	peak	6	Q4143777
Fremersberg	48.75265	8.20225	525	peak	7	Q1455188
Teufelsmühle	48.75389	8.40833	908	peak	6	Q2407178
Reischlberg / Hraničník	48.74986	13.90451	1282	peak	3	Q12020668
Col de Saverne	48.75521	7.33096	413	pass	5	Q138948
Merkur	48.76456	8.28025	669	peak	6	Q1921853
Hasenberg	48.76430	9.14310	459	peak	4	Q1588321
Bopser	48.75552	9.18918	483	peak	5	Q893249
Frauenkopf	48.76376	9.20621	462	peak	5	Q1451791
Rechberg	48.75627	9.79091	707	peak	7	Q878521
Bralová skala	48.76248	18.81201	826	peak	6	Q9178709
Vyhnatová	48.75651	19.00356	1283	peak	5	Q8037474
Vysoká	48.75500	19.38062	996	peak	3	Q16520277
Cigánka	48.75734	20.05697	935	peak	4	Q12764128
Hradová	48.76145	21.23688	466	peak	3	Q31196818
Воловецький перевал	48.75800	23.31510	974	pass	10	Q918642
Karlshöhe	48.76715	9.16484	344	peak	4	Q1733933
Katharinenlinde	48.77047	9.29595	469	peak	3	Q1634814
Bayerischer Plöckenstein	48.77204	13.82696	1362	peak	9	Q812363
Plöckenstein / Plechý	48.77127	13.85731	1379	peak	19	Q700271
Galgenberg	48.77121	16.50826	255	peak	5	Q22949202
Pecková	48.76776	17.44648	576	peak	3	Q31560396
Inovec	48.77479	18.04135	1041	peak	7	Q2153837
Rokoš	48.77102	18.43449	1010	peak	6	Q12775387
Kordícke sedlo	48.77000	19.01121		pass	3	Q11743635
Čierťaž	48.76797	19.45995	1204	peak	4	Q13370942
Fabova hoľa	48.77260	19.88570	1439	peak	6	Q3495566
Predná hora	48.77250	20.10366		pass	3	Q11826972
Stolica	48.77366	20.20675	1477	peak	9	Q276446
Zlatý stôl	48.76665	20.65542	1316	peak	7	Q1092617
Jahodná	48.76539	21.12248	719	peak	5	Q3160546
Руна-Плай	48.77481	22.83297	1227	peak	7	Q218703
Hardberg	48.78290	8.22996	375	peak	7	Q835690
Battert	48.77786	8.25212	569	peak	8	Q810946
Württemberg	48.78205	9.26876	411	peak	6	Q878046
Kernen	48.78244	9.31122	513	peak	5	Q383504
Katzenkopf	48.77519	9.31871	493	peak	3	Q30622976
Hochstein	48.78475	13.80278	1333	peak	3	Q1622345
Dreisessel	48.78068	13.80318	1333	peak	14	Q457636
Kľak	48.77892	19.96583	1409	peak	5	Q642973
Veľký Radzim	48.77732	20.33927	991	peak	3	Q48845981
Kloptaň	48.77946	20.85958	1154	peak	5	Q11740196
Kojšovská hoľa	48.78218	20.98792	1246	peak	7	Q3198358
Vetrová skala/Вітрова-Скала	48.77931	22.36387	1028	peak	5	Q11837508
Менчул	48.77654	22.80071	1294	peak	7	Q218703
Високий Верх	48.78233	23.48241	1243	peak	5	Q22280531
Colline d'Élancourt	48.78847	1.96825	231	peak	13	Q2983430
Ottilienberg	48.79378	9.52559	348	peak	3	Q1346047
Volkmarsberg	48.79213	10.08635	744	peak	7	Q2531545
Hühnerberg	48.78541	10.66793	571	peak	5	Q168034
Horeňovo	48.78644	18.78495	892	peak	4	Q12767015
Langenbrander Höhe	48.80395	8.61758	723	peak	3	Q31565796
Engelberg	48.80217	9.02462	481	peak	6	Q539857
Kappelberg	48.79565	9.28383	469	peak	5	Q1260256
Schönbühl	48.80130	9.41979	446	peak	3	Q31324892
Galgenberg	48.79916	9.54598	351	peak	3	Q1492018
Rosenstein	48.79583	9.96090	735	peak	7	Q2167235
Rollmannsberg	48.79583	13.80083	1042	peak	5	Q2164241
Panský diel	48.79868	19.14963	1100	peak	6	Q12773370
Javorinka	48.79583	20.13585	942	pass	3	Q13419908
Mošník	48.79659	21.54035	911	peak	4	Q100396341
Полонина Руна	48.79944	22.80874	1480	peak	7	Q218703
Bastberg	48.81177	7.45118	326	peak	5	Q2887670
Bernstein	48.81081	8.39616	694	peak	7	Q826805
Heuberg	48.80691	8.54432	709	peak	3	Q30744728
Büchelstein	48.80828	13.17550	831	peak	5	Q1020315
Geißlstein	48.81399	13.26489	906	peak	5	Q1499139
Jastrabské sedlo	48.81167	18.08778		pass	3	Q13419895
Flochová	48.80729	18.97226	1319	peak	4	Q3498552
Sedlo FLochovej	48.80545	18.98430		pass	3	Q6989850
Svrčinník	48.80513	18.99197	1313	peak	5	Q3496884
Súľová	48.81274	20.48051	909	pass	3	Q9352848
Holica / Голиця	48.80759	22.38491	984	peak	3	Q31522013
Верецький перевал	48.81418	23.16966	841	pass	18	Q1050027
Карачун	48.81163	37.55323	168	peak	5	Q16878764
Lemberg	48.81723	9.13418	384	peak	3	Q1816802
Grafenberg	48.81663	9.50828	362	peak	3	Q1541471
Brotjacklriegel	48.81702	13.21673	1010	peak	6	Q990851
Aschenstein	48.81763	13.25707	942	peak	5	Q722492
Haidel	48.81857	13.67824	1166	peak	8	Q884249
Špičák	48.81526	14.03840	1221	peak	5	Q16765434
Grüner Heiner	48.83115	9.09745	395	peak	7	Q885014
Kleinheppacher Kopf	48.83485	9.38239	440	peak	3	Q31339055
Boškovie laz	48.82638	18.54087	935	peak	3	Q12763417
Jelenská skala	48.82913	19.15811	1153	peak	4	Q31562929
Babiná	48.83006	20.46255	1278	peak	5	Q9163773
Folkmarská skala	48.82906	21.01138	915	peak	3	Q55589667
Пікуй	48.82972	23.00099	1408	peak	19	Q4362640
Montagne Sainte-Geneviève	48.84468	2.34723	61	peak	16	Q1945520
Mahlberg	48.83574	8.37687	612	peak	5	Q1527688
Geissberg	48.84353	8.85217	510	peak	5	Q1498930
Buocher Höhe	48.83698	9.42544	520	peak	3	Q1010067
Sulzberg	48.84357	13.69928	1146	peak	5	Q2365081
Lichtenberg	48.83946	13.73902	1028	peak	3	Q1823346
Suchý vrch	48.84105	18.41945	1029	peak	3	Q15407822
Malý Šturec	48.83864	18.99874	890	pass	5	Q932434
Malý Šturec	48.83858	18.99889	890	pass	5	Q932434
Predný Japeň	48.83908	19.08075	1154	peak	4	Q65161560
Krčahy	48.84118	19.18293	1129	peak	3	Q30903831
Гостра Гора	48.83880	22.87472	1405	peak	6	Q114253
Korber Kopf	48.85202	9.36552	457	peak	3	Q31332588
Todeňská Hora	48.84506	14.55978	608	peak	4	Q18193647
Čapec	48.84690	17.62051	819	peak	5	Q11385692
Ostrý vrch	48.84776	18.12507	768	peak	4	Q12773212
Hrubý vrch	48.85165	19.21886	1167	peak	3	Q31563354
Dobšinský kopec	48.84787	20.39030	974	peak	4	Q12764776
Sivec	48.84893	21.09979	781	peak	3	Q31566934
Makovica	48.85215	21.49167	981	peak	5	Q11766539
Лютянська Голиця	48.84648	22.76174	1375	peak	5	Q166138
Mont-Aimé	48.86295	3.99427	240	peak	4	Q1945380
Haselstein	48.85764	9.40193	447	peak	4	Q1588291
Wöllerstein	48.85815	10.17820	723	peak	3	Q2596444
Goldberg	48.85955	10.42044	512	peak	3	Q1318880
Schwarzkopf	48.85632	13.65490	1060	peak	5	Q1568605
Jelenec	48.86037	17.70275	925	peak	3	Q56154781
Kečka	48.85619	19.25481	1225	peak	3	Q31562784
Kozí chrbát	48.86014	19.29042	1330	peak	6	Q642954
Hiadeľské sedlo	48.86229	19.30436		pass	4	Q11829536
Besník	48.86283	20.22681	994	pass	4	Q718235
Ondrejisko	48.85570	20.26212	1271	peak	3	Q12042651
Ondrejisko	48.85687	20.26511	1271	peak	3	Q12042651
Veľká Knola	48.86386	20.47319	1266	peak	5	Q4501447
Grajnár	48.85753	20.51493	1023	pass	4	Q9275411
Humenec	48.86224	21.17073	618	peak	3	Q31567217
Kyjov	48.85563	22.01486	822	peak	6	Q11751784
Тростян	48.85660	23.39091	1232	peak	12	Q73554
Ipf	48.87030	10.35695	668	peak	8	Q319644
Hausstein	48.87094	13.07057	917	peak	6	Q1591314
Fürberg	48.87023	13.21324	880	peak	4	Q1482602
Grandelberg	48.86942	13.64431	1010	peak	5	Q1542982
Kleť	48.86524	14.28359	1083	peak	14	Q1757192
Geyersteine	48.87010	15.06971	557	peak	4	Q21861633
Děvín	48.86948	16.65038	550	peak	11	Q11863118
Temešská skala	48.86920	18.49424	917	peak	5	Q12058599
Magura	48.86764	18.52943	1141	peak	3	Q12034916
Malá Krížna	48.86732	19.05594	1358	peak	6	Q18113931
Kochuľa	48.87048	19.25447	1021	peak	3	Q30904522
Kráľova skala	48.87170	20.15771	1690	peak	5	Q12769788
Baské	48.88025	18.25939	955	peak	4	Q12762968
Magura	48.87636	18.51599	1101	peak	3	Q12770930
Vyšehrad	48.87580	18.70031	829	peak	6	Q9369202
pod Smrekovom	48.88378	19.02378	1394	pass	3	Q65161145
Krížna	48.87676	19.07876	1574	peak	5	Q11750086
Rybovské sedlo	48.87717	19.09012	1316	pass	3	Q9324314
Prašnické sedlo	48.87945	19.12751		pass	3	Q110165047
Šturec	48.88295	19.16065	1075	peak	4	Q30909941
Veľký Šturec	48.88416	19.16718	1010	pass	5	Q572432
Donovaly	48.87816	19.22375	960	pass	3	Q107137480
Prašivá	48.87695	19.31828	1675	peak	4	Q12774394
Chabenec	48.87811	19.35989	1516	peak	3	Q12763925
Ráztocká hoľa	48.88292	19.38678	1565	peak	4	Q11835482
Kráľova hoľa	48.88280	20.13913	1948	peak	20	Q686513
Lysák	48.88180	22.18607	821	peak	5	Q19679409
Маґура	48.88236	23.60781	1363	peak	8	Q4274211
Bienstand	48.89400	13.39348	865	peak	4	Q857693
Almberg	48.88918	13.64318	1142	peak	7	Q929456
Drienok	48.89031	18.96177	1268	peak	11	Q3039439
Haľamova kopa	48.89060	19.00350	1344	peak	4	Q16947015
Smrekov	48.88542	19.02358	1441	peak	6	Q15975146
Kráľova skala	48.88587	19.04666	1379	peak	6	Q12769787
Frčkov	48.89323	19.07869	1586	peak	6	Q9264245
Zvolen	48.89061	19.22327	1402	peak	5	Q9392656
Nová hoľa	48.88896	19.22966	1370	peak	6	Q12772626
Veľká Chochuľa	48.89348	19.33123	1753	peak	6	Q9368543
Ondrejská hoľa	48.88531	19.36362	1597	peak	3	Q11798296
Bartková	48.89201	20.07384	1790	peak	5	Q12762955
Orlová	48.88905	20.08635	1840	peak	6	Q12773120
Stredná hoľa	48.88912	20.10668	1876	peak	5	Q12776784
Havrania skala	48.88977	20.34441	1156	peak	7	Q3505498
Vihorlat	48.89128	22.11353	1071	peak	11	Q2664137
Руська Путь	48.88619	22.93427	1217	pass	5	Q4400836
Hornberg	48.90342	10.01449	496	peak	3	Q1628359
Bogenberg	48.90204	12.69698	432	peak	4	Q18410858
Geißriegel	48.90339	13.00817	1043	peak	6	Q1499141
Dreitannenriegel	48.89725	13.02211	1092	peak	6	Q1258188
Alzenberg	48.89516	13.62694	1100	peak	5	Q450685
Ostredok	48.89978	19.08116	1595	peak	15	Q2587548
Čierna hora	48.90375	19.19832	1335	peak	4	Q28676961
Košarisko	48.89795	19.34718	1693	peak	3	Q11747656
Baba	48.90439	19.57563	1617	peak	4	Q9163660
Bacúšske sedlo	48.90477	19.76938	1319	pass	4	Q9163973
Andrejcová	48.90026	20.03019	1520	peak	6	Q718122
Ždiarske sedlo	48.89770	20.05209		pass	5	Q718131
Vernárske sedlo	48.89564	20.24812	1053	pass	4	Q12778368
Kopanec	48.90063	20.29540	990	pass	3	Q13425217
Явірник	48.90300	22.55940	1017	peak	6	Q4536038
Маківка	48.90367	23.41814	933	peak	6	Q4275910
Hohenasperg	48.91084	9.13912	357	peak	11	Q835404
Breitenauriegel	48.90655	13.03002	1114	peak	6	Q906089
Hessenstein	48.91469	13.30409	878	peak	4	Q946935
Čvirigovec	48.90874	18.14962	481	peak	3	Q13371020
Homôľka	48.90784	18.32442	907	peak	4	Q12767000
Štrochy	48.90842	19.06032	1386	peak	3	Q16963190
Suchý vrch	48.90984	19.08821	1550	peak	5	Q12776945
Malý Zvolen	48.90723	19.23287	1372	peak	6	Q16956872
Skalka	48.91220	19.36629	1549	peak	3	Q28676029
Lajštroch	48.91200	19.71294	1602	peak	3	Q86674425
Čertovica	48.90551	19.73591	1232	pass	10	Q339666
Homôľka	48.90930	19.86285	1660	peak	3	Q42411268
Zadná hoľa	48.90822	19.87758	1620	peak	4	Q31557082
Oravcová	48.90938	19.90552	1544	peak	3	Q31565866
Kolesárová	48.90525	19.92833	1508	peak	4	Q31565849
Priehyba	48.90736	19.95559	1190	pass	3	Q11827173
Veľká Vápenica	48.91401	19.98155	1692	peak	6	Q11892044
Priehybka	48.91026	19.98839	1550	pass	3	Q48853645
Predná hoľa	48.91422	20.20251	1546	peak	3	Q12774445
Motrogon	48.90976	22.16182	1018	peak	6	Q11053515
Lemberg	48.91796	9.30872	365	peak	5	Q1816796
Michelsberg	48.91849	11.85972	448	peak	5	Q1931200
Geißkopf	48.92408	13.03742	1097	peak	7	Q163484
Waldhäuserriegel	48.92468	13.48460	1151	peak	5	Q2541650
Hohlstein	48.91510	13.53016	1196	peak	4	Q1624090
Kluk	48.92382	14.32946	741	peak	3	Q8547890
Radošov	48.92482	17.42946	244	peak	3	Q12048683
Veľký Lopeník	48.91671	17.78266	911	peak	13	Q1277020
Slimáková	48.92077	18.16654	493	peak	3	Q13539062
Grófovec	48.91702	18.17733	557	peak	3	Q13417694
Drieňová	48.91954	18.19445	623	peak	3	Q12764925
Ostrá	48.91889	18.96650	1259	peak	12	Q2664820
Chyžky	48.92411	19.10102	1342	peak	6	Q16946925
Končitá	48.91604	19.22896	1248	peak	3	Q31562558
Latiborská hoľa	48.92493	19.40456	1648	peak	7	Q11753181
Žiarska hoľa	48.91718	19.50343	1841	peak	6	Q12781974
Pálenica	48.91708	19.57955	1653	peak	4	Q11832232
Veľký Gápeľ	48.91548	19.63041	1776	peak	5	Q12778433
Besná	48.91819	19.67527	1807	peak	4	Q31266949
Kumštové sedlo	48.92219	19.69849	1549	pass	3	Q62667338
Barbolica	48.91892	20.25458	1013	peak	5	Q12762933
Rohačka	48.92389	21.01270	1028	peak	5	Q2153771
Dubník	48.92331	21.46246	874	peak	5	Q12764967
Tri tably	48.92055	22.18422		pass	4	Q9361508
Яворина	48.92270	23.70604	1131	peak	5	Q12173281
Vogelsang	48.93439	12.94357	1022	peak	5	Q1300942
Einödriegel	48.92817	13.02767	1121	peak	6	Q1310425
Teufelstisch	48.93268	13.06464	901	peak	6	Q2407268
Gsengetstein	48.93181	13.25806	951	peak	5	Q1552497
Eschenberg	48.93424	13.27928	1043	peak	5	Q1366997
Kykula	48.92608	17.84434	746	peak	4	Q13425764
Tlstá	48.93413	18.97140	1373	peak	9	Q7810755
Lubená	48.93230	18.98087	1407	peak	4	Q16703900
Bágľov kopec	48.92758	18.98416	1280	peak	3	Q97969445
Ploská	48.93406	19.11701	1532	peak	10	Q3494215
sedlo Ploskej	48.93044	19.13099	1396	pass	4	Q9334861
Veľká hoľa	48.92623	19.38461	1640	peak	4	Q3556466
Zámostská hoľa	48.92769	19.42960		peak	5	Q12780988
sedlo Zámostskej hole	48.92682	19.43231	1591	pass	3	Q9334866
Zámostská hoľa	48.92844	19.43748	1612	peak	5	Q12780988
Ďurková	48.93111	19.45837	1750	peak	7	Q9393849
Sedlo Ďurkovej	48.93303	19.46248	1700	pass	4	Q9334871
Skalka	48.92898	19.51910	1981	peak	6	Q9337547
Bocianske sedlo	48.92680	19.69049	1506	pass	4	Q12763318
Panská hoľa	48.93387	20.05949	1429	peak	4	Q31553703
Ščobík	48.93196	22.10865	780	peak	3	Q12781905
Sninský kameň	48.92938	22.18925	1006	peak	11	Q2975694
Nežabec	48.92772	22.22902	1023	peak	7	Q3894502
Красія	48.92517	22.67064	1036	peak	5	Q3199602
Wattkopf	48.94084	8.42920	338	peak	8	Q1629120
Hagberg	48.93989	9.71112	585	peak	3	Q21714621
Uhlberg	48.93773	10.81441	605	peak	4	Q1427905
Lusen	48.93920	13.50678	1373	peak	12	Q896982
Hoher Filzberg	48.93671	13.52106	1279	peak	5	Q1623890
Náklo	48.93778	17.13716	265	peak	5	Q12041557
Vápeč	48.93922	18.32636	955	peak	6	Q7337533
Borišov	48.94124	19.08952	1510	peak	10	Q4175618
Čierny kameň	48.93508	19.14480	1479	peak	5	Q9393837
Sedlo pod Čiernym kameňom	48.94074	19.14865	1266	pass	3	Q30904303
Chabenec	48.94135	19.49490	1955	peak	8	Q2067990
Kotliská	48.93889	19.51742	1937	peak	6	Q11744395
Dereše	48.94053	19.57280	2004	peak	13	Q1200161
Chopok	48.94301	19.59272	2024	peak	24	Q1076258
Konské	48.94143	19.60584	1889	peak	4	Q21712173
Krúpova hoľa	48.93904	19.63072	1922	peak	6	Q12769816
Ďumbier	48.93640	19.64027	2046	peak	20	Q341905
Štiavnica	48.93664	19.65383	2025	peak	6	Q392428
Chopec	48.93698	19.73229	1548	peak	3	Q86674623
Veľký bok	48.94334	19.87796	1727	peak	6	Q12778432
Wasenkoepfel	48.94705	7.59896	526	peak	6	Q2550323
Schopf	48.95470	12.84291	928	peak	4	Q19294837
Klausenstein	48.95034	12.89618	1048	peak	6	Q212723
Rauher Kulm	48.94851	12.89884	1050	peak	6	Q1319170
Wagensonnriegel	48.95043	13.27910	959	peak	5	Q2539113
Velká Mokrůvka	48.95463	13.50653	1370	peak	3	Q11878617
Steinfleckberg	48.95128	13.52240	1342	peak	6	Q832784
Strážov	48.95491	18.46308	1215	peak	10	Q3488890
Javorinka	48.94546	18.53134	973	peak	5	Q13419909
Vrícke sedlo	48.95091	18.70459	665	pass	3	Q15725523
Šoproň	48.94740	19.11009	1370	peak	5	Q9396981
Minčol	48.95041	19.15720	1398	peak	4	Q13450210
Javorina	48.95175	19.43291	1315	peak	3	Q28676842
Poľana	48.94725	19.53991	1890	peak	7	Q11826231
Zákľuky	48.95395	19.54089	1914	peak	4	Q18915877
Ludárova hoľa	48.95253	19.64625	1732	peak	5	Q12770580
Smrečiny	48.95088	20.04838	1365	peak	3	Q114389801
Reisberg	48.95744	7.61017	481	peak	4	Q3423940
Hoblersberg	48.95786	9.56875	539	peak	3	Q30728091
Altenberg	48.96285	9.90208	565	peak	4	Q21666619
Hungerberg	48.95632	10.74443	601	peak	3	Q1251259
Hirschenstein	48.96438	12.88001	1095	peak	6	Q1402730
Plattenhausenriegel	48.96422	13.44794	1376	peak	9	Q833090
Špičník	48.96102	13.46376	1351	peak	5	Q10413433
Siebensteinkopf	48.96478	13.57504	1263	peak	7	Q1353058
Čierny vrch	48.96261	18.48441	1068	peak	3	Q12781321
Homôľka	48.95643	18.60115	1073	peak	4	Q13419018
Fačkovské sedlo	48.96369	18.61119	802	pass	5	Q3489986
Reváň	48.96486	18.63347	1205	peak	6	Q12049309
Chlieviská	48.95796	18.76099	1024	peak	4	Q2153779
Javorina	48.95614	19.12035	1328	peak	4	Q65162637
Južné rakytovské sedlo	48.95581	19.17194	1295	pass	4	Q30903897
Rakytov	48.96068	19.17916	1567	peak	10	Q960759
Severné rakytovské sedlo	48.96496	19.18307	1415	pass	4	Q30903896
Tlstá	48.95739	19.35587	1555	peak	3	Q9358877
Bôr	48.96482	19.54327	1888	peak	6	Q13402095
Modrý vrch	48.95980	20.57279	573	peak	3	Q12771872
Mont Pinçon	48.97125	-0.62703	362	peak	6	Q3322043
Teufelsfelsen	48.96916	12.68203	410	peak	3	Q17127663
Malá Mokrůvka	48.96955	13.50739	1331	peak	3	Q12035052
Přední kout	48.97095	16.77955	410	peak	7	Q2121083
Zniev	48.96801	18.76973	985	peak	4	Q12779483
Štefanová	48.97492	19.10030	1306	peak	5	Q31558944
Tanečnica	48.96907	19.18751	1462	peak	5	Q15457464
Červená Magura	48.97193	19.30908	1298	peak	4	Q28674717
Biela Púť	48.97151	19.58514	1120	pass	3	Q24524894
Tanečnica	48.96769	19.63227	1681	peak	4	Q25412688
Sľubica	48.97340	20.87227	1129	peak	6	Q9353012
Čierna hora	48.97005	21.42479	1073	peak	4	Q9393828
Набивки	48.96808	23.56763	1265	peak	3	Q12106494
Grand Wintersberg	48.97875	7.61454	581	peak	8	Q1399583
Roter Berg	48.98491	10.72038	556	peak	3	Q657930
Kälberbuckel	48.97569	12.88778	1053	peak	4	Q186253
Kleiner Rachel	48.98370	13.37915	1399	peak	8	Q1746668
Großer Rachel	48.97854	13.38897	1453	peak	12	Q884705
Hrubá Kečka	48.98376	18.51350	1037	peak	5	Q12767160
Kľak	48.98151	18.64093	1351	peak	7	Q1982470
Skalná Alpa	48.98313	19.19102	1463	peak	5	Q9337585
Smrekovica	48.98241	19.23109	1530	peak	5	Q9338777
Salatín	48.98015	19.36250	1630	peak	5	Q9332888
Krakova hoľa	48.98461	19.63284	1752	peak	6	Q12769677
Ohnište	48.97536	19.70558	1535	peak	4	Q31266921
Dreveník	48.98428	20.77248	609	peak	4	Q13407187
Col du Pfaffenschlick	48.99165	7.84484	372	pass	3	Q16507506
Kirgel	48.99230	9.76034	459	peak	3	Q1743425
Efferaberg	48.98986	10.75630	645	peak	3	Q728970
Boubín	48.99128	13.81750	1362	peak	10	Q594147
Hlincová hora	48.98502	14.55584	571	peak	3	Q19601914
Ostrá Kečka	48.99231	18.53079	938	peak	4	Q12773202
Ostrá skala	48.99272	18.65884	1220	peak	3	Q98804213
Skalky	48.99200	18.70465	1192	peak	3	Q13539003
Malý Lysec	48.98646	19.10667	1297	peak	3	Q65162743
Červený grúň	48.98566	19.41431	1180	peak	3	Q28674737
Slemä	48.99307	19.70135	1514	peak	4	Q31266907
Hradište	48.98685	19.74267	1326	peak	3	Q86674700
Tri chotáre	48.98938	21.40912	1025	peak	3	Q9361509
Magurica	48.99164	22.19779	477	peak	3	Q13440023
Turmberg	48.99694	8.48556	256	peak	9	Q871505
Baiselsberg	49.00385	8.98839	477	peak	6	Q16681771
Schellenberg	48.99537	11.36955		peak	3	Q2233021
Predigtstuhl	49.00234	12.84881	1024	peak	7	Q871060
Knogl	48.99590	12.85717	1056	peak	6	Q1554016
Baba	49.00183	14.56121	583	peak	3	Q8550827
Lysec	48.99635	19.06922	1381	peak	6	Q3493793
Malý Salatín	48.99827	19.36680	1444	peak	3	Q28676849
Siná	49.00029	19.55532	1560	peak	4	Q31559501
Spišský hradný vrch	49.00047	20.76847	632	peak	4	Q9155255
Stinská/Стинка	48.99992	22.52557	1093	peak	4	Q108887444
Opołonek / Ополонек	49.00239	22.84710	1028	peak	8	Q153114
Piniaszkowy / Піняшковий	49.00425	22.86920	960	peak	4	Q11817142
Ужоцький перевал	49.00303	22.88825	853	pass	13	Q929736
Jarabiná	49.00927	19.11139	1314	peak	6	Q12767846
Malá Smrekovica	49.00621	19.20617	1486	peak	6	Q12770926
Mohnenberg	49.01825	7.71373	547	peak	4	Q3319133
Hornberg	49.02079	10.19998	584	peak	4	Q1628368
Dürrenberg	49.01605	10.76237	656	peak	6	Q728953
Euerwanger Bühl	49.01777	11.32867	595	peak	3	Q15808754
Pröller	49.02197	12.82115	1048	peak	7	Q880452
Hirschberg	49.02159	13.35536	1039	peak	4	Q1620374
Babí lom	49.01529	17.05587	417	peak	4	Q10859698
Butkov	49.02215	18.33159	765	peak	4	Q31565048
Ostrá Malenica	49.02202	18.40693	909	peak	4	Q13537963
Úplaz	49.01877	18.72020	1085	peak	3	Q13370307
Šiprúň	49.02403	19.22830	1461	peak	5	Q9396945
Ostré	49.02416	19.31074	1087	peak	5	Q11800826
Sliačska Magura	49.01529	19.38650	1116	peak	3	Q28674789
Poludnica	49.02105	19.63174	1549	peak	3	Q97956637
Kozí kameň	49.01616	20.16126	1256	peak	5	Q611685
Branisko	49.01742	20.85712	750	pass	7	Q732236
Patria	49.01962	20.88488	1171	peak	3	Q11813498
Wunnenstein	49.02916	9.27809	394	peak	6	Q2595086
Juxkopf	49.03395	9.43178	533	peak	4	Q21714626
Arzberg	49.03347	11.48531	507	peak	6	Q718361
Scheuchenberg	49.02645	12.25602	540	peak	4	Q13617231
Tupá Malenica	49.02610	18.42637	665	peak	3	Q12777852
Hnilická Kýčera	49.02666	18.74007	1218	peak	6	Q9293160
Lučenec	49.03231	19.05650	1041	peak	5	Q11764399
Nižné Šiprúnske sedlo	49.03083	19.22054		pass	4	Q66973088
Vyšné Šiprúnske sedlo	49.02771	19.22519	1385	pass	4	Q86673679
Demänovská hora	49.02557	19.59115	1304	peak	4	Q24943041
Kińczyk Bukowski / Кінчик Буковський	49.03480	22.80896	1251	peak	3	Q11739581
Michaelsberg	49.03821	9.04479	394	peak	6	Q1930166
Hohe Brach	49.03672	9.54983	587	peak	6	Q1623434
Gelber Berg	49.04023	10.76441	628	peak	6	Q729042
Flüglinger Berg	49.04385	10.90433	541	peak	3	Q1434903
Käsplatte	49.03819	12.80718	978	peak	6	Q1795479
Hanichelriegel	49.03863	12.81261	978	peak	3	Q18412213
Kronberg	49.03694	13.10531	983	peak	7	Q1634170
Výhon	49.04180	16.63912	355	peak	4	Q15870675
Stráne	49.04404	18.51067	837	peak	4	Q12776869
Čierňavský vrch	49.04485	19.18686	1318	peak	5	Q18042778
Mariánska hora	49.04383	20.59774	782	peak	5	Q12771071
Високий Верх	49.04254	23.22833	1176	peak	3	Q30967676
Maimont	49.05246	7.70794	515	peak	3	Q28496286
Probstberg	49.05060	7.88245	297	peak	3	Q2111570
Hoher Kopf	49.05497	7.90232	417	peak	3	Q1623910
Gallner Berg	49.04854	12.67751	709	peak	4	Q1492510
Hennenkobel	49.04507	13.18154	965	peak	7	Q1605368
Kiesruck	49.05272	13.34533	1265	peak	5	Q1741113
Großer Hahnenbogen	49.04523	13.36310	1257	peak	4	Q1568879
Oblík	49.05362	13.44312	1228	peak	6	Q2012849
Antýgl	49.04799	13.53596	1254	peak	5	Q12055269
Kľak	49.04657	19.11226	1394	peak	5	Q11752068
Chabzdová	49.04960	19.21918	1239	peak	3	Q86679202
Malinné	49.04900	19.24858	1209	peak	4	Q12770907
Sidorovo	49.04656	19.27869	1102	peak	6	Q13538975
Smrekovica	49.04635	20.87158	1200	peak	5	Q1524593
Menczył	49.05139	22.72707	1008	peak	3	Q11777352
Тухольські Ворота	49.05269	23.53229	441	pass	4	Q4466699
Kappelstein	49.06351	7.80206	498	peak	3	Q31536178
Silberberg	49.05715	13.12431	955	peak	6	Q2285737
Poledník	49.06422	13.39479	1315	peak	6	Q932032
Majbíková	49.05703	18.75554		pass	3	Q12775930
Horná lúka	49.06481	18.78483	1299	peak	5	Q13419051
Katova skala	49.05741	19.04078	927	peak	3	Q86672892
Veľká skala	49.05986	19.27897		peak	3	Q15921011
Stráž	49.06419	21.25611	739	peak	5	Q12776866
Rozsypaniec	49.06180	22.77042	1280	peak	3	Q9323329
Kuhnenkopf	49.06999	7.78702	530	peak	3	Q31565289
Bobenthaler Knopf	49.06772	7.87566	534	peak	6	Q888733
Hoher Kopf	49.06640	7.92139	497	peak	3	Q1623912
Stocksberg	49.06686	9.40370	539	peak	6	Q2350811
Hesselberg	49.06862	10.52611	689	peak	10	Q880238
Scheuereckberg	49.06740	13.33114	1193	peak	5	Q2233940
Chmeľová	49.07387	18.15431	925	peak	5	Q18528210
Humience	49.06859	18.81460	1398	peak	3	Q15230188
Sedlo Príslop	49.06899	19.12084	935	pass	3	Q9334864
Tarnica	49.07477	22.72632	1346	peak	18	Q577655
Halicz	49.07208	22.76879	1333	peak	10	Q5642081
Wołowy	49.07450	22.77880	1248	peak	3	Q11837962
Парашка	49.06982	23.41562	1268	peak	12	Q4345039
Hochzellberg	49.07768	13.13321	1208	peak	5	Q968738
Großer Falkenstein	49.08474	13.27998	1315	peak	10	Q895753
Skalka	49.07902	13.38898	1238	peak	4	Q23824266
Svatý Vít	49.08232	15.79302	559	peak	3	Q12057439
Veterné	49.08005	18.80656	1442	peak	4	Q12778391
Vidlica	49.08430	18.81559	1466	peak	4	Q15208262
Podkova	49.07959	18.82103	1436	peak	3	Q15220293
Tlstá hora	49.07593	19.22600	1208	peak	3	Q31558394
Mních	49.08485	19.31980	657	peak	4	Q12771842
Lysá Stráž	49.08392	21.23007	696	peak	3	Q13431178
Kalnica / Кальниця	49.07924	22.55480	1004	peak	5	Q16956668
Szeroki Wierch	49.08345	22.71121	1268	peak	3	Q9351354
Kopa Bukowska	49.08232	22.75663	1320	peak	5	Q6430910
Hohe Derst	49.08620	7.91405	561	peak	7	Q18412449
Stäffelsberg	49.08839	7.94894	480	peak	3	Q30612591
Michaelsberg	49.08853	8.56519	269	peak	7	Q1930174
Einkorn	49.09035	9.77596	511	peak	6	Q1308232
Mittagsplatzl	49.09340	13.14285	1340	peak	6	Q872635
Kleiner Falkenstein	49.08851	13.27324	1190	peak	7	Q1376174
Ruckowitzberg	49.09475	13.28269	1269	peak	5	Q1417160
Huťská hora	49.09069	13.55087	1187	peak	3	Q23824270
Vysoký kámen	49.08783	15.18597	732	peak	5	Q19602841
Réna	49.09005	16.39530	319	peak	3	Q16765370
Veľká lúka	49.09081	18.81377	1475	peak	5	Q3508631
Bachureň	49.09043	20.92281	1081	peak	4	Q18327824
Borsukov vrch / Borsuk	49.09138	22.48502	991	peak	4	Q9177824
Čierťaž / Czertez	49.09215	22.51348	1072	peak	5	Q9198729
Hrubki / Hrúbky	49.09321	22.53062	1186	peak	5	Q9294471
Kamienna / Kamenná lúka	49.09091	22.54714		peak	7	Q11734383
Кременець / Krzemieniec / Kremenec	49.08854	22.56796	1221	peak	13	Q153054
Krzemień	49.08610	22.73852	1335	peak	7	Q5159023
Bukowe Berdo	49.09269	22.74093	1311	peak	4	Q9181803
Nestelberg	49.10033	7.85768	401	peak	6	Q1797159
Weigelsberg	49.09911	12.96005	898	peak	5	Q2555272
Ždánidla	49.10401	13.34709	1308	peak	5	Q10271521
U Slepice	49.10036	17.04918	439	peak	5	Q1558286
Skalka	49.10195	18.79652	1308	peak	3	Q13538997
Zázrivá	49.10485	18.81887	1406	peak	3	Q13384119
Krížava	49.09694	18.81905	1457	peak	5	Q8042902
Magura	49.09624	19.11345	1059	peak	5	Q13440020
Kútnikov kopec	49.09912	19.17511	1064	peak	3	Q31562040
Čebrať	49.10185	19.27903	1054	peak	5	Q13370625
Úložisko	49.10440	19.47100	742	peak	3	Q12781096
Ďurkovec	49.09848	22.42846	1189	peak	7	Q9248977
Jarabá skala / Rabia Skała	49.10293	22.44096	1191	peak	6	Q9310198
Čelo / Czoło	49.10061	22.46714	1159	peak	5	Q11692316
Wielka Rawka	49.09998	22.57578	1304	peak	6	Q9372827
Jüngstberg	49.11220	7.82230	491	peak	3	Q30653016
Schweinsberg	49.11053	9.24898	373	peak	6	Q2255762
Steinknickle	49.10843	9.47950	525	peak	5	Q2341179
Kleiner Arber	49.11330	13.11007	1384	peak	9	Q882309
Großer Arber	49.11247	13.13619	1456	peak	32	Q260073
Hochberg	49.10794	13.20630	941	peak	3	Q1621689
Plesná	49.10506	13.31289	1338	peak	8	Q321991
Biskoupský kopec	49.10710	16.25741	398	peak	5	Q11152006
Žiar	49.10561	18.74255	1029	peak	4	Q13377619
Kozol	49.11433	18.76273	1119	peak	5	Q12769627
Ľubochnianske sedlo	49.11179	19.12154	762	pass	4	Q9393867
Płasza	49.11287	22.40196	1163	peak	6	Q11832520
Mała Rawka	49.10966	22.57384	1272	peak	5	Q11772095
Mont Saint-Quentin	49.12123	6.12730	358	peak	7	Q3246839
Hohe List	49.11654	7.62174	475	peak	3	Q18357923
Hoher Kopf	49.11999	7.63977	467	peak	3	Q1417318
Großer Eyberg	49.12410	7.74914	513	peak	6	Q1548667
Drachenfels	49.12220	7.82824	368	peak	5	Q22551
Heidenberg	49.11580	7.83528	422	peak	7	Q1594135
Ottilienberg	49.11549	8.93082	310	peak	5	Q780319
Burgberg	49.12067	9.97535	534	peak	3	Q28869654
Hadriwa	49.12206	12.40011	677	peak	3	Q18287269
Hochstein	49.12369	13.06414	1134	peak	4	Q1622341
Enzian	49.12371	13.08306	1287	peak	7	Q1346013
Křemelná	49.12250	13.44797	1125	peak	4	Q20799366
Kobylinec	49.11933	18.16554	911	peak	3	Q31567282
Poloma	49.11543	18.74985	921	peak	3	Q12774142
Minčol	49.12407	18.82723	1364	peak	6	Q3506753
Dlhá lúka	49.11675	18.82794	1305	peak	4	Q13407094
Predný Choč	49.12213	19.33812	1250	peak	5	Q16591856
Javorina	49.12459	20.61640	1225	peak	3	Q11723372
Heugstatt	49.12924	13.06822	1262	peak	6	Q1438190
Polom	49.13036	13.28864	1295	peak	4	Q23824268
Pracký kopec	49.12795	16.76352	324	peak	6	Q2107301
Veľký Manín	49.12571	18.49610	891	peak	6	Q3492717
Žibrid	49.12756	18.60947	868	peak	6	Q12781977
Čipčie	49.13365	18.76626	920	peak	6	Q15586016
Horná roveň	49.13401	18.80394	997	peak	3	Q12767024
Okopy	49.12546	18.83311		pass	3	Q12772953
Malý Minčol	49.12756	18.83571		peak	3	Q54890152
Úplaz	49.13308	18.84327	1301	peak	4	Q13370305
Kečky	49.12562	19.24259	1139	peak	6	Q12769100
Turícka Magura	49.12932	19.36600	1085	peak	4	Q16612135
Kurników Beskid	49.13329	22.37740	1037	peak	4	Q16956842
Löffelsberg	49.13930	7.85067	445	peak	3	Q1498256
Rödelstein	49.13619	7.88236	428	peak	3	Q31356119
Abtskopf	49.13586	7.96060	487	peak	3	Q30600537
Galgenberg	49.13688	9.26942	312	peak	3	Q1492012
Javorník	49.13806	13.65444	1066	peak	5	Q10816446
Havrania skala	49.14173	18.55033	836	peak	3	Q12766733
Skalky	49.14246	18.68454	780	peak	4	Q13539004
Mikušová	49.14463	18.78071	778	peak	3	Q13449786
Dolná roveň	49.13927	18.79162	950	peak	3	Q12764809
Suchárová	49.13871	18.82225	963	peak	3	Q12776932
Kopa	49.13709	19.13783	1188	peak	5	Q11743301
Ostré	49.13645	19.21036	1067	peak	4	Q12773208
Zadný Choč	49.13516	19.33067	1288	peak	3	Q17619484
Strop / Stryb	49.14289	22.28052	1011	peak	6	Q9347044
Rypi Wierch / Rypy	49.13556	22.32055	1003	peak	5	Q9324545
Przełęcz nad Roztokami Górnymi / Ruské sedlo	49.14429	22.33016	801	pass	5	Q11829761
Jawornik	49.13528	22.45573	1021	peak	3	Q11723419
Hochstein	49.14513	7.78919	345	peak	5	Q1167534
Schwarzeck	49.14656	13.06456	1235	peak	7	Q516926
Březník	49.15105	13.42430	1006	peak	5	Q11706971
Ždánov	49.15174	13.60240	1064	peak	5	Q10271608
Malý Manín	49.14847	18.50679	813	peak	5	Q3492685
Turská skala	49.14680	18.73174	448	peak	3	Q12777898
Valientov diel	49.14815	18.79757	828	peak	3	Q12778239
Hoblík	49.15081	18.81325	934	peak	5	Q12766944
Javorina	49.15039	18.84367		pass	3	Q13419905
Polom	49.15384	18.84432	1010	peak	5	Q12774147
Grúň	49.15022	18.86259	1101	peak	4	Q12766518
Žaškovské sedlo	49.15484	19.20103	720	pass	3	Q9398010
Brestová	49.15115	19.28579	740	pass	3	Q9179221
Veľký Choč	49.15087	19.34338	1611	peak	7	Q3506100
Malý Choč	49.14512	19.34626	1465	peak	5	Q15736441
Sestrč	49.14786	19.43028	999	peak	3	Q12775990
Nad Pavlovou	49.15023	19.99927	1922	peak	3	Q11814681
Sedielková kopa	49.15090	20.02102	2062	peak	6	Q9337194
Mlynické Solisko	49.15461	20.03670	2301	peak	4	Q11788170
Predné Solisko	49.14964	20.03906	2117	peak	8	Q3504282
Patria	49.15227	20.05830	2202	peak	7	Q3368848
Ihla v Ostrve	49.14838	20.08468	1890	peak	5	Q11711521
Ostrva	49.14991	20.08998	1984	peak	8	Q1226783
Pod Ostrvou	49.15027	20.09133	1966	pass	6	Q11829797
Tupá	49.15351	20.10179	2284	peak	6	Q9363851
Klin	49.14861	20.10378	2183	peak	3	Q11740113
Czerenin / Černiny	49.15308	22.22466	929	peak	5	Q20493397
Okrąglik / Kruhliak	49.14705	22.36625	1101	peak	6	Q11797129
Fereczata	49.14961	22.39992	1102	peak	3	Q9259056
Bichtenberg	49.15978	7.72493	400	peak	5	Q856777
Hochberg	49.16431	7.79842	421	peak	4	Q1621682
Rötzenberg	49.15933	7.91131	459	peak	4	Q14912648
Wartberg	49.15970	9.23542	308	peak	7	Q870745
Mühlriegel	49.15698	13.01491	1079	peak	7	Q1958642
Klapy	49.16185	18.42503	654	peak	3	Q64140842
Kečka	49.16266	18.61252	823	peak	4	Q13421970
Rakytie	49.16303	18.86829	741	peak	4	Q16594854
Kľačianska Magura	49.15605	18.94937	1372	peak	6	Q12770046
Magura	49.15798	19.38715	1171	peak	5	Q11763388
Havrania	49.16008	19.39839	1130	peak	4	Q16557136
Sielnická hora	49.16016	19.42488	1052	peak	4	Q9336474
Pravnáč	49.15519	19.45385	1208	peak	4	Q11826761
Čerenová	49.16294	19.46982	1221	peak	4	Q9198619
Holý vrch	49.15549	19.73232	1723	peak	4	Q9275003
Mládky	49.15830	19.75685	1945	peak	5	Q11772525
Kriváň	49.16283	20.00005	2494	peak	35	Q845990
Daxnerovo sedlo	49.15945	20.00132	2319	pass	3	Q11748899
Malý Kriváň	49.15911	20.00136	2334	peak	4	Q11772561
Krátka	49.16331	20.01341	2375	peak	7	Q11750225
Ostrá	49.16385	20.02181	2351	peak	7	Q12773211
Veľké Solisko	49.16267	20.03198	2412	peak	8	Q940456
Zadná Solisková veža	49.15919	20.03215		peak	4	Q9385732
Prostredné Solisko	49.16173	20.03245	2400	peak	4	Q11826419
Malé Solisko	49.15706	20.03396	2336	peak	5	Q11772199
Furkotské Solisko	49.15638	20.03451	2320	peak	4	Q9264717
Štrbské Solisko	49.15520	20.03563	2302	peak	7	Q645048
Satanovo sedlo	49.16404	20.05104	2300	pass	3	Q9350913
Satan	49.16315	20.05283	2421	peak	6	Q3505338
Predná Bašta	49.16037	20.05500	2374	peak	3	Q11826378
Malá Bašta	49.15580	20.05757	2288	peak	6	Q11772029
Zlomisková veža	49.16359	20.09532	2137	peak	3	Q9393326
Lúčne sedlo	49.15802	20.10632	2168	pass	4	Q9347521
Končistá	49.15731	20.11407	2536	peak	12	Q3067234
Kostolík	49.16162	20.12429	2262	peak	8	Q3890181
Gerlachovský štít	49.16403	20.13406	2655	peak	56	Q81213
Batizovská priehyba	49.16381	20.13474		pass	3	Q9380690
Gerlachovská veža	49.16366	20.13501	2642	peak	12	Q766813
Kotlový štít	49.16200	20.13632	2601	peak	10	Q722948
Čertova veža	49.16150	20.13925	2525	peak	4	Q11823794
Kvetnicová veža	49.16021	20.14224	2433	peak	5	Q11823795
Senná kopa	49.15576	20.17709	1848	peak	5	Q9336594
Lysá	49.16339	21.14285	1068	peak	3	Q11764454
Szczawnik	49.16332	22.35502	1098	peak	3	Q9350953
Duże Jasło	49.15802	22.36094	1153	peak	4	Q11723322
Magura Stuposiańska	49.16478	22.64466	1016	peak	4	Q11766267
Winterberg	49.16982	7.82188	447	peak	3	Q2584954
Hoher Kopf	49.17434	7.84700	442	peak	3	Q1623911
Reckenberg	49.17030	10.83554	519	peak	3	Q21000101
Göschberg	49.17466	11.58950	630	peak	6	Q918494
Mittagstein	49.17323	12.94228	1034	peak	4	Q602013
Großer Riedelstein	49.16590	12.97300	1132	peak	8	Q1548933
Svaroh	49.17398	13.16645	1334	peak	11	Q243865
Jezerní hora	49.16866	13.18476	1344	peak	6	Q12024624
Špičák	49.17274	13.20825	1202	peak	5	Q2688045
Vysoký hřbet	49.16868	13.37388	1078	peak	3	Q23807790
Mařenka	49.17056	15.70285	711	peak	5	Q12036222
Klučovská hora	49.17017	15.92487	595	peak	4	Q12029484
Brdo	49.17088	17.30861	587	peak	6	Q903418
Domašín	49.16825	18.88130	575	peak	5	Q11819001
Suchý	49.17145	18.95639	1468	peak	6	Q9347867
Ostredok	49.16882	18.98757	1370	peak	3	Q15269215
Mojský grúň	49.17247	19.00064	1525	peak	5	Q15057978
Šíp	49.16540	19.17908	1169	peak	7	Q3848917
Heliaš	49.16821	19.45199	1189	peak	3	Q11708853
Lomné	49.17072	19.47018	1271	peak	5	Q11838558
Baranec	49.17352	19.74083	2182	peak	7	Q3509342
Štrbavý	49.17157	19.74687	2144	peak	5	Q9351103
Malý Baranec	49.16573	19.75185	2044	peak	6	Q11740114
Ježová	49.16983	19.83455	2043	peak	6	Q11727126
Kotlová	49.17196	19.85792	1985	peak	3	Q31568395
Holý vrch / Hlinov vrch	49.17328	19.89047	1863	peak	5	Q9293147
Všiváky	49.17155	19.95896	1806	peak	4	Q9378829
Furkotské sedlo	49.16754	20.02521	2277	pass	4	Q1004390
Hrubý vrch	49.17075	20.02701	2428	peak	7	Q9294477
Bystré sedlo	49.16815	20.02738	2372	pass	6	Q722846
Furkotský štít	49.16868	20.02739	2403	peak	8	Q1004388
Bystrá lávka	49.16693	20.02953	2315	pass	5	Q9182712
Štrbský štít	49.17071	20.04132	2381	peak	7	Q9351169
Hlinská veža	49.17082	20.04762	2340	peak	6	Q9293142
Baštové sedlo	49.17020	20.04824	2260	pass	3	Q9166866
Veľká Capia veža	49.16967	20.04891	2364	peak	4	Q9372779
Capia štrbina	49.16892	20.04922	2285	pass	3	Q9184484
Zadná Bašta	49.16777	20.05020	2379	peak	6	Q9385716
Diablovina	49.16519	20.05111	2390	peak	6	Q9206849
Kôpky	49.16778	20.08389	2354	peak	5	Q11743307
Ťažký štít	49.17370	20.09153	2500	peak	9	Q836644
Veľká dračia hlava	49.16803	20.09371	2254	peak	5	Q9336239
Dračí štít	49.17183	20.09537	2523	peak	7	Q9338680
Gánok	49.17426	20.10399	2462	peak	8	Q3504228
Rumanov štít	49.17282	20.10565	2428	peak	7	Q9323961
Zlobivá	49.17015	20.10778	2426	peak	7	Q9397995
Východný železný štít	49.16739	20.11375	2340	peak	5	Q9378259
Zlomisková štrbina	49.16675	20.11429		pass	4	Q9323982
Popradský ľadový štít	49.16590	20.11556	2396	peak	7	Q9391496
Kačací štít	49.16598	20.12023	2401	peak	7	Q11733230
Batizovský štít	49.16537	20.12414	2448	peak	10	Q810837
Litvorový štít	49.17110	20.12976	2423	peak	7	Q11762037
Veľká Litvorová veža	49.16747	20.13067	2581	peak	7	Q3219869
Lavínový štít	49.16727	20.13129	2606	peak	8	Q3219870
Zadný Gerlach	49.16623	20.13148	2616	peak	10	Q723698
Gerlachovské sedlo	49.16530	20.13210	2590	pass	3	Q11829711
Velický štít	49.17394	20.13459	2319	peak	7	Q9372747
Poľský hrebeň	49.17349	20.14029	2200	pass	6	Q721764
Kupola	49.17388	20.14841	2414	peak	6	Q11687300
Bradavica	49.17134	20.15568	2489	peak	7	Q9344166
Slavkovská kopa	49.16788	20.17863	2346	peak	5	Q9353055
Slavkovský štít	49.16608	20.18459	2452	peak	14	Q770572
Čiernohuzec	49.16590	20.70023	1216	peak	4	Q9393835
Małe Jasło	49.17404	22.35069	1102	peak	3	Q11772180
Hnatowe Berdo	49.16681	22.51085	1185	peak	3	Q9293155
Osadzki Wierch	49.16575	22.52529	1253	peak	3	Q11799496
Roh	49.16776	22.52806	1255	peak	3	Q9311893
Rehberg	49.18170	7.97008	577	peak	7	Q2138898
Kleiner Hahnstein	49.17632	7.97205	450	peak	3	Q31342724
Kreuzfelsen	49.17645	12.92280	999	peak	6	Q1788267
Pancíř	49.17793	13.25323	1214	peak	6	Q1456734
Žuráň	49.17976	16.73842	286	peak	11	Q3304392
Lyský průsmyk / Lyský priesmyk	49.17678	18.10650	528	pass	5	Q1828062
Roháčske sedlo	49.18000	18.61056		pass	3	Q99482657
Biele skaly	49.17678	18.96502	1448	peak	5	Q15208252
Vráta	49.17757	18.96603	1440	pass	3	Q13538908
Stratenec	49.18034	18.96770	1513	peak	7	Q7621902
Priehyb	49.18298	18.97852	1452	pass	3	Q13538906
Meškalka	49.17591	18.98624	1536	peak	5	Q15042837
Malý Kriváň	49.18112	18.99302	1671	peak	7	Q3506416
Úplaz	49.18494	19.06609	1450	peak	4	Q15273753
Suchý vrch	49.17939	19.09771	1267	peak	3	Q15975015
Prosečné	49.17502	19.51344	1372	peak	5	Q11827840
Hrádková	49.18049	19.52961	1206	peak	4	Q9294432
Babky	49.18007	19.62581	1566	peak	6	Q9163794
Široká	49.17656	19.69460	1890	peak	3	Q9351339
Smrek	49.18258	19.74798	2074	peak	6	Q9338772
Ostredok	49.17812	19.79327	2050	peak	5	Q11826393
Nižná Bystrá	49.17858	19.83066	2162	peak	6	Q9385722
Grúň	49.18480	19.83752	2108	peak	6	Q11772036
Hrbáč	49.18281	19.83878		peak	3	Q9265905
Krížna	49.18152	19.96089	2039	peak	7	Q11750041
Kôprovský štít	49.18237	20.04825	2367	peak	8	Q723092
Vyšné Kôprovské sedlo	49.17743	20.05276	2148	pass	6	Q15702887
Mięguszowiecki Szczyt Pośredni / Prostredný Mengusovský štít	49.18497	20.06173	2389	peak	9	Q1664928
Mengusovské sedlo / Mięguszowiecka Przełęcz pod Chłopkiem	49.18371	20.06513	2307	pass	3	Q11783966
Mięguszowiecki Szczyt Czarny / Východný Mengusovský štít	49.18282	20.06747	2410	peak	9	Q11783967
Mengusovský Volovec	49.17594	20.06754	2227	peak	7	Q9378027
Hincova veža / Hińczowa Turnia	49.18095	20.06903	2372	peak	7	Q9293124
Volia veža / Wołowa Turnia	49.17890	20.07512	2373	peak	7	Q1714138
Żabia Turnia Mięguszowiecka / Žabia veža	49.17860	20.07713	2336	peak	6	Q9397111
Żabi Koń	49.17859	20.07931	2291	peak	9	Q3594409
Żabia Przełęcz / Žabie sedlo	49.17891	20.08058	2225	pass	3	Q9397108
Bula pod Rysami	49.18192	20.08079	2055	peak	4	Q9181931
Przełęcz pod Rysami	49.18184	20.08796	2365	pass	3	Q11829799
Malé Rysy / Niżnie Rysy	49.18339	20.08801	2430	peak	10	Q3284720
Rysy	49.17958	20.08811	2499	peak	57	Q672936
Rysy	49.17932	20.08846	2503	peak	57	Q672936
Kopa nad Váhou	49.17735	20.08912	2385	peak	3	Q11743311
sedlo Váha	49.17602	20.08987	2337	pass	7	Q720651
Ťažká veža	49.18330	20.09391	2254	peak	3	Q11690726
Hrubá veža	49.18133	20.13014	2086	peak	6	Q9294467
Divá veža	49.17829	20.14395	2376	peak	7	Q9248893
Prielom	49.17695	20.14477	2288	pass	5	Q723097
Východná Vysoká	49.17528	20.14546	2429	peak	8	Q720940
Svišťový štít	49.18286	20.14738	2382	peak	7	Q9396501
Strelecká veža	49.18244	20.17941	2130	peak	6	Q9347133
Prostredný hrot	49.18498	20.19436	2441	peak	7	Q3502652
Bránička	49.18279	20.19752		pass	3	Q9192459
Veľký Kostol	49.18192	20.19902		peak	4	Q9372953
Zámčisko	49.17797	20.71428	1236	peak	3	Q9393252
Rydoszowa	49.18013	22.18200	880	peak	3	Q9324374
Hyrlata	49.18011	22.28219	1103	peak	3	Q9295546
Przełęcz Mieczysława Orłowicza	49.18072	22.49196	1099	pass	3	Q11829605
Szare Berdo	49.17805	22.50465	1108	peak	3	Q9350840
Großer Kahlenberg	49.18643	7.27322	401	peak	4	Q1548719
Glockenhorn	49.19033	7.76693	381	peak	3	Q1531898
Ebersberg	49.18579	7.95024	462	peak	4	Q25393017
Föhrlenberg	49.19153	7.99901	533	peak	3	Q20999832
Kleine Kalmit	49.18608	8.05745	271	peak	7	Q1485297
Sedlo	49.19019	13.56891	902	peak	6	Q12051267
Zadní hora	49.19307	15.79199	634	peak	3	Q10857102
Špilberk	49.19457	16.59952	290	peak	4	Q10412520
Stránská skála	49.19043	16.67693	311	peak	9	Q2357569
Santon	49.18847	16.76387	296	peak	7	Q2223711
Brada	49.18580	18.59682	814	peak	4	Q31565228
Roháč	49.18569	18.61182	803	peak	5	Q18433912
Jedľovina	49.18849	18.91722	1035	peak	3	Q31562945
Brestov	49.18727	18.92020	970	pass	3	Q19601772
Koniarky	49.19367	19.00906	1535	peak	5	Q15054215
Bublen	49.19313	19.01377	1510	pass	4	Q12775928
Pekelník	49.19059	19.01832	1609	peak	5	Q12773611
Veľký Kriváň	49.18749	19.03085	1708	peak	13	Q1421203
Snilovské sedlo	49.19153	19.03819	1524	pass	4	Q9338845
Chleb	49.18789	19.05162	1646	peak	7	Q3501904
Hromové	49.19005	19.05594	1636	peak	5	Q9294458
"Steny, Južný vrchol"	49.19114	19.06044	1625	peak	5	Q14941565
Žobrák	49.19163	19.09634	1308	peak	5	Q15269181
Ostrý vrch	49.18822	19.55330	1128	peak	3	Q31560503
Hrtany	49.18644	19.63265	1491	pass	3	Q9163796
Malá Kopa	49.18855	19.63604	1565	peak	5	Q11772061
Predúvratie	49.19413	19.63799	1585	pass	4	Q11828418
Veľká kopa	49.19162	19.63867	1637	peak	5	Q9372801
Príslop	49.19401	19.71047	2142	peak	6	Q11723603
Žiarske sedlo	49.19324	19.75051	1917	pass	5	Q12781975
Vyšná Magura	49.18621	19.79615	2095	peak	5	Q9380660
Jakubina	49.19325	19.80128	2194	peak	7	Q3509792
Blyšť / Błyszcz	49.19263	19.84100	2159	peak	7	Q9183560
Bystrá	49.18862	19.84259	2248	peak	16	Q1018683
Predný Holý vrch	49.18852	19.96652	1984	peak	4	Q9338164
Deravá veža / Dziurawa Czuba	49.19475	20.04114		peak	4	Q9248959
Vráta Chałubińského / Wrota Chałubińskiego	49.19176	20.04499	2022	pass	4	Q9378158
Kopa nad Wrotami	49.19130	20.04615	2075	peak	4	Q11743312
Temnosmrečinská veža / Ciemnosmreczyńska Turnia	49.18966	20.04857	2142	peak	4	Q9192478
Druhý Mních / Zadni Mnich	49.18952	20.05036	2172	peak	8	Q9385703
Mnichowa Kopa	49.19055	20.05234	2090	peak	4	Q24946451
Cubryna / Čubrina	49.18780	20.05368	2376	peak	8	Q9196971
Mnich	49.19268	20.05491	2068	peak	10	Q6885977
Hincovo sedlo / Hińczowa Przełęcz	49.18771	20.05525	2323	pass	3	Q9293121
Mięguszowiecki Szczyt Wielki / Veľký Mengusovský štít	49.18703	20.05930	2438	peak	13	Q3132319
Turnia Zwornikowa	49.19195	20.05993	1962	peak	4	Q9362819
Kazalnica Mięguszowiecka	49.18520	20.06973	2159	peak	8	Q11737611
Marusarzowa Turnia	49.19487	20.08430	2075	peak	5	Q11770837
Żabia Lalka	49.18835	20.08450	2095	peak	4	Q9397107
Owcze Turniczki	49.19362	20.08460	2040	peak	4	Q11801284
Żabi Mnich	49.18917	20.08584	2146	peak	6	Q392972
Spadowa Kopa	49.18556	20.08724	2252	peak	4	Q9340000
Veľký Žabí štít / Żabi Szczyt Wyżni	49.18785	20.08925	2263	peak	9	Q3556467
Mlynár	49.19342	20.10261	2170	peak	7	Q11788152
Hranatá veža	49.18571	20.15886	2260	peak	6	Q11701291
Rovienková veža	49.18646	20.15944	2272	peak	5	Q9325609
Kresaný roh	49.18684	20.16058	2305	peak	5	Q11748974
Malý Javorový štít	49.18819	20.16293	2385	peak	7	Q11772542
Javorový štít	49.18763	20.16829	2418	peak	7	Q11723440
Javorové sedlo	49.18847	20.17221		pass	4	Q11723427
Ostrý štít	49.18880	20.17632	2367	peak	7	Q11800791
Biela lávka	49.18926	20.17876		pass	3	Q9170364
Sedielko	49.19328	20.18156	2372	pass	6	Q220762
Široká veža	49.18996	20.18278	2461	peak	7	Q11128858
Priečne sedlo	49.18878	20.18492	2320	pass	7	Q614233
Žltá veža	49.18565	20.19067	2385	peak	6	Q9397958
Pfinnova kopa	49.19088	20.19133	2201	peak	6	Q11818832
Žltá stena	49.18722	20.19599	2182	peak	5	Q9397945
Lomnické sedlo	49.18940	20.21654	2189	pass	6	Q1131321
Veľká Lomnická veža	49.18622	20.21772	2214	peak	3	Q9372902
Ihla	49.18766	20.60507	1283	peak	3	Q11711533
Čierna hora	49.19284	20.62410	1290	peak	7	Q1391567
Kuligura	49.19044	20.74408	1250	peak	3	Q11750896
Čergov	49.18551	21.17285	1050	peak	3	Q11838545
Smerek	49.18627	22.48014	1222	peak	4	Q9338647
Dwernik Kamień	49.19167	22.58396	1004	peak	3	Q11695346
Бохит	49.18542	26.16461	417	peak	3	Q2267559
Handschuh-Kopf	49.19755	7.74645	330	peak	4	Q2711382
Neding	49.19852	7.85718	336	peak	4	Q15836476
Rothenberg	49.19727	7.92785	462	peak	3	Q31524812
Hohenberg	49.20272	8.00515	552	peak	5	Q1623623
Scheuerberg	49.19598	9.25090	306	peak	5	Q2233934
Mönchsberg	49.19529	10.76446	529	peak	10	Q1329815
Kleiner Osser	49.20169	13.10308	1266	peak	3	Q20752967
Můstek	49.20223	13.24683	1234	peak	6	Q12039463
Javorná	49.19972	13.32430	1090	peak	3	Q23819469
Kraví hora	49.20438	16.58438	304	peak	4	Q16956611
Hradisko	49.20107	17.12141	518	peak	7	Q1625881
Hole	49.19718	19.00403	1466	peak	5	Q15146574
Diel	49.19889	19.48643	1051	peak	4	Q9207381
Suchý vrch	49.20382	19.61845	1477	peak	3	Q9347855
Suchá priehyba	49.20376	19.62103	1450	pass	3	Q9347778
Ostrá	49.20054	19.63605	1764	peak	6	Q11800660
Prislop	49.20354	19.64062	1680	pass	4	Q11830269
Malá Ostrá	49.20496	19.64233	1703	peak	5	Q11772081
Lysec	49.20438	19.67226	1830	peak	3	Q9373021
Pachoľa	49.20142	19.70266	2167	peak	7	Q3205693
Baníkovské sedlo	49.19948	19.70572	2040	pass	6	Q3504289
Baníkov	49.19806	19.71035	2178	peak	14	Q4176068
Hrubá kopa	49.20012	19.72298	2166	peak	7	Q3281051
Tri kopy	49.20015	19.72638	2133	peak	7	Q9362324
Tri kopy	49.19992	19.72764	2133	peak	7	Q9362324
Tri kopy	49.19993	19.72895	2136	peak	7	Q9362324
Smutné sedlo	49.19753	19.73427	1962	pass	5	Q3504305
Plačlivé	49.19712	19.74812	2125	peak	7	Q3501678
Ostrý Roháč	49.20023	19.75745	2088	peak	7	Q3504121
Jamnícke sedlo	49.20359	19.75934	1908	pass	4	Q11716836
Jarząbczy Wierch / Hrubý vrch	49.19747	19.79510	2137	peak	6	Q11134872
Kopa Prawdy	49.20223	19.80082	2027	peak	3	Q24947095
Starobociańska Przełęcz / Račkovo sedlo	49.20422	19.81082	1958	pass	4	Q9344182
Klin / Starorobociański Wierch	49.19953	19.81984	2176	peak	12	Q3544114
Gaborowa Przełęcz / Gáborovo sedlo	49.20132	19.82664	1938	pass	4	Q9265074
Sivá veža / Siwy Zwornik	49.20165	19.82954	1965	peak	5	Q9337357
Bystry Karb / Bystré sedlo	49.19596	19.83964	1946	pass	4	Q9164950
Pyszniańska Przełęcz / Pyšné sedlo	49.19627	19.85630	1788	pass	5	Q11832191
Veľká Kamenistá / Kamienista	49.19534	19.87057	2127	peak	7	Q2855198
Hlińska Przełęcz / Hlinské sedlo	49.20118	19.87460	1906	pass	3	Q9293141
Smreczyński Wierch / Smrečiny	49.20417	19.88395	2068	peak	7	Q9338770
Veľká Brdárova grapa	49.19688	19.94252	1859	peak	4	Q9372769
Veľká kopa	49.20065	19.97388	2052	peak	6	Q2681073
Závory	49.20467	20.00760	1876	pass	6	Q1248568
Czarna Ławka	49.19980	20.02952	1969	pass	3	Q9197953
Niżni Kostur / Nižný kostúr	49.19996	20.03226	2055	peak	5	Q11792499
Vyšný kostúr / Wyżni Kostur	49.19921	20.03339	2083	peak	6	Q769933
Malý Hrubý štít / Szpiglasowa Czuba	49.19594	20.04006		peak	5	Q9352097
Hrubý štít / Szpiglasowy Wierch	49.19729	20.04011	2172	peak	8	Q3504334
Szpiglasowa Przełęcz	49.19785	20.04220	2110	pass	3	Q9352099
Miedziane	49.20102	20.04737	2233	peak	5	Q11780117
Niżni Żabi Szczyt	49.19606	20.08437	2098	peak	7	Q3342333
Żabia Czuba	49.19850	20.08627	2079	peak	5	Q9397105
štít Nad Zeleným	49.20380	20.13577	2130	peak	3	Q9390969
Malý Ľadový štít	49.19645	20.18259	2602	peak	11	Q722940
Ľadový štít	49.19855	20.18277	2628	peak	16	Q344647
Zadný Ľadový štít	49.20108	20.18435	2512	peak	7	Q1102642
Snehový štít	49.20234	20.18641	2464	peak	7	Q9395715
Baranie rohy	49.20164	20.19716	2526	peak	9	Q720919
Baranie sedlo	49.20005	20.19986	2393	pass	4	Q11687328
Spišský štít	49.19912	20.20145	2483	peak	8	Q3493639
Malý Pyšný štít	49.19851	20.20663	2590	peak	10	Q1326782
Pyšný štít	49.19759	20.20800	2621	peak	10	Q3063874
Posledná veža	49.19598	20.20966	2560	peak	5	Q11826343
Lomnický štít	49.19514	20.21303	2633	peak	29	Q1072105
Veľká Vidlová veža	49.19845	20.21604	2523	peak	6	Q9372974
Ušatá veža	49.20200	20.21744	2265	peak	5	Q9393362
Kežmarský štít	49.19923	20.21946	2556	peak	11	Q835239
Malý Kežmarský štít	49.20063	20.22043	2513	peak	7	Q11772548
Huncovský štít	49.19799	20.22517	2352	peak	7	Q9294978
Sedlo pod Svišťovkou	49.20436	20.23580	2023	pass	6	Q762766
Veľká Svišťovka	49.20493	20.23710	2037	peak	8	Q3068016
Malá Svišťovka	49.19871	20.25504	1558	peak	3	Q11772094
Siminy	49.20382	20.72745	1288	peak	4	Q104403142
Kopa	49.20222	20.75402	1231	peak	19	Q834379
Veľká Javorina	49.19859	21.14629	1099	peak	3	Q31555131
Wysoki Groń / Vysoký grúň	49.20216	22.12445	906	peak	5	Q18341559
Birkenberg	49.21271	10.16120	547	peak	6	Q865529
Kopeček	49.21227	16.44763	479	peak	4	Q12030181
Tlustá hora	49.20849	17.64640	458	peak	3	Q12006523
Klášťov	49.20582	17.94363	753	peak	5	Q12029576
Kraviarske	49.20951	19.01659	1361	peak	5	Q15269222
Poludňový grúň	49.20983	19.06314	1460	peak	5	Q11822979
"Steny, severný vrchol"	49.20589	19.06604	1535	peak	5	Q14941565
Stoh	49.21179	19.09402	1607	peak	5	Q3566594
Súšava	49.21068	19.50738	1077	peak	4	Q9352847
Priehyba	49.20677	19.64205		pass	3	Q9337325
Sivý vrch	49.21113	19.64215	1805	peak	7	Q3509435
Salatín	49.21364	19.68617	2048	peak	7	Q2855194
Malý Salatín	49.21184	19.68801	2046	peak	4	Q11772585
Spálená	49.20758	19.70701	2083	peak	7	Q9340023
Volovec / Wołowiec	49.20757	19.76313	2064	peak	12	Q2783579
Dziurawa Przełęcz/Deravá	49.20554	19.77331	1836	pass	3	Q9248963
Deravá / Łopata	49.20500	19.77858	1958	peak	6	Q9394322
Czerwony Wierch	49.21354	19.78157	1766	peak	5	Q9198932
Končistá / Kończysty Wierch	49.20566	19.80759	2002	peak	6	Q11744818
Czubik	49.21270	19.80795	1846	peak	5	Q11692335
Kotłowa Czubka	49.20696	19.83492	1840	peak	5	Q11744439
Zadni Ornak	49.21296	19.83538	1867	peak	5	Q9385704
Jaferowa Kopa	49.21376	19.86926	1595	peak	4	Q11716030
Tomanowa Kopa	49.21200	19.89690	1899	peak	3	Q11837029
Poľská Tomanová / Tomanowy Wierch Polski	49.21331	19.90234	1977	peak	8	Q9359134
Magura	49.21174	19.96859	1901	peak	3	Q9324325
Valentková / Walentkowy Wierch	49.21343	20.00682	2156	peak	8	Q3495667
Hladké sedlo / Gładka Przełęcz	49.20794	20.01256	1994	pass	7	Q723102
Gładki Wierch / Hladký štít	49.20678	20.01341	2065	peak	7	Q3495327
Wyżnia Kopa	49.21326	20.04539	1725	peak	4	Q16617232
Niedźwiedź	49.20739	20.04851	1812	peak	4	Q16582130
Niżnia Kopa	49.21453	20.05101	1711	peak	4	Q16582481
Świstowa Kopa	49.21436	20.05885	1875	peak	4	Q16621791
Opalony Wierch	49.20749	20.05904	2115	peak	5	Q11798451
Široká	49.20902	20.13715	2210	peak	7	Q3594269
Svinka	49.21283	20.19148	2163	peak	5	Q9396467
Kolový štít	49.21080	20.19894	2418	peak	7	Q963578
Čierny štít	49.20529	20.20092	2429	peak	7	Q11691997
Zmrzlá veža	49.21212	20.20102	2312	peak	3	Q11784534
Jastrabia veža	49.21164	20.20992	2138	peak	7	Q11046013
Rinias	49.21130	20.26714	1473	peak	4	Q9324523
Stežky	49.20781	20.27635	1530	peak	4	Q9345827
Priehyby	49.21465	21.08518	815	pass	3	Q12774558
Hon	49.21141	22.30474	820	peak	4	Q11710031
Mont Cornillet	49.22394	4.27300	207	peak	4	Q3321773
Winterberg	49.22072	7.00206	308	peak	3	Q2584956
Halberg	49.22344	7.03269	280	peak	3	Q1570319
Großer Breitenberg	49.21593	7.86637	457	peak	3	Q31544431
Göckelberg	49.22284	7.88843	407	peak	3	Q1559175
Großer Adelberg	49.21582	7.95773	568	peak	6	Q18412109
Hornberg	49.22473	10.16999	554	peak	4	Q1628365
Javořice	49.22100	15.33951	837	peak	14	Q752287
Hády	49.22256	16.67406	424	peak	5	Q12021186
Baraniarky	49.22324	19.01115	1270	peak	6	Q11049587
Malé sedlo	49.22010	19.01464		pass	3	Q16575691
Žitné	49.21723	19.01645	1265	peak	3	Q16622464
Stohove sedlo	49.21819	19.08340	1230	pass	4	Q9345915
Medziholie	49.22473	19.10431	1185	pass	4	Q11776889
Osnica	49.21972	19.12409	1363	peak	6	Q15269192
Polianky	49.21903	19.52453	1066	peak	4	Q11821668
Biela skala	49.21637	19.61397	1381	peak	3	Q9170303
Pálenica	49.22179	19.65774	1573	pass	4	Q11802334
Malá Brestová	49.22439	19.68009	1903	peak	7	Q9179220
Parichvost	49.21972	19.68148	1870	pass	4	Q9338155
Brestová	49.22266	19.68210	1932	peak	7	Q9179220
Rakoń / Rákoň	49.21596	19.75846	1879	peak	6	Q9303722
Trzydniowiański Wierch	49.21910	19.80373	1758	peak	5	Q9362376
Ornak	49.21905	19.83295	1854	peak	4	Q11799298
Suchy Wierch Ornaczański	49.22211	19.83363	1832	peak	3	Q9347854
Suchy Wierch Tomanowy / Suchý vrch	49.21658	19.90193	1869	peak	5	Q9347857
Tomanovské sedlo / Tomanowa Przełęcz	49.21967	19.90473	1686	pass	4	Q9359124
Liptovská Tomanová	49.21504	19.91627	1839	peak	4	Q31568427
Krajná Kopa / Skrajna Turnia	49.22316	19.99855	2097	peak	7	Q957545
Prostredná kopa / Pośrednia Turnia	49.22228	20.00124	2128	peak	6	Q11826408
Świnicka Przełęcz / Svinické sedlo	49.22080	20.00386	2051	pass	4	Q11838631
Svinica / Świnica	49.21942	20.00931	2302	peak	18	Q2741323
Świnicka Kopa	49.21937	20.00961	2298	peak	4	Q9396450
Gąsienicowa Turnia	49.21931	20.01201	2280	peak	4	Q11703156
Niebieska Turnia	49.21965	20.01373	2262	peak	4	Q11791252
Zawratowa Turnia	49.21991	20.01534	2247	peak	5	Q9387610
Mylna Kopa	49.22328	20.01546	2159	peak	3	Q24947528
Mylna Turnia	49.22298	20.01552		peak	3	Q24947516
Zadni Kościelec	49.22369	20.01555	2162	peak	6	Q9385701
Zawrat	49.21909	20.01639	2159	pass	4	Q9387604
Mały Kozi Wierch	49.21892	20.02004	2226	peak	5	Q11772556
Kołowa Czuba	49.21509	20.02039	2105	peak	4	Q11744759
Zamarła Turnia	49.21943	20.02429	2179	peak	6	Q9386469
Kozi Wierch	49.21832	20.02871	2291	peak	10	Q1765870
Czarny Mniszek	49.22134	20.03251	2178	peak	4	Q9198182
Zadni Granat	49.22477	20.03257	2240	peak	6	Q9385696
Buczynowa Strażnica	49.22029	20.03383	2242	peak	4	Q9181257
Świstowa Czuba	49.21647	20.05752	1763	peak	5	Q9396489
Czuba nad Uboczą	49.21917	20.07137		peak	3	Q16538420
Svišťovky	49.21667	20.14064	2070	peak	4	Q9396490
Jahňací štít	49.21969	20.20810	2229	peak	9	Q722853
Kozí štít	49.21665	20.21503	2111	peak	7	Q11744578
Kobylí vrch	49.22452	20.30984	1109	peak	3	Q11740576
Repisko	49.21901	20.65095	1251	peak	4	Q13403201
Osina	49.21948	22.28937	963	peak	4	Q63418
Цюхів Верх	49.21965	23.43118	939	peak	3	Q30961393
Spitze Boll	49.23217	7.81414	540	peak	3	Q31519993
Ringelsberg	49.23105	8.04525	450	peak	3	Q31356804
Palackého vrch	49.22500	16.56808	339	peak	4	Q12043534
Dubeň	49.23394	18.78172	613	peak	4	Q12764951
Želehosť	49.23058	18.89864	736	peak	4	Q31556966
Veľký Rozsutec	49.23152	19.09854	1610	peak	13	Q2298346
Števková	49.22719	19.18382	1218	peak	3	Q31561599
Nižné Hutianske sedlo	49.23167	19.58618		pass	3	Q11710230
Mały Kopieniec	49.23493	19.81051	1329	peak	4	Q11772550
Gubalec	49.23174	19.87183		peak	3	Q9282491
Żar	49.23071	19.87589		peak	4	Q9338771
Niedźwiedź	49.22934	19.88592		peak	4	Q9359128
Twarda Kopa	49.23468	19.90030	2026	peak	4	Q9363138
Ciemniak / Temniak	49.23101	19.90341	2096	peak	9	Q11690580
Mułowa Przełęcz	49.23096	19.90577	2067	pass	3	Q11787413
Kresanica / Krzesanica	49.23166	19.90949	2122	peak	9	Q2582708
Suchy Wierch Kondracki / Suchá kopa	49.23365	19.94032	1893	peak	5	Q9347852
Goričkova kopa / Goryczkowa Czuba	49.23227	19.95760	1912	peak	7	Q9274624
Pośredni Goryczkowy Wierch / Prostredný Goričkový vrch	49.23129	19.96617	1874	peak	6	Q11826357
Kasprov vrch / Kasprowy Wierch	49.23180	19.98156	1987	peak	25	Q1735189
Beskid / Beskyd	49.22824	19.98792	2012	peak	7	Q9169549
Liliowa Kopka	49.22628	19.98977	1979	peak	4	Q11756818
Liliowe / Ľaliové sedlo	49.22555	19.99134	1952	pass	8	Q3495520
Mały Kościelec	49.22993	20.01141	1866	peak	4	Q11772558
Karb	49.22881	20.01171	1853	pass	3	Q11735558
Czuba nad Karbem	49.22845	20.01282	1896	peak	3	Q24947506
Kościelec	49.22518	20.01458	2155	peak	8	Q3695958
Żółta Turnia	49.23448	20.02902	2047	peak	6	Q9397939
Pańszczycka Turnia	49.22979	20.03273	2105	peak	4	Q11815291
Wierch pod Fajki	49.22896	20.03273	2135	peak	4	Q9373224
Pośredni Granat	49.22570	20.03273	2234	peak	5	Q11826359
Skrajny Granat	49.22694	20.03329	2228	peak	5	Q9338167
Skrajna Pańszczycka Czuba	49.22807	20.03350	2155	peak	4	Q24947606
Zadnia Pańszczycka Czuba	49.22762	20.03367		peak	4	Q24947603
Wielka Orla Turniczka	49.22704	20.03495	2162	peak	4	Q9372814
Mała Orla Turniczka	49.22721	20.03531	2158	peak	4	Q11772079
Orla Baszta	49.22733	20.03576	2177	peak	4	Q11799233
Budzowa Igła	49.22695	20.03938		peak	4	Q9181632
Wielka Buczynowa Turnia	49.22718	20.04026	2184	peak	6	Q9372776
Buczynowa Przełęcz	49.22675	20.04159	2127	pass	3	Q11689030
Mała Buczynowa Turnia	49.22743	20.04309	2172	peak	5	Q11772034
Ptak	49.22793	20.04504	2131	peak	4	Q11830745
Kopa nad Krzyżnem	49.22847	20.04641	2135	peak	4	Q11743310
Waksmundzki Wierch	49.23194	20.04694	2189	peak	6	Q9370074
Krzyżne	49.22865	20.04728	2112	pass	3	Q11750039
Mały Wołoszyn	49.22852	20.04923	2145	peak	5	Q11772604
Wielki Wołoszyn	49.22833	20.05000	2155	peak	5	Q9372982
Pośredni Wołoszyn	49.23056	20.05556	2117	peak	5	Q11826373
Skrajny Wołoszyn	49.23333	20.06250	2090	peak	5	Q9338172
Wierch nad Zagonnym Żlebem	49.23468	20.06714	2039	peak	4	Q9373222
Turnia nad Szczotami	49.23259	20.07572	1741	peak	4	Q9362834
Roztocka Turniczka	49.23127	20.07905	1536	peak	4	Q16597631
Roztocka Czuba	49.22853	20.09076	1425	peak	4	Q9323339
Kopské sedlo	49.22936	20.22016	1750	pass	7	Q723072
Predné Kopské sedlo	49.22664	20.22181		pass	4	Q9380667
Belianska kopa	49.22712	20.22420	1835	peak	5	Q9171324
Prostredné Jatky	49.23330	20.24900	1984	peak	7	Q11826418
Predné Jatky	49.23093	20.25180	2012	peak	7	Q9338162
Bujačí vrch	49.23019	20.26479	1947	peak	8	Q9181726
Skalné vráta	49.22719	20.28040	1620	peak	4	Q9337564
Hromovec	49.23075	20.76900	895	peak	4	Q18341551
Minčol	49.23453	20.98904	1153	peak	5	Q3502588
Feliszówka	49.22656	22.26092	1006	peak	3	Q4482474
Sasów	49.23395	22.26630	1010	peak	3	Q9333979
Касова	49.22684	24.69437	340	peak	3	Q12108958
Orensberg	49.24402	8.02749	581	peak	8	Q2029591
Buchberg	49.24082	11.43099	591	peak	6	Q997945
Prenet	49.23529	13.21133	1071	peak	4	Q12046975
Svatobor	49.23563	13.48730	845	peak	6	Q12057332
Straník	49.23736	18.82728	769	peak	6	Q12776767
Sokolie	49.23533	19.01448	1173	peak	5	Q9339206
Boboty	49.24386	19.05996	1087	peak	5	Q11688362
Vrchpodžiar	49.24062	19.07303	745	pass	4	Q9369172
Medzirozsutce	49.24297	19.10709	1200	pass	4	Q946189
Hrčova Kečka	49.24469	19.18702	1226	peak	5	Q15919629
Kopec	49.24348	19.54809	1252	peak	5	Q11743461
Grześ / Lúčna	49.23664	19.76664	1653	peak	7	Q11702821
Wielki Kopieniec	49.23935	19.81000	1257	peak	4	Q9372946
Kominiarski Wierch	49.24081	19.83554	1829	peak	7	Q11741584
Ratusz	49.23787	19.86998	1296	peak	3	Q9304304
Saturn	49.23902	19.87200	1391	peak	3	Q9334013
Upłazkowa Turnia	49.23752	19.87916	1608	peak	3	Q9366959
Wysoka Turnia	49.23605	19.88280	1643	peak	4	Q9380223
Upłaziańska Kopa	49.23951	19.88973	1796	peak	5	Q9366951
Ratusz Litworowy	49.24328	19.90656	1670	peak	3	Q9304311
Malolučniak / Małołączniak	49.23583	19.91922	2096	peak	9	Q11772508
Malolučniacke sedlo / Małołącka Przełęcz	49.23531	19.92837	1924	pass	3	Q11772503
Kondratova kopa / Kopa Kondracka	49.23654	19.93227	2005	peak	9	Q11743304
Sucha Czuba	49.24093	19.97764	1696	peak	4	Q9347753
Małe Uhrocie Kasprowe	49.24345	19.99701	1750	peak	5	Q11772202
Wielka Koszysta	49.23536	20.04951	2193	peak	5	Q9372804
Mała Koszysta	49.24376	20.05353	2014	peak	5	Q11772065
Turnia nad Dziadem	49.23901	20.07246	1901	peak	4	Q9362824
Štefan	49.24448	20.18748	1730	peak	3	Q86661561
Ždiarska vidla	49.24480	20.20708	2142	peak	8	Q11832486
Široké sedlo	49.23811	20.21299	1825	pass	6	Q9351345
Hlúpy	49.23684	20.22035	2061	peak	8	Q9350769
Zadné Jatky	49.23713	20.23293	2020	peak	7	Q9385742
Gáflovka	49.24497	20.24344	1626	peak	3	Q9362826
Pálenica	49.24130	20.32678	1174	peak	3	Q28675922
Wołosań	49.23987	22.25013	1071	peak	3	Q9378008
Les Platons	49.24809	-2.10509	143	peak	9	Q2199337
Schwarzenberg	49.24691	7.04042	377	peak	3	Q2253808
Weißenberg	49.25268	7.82567	610	peak	5	Q2556954
Almersberg	49.24849	7.91859	564	peak	5	Q18410154
Teufelsberg	49.25187	8.05375	598	peak	7	Q2406999
Malý Rozsutec	49.24644	19.10165	1344	peak	7	Q3506689
Sedlo Zákres	49.24652	19.10448	1229	pass	4	Q16620782
Machy	49.25368	19.57527	1202	peak	6	Q11765265
Kasne	49.24680	19.74666	1541	peak	3	Q11736740
Jamborowy Wierch	49.24536	19.77844	1565	peak	4	Q11716735
Bobrowiec / Bobrovec	49.24623	19.78469	1665	peak	7	Q9174818
Hrubas	49.24520	19.80067	1499	peak	4	Q9294470
Jaworzyński Przysłop	49.25412	19.80477	1269	peak	4	Q11723494
Spalona Czuba	49.25380	19.82448	1257	peak	4	Q9340018
Mały Opalony Wierch	49.25194	19.83306	1448	peak	4	Q11772570
Wielki Opalony Wierch	49.25031	19.83661	1485	peak	5	Q9372959
Piec	49.24865	19.88667	1472	peak	3	Q11816441
Upłaziańska Kopka	49.25037	19.88713	1457	peak	4	Q9366952
Kobylarz	49.24620	19.90313	1430	peak	3	Q11740561
Kondracka Kopka	49.24812	19.93313	1776	peak	3	Q11742292
Wielki Giewont	49.25095	19.93410	1894	peak	5	Q9372923
Długi Giewont	49.25209	19.93815	1867	peak	3	Q9249477
Kalacka Kopa	49.25443	19.95376	1601	peak	4	Q11733425
Myślenickie Turnie	49.25191	19.97378	1354	peak	4	Q11787708
Jaworzyńska Czuba	49.24907	19.99341	1625	peak	4	Q11723491
Kopa Magury	49.24861	20.00070	1704	peak	6	Q11743305
Mała Królowa Kopa	49.25261	20.00269	1577	peak	6	Q11772062
Muráň	49.25112	20.17678	1890	peak	8	Q11786682
Nový vrch	49.25033	20.18739	1999	peak	8	Q11793948
Havran	49.24847	20.19769	2152	peak	8	Q2067998
Veľký Grúň	49.25327	20.23232	1274	peak	3	Q11798448
Čierny vrch	49.24546	20.29909		peak	3	Q86686675
Przełęcz Łupkowska	49.25133	22.04021	640	pass	14	Q2573489
Łopiennik	49.24543	22.33883	1069	peak	4	Q9394335
Kippkopf	49.26191	7.76524	522	peak	3	Q31535163
Roßberg	49.26177	8.02966	637	peak	7	Q1359604
Velká baba	49.26235	16.55096	446	peak	4	Q51007721
Makyta	49.26093	18.16308	923	peak	7	Q1886573
Makyta	49.26092	18.16309	923	peak	7	Q1886573
Rovná hora	49.26417	19.10472		pass	4	Q13403631
Osobitá	49.26113	19.72137	1687	peak	7	Q2493642
Javorina	49.25662	19.72165	1581	peak	4	Q11723469
Pod Osobitou	49.25847	19.72190		pass	4	Q11829796
Furkaska / Veľká Furkaska	49.26162	19.78873	1491	peak	6	Q9264716
Parzątczak	49.25568	19.79049	1486	peak	4	Q11813159
Kryta Czuba	49.26397	19.80600	1246	peak	4	Q11748835
Jamska Czuba	49.25634	19.81897	1108	peak	4	Q11716855
Klinowa Czuba	49.26170	19.82579	1276	peak	3	Q11740143
Zadnia Rosocha	49.26358	19.83298	1271	peak	5	Q9385729
Wierch Spalenisko	49.25636	19.83517	1324	peak	5	Q9373218
Diabliniec	49.25661	19.84467	1241	peak	5	Q11694078
Zadnia Kopka	49.26011	19.85891	1333	peak	5	Q9385724
Kończysta Turnia	49.26364	19.87777	1248	peak	3	Q11744819
Upłaziański Wierszyk	49.25633	19.87843	1203	peak	4	Q9366954
Łysanki	49.26216	19.91544	1447	peak	5	Q9394922
Sarnia Skała	49.26490	19.94100	1378	peak	6	Q9333913
Suchy Wierch	49.25801	19.94243	1539	peak	4	Q9347844
Sucha Czubka	49.25536	19.94408	1562	peak	3	Q17619478
Biała Czubka	49.26165	19.96355	1333	peak	3	Q17619443
Mała Krokiew	49.26406	19.96375	1365	peak	3	Q11772068
Kalacka Turnia	49.25588	19.96426	1383	peak	3	Q11733428
Boczań	49.26461	19.98714	1224	peak	4	Q11688387
Wysokie	49.26431	19.99409	1287	peak	4	Q9380251
Diabełek	49.25673	20.00325	1470	pass	3	Q11694072
Wielka Królowa Kopa	49.25586	20.00485	1531	peak	5	Q9372803
Ostry Wierch	49.26419	20.06117	1475	peak	5	Q11800796
Suchy Wierch Waksmundzki	49.25861	20.06806	1485	peak	5	Q9347856
Gęsia Szyja	49.25903	20.07652	1489	peak	5	Q9284045
Kôň	49.25656	20.15708	1356	peak	6	Q11772567
Kýčera	49.26433	20.16165	1240	peak	4	Q11738929
Stará Javorinka	49.26121	20.20295	1505	peak	3	Q9343769
Žľabina	49.25500	20.22026	1411	peak	3	Q9397497
Javorinka	49.25695	20.25854		peak	3	Q11723485
Tokáreň	49.25865	20.27419	1220	peak	4	Q9359015
Skalka	49.25942	20.32284		peak	3	Q28675925
Jaworne	49.25934	22.22658	992	peak	4	Q11723410
Kahlenberg	49.26998	7.14607	371	peak	4	Q1721175
Hortenkopf	49.27045	7.82733	606	peak	7	Q1630198
Čepičná	49.27167	13.58233	671	peak	3	Q11171500
Vartovna	49.26994	17.93874	651	peak	3	Q92890999
Rochovica	49.26642	18.74143	640	peak	3	Q64711561
Brodnianka	49.26522	18.76720	720	peak	3	Q64827844
Vreteň	49.27375	18.79379	821	peak	4	Q64686722
Mravečník	49.27110	19.01215	992	peak	4	Q17619457
Minčol	49.27182	19.24851	1394	peak	6	Q3492692
Kubínska hoľa	49.27398	19.26919	1347	peak	6	Q3492743
Mních	49.26508	19.58518		peak	4	Q11784294
Koryciańska Czuba	49.27051	19.80191	1161	peak	4	Q11743902
Skrajna Rosocha	49.26570	19.83623	1262	peak	4	Q9338151
Cisowa Turnia	49.27214	19.84033	1112	peak	4	Q9192827
Pośrednia Kopka	49.26604	19.85293	1305	peak	6	Q11826391
Przednia Kopka	49.27417	19.86089	1113	peak	6	Q11828337
Mały Regiel	49.27103	19.87756	1141	peak	4	Q11772581
Hruby Regiel	49.26778	19.88944	1339	peak	5	Q9294474
Samkowy Zwornik	49.26696	19.92325	1316	peak	3	Q9333135
Samkowa Czuba	49.27215	19.92684	1189	peak	5	Q9333132
Łomik	49.26910	19.94786	1270	peak	3	Q9394295
Krokiew	49.26712	19.96461	1378	peak	5	Q11748265
Nieborak	49.26819	19.99107	1219	peak	4	Q11791291
Wielki Kopieniec	49.27166	20.01630	1328	peak	4	Q9372947
Kotlinowy Wierch	49.27119	20.02931	1304	peak	5	Q11744391
Przednia Kopa Sołtysia	49.27493	20.05977	1334	peak	4	Q24947371
Średnia Kopa Sołtysia	49.27133	20.06092	1362	peak	3	Q24947368
Zadnia Kopa Sołtysia	49.26820	20.06295	1420	peak	4	Q24947369
Filipczański Wierch	49.27412	20.07651	1223	peak	5	Q9259656
Goły Wierch	49.26754	20.09685	1206	peak	6	Q9275005
Strednica	49.27391	20.20579	1129	peak	5	Q9373225
Kotník	49.26603	20.60986	883	peak	4	Q13425344
Murianik	49.27353	20.99056	1002	peak	3	Q11786694
Kesselberg	49.28456	8.04474	662	peak	8	Q1331460
Blättersberg	49.27561	8.06513	618	peak	7	Q887012
Ľadonhora	49.28130	18.87905	999	peak	6	Q12781406
Pupov	49.27525	19.08593	1059	peak	5	Q12047620
Bôrik	49.28167	19.70510		pass	3	Q9177504
Mała Furkaska	49.27522	19.81363	1132	peak	5	Q11772044
Kopa nad Białym	49.27546	19.95398	1035	peak	3	Q11743309
Nosal	49.27643	19.98946	1206	peak	8	Q17619460
Mały Kopieniec	49.27619	20.00498	1170	peak	4	Q11772552
Korbania	49.28433	22.37066	894	peak	3	Q11743601
Brennender Berg	49.28833	7.05235		peak	9	Q316640
Erlenkopf	49.29222	7.93929	553	peak	3	Q15110412
Heidelberg	49.29355	8.09466	338	peak	3	Q31567086
Michaelsberg	49.29119	9.15387	240	peak	4	Q1930169
Javorová	49.29464	19.38416	1076	peak	3	Q12024291
Osly	49.29137	19.61929	1039	peak	3	Q11801591
Javorková	49.28880	19.63653	1141	peak	4	Q11723375
Mikulovka	49.28843	19.66163	1193	peak	3	Q11781124
Antałówka	49.29188	19.97156	937	peak	5	Q571511
Repisko	49.29206	20.19866	1259	peak	6	Q1440647
Príslop	49.28622	20.20696	1214	peak	4	Q11830268
Priehrštie	49.29140	20.24089	1209	peak	3	Q11826996
Magurské sedlo	49.29026	20.42775	949	pass	4	Q11829595
Laborecký priesmyk	49.28817	22.01524		pass	3	Q3506708
Mosisberg	49.30005	7.85485	608	peak	7	Q1583931
Steigerkopf	49.29708	8.02623	613	peak	6	Q2339310
Lolosruhe	49.30151	8.03444	574	pass	8	Q1331460
Hochberg	49.29874	8.07135	635	peak	6	Q1621685
Minčol	49.29899	19.23950	1139	peak	3	Q12037765
Príslop	49.30374	19.35362	807	pass	3	Q9334863
Príslop	49.30350	19.35403	807	pass	3	Q9334863
Skorušina	49.29793	19.69208	1314	peak	6	Q1391985
Magura Witowska	49.29603	19.79427	1231	peak	7	Q11766271
Witowski Przysłop	49.29539	19.81132	1164	peak	5	Q11830279
Palenica Kościeliska	49.30336	19.88663	1183	peak	4	Q16585443
Butorowy Wierch	49.30180	19.90638	1160	peak	3	Q9182442
Gubałówka	49.30372	19.91966	1133	peak	14	Q913060
Toporecké sedlo	49.29870	20.44510		pass	4	Q12777626
Orlovská Magura	49.29960	20.84611	830	peak	3	Q11766264
Čierna hora	49.30252	21.50835	667	peak	3	Q12781291
Eschkopf	49.31029	7.85384	608	peak	7	Q1367094
Schafkopf	49.31203	8.04884	617	peak	7	Q2230124
Breitenberg	49.30909	8.08990	545	peak	6	Q16054716
Wetterkreuzberg	49.31280	8.10675	400	peak	7	Q8553102
Habsberg	49.31362	11.63235	621	peak	4	Q15734342
Velký Špičák	49.31162	15.51118	734	peak	3	Q11879135
Babí lom (jižní vrchol)	49.30521	16.57616	521	peak	6	Q10859695
Babí lom (severní vrchol)	49.31316	16.57683	562	peak	6	Q10859695
Proklest	49.31020	16.77148	574	peak	3	Q23813310
Malý Javorník	49.30592	18.30314	1019	peak	6	Q12035135
Okrúhlica	49.30780	19.12295	1076	peak	3	Q63139102
Gubałówka	49.30779	19.93593	1120	peak	14	Q913060
Wierch Zgorzelisko	49.30985	20.08643	1105	peak	3	Q9373220
Górków Wierch	49.30894	20.16759	1046	peak	3	Q9283679
Špičiak	49.30609	20.48676	1051	peak	3	Q15220159
Garb Średni/Stredný hrb	49.31214	21.98299	822	peak	4	Q9265896
Chryszczata	49.30565	22.18796	998	peak	5	Q4240556
Blattberg	49.32362	7.88451	551	peak	3	Q882159
Rotsohlberg	49.31821	8.05140	607	peak	5	Q19964769
Kalmit	49.31892	8.08262	674	peak	9	Q1722544
Taubenkopf	49.32208	8.08863	604	peak	6	Q1728475
Sommerberg	49.32319	8.10564	502	peak	4	Q25392938
Dillberg	49.32327	11.38207	595	peak	5	Q896036
Ottenberg	49.32268	11.48947	588	peak	6	Q1409214
Veľký Javorník	49.31904	18.36782	1072	peak	8	Q3491501
Paráč	49.32414	19.21570	1325	peak	6	Q3492758
Príslopec	49.31685	19.24139	1258	peak	3	Q31560020
Brija	49.32442	20.18213	1000	peak	4	Q9180754
Makovica	49.31822	21.46313	655	peak	3	Q12770887
Schindhübel	49.32681	7.87533	571	peak	7	Q1424727
Brogberg	49.33028	7.89763	567	peak	6	Q925025
Bierenberg	49.32814	7.92658	474	peak	3	Q857806
Großer Schweinsberg	49.33001	7.95023	406	peak	3	Q1548967
Oberscheid	49.32690	8.05534	582	peak	3	Q28499868
Hohe Loog	49.33256	8.09621	619	peak	7	Q1610599
Dieberg	49.32666	12.86897	639	peak	3	Q19962212
Malhostovická pecka	49.32598	16.49536	332	peak	3	Q12034996
Bloskülb	49.34093	7.89475	570	peak	6	Q885427
Platte	49.34029	8.06026	561	peak	3	Q21000085
Nollenkopf	49.34443	8.11388	490	peak	4	Q1995819
Budín	49.34389	19.45247	1221	peak	5	Q9181645
Ostrysz	49.34280	19.85588	1023	peak	3	Q30910184
Veterný vrch	49.33528	20.50965	1113	peak	3	Q31551888
Osly	49.33685	20.71238		peak	3	Q11801590
Jaworniki	49.34011	22.71291	908	peak	3	Q11723422
Javorový vrch	49.34845	19.50326	1076	peak	3	Q31562977
Holowiec	49.34918	20.20840	1035	peak	3	Q9293379
Lemešná	49.35642	18.39527	950	peak	4	Q23806667
Uhlisko	49.36497	19.57761	860	peak	3	Q31558156
Dudasowski Wierch	49.35710	20.20250	1038	peak	3	Q11695265
Stráňanské sedlo	49.36228	20.56378	730	pass	3	Q11829565
Stebnícka Magura	49.36064	21.24562	900	peak	6	Q332220
Popowa	49.36458	22.04686	667	peak	3	Q11823942
Suliła	49.36279	22.16797	759	peak	3	Q11836474
Vorderer Gleisberg	49.37280	7.98968		peak	3	Q31565023
Svatá hora	49.36939	16.15750	679	peak	5	Q1273583
Magurka	49.36837	19.49106	1109	peak	6	Q11766277
Kurasówka	49.36531	20.19834	1038	peak	3	Q11751153
Wysokie Bereście	49.36626	21.02634	894	peak	3	Q9380256
Przełęcz Tylicka/Kurovské sedlo	49.37476	21.10259	682	pass	6	Q2576160
Wahalowski Wierch	49.37008	22.04467	666	peak	3	Q9370028
Leiterberg	49.37793	7.86684	507	peak	3	Q1816179
Weinbiet	49.37635	8.12131	550	peak	7	Q22604
Na Skalce	49.38215	12.77671	1008	peak	6	Q12054383
Čerchov	49.38334	12.78373	1042	peak	14	Q338747
Skalka	49.37825	15.42063	703	peak	3	Q23826945
Čeřínek	49.37669	15.43653	761	peak	4	Q23821272
Větrník	49.38017	15.57996	571	peak	3	Q31004809
Hostýn	49.38009	17.70173	736	peak	10	Q369552
Makovský průsmyk	49.38298	18.41070	802	pass	4	Q12034958
Chotárny kopec	49.38080	18.77464	906	peak	3	Q67032787
Kýčera	49.38100	18.97113	1005	peak	3	Q15735188
Litwinka	49.38104	20.12479	902	peak	4	Q9197866
Lesnické sedlo	49.38276	20.49403		pass	3	Q11829804
Vysoké Skalky / Wysoka	49.38026	20.55550	1050	peak	7	Q1955808
Smerekowa / Vysoká	49.37544	20.57701	1013	peak	4	Q9338649
Watrisko	49.38449	20.57958	960	peak	4	Q9371548
Vrchriečky / Wierchliczka	49.38305	20.59215	966	peak	5	Q9373226
Soľovka	49.37818	20.73273	828	peak	3	Q9339402
Reihersberg	49.39036	6.69846	243	peak	3	Q28934838
Hermannskopf	49.38924	8.08112	532	peak	3	Q30753061
Stabenberg	49.39443	8.13642	496	peak	6	Q2325417
Řehořovský vrch	49.39293	15.78566	645	peak	3	Q22914942
Soláň	49.39337	18.25022	861	peak	6	Q12055330
Beskydek	49.39290	18.40547	953	peak	3	Q18042171
Kýčerka	49.38869	19.03967	1050	peak	3	Q15735189
Šľachovky / Wysoki Wierch	49.39328	20.51390	898	peak	5	Q9380245
Durbaszka	49.38695	20.53659	934	peak	5	Q9213000
Borsuczyny	49.38555	20.54646	939	peak	4	Q9177820
Pawłowska Góra	49.38853	20.56099	840	peak	4	Q11814677
Skalskie	49.39411	20.56816	789	peak	4	Q9337590
Repowa	49.38901	20.57655	918	peak	3	Q9306527
Busov	49.38811	21.16259	1002	peak	6	Q3489580
Litermont	49.40109	6.78648	414	peak	3	Q1306290
Höcherberg	49.39757	7.26581	518	peak	4	Q1436908
Gaisberg	49.40352	8.70471	376	peak	5	Q1491343
Königstuhl	49.40266	8.72979	568	peak	18	Q27114
Koráb	49.39560	13.07531	776	peak	5	Q23824260
Křemešník	49.40433	15.32488	769	peak	8	Q1797638
Kelčský Javorník	49.40025	17.76559	864	peak	7	Q1738421
Vysoká	49.40396	18.36093	1024	peak	8	Q3487012
Bumbálka	49.39913	18.40977	870	pass	3	Q11449352
Malá Rača / Mała Racza	49.40198	18.97090	1153	peak	4	Q11772092
Sedlo pod Orlom	49.39877	18.97520		pass	3	Q11829795
Orło / Orol	49.39527	18.97985	1119	peak	5	Q11799433
Veľká Červenková / Wielka Czerwenkowa	49.39581	19.00453	1131	peak	5	Q9372782
Bugaj	49.39639	19.01486	1140	peak	6	Q9181693
Jaworzyna / Javorina	49.39564	19.03465	1173	peak	6	Q11723462
Kykula / Kikula	49.40477	19.04432	1105	peak	4	Q11739178
Svítková	49.40368	19.10728	1082	peak	3	Q9396516
Talapkov Beskyd	49.40263	19.12121	1077	peak	3	Q9181848
Krkoškuľa	49.40376	19.15338		peak	3	Q11815146
Vysoká Magura	49.40104	19.16344	1115	peak	4	Q11837743
Klejowa	49.40009	20.43191	576	peak	4	Q11739943
Cyrhle	49.40378	20.50421	774	peak	4	Q9197563
Rabsztyn / Rabštín	49.39734	20.50560	847	peak	4	Q11833193
Huściawa	49.39974	20.51282	818	peak	4	Q24945553
Krupianka	49.40180	20.53257	688	peak	4	Q11748464
Homole	49.39618	20.54722	726	peak	3	Q9293495
Bereśnik	49.39882	20.57285	760	peak	5	Q11687738
Eliaszówka / Eliášovka	49.40083	20.64258	1023	peak	4	Q2026062
Kamień	49.39524	22.05381	717	peak	3	Q11734447
Wünschberg	49.40758	6.92076	294	peak	4	Q1315474
Lambertskreuz	49.41085	8.06752		pass	3	Q1801439
Büttelberg	49.41467	10.37251	530	peak	6	Q1021832
Briava	49.41055	18.76516	821	peak	3	Q66983840
Veľká Rača	49.41334	18.96880	1236	peak	8	Q571753
Májov / Majów	49.41212	19.07038	1134	peak	4	Q15703484
Bednárová	49.40979	19.13718		peak	4	Q9169555
Úšust	49.40898	19.18673	1156	peak	5	Q11800934
Vráta	49.41168	19.39041	1051	peak	4	Q1955665
Macelowa Góra	49.40908	20.38394	801	peak	4	Q11765212
Nowa Góra	49.41461	20.39646	902	peak	5	Q11793384
Nad Ogródki	49.41444	20.41278	940	peak	13	Q7849064
Niżnia Okrąglica	49.41307	20.41421		peak	13	Q7849064
Trzy Korony (Okrąglica)	49.41383	20.41422	982	peak	13	Q7849064
Płaska Skała	49.41389	20.41639	950	peak	13	Q7849064
Pańska Skała	49.41444	20.41889	920	peak	13	Q7849064
Łysina	49.40937	20.42301	795	peak	5	Q9394951
Facimiech	49.40603	20.42611	668	peak	4	Q9257643
Holica	49.40843	20.44600	828	peak	3	Q9274363
Przechodni Wierch	49.41353	20.44677	552	peak	5	Q11828219
Szafranówka / Šafranovka	49.41421	20.47618	742	peak	5	Q9350724
Vitkuľa / Witkula	49.41186	20.47824	736	peak	4	Q9375571
Lažna Skala / Łaźne Skały	49.40607	20.49242	770	peak	6	Q9394197
Jarmutka	49.41465	20.50095	690	peak	4	Q11720716
Jarmuta	49.41098	20.50588	794	peak	5	Q11720714
Czuprana	49.41125	20.51083	777	peak	4	Q11692349
Pusta Wielka	49.40622	20.82575	1061	peak	3	Q11831880
Huzary	49.41428	20.99236	864	peak	3	Q11710346
Smilniansky vrch	49.40725	21.33967	750	peak	5	Q9338659
Rzepedka	49.40602	22.08527	707	peak	3	Q9325243
Großer Humberg	49.41510	7.77991	424	peak	5	Q1302129
Drachenfels	49.42359	8.05200	571	peak	7	Q1254237
Eckkopf	49.41620	8.13896	516	peak	7	Q1281865
Uplaz / Obłaz	49.42163	18.98604	1042	peak	4	Q11795584
Bania / Priehybok	49.41528	19.05394	1127	peak	6	Q9164923
Majcherová / Majcherowa	49.41805	19.07272	1105	peak	4	Q11766397
Wielka Rycerzowa / Rycierova hora	49.41585	19.09178	1226	peak	7	Q9372830
Mała Rycerzowa	49.42304	19.09455	1207	peak	3	Q11772099
Żar	49.41820	20.22992	883	peak	5	Q9397223
Humbarg	49.41541	20.23226	825	peak	4	Q11710016
Ula	49.42320	20.33537	713	peak	3	Q9364798
Kozia Góra	49.42376	20.36800	771	peak	3	Q11744565
Macelak	49.41962	20.37566	857	peak	4	Q11765211
Cyrlowa Skała	49.41510	20.38155	816	peak	3	Q9197626
Zamkowa Góra	49.41964	20.42052	799	peak	5	Q9386815
Ociemny Wierch	49.42452	20.42835	744	peak	3	Q31791364
Czerteż	49.42302	20.43241	774	peak	5	Q9198731
Czertezik	49.42225	20.43422	772	peak	5	Q9198722
Sokolica	49.41765	20.44038	747	peak	6	Q9339203
Długi Gronik	49.42040	20.44707	569	peak	4	Q9249479
Biała Skała	49.41669	20.45230		peak	3	Q9170300
Groń	49.42061	20.47264	687	peak	4	Q9281030
Palenica	49.41869	20.47681	722	peak	4	Q11802331
Jaworzyna Krynicka	49.41805	20.89551	1114	peak	5	Q3163203
Góra Parkowa	49.41536	20.96702	742	peak	4	Q9283471
Dzielec	49.41944	21.04707	792	peak	3	Q11695628
Czeremcha	49.41575	21.45814	670	peak	4	Q11692092
Przełęcz Dukielska / Dukliansky priesmyk	49.41764	21.69613	502	pass	23	Q911014
Gromadzyń	49.41931	22.59554	655	peak	3	Q9280906
Le Moulin	49.43121	-2.36236	114	peak	5	Q3224807
Steinkopf	49.43155	8.08710	527	peak	3	Q28055075
Heiligenberg	49.42615	8.70626	439	peak	9	Q1595132
Rudný	49.43492	15.58124	613	peak	4	Q23822597
Bobek/Bobok	49.43318	18.48985	871	peak	5	Q11216056
Veľký Príslop / Wielki Przysłop	49.43029	18.98892	1044	peak	5	Q9372964
Bendoszka Wielka	49.42780	19.04412	1144	peak	4	Q9168688
Majerz	49.43352	20.34151	689	peak	3	Q11766445
Wysoki Dział	49.42626	20.40506	731	peak	5	Q9380235
Bajków Groń	49.42561	20.41421	716	peak	4	Q11687238
Białe Skały	49.42623	20.41963	749	peak	3	Q9170407
Beskid	49.42541	21.07485	636	pass	3	Q11829477
Lacková / Lackowa	49.42655	21.10248	997	peak	7	Q11752559
Spiemont	49.44408	7.15104	400	peak	4	Q2310421
Petersberg	49.43656	10.38077	504	peak	4	Q1475254
Praszywka Mała	49.44162	19.05167	980	peak	3	Q11826695
Javorina	49.43775	19.18843	1051	peak	3	Q11723460
Wielki Rogacz	49.43993	20.61034	1182	peak	3	Q9372966
Miedzyradziejówki	49.44085	20.62911	1037	peak	3	Q11783923
Kicarz	49.43576	20.73266	704	peak	4	Q11738893
Runek	49.44121	20.87385	1080	peak	3	Q9324022
Baranie/Stávok	49.43693	21.59748	754	peak	4	Q9165204
Wilcze Budy	49.44489	21.99978		peak	3	Q9374330
Quaitersberg	49.45238	7.84942	394	peak	5	Q1473333
Spitzkopf	49.45205	8.00326	429	peak	4	Q1713461
Ebersberg	49.44840	8.13960	342	peak	3	Q1279737
Hoher Nistler	49.44584	8.70757	496	peak	6	Q1567222
Weißer Stein	49.45308	8.72300	549	peak	9	Q322627
Schmausenbuck	49.44934	11.14891	390	peak	4	Q1534162
Buchenberg	49.45239	11.38132	567	peak	3	Q998265
Sýkoř	49.44617	16.40788	704	peak	5	Q12058083
Javorské	49.45245	18.86353	860	peak	3	Q21708778
Kykula / Kikula	49.45470	18.96081	1087	peak	6	Q11739177
Magura	49.45276	18.97306	1073	peak	5	Q11766258
Jaworzyna	49.45192	18.99777	1021	peak	4	Q11723457
Solisko	49.44806	19.19869		peak	3	Q9339364
Bukowinki	49.45402	20.58091	1209	peak	3	Q9181861
Radziejowa	49.44930	20.60412	1266	peak	6	Q9302749
Niemcowa	49.44955	20.64992	963	peak	3	Q11791534
Javorina	49.44723	21.26315	881	peak	3	Q11723472
Dossenheimer Kopf	49.45803	8.74642	539	peak	3	Q19962237
Rechenberg	49.46351	11.11066	338	peak	3	Q2135230
Nonnenberg	49.46210	11.36167	579	peak	3	Q42882589
Mariahilfberg	49.45798	11.87260	529	peak	4	Q18746902
Vysoký kámen	49.46283	15.56699	661	peak	3	Q11947914
Wdżar	49.45611	20.31994	767	peak	5	Q9371792
Złomisty Wierch	49.46033	20.57774	1224	peak	4	Q9393331
Kordowiec	49.46002	20.66740	763	peak	3	Q11743631
Kozie Żebro	49.46026	21.20453	848	peak	3	Q11744593
Kieskautberg	49.47256	8.03981	460	peak	5	Q1741105
Rahnfels	49.47212	8.09600	502	peak	7	Q1287269
Schriesheimer Kopf	49.46589	8.75411	529	peak	3	Q31559647
Ohrsberg	49.46959	8.98939	237	peak	4	Q15058288
Katzenbuckel	49.47085	9.04150	626	peak	9	Q896713
Moritzberg	49.46554	11.31121	604	peak	7	Q1948151
Johannisberg	49.47027	11.98225	619	peak	4	Q19059993
Buchsberg	49.46897	12.56227	788	peak	3	Q31550515
Pientkuľa	49.46911	19.21994	1043	peak	3	Q11723459
Marszałek	49.46539	20.40207	829	peak	3	Q11770513
Dzwonkówka	49.46639	20.47454	982	peak	3	Q16542305
Skałka	49.47269	20.53934	1163	peak	3	Q9337767
Przehyba	49.46561	20.56011	1175	peak	4	Q11828555
Wielka Przehyba	49.46718	20.57104	1191	peak	4	Q9372823
Magorzyca	49.47034	20.60701	881	peak	3	Q11766251
Rotunda	49.47456	21.23577	772	peak	3	Q9322962
Bosenberg	49.47522	7.19950	485	peak	3	Q894411
Rotenberg	49.48466	7.69663		peak	3	Q2168304
Peterskopf	49.47927	8.12968	493	peak	6	Q1477611
Markgrafenwald	49.47676	9.10676	584	peak	4	Q19963122
Běleč	49.47735	13.24097	712	peak	4	Q23821554
Helštýn	49.48436	17.98506	383	peak	4	Q11863238
Magurka	49.48065	18.31713	1068	peak	4	Q11766275
Krawców Wierch	49.47892	19.22520	1071	peak	5	Q11748049
Pisana Hala	49.48013	20.76213	1044	peak	4	Q9285145
Piotruś	49.47658	21.74957	728	peak	6	Q7197134
Mont Saint Jean	49.49032	6.06084	411	peak	8	Q3029261
Schaumberg	49.48624	7.02940	568	peak	4	Q1754423
Weilerskopf	49.49068	8.12665	470	peak	6	Q2555652
Houbirg	49.48826	11.49154	616	peak	3	Q1631278
Tuhošť	49.49181	13.26054	601	peak	3	Q17326647
Radhošť	49.49159	18.22309	1129	peak	17	Q1578621
Uhorská	49.49076	18.59839	1029	peak	3	Q31558131
Wielki Groń	49.49194	19.22781	1075	peak	3	Q9372931
Gruba Buczyna / Hrubá bučina	49.48718	19.23166	1132	peak	4	Q11702560
Kotelnica	49.49144	20.22992	946	peak	3	Q11744310
Runek Hubieński	49.49331	20.25346	997	peak	3	Q30906374
Lubań	49.48932	20.33893	1211	peak	5	Q11762970
Hohe Bühl	49.49521	7.99630	444	peak	5	Q1623448
Eichelberg	49.49928	8.74434	525	peak	6	Q1301359
U Knoflíčka	49.49610	16.37807	614	peak	3	Q11876958
Skalky	49.50154	16.78979	735	peak	8	Q1724754
Kněhyně	49.49585	18.31265	1258	peak	7	Q3499647
Čuboňov	49.49810	18.60116	1014	peak	4	Q9393842
Bukowinka	49.49827	20.19535	937	peak	3	Q9181870
Popowe Wierchy	49.50481	21.27907	684	peak	3	Q11823942
Sensberg	49.51016	9.02095	472	peak	3	Q17127377
Salzlackenkopf	49.51271	9.09355	576	peak	3	Q17127246
Rotbühl	49.51200	12.01277	673	peak	3	Q2168143
Drechselberg	49.50671	12.57461	836	peak	3	Q2677521
Reichenstein	49.51459	12.62075	874	peak	3	Q2797881
Maleník	49.51458	17.67825	479	peak	6	Q1275371
Velká Stolová	49.51100	18.30114	1057	peak	6	Q642494
Malá Stolová	49.50917	18.31568	1009	peak	6	Q10954399
Smrk	49.50817	18.37046	1278	peak	13	Q582495
Malý Smrk	49.51034	18.38671	1174	peak	5	Q10950189
Malý Polom	49.50951	18.59810	1061	peak	6	Q10954288
Velký Polom / Veľký Polom	49.50609	18.67089	1067	peak	6	Q3507306
Velký Polom / Veľký Polom	49.50616	18.67090	1067	peak	6	Q3507306
Jablunkovský průsmyk	49.51343	18.75225	553	pass	14	Q1319012
Kykuľa / Kikula	49.51332	18.94807	845	peak	5	Q18042181
Obszar	49.51457	21.32782	686	peak	3	Q11795189
Weiselberg	49.52262	7.24344	570	peak	6	Q1323591
Remigiusberg	49.52167	7.44038	368	peak	6	Q2142980
Potzberg	49.52092	7.48037	562	peak	7	Q2106639
Daumberg	49.51875	8.76283	462	peak	6	Q1172951
Stiefelhöhe	49.52225	8.80383	589	peak	6	Q2348357
Kunigundenberg	49.52217	11.27560		peak	3	Q1792204
Velká skála	49.52019	12.65153	794	peak	4	Q23824215
Švábův kopec	49.51522	16.38830	648	peak	4	Q10503512
Minčol	49.51624	19.28582	1273	peak	3	Q12771761
Mechy	49.51580	19.31189	1485	peak	5	Q99482635
Pająków Wierch	49.51733	19.76649	934	peak	4	Q18433031
Ostra	49.51653	20.73576	834	peak	3	Q11800657
Zolverknapp	49.52630	5.93662	422	peak	4	Q3247868
Goldkopf	49.53298	8.69424	324	peak	5	Q1403598
Schildenberg	49.52892	9.09884	552	peak	3	Q17127284
Großer Hansgörgel	49.52669	11.39397	601	peak	3	Q30603904
Monte Kaolino	49.53405	11.96638	532	peak	8	Q1526711
Studeničný	49.52787	18.78123	718	peak	4	Q12336733
Girova	49.53169	18.80007	840	peak	10	Q846830
Zabawa	49.53418	19.08362	824	peak	3	Q9283539
Redykalny Wierch	49.52735	19.18447	1146	peak	3	Q9305165
Boraczy Wierch	49.52715	19.19907	1248	peak	4	Q9177438
Lipowski Wierch	49.53161	19.21876	1326	peak	5	Q11757778
Trzy Kopce	49.53123	19.26059	1213	peak	6	Q9362318
Munczolik (Szczawinka)	49.53360	19.29700	1356	peak	4	Q11786603
Pilsko	49.52797	19.31680	1557	peak	14	Q1431424
Bukowina Miejska	49.53363	20.09049	1103	peak	3	Q9181866
Bukowina Waksmundzka	49.52518	20.10468	1103	peak	3	Q9181868
Cergowa	49.53054	21.71763	716	peak	4	Q9186707
Titelberg	49.53871	5.85946	395	peak	4	Q20969770
Waldskopf	49.54010	8.76965	538	peak	5	Q2541916
Hardberg	49.53908	8.80374	593	peak	6	Q1585031
Stillfüssel	49.53757	8.83539	568	peak	3	Q16857314
Falkenberg	49.54228	9.02021	547	peak	3	Q17123104
Kinzert	49.53524	9.12266	553	peak	5	Q1742307
Eisenberg	49.54094	12.40233	770	peak	5	Q1310855
Stückberg	49.54081	12.52585	809	peak	3	Q2802212
Eulenberg	49.54215	12.59066	818	peak	3	Q15992106
Stražiště	49.53582	15.00385	744	peak	6	Q1713732
Rysianka	49.53644	19.22743	1322	peak	4	Q9324553
Palenica/BRTS	49.53537	19.28140	1340	peak	6	Q11802329
Bukowina Obidowska	49.53621	20.03460	1039	peak	4	Q9181869
Turbacz	49.54282	20.11138	1310	peak	13	Q7853729
Kiczora	49.53968	20.14915	1282	peak	3	Q11738924
Tworogi	49.53718	20.34713	839	peak	3	Q9363171
Giele Botter	49.54533	5.87926	400	peak	3	Q255701
Götzenstein	49.55314	8.77059	522	peak	6	Q1559959
Velký Zvon	49.55015	12.63678	862	peak	6	Q2512496
Velký Kosíř	49.54835	17.06173	442	peak	5	Q2512484
Skalka	49.55282	18.30087	964	peak	4	Q20755437
Lysá hora	49.54598	18.44727	1324	peak	20	Q1573557
Malchor	49.55485	18.44912	1220	peak	7	Q10952113
Ochodzita	49.54560	18.95513	895	peak	7	Q11795648
Koczy Zamek	49.54834	18.97600	847	peak	3	Q11740754
Syberia	49.55421	19.06926	637	peak	3	Q9348694
Buczynka (Hunców)	49.55046	19.30106	1205	peak	4	Q9181255
Student (Zimna)	49.55372	19.36658	938	peak	4	Q9347324
Solnisko	49.54581	20.08821	1183	peak	3	Q17619475
Czoło Turbacza	49.55225	20.11529	1259	peak	3	Q9199582
Przysłop	49.55024	20.20423	1187	peak	3	Q11830267
Tania Góra	49.55423	21.05379	575	peak	3	Q9355497
Bornberg	49.56103	7.54279	520	peak	7	Q893943
Selberg	49.56096	7.59390	545	peak	7	Q2267519
Travný	49.56159	18.50695	1203	peak	8	Q2450681
Malá Kykula	49.55991	18.69414	789	peak	3	Q928953
Tyniok	49.56333	18.97390	891	peak	3	Q9363653
Prusów	49.55894	19.14536	1010	peak	4	Q9283492
Romanka	49.56075	19.24192	1366	peak	8	Q11835335
Obidowiec	49.56017	20.06903	1106	peak	3	Q11794672
Mostownica	49.55560	20.13060	1251	peak	3	Q11785999
Parkowa	49.56219	22.19959	364	peak	3	Q9283475
Mont Saint-Walfroy	49.56968	5.27189	350	peak	3	Q18414820
Peterberg	49.57245	7.00471	584	peak	3	Q2079442
Herrmannsberg	49.57311	7.52314	536	peak	6	Q1592312
Königsberg	49.57483	7.57805	568	peak	6	Q1796272
Hrby	49.56556	14.25318	627	peak	4	Q12020689
Harusův kopec	49.57248	16.04370		peak	4	Q247362
Slavíč	49.56827	18.58843	1056	peak	7	Q9353046
Kozubová	49.56693	18.67247	982	peak	9	Q3507810
Czumowa Grapa	49.56604	19.08124	521	peak	3	Q9348117
Westka / Studienky	49.56539	19.37140	954	peak	3	Q9169570
Beskid Krzyżowski / Beskyd	49.57435	19.39607	923	peak	4	Q9169572
Babia Góra / Babia hora	49.57302	19.52933	1723	peak	31	Q595780
Jaworzyna Ponicka	49.57331	20.02947	996	peak	3	Q11723474
Kudłoń	49.57264	20.17612	1274	peak	4	Q11750776
Gorc Troszacki	49.57328	20.18849	1235	peak	3	Q11701097
Gorc	49.56513	20.25301	1228	peak	4	Q11708059
Wierch Młynne	49.57154	20.29414	732	pass	3	Q11829726
Jaworze	49.57481	20.91287	882	peak	3	Q11723448
Grzywacka Góra	49.57371	21.53159	567	peak	3	Q11702848
Elseberg	49.57599	9.00646	518	peak	3	Q17321421
Krähberg	49.58350	9.02100	555	peak	4	Q1790531
Der Kolli	49.57985	9.10820	548	peak	3	Q17122786
Ondřejník	49.58464	18.31294	890	peak	5	Q12042724
Mała Barania	49.57533	19.07518	659	peak	3	Q11772028
Abrahamów	49.57521	19.18232	857	peak	4	Q11684159
Mała Babia Góra / Malá Babia hora	49.58128	19.49955	1517	peak	7	Q11772027
Brána / Przełęcz Brona	49.58140	19.51012	1408	pass	4	Q11829492
Gówniak	49.57513	19.54021	1617	peak	3	Q9283931
Kępa	49.57997	19.55682	1521	peak	3	Q11752001
Sokolica	49.58457	19.56332	1367	peak	4	Q9339200
Maciejowa	49.58408	20.00317	836	peak	3	Q11765771
Bardo	49.57767	20.02507	948	peak	3	Q16485353
Turbaczyk	49.57945	20.11604	1078	peak	3	Q9362744
Wątkowa	49.57542	21.36623	846	peak	3	Q9381321
Słonny	49.57620	22.27899	668	peak	3	Q9353385
Rödlasberg	49.58733	11.95196	579	peak	3	Q19299558
Nad Marastkem	49.59282	13.72839	805	peak	4	Q23814811
Pohledecká skála	49.59299	16.12036	813	peak	4	Q12046040
Horní les	49.59125	16.34160	772	peak	4	Q475311
Smrčina	49.58686	18.61147	1015	peak	7	Q3552469
Javorina / Jaworzyna	49.59265	19.41205	1048	peak	4	Q11723461
Przełęcz Krowiarki	49.58815	19.58269	1010	pass	3	Q11829576
Teufelskopf	49.59819	6.82510	695	peak	4	Q1623948
Tromm	49.60445	8.80274	577	peak	7	Q1766215
Hoher Landsberg	49.59517	10.29778	498	peak	4	Q46998987
Ossinger	49.59937	11.61950	651	peak	5	Q1490575
Mezivrata	49.60238	14.67123		peak	6	Q1926427
Ropice	49.59702	18.58670	1082	peak	7	Q776117
Ostrý	49.60110	18.65694	1045	peak	6	Q11800787
Krkavice / Kyrkawica	49.59695	18.82670	978	peak	4	Q11751811
Kiczory / Kyčera	49.59532	18.83908	990	peak	7	Q11738939
Przełęcz Kubalonka	49.60406	18.90253	761	pass	6	Q11829583
Przełęcz Szarcula	49.60291	18.91469	761	pass	4	Q11829696
Szarcula	49.60090	18.91902	803	peak	5	Q9350839
Szarcula	49.59791	18.92235	798	peak	5	Q9350839
Kiełek	49.59844	19.68327	960	peak	4	Q18327185
Kiczora Kamienicka	49.60315	20.25530	1003	peak	4	Q11738932
Suchy Obycz	49.59871	22.64668	618	peak	3	Q9347832
Mückenbornberg	49.60520	6.84094	691	peak	4	Q8553156
Kopeček	49.61055	16.09050	822	peak	4	Q12030186
Metodka	49.60638	16.14729	789	peak	3	Q23826097
Šindelná	49.61390	18.60423	1003	peak	5	Q9396943
Filipka	49.61375	18.79027	771	peak	4	Q11698064
Velký Stožek / Stożek Wielki	49.60553	18.82306	978	peak	14	Q3505001
Malý Stožek / Stożek Mały	49.61445	18.82425	843	peak	6	Q9346360
Kubalonka	49.60712	18.91059	830	peak	4	Q11750653
Barania Góra	49.61148	19.01054	1220	peak	14	Q787991
Mędralowa / Beskydok	49.61292	19.46135	1169	peak	6	Q11787912
Czernic	49.61364	19.62671	1328	peak	4	Q9199937
Bartnia Góra	49.60921	21.13068	632	peak	3	Q9166082
Spessartskopf	49.61715	8.87505	548	peak	5	Q2309355
Pasecká skála	49.61556	16.08148	823	peak	5	Q12043887
Bohdalec	49.62264	16.14385	791	peak	6	Q2641815
Ropička	49.61622	18.55741	918	peak	5	Q23812660
Javorový	49.62066	18.60727	1032	peak	7	Q11723434
Česlar / Cieślar	49.62304	18.82060	918	peak	6	Q11379614
Kobyla	49.62499	18.85461	802	peak	3	Q11740538
Cienków Niżni	49.62312	18.92960	720	peak	3	Q9192509
Glinne	49.61873	19.06871	1034	peak	4	Q9268700
Mosorny Groń	49.62268	19.56356	1047	peak	4	Q11785748
Kiczorka	49.62260	19.59036	1298	peak	4	Q11691811
Polica	49.62345	19.61974	1369	peak	8	Q6980315
Montagne du Roule	49.62844	-1.61298	117	peak	3	Q3322314
Donnersberg	49.62529	7.91468	687	peak	15	Q22547
Kubánkov	49.63279	18.26452	661	peak	4	Q23817293
Prašivá	49.63458	18.50123	842	peak	7	Q11826689
Loučka	49.62518	18.78202	835	peak	5	Q951622
Velký Sošov / Soszów Wielki	49.63434	18.81295	886	peak	6	Q9339748
Cienków Postrzedni	49.62826	18.96516	865	peak	3	Q9192509
Cienków Wyszni	49.63291	18.98592	957	peak	3	Q9192509
Magurka Wiślańska	49.62864	19.01639	1140	peak	5	Q280831
Magurka Radziechowska	49.63043	19.04312	1108	peak	4	Q11766281
Jasna Grapa	49.62601	19.63880	1247	peak	3	Q19401731
Kucałowa Przełęcz	49.62823	19.64683	1148	pass	3	Q11750695
Okrąglica	49.62733	19.65508	1239	peak	4	Q11797122
Witów	49.63291	20.11020	720	peak	3	Q9375968
Jasień	49.63033	20.22433	1063	peak	3	Q11721155
Rosochatka	49.62700	20.85796	753	peak	4	Q9322819
Wagenberg	49.63560	8.80831	534	peak	5	Q1242495
Roter Buckel	49.64297	9.07083	540	peak	3	Q17127181
Velký Blaník	49.64181	14.87360	638	peak	15	Q881713
Melechov	49.63845	15.31990	715	peak	4	Q12036351
Fryšavský kopec	49.63715	16.00180	803	peak	3	Q12017870
Křivý javor	49.64288	16.02141	823	peak	3	Q12032282
Štarkov	49.63896	16.17153	679	peak	3	Q10415741
Prosíčka	49.64490	16.19714	748	peak	3	Q12047206
Malá Prašivá	49.63644	18.48321	707	peak	5	Q10856845
Zielony Kopiec	49.64323	19.00244	1152	peak	4	Q9391039
Muronka	49.64389	19.05250	1017	peak	3	Q11786701
Czerniawa Sucha	49.64387	19.46858	1062	peak	4	Q11692114
Cichoń	49.64276	20.37456	926	peak	3	Q9192305
Ostra	49.64334	20.39233	925	peak	3	Q11800658
Maślana Góra	49.64332	21.05903	753	peak	6	Q11772666
Hungerberg	49.65185	8.04075	290	peak	3	Q1534561
Gotthardsberg	49.65484	9.21375	299	peak	3	Q30670486
Tisůvka	49.65178	15.94945	804	peak	5	Q12059058
Drátenická skála	49.65475	16.08404	776	peak	3	Q11831053
Godula	49.64939	18.55093	738	peak	5	Q1236691
Malý Sošov / Soszów Mały	49.65129	18.80635	762	peak	4	Q12035154
Wierch Skalnity	49.64703	18.84046	723	peak	3	Q9373215
Kościelec	49.65307	19.02066	1022	peak	3	Q11744841
Naroże	49.64774	19.70357	940	peak	3	Q18432592
Luboń Wielki	49.65352	19.99192	1022	peak	4	Q11763182
Widdebierg	49.65643	6.32482	389	peak	6	Q2483558
Friedrichskopf	49.66029	7.06035	707	peak	6	Q8553153
Lindenstein	49.66100	8.67557	455	peak	3	Q16832868
Kahlberg	49.65525	8.85713	521	peak	3	Q17123949
Lärmfeuer	49.66401	8.89452	501	peak	3	Q17124592
Hetzleser Berg	49.65541	11.15282	549	peak	3	Q30746336
Praha	49.65931	13.81904	862	peak	6	Q12046786
Malý Tok	49.65555	13.84494	844	peak	5	Q12035156
Hradiště	49.66474	13.85092	839	peak	3	Q12020581
Žákova hora	49.65699	15.99183	810	peak	6	Q10296549
Lisovská skála	49.66180	16.03817	802	peak	3	Q12033646
Křovina	49.65694	16.05285	830	peak	3	Q12032306
Malinská skála	49.66103	16.07139	813	peak	4	Q12035004
Buchtův kopec	49.65956	16.13331	813	peak	4	Q11358520
Beskydské sedlo	49.65639	18.80929	684	pass	3	Q11829479
Trzy Kopce Wiślańskie	49.66429	18.90730	810	peak	5	Q9362321
Gościejów	49.65858	18.92162	818	peak	3	Q11701183
Przełęcz Salmopolska	49.66480	18.96041	934	pass	3	Q11829665
Malinów	49.66020	18.97757	1115	peak	4	Q11766838
Malinowska Skała	49.65588	19.00122	1152	peak	4	Q11766836
Jałowiec	49.66079	19.47775	1111	peak	4	Q11723595
Luboń Mały	49.66050	19.93085	869	peak	3	Q11763183
Mogielica	49.65532	20.27667	1171	peak	5	Q11784602
Hemsberg	49.66891	8.63942	262	peak	6	Q1604892
Palcíř	49.66878	13.74130	725	peak	3	Q12043539
Šindelný vrch	49.66654	15.94810	806	peak	4	Q10401113
Devět skal	49.67073	16.03224	836	peak	7	Q573570
Vysoký kopec	49.66829	16.11648	806	peak	3	Q11947861
Bukowa	49.67299	18.86117	713	peak	4	Q9181790
Wytrzyszczon	49.67383	19.40548	742	peak	3	Q9380462
Wsołowa	49.67210	20.10438	624	peak	3	Q9281132
Golców	49.66603	20.41862	752	peak	4	Q9274276
Rösterkopf	49.67545	6.83452	708	peak	8	Q896908
Sandkopf	49.67789	7.02716	757	peak	4	Q1500989
Kesselberg	49.67734	8.70567	531	peak	3	Q16832409
Krehberg	49.68411	8.73090	575	peak	7	Q787700
Apfelberg	49.67914	9.61189	380	peak	3	Q31553481
Geißleite	49.67938	12.23473	636	peak	5	Q1498940
Přimda	49.68269	12.66841	848	peak	3	Q23822144
Kočka	49.68153	13.78718	789	peak	5	Q12031296
Žebrákovský kopec	49.68242	15.36471	601	peak	3	Q10272305
Kamenný vrch	49.67884	15.93188	803	peak	3	Q12027849
Jedová	49.68146	17.38706	633	peak	4	Q23818569
Jahodná	49.67775	18.69268	407	peak	3	Q11716159
Babí hora	49.67676	18.71125	492	peak	5	Q9163716
Vružná	49.68423	18.72958	571	peak	4	Q599205
Ostry / Ostrý vrch	49.67683	18.75041	709	peak	7	Q11800785
Czantoria Wielka / Velká Čantoryje	49.67886	18.80460	995	peak	18	Q1305490
Grabowa	49.67780	18.95455	907	peak	4	Q9275232
Małe Skrzyczne	49.67664	19.01255	1211	peak	3	Q11772197
Skrzyczne	49.68457	19.03027	1257	peak	12	Q771297
Lindenfels	49.68504	8.77879	364	pass	42	Q1826180
Schenkenberg	49.68834	8.78590	481	peak	3	Q18334106
Stahlberg	49.68770	9.56297	378	peak	3	Q31311965
Koruna	49.69394	13.84427	837	peak	4	Q15613848
Drašarov	49.68788	16.37832	687	peak	4	Q19601817
Czantoria Mała	49.69425	18.77709	866	peak	3	Q11772038
Kotarz	49.68908	18.96364	974	peak	4	Q11744298
Solniska	49.69109	19.48468	849	peak	3	Q9339384
Szczebel	49.68848	20.01045	977	peak	3	Q9350962
Ćwilin	49.68876	20.19143	1072	peak	5	Q9393773
Łopień	49.69260	20.26516	961	peak	4	Q9394339
Камула	49.68628	24.34634	471	peak	4	Q11734697
Hohe Wurzel	49.70444	6.86345	669	peak	6	Q1601099
Ruppelstein	49.70121	7.05961	763	peak	4	Q1463924
Knodener Kopf	49.69667	8.71074	511	peak	3	Q18628236
Knörschhügel	49.69500	8.72373	536	peak	3	Q18628237
Tok	49.70448	13.87679	865	peak	6	Q10817953
Orłowa	49.69698	18.87847	813	peak	5	Q11799436
Łopień Środkowy	49.69901	20.28437	955	peak	4	Q9394339
Chełm	49.70361	20.57779	793	peak	3	Q9189561
Kappelberg	49.70926	7.98258	358	peak	5	Q1728706
Raupenstein	49.71102	8.77147	545	peak	3	Q18630064
Morsberg	49.70736	8.89874	517	peak	5	Q1264396
Lucký Vrch	49.71257	16.16881		peak	5	Q10855365
Černá zem	49.71276	18.36335	374	peak	3	Q30657460
Skalite	49.71114	19.04482	864	peak	4	Q9337540
Zębalowa	49.71261	19.91109	854	peak	3	Q9390017
Lubogoszcz	49.71262	20.09883	968	peak	4	Q11763116
Melibokus	49.72496	8.63689	517	peak	11	Q464552
Neunkircher Höhe	49.71891	8.77010	605	peak	7	Q880765
Schwanberg	49.71951	10.27626	474	peak	9	Q457561
Jordán	49.71754	13.85294	826	peak	5	Q12025829
Roh	49.72449	16.58573	661	peak	3	Q19602637
Równica	49.72470	18.85656	884	peak	4	Q9325670
Przełęcz Karkoszczonka	49.72488	18.99210	729	pass	3	Q11829555
Śnieżnica	49.71602	20.17819	1007	peak	5	Q9395711
Łysa Góra	49.71913	20.45251	781	peak	4	Q9394894
Sałasz	49.72229	20.48775	909	peak	3	Q9334126
Jaworz	49.72075	20.52092	918	peak	4	Q11723447
Pustki	49.71958	21.06476	446	peak	3	Q11831915
Erbeskopf	49.72948	7.08899	816	peak	12	Q314903
Schloßberg (Landsberg)	49.72535	7.78092	331	peak	4	Q1948974
Felsberg	49.72993	8.68443	514	peak	6	Q185281
Kellerberg	49.72830	11.07577	340	peak	4	Q1738226
Parkstein	49.73150	12.06995	595	peak	7	Q2052806
Kiczora	49.72728	20.02110	725	peak	3	Q11738927
Чернеча гора	49.72788	31.51740		peak	14	Q13365510
Rimdidim	49.73871	8.80072	498	peak	3	Q13882335
Ospis	49.74123	9.26476	439	peak	6	Q770440
Havran	49.74262	12.40991	894	peak	7	Q282632
Žďár	49.73823	13.65803	630	peak	4	Q10296608
Veselý vrch	49.74475	14.34354	489	peak	3	Q11883681
Lipowski Groń	49.73561	18.84242	745	peak	4	Q11757776
Trzy Kopce	49.73662	18.98631	1082	peak	3	Q9362317
Klimczok	49.73982	18.99527	1117	peak	8	Q976723
Magura	49.73744	19.01596	1109	peak	4	Q11766259
Kahlheid	49.74851	7.11336	766	peak	7	Q1671010
Vestec	49.75095	15.76396	668	peak	5	Q11885575
Hřebečov	49.75317	16.58260	623	peak	4	Q19601932
Góra Zamkowa	49.75142	18.62625	298	peak	4	Q9283550
Mały Cisowy	49.74966	18.91480	829	peak	3	Q48851192
Wielka Cisowa	49.74511	18.93170	878	peak	3	Q9372781
Błatnia	49.74835	18.94533	917	peak	4	Q9183168
Stołów	49.74516	18.96529	1035	peak	4	Q11836399
Szyndzielnia	49.75246	18.99962	1028	peak	7	Q1754435
Gibasówka	49.75130	19.36918	842	peak	3	Q9267840
Gibasów Wierch	49.75301	19.38808	890	peak	3	Q9372922
Pietraszowa	49.74667	19.38906	814	peak	3	Q11816861
Lipska Góra	49.74890	19.55290	625	peak	3	Q11757783
Koskowa Góra	49.75073	19.78298	867	peak	4	Q11744001
Zęzów	49.74670	20.31943	693	peak	4	Q9393288
Maciejówka	49.74632	22.53634	469	peak	3	Q11765776
Helperknapp	49.75629	6.02744	394	peak	3	Q2199183
Schlossberg	49.75809	11.53288	543	peak	6	Q825174
Entenbühl	49.75786	12.39803	901	peak	7	Q1344516
Vršíček	49.75888	13.56516	462	peak	3	Q7943220
Łazek	49.76290	18.89689	713	peak	3	Q9394136
Czupel	49.75607	18.90118	736	peak	4	Q9199732
Przykra	49.75622	18.94556	824	peak	3	Q11830060
Łamana Skała	49.76366	19.39611	929	peak	4	Q11765842
Smerkowica	49.76410	19.40874	885	peak	3	Q9338779
Żurawnica	49.75936	19.51216	727	peak	3	Q9397624
Gołuszkowa Góra	49.76200	19.53096	715	peak	3	Q9274991
Neutscher Höhe	49.77051	8.69978	400	pass	4	Q1700174
Chlum	49.76722	13.43014	416	peak	3	Q11725182
Neštětická hora	49.76927	14.56894	536	peak	3	Q12040889
Hřebcov	49.77099	16.57943	636	peak	4	Q19601931
Zebrzydka	49.77055	18.88253	577	peak	3	Q9389954
Bucznik	49.77194	18.92215	683	peak	3	Q9181234
Wysokie	49.76957	18.95630	756	peak	3	Q9380250
Czupel	49.76788	19.16103	930	peak	4	Q9199727
Przełęcz Zakocierska	49.77087	19.37279	801	pass	3	Q11829738
Na Beskidzie	49.77322	19.40994	863	peak	3	Q11788430
Żmijowa	49.76712	19.54862	595	peak	3	Q9397508
Prorokowa Góra	49.76987	19.56443	584	peak	3	Q11827830
Kotoń	49.76922	19.89617	857	peak	3	Q9339386
Lubomir	49.76688	20.05967	904	peak	3	Q11763126
Ciecień	49.77360	20.14268	829	peak	3	Q9192381
Kostrza	49.77062	20.29941	730	peak	4	Q11744155
Kopiec Tatarski	49.77037	22.77235	350	peak	3	Q11743506
Вапнярка	49.76877	24.65390	461	peak	3	Q31519621
Kockelsberg	49.77599	6.62554	334	peak	3	Q18409963
Wildenburger Kopf	49.77616	7.25644	671	peak	7	Q2570577
Lemberg	49.78300	7.76851	422	peak	7	Q1713975
Langenberg	49.78317	8.66797	430	peak	3	Q17322980
Kleiner Kulm	49.78113	11.50609	626	peak	5	Q913907
Písek	49.78474	14.03600	690	peak	4	Q23814044
Spálava	49.77797	15.73141	663	peak	4	Q42403564
Zuberský vrch	49.77836	15.79395	650	peak	3	Q10861508
Na stráni	49.77975	16.40641	586	peak	4	Q19602468
Červená hora	49.77662	17.54118	749	peak	8	Q11175988
Palenica	49.78015	18.96659	688	peak	3	Q11802328
Magurka Wilkowicka	49.77706	19.12968	909	peak	4	Q11766282
Cisowa Grapa	49.78357	19.25994	810	peak	3	Q9192822
Wielka Cisowa Grapa	49.77830	19.26183	853	peak	3	Q9372780
Kocierz	49.77831	19.28520	879	peak	3	Q11740683
Przełęcz Kocierska	49.77599	19.32530	718	pass	3	Q11829559
Potrójna	49.77772	19.36624	883	peak	3	Q11825437
Balinka	49.77515	19.84963	708	peak	9	Q6740528
Łysina	49.77591	20.04834	891	peak	3	Q9394953
Kamionna	49.77859	20.39625	801	peak	4	Q11734624
Łubienka	49.77761	22.37515	449	peak	3	Q9394469
Petersberg	49.79450	8.20430	245	peak	4	Q2079551
Żar	49.78721	19.22377	761	peak	6	Q8083081
Góra Kaprówka	49.79262	19.30854	743	peak	3	Q9372777
Leskowiec	49.78875	19.44316	922	peak	4	Q11754829
Babica	49.78757	19.80156	727	peak	3	Q9163728
Hohler Berg	49.80002	11.27761	522	peak	3	Q1624030
Krkavec	49.80297	13.34108	504	peak	4	Q12031537
Groń Jana Pawła II	49.79552	19.44517	890	peak	4	Q9281045
Kamiennik Północny	49.79925	20.04792	785	peak	3	Q11734411
Steingeruettelkopf	49.81042	7.18476	757	peak	4	Q2340721
Hoher Berg	49.81056	9.42219	452	peak	4	Q1623882
Vlčí hora	49.81066	12.85564	704	peak	3	Q18029251
Sirská hora	49.81425	13.72795	593	peak	3	Q12054321
Plešivec	49.81107	13.98874	654	peak	4	Q10817265
Studený Vrch	49.80513	14.08335	660	peak	4	Q23811215
Hradec	49.81299	14.10820	628	peak	5	Q7867046
Mladějovský vrch	49.81065	16.57952	648	peak	4	Q19602443
U hradu	49.80679	17.77281	477	peak	4	Q1014388
Gaiki	49.80911	19.12371	816	peak	4	Q9265277
Sularzówka	49.80734	19.87771	617	peak	3	Q9347983
Rotenfels	49.81683	7.83545	327	peak	5	Q2168324
Otzberg	49.81978	8.91087	368	peak	5	Q1245729
Radeč	49.82287	13.66597	721	peak	4	Q12048525
Brno	49.82263	13.67077	718	peak	4	Q11342427
Mladějovské hradisko	49.82182	16.57729	591	peak	4	Q19602442
Groniczki	49.81599	19.14471	833	peak	4	Q9280919
Chrobacza Łąka	49.82267	19.16498	828	peak	4	Q9294453
Złota Górka	49.81767	19.29619	757	peak	4	Q9393342
Grodzisko	49.81644	20.14593	618	peak	3	Q11701437
Żarnówka	49.81979	20.42807	457	peak	3	Q9397242
An den zwei Steinen	49.83474	7.22647	766	peak	6	Q482556
Schanzenkopf	49.82606	7.83282	321	peak	3	Q2231055
Rauher Kulm	49.82867	11.85008	681	peak	6	Q1404843
Bujakowska Góra	49.82809	19.18940	729	peak	3	Q9181731
Dominiczna Góra	49.83442	20.50548	468	peak	4	Q11694771
Machulec	49.82918	20.64175	483	peak	3	Q11765263
Ludwigshöhe	49.84305	8.66082	242	peak	4	Q1470884
Prinzenberg	49.83696	8.66555	241	peak	3	Q16855785
Slunečná	49.83920	17.42937	802	peak	7	Q3506768
halda Ema	49.83979	18.31487	324	peak	4	Q12018886
Barnasiówka	49.83717	19.88364	566	peak	3	Q9165930
Szpilówka	49.83533	20.56203	516	peak	4	Q9352106
Brzanka	49.84469	21.08720	534	peak	3	Q16533858
Womrather Höhe	49.85317	7.44724	596	peak	5	Q972475
Wißberg	49.85447	8.02380	270	peak	3	Q1229090
Friesener Warte	49.84556	11.04567	562	peak	6	Q1464698
Gilowa Góra	49.85379	21.20228	502	peak	3	Q9268095
гора Страт	49.84574	24.01485		peak	3	Q12096844
Замкова гора	49.84817	24.03924	413	peak	8	Q13542711
Idarkopf	49.86142	7.27086	746	peak	7	Q1656629
Querberg	49.86265	9.39401	567	peak	3	Q22949182
Кортумова гора	49.85735	23.99199	374	peak	5	Q4234399
Hradišťský vrch	49.87086	12.98818	633	peak	3	Q27517816
Vinice	49.86674	13.10312	590	peak	3	Q27517721
Alteburg	49.88007	7.54659	620	peak	5	Q436475
Zotzenheimer Horn	49.88283	7.98828	247	peak	3	Q14324481
Skalka	49.87966	14.25246	553	peak	5	Q10817675
Bučina	49.87920	15.65086	606	peak	4	Q23821218
Kozlovský kopec	49.88054	16.42263	604	peak	4	Q12031252
Wał	49.88469	20.91036	523	peak	3	Q9371673
Kellerberg	49.89461	6.76084	452	peak	5	Q1738225
Sonnhöh	49.88569	9.40663	572	peak	4	Q1623564
Geisberg	49.88927	11.06202	585	peak	5	Q1498841
Neubürg	49.89189	11.40081	587	peak	6	Q1979357
Sophienberg	49.88684	11.55839	593	peak	3	Q20180996
Armesberg	49.89032	11.94596	731	peak	6	Q686418
Saubadfelsen	49.89194	12.03685	858	peak	3	Q31567315
Lärchhöhe	49.90059	9.41886	573	peak	4	Q631263
Krkanka	49.89586	15.57542	568	peak	3	Q23817521
Свята	49.90144	24.86492	388	peak	3	Q12150998
Monzeler Hüttenkopf	49.90844	6.94087	421	peak	5	Q1652599
Wildburghöhe	49.90973	7.56065	629	peak	3	Q2570437
Ellerspring	49.91289	7.61202	657	peak	6	Q1332043
Hoheberg	49.90730	9.16920	215	peak	3	Q15115027
Geiersberg	49.90665	9.43053	586	peak	6	Q788188
Platte	49.91007	12.05304	946	peak	7	Q2098706
Pecný	49.91425	14.78721	545	peak	3	Q23814025
Palice	49.91158	16.51575	613	peak	5	Q12043545
Geierskopf	49.91766	9.42211	549	peak	3	Q16930831
Plößberg	49.92322	12.10015	820	peak	3	Q18629911
Těchovín	49.91732	13.79486	617	peak	3	Q12060201
Jakobsberg	49.92962	7.97832	273	peak	4	Q1679508
Vraní skála	49.92768	13.94110	536	peak	5	Q11937816
Řetová	49.93468	16.36623	557	peak	4	Q19602946
Lázek	49.92581	16.70549	715	peak	5	Q23817330
Підлиська	49.93409	24.84673	372	peak	3	Q12086507
Simmerkopf	49.93687	7.59524	653	peak	3	Q2287248
Opel	49.93920	7.66154	649	peak	3	Q27688751
Zabelstein	49.94438	10.45245	489	peak	6	Q136732
Trubínský vrch	49.94413	13.99697	370	peak	3	Q10996023
Słona Góra	49.93615	20.99040	403	peak	4	Q9353351
Croix Scaille	49.95123	4.84490	505	peak	8	Q2528758
Klosterkuppel	49.95412	9.51049	552	peak	3	Q22949161
Beerberg	49.94572	10.55862	480	peak	3	Q30707456
Großer Teichelberg	49.95270	12.16250	685	peak	5	Q1637134
Damil	49.94829	14.09044	396	peak	4	Q11774143
Rabštejn	49.94782	17.15041	804	peak	4	Q2125109
Venušina sopka	49.95079	17.47776	654	peak	4	Q11879335
Mont Royal	49.96468	7.11686	305	peak	5	Q1945435
Schanzerkopf	49.95937	7.63674	643	peak	4	Q2231079
Kauppen	49.96409	9.31248	361	peak	3	Q1737152
Kleiner Knetzberg	49.95532	10.53610	450	peak	3	Q31534537
Hollacher Berg	49.95527	10.55369	410	peak	3	Q30688647
Roßkopf	49.95943	12.12031	725	peak	3	Q18630329
Městská hora	49.96274	14.06508	295	peak	3	Q12039384
Doutnáč	49.95663	14.15268	433	peak	5	Q11824561
Andrlův Chlum	49.95999	16.37376	560	peak	3	Q10821290
Hohe Warte	49.96871	11.57468	463	peak	3	Q1623557
Oschenberg	49.96925	11.65020	528	peak	4	Q2033131
Steinbühl	49.96514	12.22646	575	peak	3	Q15849068
Dyleň	49.96771	12.50297	939	peak	8	Q317719
Děd	49.96752	14.03428	492	peak	5	Q11862905
Kaňk	49.97208	15.27859	353	peak	5	Q12029067
Bučkův kopec	49.96872	16.16820	315	peak	3	Q19601774
Uhlířský vrch	49.97279	17.43953	672	peak	6	Q11877692
Hochsteinchen	49.97908	7.68331	648	peak	5	Q1622349
Kreuzstein	49.97666	11.80554	838	peak	3	Q30604182
Wappenstein	49.98357	12.14298	672	peak	3	Q15134359
Gulgberg	49.98087	12.25018	579	peak	3	Q15818597
Čihadlo	49.97602	14.42273	386	peak	3	Q11381679
Skřtek	49.98170	17.15828	874	pass	3	Q9338500
Góra Świętego Marcina	49.98477	21.01335	384	peak	5	Q9283565
Lüxeberg	49.99085	6.94774	220	peak	4	Q1500057
Kinheimer Berg	49.98910	7.04523	420	peak	4	Q1949074
Kandrich	49.99364	7.72636	637	peak	7	Q1540298
Oberwaldberg	49.98893	8.59180	145	peak	4	Q2011409
Steinknückl	49.99271	9.28228	417	peak	4	Q978499
Weikertshöhe	49.99321	9.47514	546	peak	5	Q2554988
Stiefenberg	49.98901	10.81317	396	peak	3	Q2348354
Reisberg	49.99050	11.06959	554	peak	5	Q1793203
Kösseine	49.98768	11.97988	939	peak	6	Q1796723
Steinberg	49.98915	12.15173	705	peak	3	Q1512533
Plešivec	49.99285	14.07251	451	peak	14	Q416296
Podhořín	49.98587	16.36341	529	peak	4	Q19602568
Salzkopf	49.99822	7.78102	627	peak	5	Q2216133
Hohe Matze	49.99815	11.93187	813	peak	6	Q1623493
Haberstein	50.00097	11.98497	848	peak	3	Q1548689
Burgstein	49.99832	11.99382	879	peak	4	Q1015992
Wzgórze Kaim	50.00140	20.03559	265	peak	5	Q9381069
Třebouňský vrch	50.01415	13.00224	825	peak	3	Q12060285
Chlumská hora	50.00797	13.20504	652	peak	4	Q21874934
Buková hora	50.00957	16.70953	958	peak	3	Q11363968
Góra Grodzisko	50.00697	19.80144	282	peak	3	Q11701443
Duża Kowodrza	50.01401	19.82586	273	peak	3	Q9213102
Ostra Góra	50.00918	19.82733	284	peak	3	Q11800669
Goßberg	50.01921	7.42218	483	peak	7	Q1540594
Schwarzkopf	50.01523	9.37237	460	peak	4	Q2254288
Platte	50.01840	11.89016	885	peak	6	Q2098704
Elmberg	50.01919	12.19077	618	peak	3	Q8553166
Lysina	50.02254	12.65144	981	peak	5	Q15926157
Milíčovský vrch	50.02321	14.52890	308	peak	3	Q11878152
Gräfenberg	50.03225	9.23038	380	peak	3	Q1551416
Ochsenkopf	50.03077	11.80965	1024	peak	9	Q2013620
Seehügel	50.03155	11.87536	953	peak	6	Q1424996
Břidličná hora	50.03309	17.18678	1358	peak	7	Q9183708
Kajasówka	50.03196	19.66724	310	peak	4	Q9308634
Steigkoppe	50.04234	9.30481	502	peak	5	Q2339383
Nußhardt	50.04101	11.86417	972	peak	6	Q1791699
Kohlberg	50.04224	12.18714	633	peak	5	Q1778489
Dietzenberg	50.03788	12.27597	626	peak	3	Q11823845
Lesný	50.03534	12.61579	983	peak	6	Q12033059
Jelení hřbet	50.03929	17.20019	1367	peak	6	Q12024464
Krzemionki Zakrzowskie	50.04135	19.90406	237	peak	4	Q11748964
Wzgórze Lasoty	50.04330	19.95744	235	peak	4	Q9381076
Kopiec Krakusa	50.03808	19.95844	269	peak	23	Q722446
Kalte Herberge	50.05484	8.00262	619	peak	6	Q1722626
Hallgarter Zange	50.04880	8.01455	580	peak	6	Q1571706
Glasberg	50.05366	9.16931	340	peak	3	Q20999857
Klosterberg	50.04677	9.23303	382	peak	3	Q1776373
Kemitzenstein	50.05092	11.11011	581	peak	4	Q1738481
Hohe Warte	50.04767	11.66644	540	peak	3	Q1623556
Haberstein	50.04617	11.84435	924	peak	3	Q61053011
Schneeberg	50.05246	11.85342	1051	peak	10	Q314166
Lindenberg	50.04852	12.20960	643	peak	3	Q2282134
Děvín	50.04513	14.39156	310	peak	3	Q11863119
Kavčí hory	50.04884	14.42171	266	peak	3	Q12029037
Klepec	50.04921	14.77952	358	peak	3	Q12029367
Bedřichov	50.04515	15.13641	279	peak	4	Q17395648
Bradlo	50.05417	16.68727	988	peak	3	Q9178658
Suchý vrch	50.05077	16.69339	995	peak	10	Q6705081
Hůrka	50.05034	16.73172	585	peak	3	Q12021294
Velký Máj	50.04631	17.21164	1385	peak	6	Q11879013
Srebrna Góra	50.04596	19.83977	320	peak	4	Q9340862
Pustelnik	50.04998	19.84858	353	peak	3	Q11831907
Kopiec Kościuszki	50.05492	19.89335	326	peak	19	Q641398
Wawel	50.05475	19.93611	229	peak	38	Q743704
Stempelhöhe	50.06050	9.10838	420	peak	4	Q20797122
Scharfenstein	50.05800	9.11865	376	peak	3	Q24250441
Wartberg	50.06143	12.11822	628	peak	4	Q1314397
Hořánek	50.05958	15.92820	264	peak	3	Q18564451
Jeřáb	50.05662	16.81274	1003	peak	6	Q630009
Vysoká hole	50.06265	17.23527	1465	peak	10	Q11946993
Widok	50.06314	18.27783	281	peak	4	Q9372579
Hałda Szarlota	50.06413	18.44251	407	peak	4	Q3504713
Wielka Góra	50.06419	19.62074	386	peak	3	Q9372791
Sowiniec	50.06060	19.84545	354	peak	4	Q9339872
Kopiec Piłsudskiego	50.06005	19.84717	384	peak	16	Q1985405
Erbacher Kopf	50.06804	8.03522	580	peak	6	Q1348202
Schanzenkopf	50.07115	9.09241	343	peak	6	Q2231072
Bauersberg	50.07281	9.14400	307	peak	3	Q25392998
Ummersberg	50.06937	10.88640	398	peak	3	Q31516806
Rudolfstein	50.07204	11.87673	866	peak	6	Q2174357
Zelená hora	50.07074	12.30631	641	peak	4	Q187391
Kapraď	50.07390	16.29909	529	peak	4	Q19602239
Bouda	50.07179	16.67989	846	peak	5	Q11236532
Mravenečník	50.07166	17.14527	1344	peak	9	Q4053
Dlouhé stráně	50.07128	17.15647	1354	peak	7	Q4052
Vřesník	50.06762	17.16432	1343	peak	7	Q12005233
Velká Jezerná	50.06853	17.18396	1249	peak	4	Q11878588
Petrovy kameny	50.06849	17.23378	1447	peak	7	Q4049
Anenský vrch	50.07381	17.37803	861	peak	9	Q10822979
Kopiec Wandy	50.07023	20.06808	238	peak	19	Q421819
Hochkessel	50.07964	7.16619	421	peak	4	Q1621908
Dreibornsköpfe	50.07893	8.07001	548	peak	3	Q8553252
Hahnenkamm	50.07837	9.10975	435	peak	6	Q1538840
Kalkberg	50.07551	11.24106	454	peak	3	Q19287515
Vladař	50.08007	13.21574	693	peak	5	Q1591405
Bílá hora	50.07824	14.31924	382	peak	9	Q15123956
Petřín	50.08166	14.39493	327	peak	28	Q427604
Kunětická hora	50.08014	15.81266	315	peak	11	Q3846126
Studený	50.07809	16.59667	721	peak	4	Q12056733
Vysoký kámen	50.07944	16.65649	848	peak	5	Q9369190
Velký Děd	50.08497	17.21739	1408	peak	4	Q18430787
Praděd	50.08324	17.23087	1491	peak	27	Q674016
Reuschberg	50.08856	9.26974	415	peak	4	Q1501736
Staffelberg	50.09276	11.02357	539	peak	8	Q1771083
Litický Chlum	50.09476	16.35636	603	peak	3	Q11725235
Medvědí hora	50.08777	17.14694	1164	peak	4	Q12036319
Medvědí hřbet	50.09092	17.19311	1260	peak	5	Q19400956
Neroberg	50.09864	8.23042	245	peak	14	Q151200
Kapellenberg	50.09991	8.43665	292	peak	3	Q1728489
Heidkopf	50.10453	9.14996	371	peak	5	Q1594397
Komorní hůrka	50.10094	12.33667	504	peak	6	Q1780679
Letná	50.09569	14.41647	232	peak	11	Q1126206
Mladkovské sedlo	50.09650	16.70485	540	pass	3	Q3497033
Malý Děd	50.10103	17.22070	1369	peak	8	Q4056
Драбаниха	50.09584	25.69787	409	peak	7	Q4240090
Замкова гора	50.09520	25.72988	397	peak	3	Q12105723
Hohe Wurzel	50.11178	8.12888	618	peak	6	Q603680
Schläferskopf	50.10813	8.16706	454	peak	6	Q2245183
Heiligenküppel	50.11178	9.49574	546	peak	3	Q27973276
Hermannskoppe	50.10721	9.51650	567	peak	6	Q1613413
Sodenberg	50.10576	9.80569	486	peak	7	Q2297277
Buchberg	50.11488	11.93634	674	peak	5	Q997943
Adam	50.11183	16.60413	765	peak	3	Q4402693
Přední hraniční vrch	50.11118	16.63289	721	peak	3	Q11734491
Zadní hraniční vrch	50.11087	16.64594	713	peak	3	Q9275904
Vidly	50.11486	17.24412	930	pass	3	Q9368689
Tregonning Hill	50.12180	-5.35977	194	peak	4	Q7837869
Neunzehntberg	50.12032	8.04413	528	peak	3	Q1981098
Bleidenstadter Kopf	50.11528	8.18278	388	peak	3	Q30685074
Altenmarkskopf	50.11830	9.07615	269	peak	3	Q22949129
Erkelshöhe	50.11615	9.38501	517	peak	3	Q24698493
Bibersberg	50.11852	12.02017	593	peak	3	Q856221
Červenohorské sedlo	50.12498	17.15467	1013	pass	6	Q3563139
Velký Klínovec	50.11910	17.16261	1167	peak	5	Q11879000
Výrovka	50.11649	17.17803	1168	peak	4	Q11997087
Javorový vrch	50.12190	17.24750	1079	peak	3	Q27849274
Buerberg	50.13351	6.75166	528	peak	5	Q1010277
Spitzenstein	50.12855	7.69491	417	peak	3	Q26271136
Kreuzberg	50.13068	9.20166	388	peak	3	Q25393180
Flörsbacher Höhe	50.13197	9.43398	531	peak	5	Q5463757
Külmitz	50.12765	11.21158	438	peak	4	Q1797025
Weißenstein	50.12997	11.69044	668	peak	5	Q1283492
Großer Waldstein	50.12903	11.85454	877	peak	6	Q1549066
Šindelná hora	50.12808	17.13234	1126	peak	4	Q23811898
Velký Klín	50.13199	17.17986	1177	peak	5	Q11878999
Carn Kenidjack	50.13911	-5.65701	202	peak	3	Q13611430
Loreley	50.13929	7.72869	193	peak	47	Q4168
Rassel	50.14455	8.25497	539	peak	6	Q1325631
Kellerskopf	50.13790	8.28310	474	peak	6	Q1738262
Staufen	50.14145	8.41497	451	peak	4	Q1567088
Hoher Berg	50.13786	9.22818	441	peak	4	Q25393173
Krudum	50.14009	12.72493	839	peak	6	Q1790087
Ládví	50.13626	14.46432	359	peak	7	Q12034511
Jasień / Jelení vrch	50.14451	16.78184	936	peak	4	Q11721156
Spálený vrch	50.14388	17.11111	1313	peak	4	Q12055769
Červená hora	50.14436	17.13611	1333	peak	9	Q339837
Lysý vrch	50.13782	17.23588	1128	peak	3	Q16161411
Hahnberg	50.14934	8.29880	447	peak	33	Q427360
Franzosenkopf	50.14807	9.22507	481	peak	3	Q25393019
Bergkopf	50.14509	11.87793	857	peak	4	Q819929
Hoher Stein	50.15072	11.89192	857	peak	3	Q1312019
Oškobrh	50.14643	15.22441	287	peak	7	Q2043209
Slamník	50.15456	16.83806	1232	peak	5	Q12054643
Souš	50.14556	16.85925	1225	peak	6	Q9339842
Vozka	50.15301	17.10858	1377	peak	6	Q11936040
Točník	50.15492	17.14704	1145	peak	3	Q25413369
Zaječí hora	50.15408	17.23181	1012	peak	4	Q10857204
Jelení loučky	50.14612	17.26623	1205	peak	6	Q12024466
Buergplaz	50.16201	6.02360	559	peak	20	Q993417
Kneiff	50.15773	6.03709	560	peak	31	Q24457
Hoher List	50.16268	6.84828	549	peak	10	Q15115079
Hohe Kanzel	50.16135	8.26524	592	peak	6	Q1623475
Rossert	50.16376	8.39989	516	peak	7	Q2167693
Raue Heil	50.15969	9.23474	435	peak	3	Q31360849
Buštěhradská halda	50.16440	14.17820	357	peak	3	Q5003648
Přerovská hůra	50.16198	14.83975	237	peak	4	Q7265210
Klepáč / Trójmorski Wierch	50.15698	16.79052	1144	peak	8	Q3509018
Hartkopf	50.17264	6.42014	600	peak	6	Q1585178
Prümscheid	50.16782	6.70247	675	peak	4	Q22693540
Mappershainer Kopf	50.17320	7.98946	548	peak	6	Q1892113
Atzelberg	50.17499	8.38776	507	peak	6	Q758314
Beilstein	50.17014	9.40275	500	peak	6	Q814754
Hleďsebe / Puchacz	50.17164	16.79879	1190	peak	6	Q11830851
Uhlisko	50.17492	16.84588	1241	peak	5	Q11877557
Keprník	50.17094	17.11644	1423	peak	9	Q3507923
Žalostná	50.17173	17.12756	1352	peak	4	Q19401673
Na hranici / Na Granicy	50.16981	17.60316	541	peak	4	Q19602139
Pommerer Mart	50.17902	7.28769	290	peak	4	Q1234219
Buchwaldskopf	50.17823	8.32450	492	peak	5	Q999179
Großer Lindenkopf	50.18296	8.33695	499	peak	6	Q1410523
Hardtberg	50.17599	8.48269	409	peak	3	Q1585160
Hühnerberg	50.17747	8.82995	197	peak	3	Q1639830
Hoher Berg	50.18258	9.41043	521	peak	4	Q1623880
Großer Kornberg	50.18264	12.02034	826	peak	6	Q1548758
Wartberg	50.17751	12.19755	688	peak	3	Q2549897
Nerother Kopf	50.19364	6.75989	659	peak	6	Q1308814
Fleckertshöhe	50.18656	7.60519	530	peak	4	Q1427649
Romberg	50.19376	8.45341	541	peak	4	Q15126330
Horst	50.18919	9.38442	541	peak	5	Q1629108
Schwarzer Berg	50.19248	9.42948	521	peak	5	Q2253930
Altenberg	50.19429	10.06934	284	peak	3	Q436677
Stationsberg	50.19497	10.08900	351	peak	3	Q2333800
Nassacher Höhe	50.18615	10.49108	512	peak	6	Q1965907
Kapellenberg	50.18818	12.30023	759	peak	6	Q1728496
Vinařická hora	50.18514	14.08635	413	peak	3	Q11901213
Ers	50.18765	14.30615	345	peak	3	Q11879534
Hraniční skály	50.18815	16.80923	1320	peak	4	Q9274912
Mały Śnieżnik	50.19241	16.81470	1326	peak	6	Q3509399
Ramzovské sedlo	50.19335	17.06451	760	pass	5	Q3561536
Šerák	50.18669	17.10667	1351	peak	12	Q2465935
Wzgórze Wandy	50.19100	19.04486	357	peak	3	Q16617323
Doubská hora	50.20409	12.84647	612	peak	5	Q23825059
Džbán	50.20363	13.75185	536	peak	4	Q27002270
Kameníček	50.19754	14.35852	229	peak	3	Q20057601
Sadzonki	50.20140	16.86162	1230	peak	4	Q9332693
Stříbrnická	50.19561	16.86448	1250	peak	4	Q9347652
Obří skály	50.19823	17.10121	1084	peak	4	Q12042099
Zámecký vrch	50.20312	17.32374	934	peak	5	Q10937771
Grauer Kopf	50.21168	7.94900	543	peak	6	Q1543774
Altkönig	50.21250	8.48159	798	peak	7	Q442204
Sinnberg	50.21430	10.09785	370	peak	3	Q15847660
Jedlnik	50.21292	16.59503	746	peak	3	Q11723763
Králický Sněžník / Śnieżnik	50.20741	16.84742	1423	peak	23	Q1397501
Scharteberg	50.21785	6.75283	691	peak	7	Q1362432
Glaskopf	50.21800	8.41693	687	peak	7	Q896266
Kleiner Feldberg	50.22186	8.44670	825	peak	6	Q1746613
Molkenberg	50.22294	9.34169	293	peak	3	Q1943524
Wintersberg	50.21986	9.37390	434	peak	5	Q1520141
Hradiště	50.21777	13.12658	934	peak	6	Q12020585
Anenský vrch	50.21593	16.51311	997	peak	4	Q10822995
Płaczka	50.22441	16.86780	958	peak	3	Q11832485
Rykowisko	50.22389	16.90361	950	peak	3	Q9324405
Postawna	50.22178	17.01115	1117	peak	4	Q11825131
Travná hora	50.21897	17.01564	1124	peak	5	Q9361389
Zámecký pahorek	50.22035	17.33353	868	peak	6	Q10937709
Ernstberg	50.23042	6.76939	699	peak	7	Q1360982
Weilsberg	50.23151	8.42996	701	peak	6	Q2555694
Großer Feldberg	50.23182	8.45683	880	peak	15	Q677873
Markberg	50.22680	9.43378	516	peak	5	Q598125
Radspitze	50.23488	11.43541	678	peak	6	Q2126728
Háj	50.23339	12.20179	757	peak	10	Q666418
Smrekowiec	50.22930	16.80745	1123	peak	3	Q9338782
Stroma	50.22577	16.85090	1167	peak	4	Q9346719
Porębek	50.23196	16.86590	898	peak	3	Q11825046
Płoszczyna	50.22584	16.92211		pass	6	Q3509384
Smrek Trójkrajny	50.23333	17.02306	1107	peak	3	Q9338774
Brousek	50.22729	17.02460	1116	peak	4	Q9180531
Smrk	50.23057	17.03354	1127	peak	9	Q681415
Kolbenberg	50.24156	8.49650	684	peak	6	Q1779045
Štítarský vrch	50.23694	12.13035	716	peak	3	Q15856234
Pravda	50.24120	13.71152	488	peak	3	Q15867572
Igliczna	50.24445	16.74936	845	peak	4	Q11711082
Rudawiec / Polská hora	50.24480	16.97686	1106	peak	5	Q9323684
Zlatý chlum	50.23664	17.23934	892	peak	5	Q207225
Nad Petrovou chatou	50.24035	17.42395	773	peak	3	Q19400948
Baraque de Fraiture	50.24898	5.73171	652	peak	15	Q2183673
Rockeskyller Kopf	50.25361	6.68119	555	peak	6	Q2160644
Sängelberg	50.25419	8.43465	665	peak	7	Q2379038
Bleibeskopf	50.24660	8.53798	480	peak	6	Q883517
Geuserberg	50.24919	11.46522	708	peak	4	Q1309396
Rubín	50.25416	13.43775	353	peak	3	Q96621346
Jagodna	50.25246	16.56442	977	peak	4	Q11716157
Jaworowa Kopa	50.24667	16.80389	1138	peak	3	Q11723426
Czarna Góra	50.25186	16.80494	1205	peak	4	Q11691921
Młyńsko	50.24978	16.86562	990	peak	3	Q11788251
Sucha Kopa	50.25279	16.93115	1063	peak	3	Q9347768
Schwarzer Mann	50.25673	6.35928	697	peak	10	Q458844
Roßkopf	50.25834	8.52748	632	peak	5	Q2171357
Herzberg	50.25548	8.54414	591	peak	7	Q895717
Jagodna Północna	50.26094	16.56077	985	peak	4	Q11716157
Sasanka	50.26398	16.56312	965	peak	3	Q9333947
Puchaczówka	50.26403	16.81359	862	pass	4	Q11829652
Janowa Góra	50.25902	16.82868	842	peak	13	Q1682960
Suszyca	50.25956	16.92419	1047	peak	4	Q9348446
Pasieczna	50.25583	17.00083	928	peak	3	Q11813244
Kowadło/Kovadlina	50.26443	17.01322	988	peak	3	Q11744454
Přední Jílovec	50.26207	17.11203		peak	24	Q775829
Zadní Jílovec	50.25522	17.12158		peak	24	Q775829
Studniční vrch	50.25799	17.16654	992	peak	4	Q22914925
Biskupská kupa	50.25669	17.42858	889	peak	9	Q494558
Eichholzmaar	50.27238	6.56485		peak	4	Q1301999
Hochkelberg	50.27403	6.95300	674	peak	6	Q830883
Judenkopf	50.26642	8.42680	614	peak	3	Q16319570
Schellenberg	50.27203	8.45228	544	peak	3	Q1244491
Gickelsburg	50.26847	8.58910	471	peak	6	Q1523068
Wirtsberg	50.26673	12.33775	664	peak	6	Q2585747
Dřínov	50.27142	14.38649	247	peak	3	Q11863159
Chotuc	50.26741	15.11960	254	peak	4	Q1076710
Suchoń	50.27297	16.77620	964	peak	3	Q9347821
Pasiecznik	50.26750	16.81833	893	peak	3	Q11813248
Janowiec	50.26673	16.85581	884	peak	4	Q11719992
Czernica	50.27222	16.96528	1083	peak	4	Q11692119
Jasanový vrch	50.27161	17.13746	800	peak	24	Q775829
Pfaffenkopf	50.28424	8.38403	587	peak	4	Q18335082
Langhals	50.27760	8.48697	573	peak	3	Q31532341
Dreistelzkopf	50.27656	9.76956	660	peak	7	Q895701
Lindenstumpf	50.27772	9.85983	495	peak	6	Q1826141
Döbraberg	50.27805	11.64325	794	peak	8	Q883084
Łubiec	50.27806	16.60861	565	peak	3	Q9394466
Wilczyniec	50.27879	16.82191	877	peak	3	Q9374364
Žulový vrch	50.27777	17.12881	719	peak	24	Q775829
Klen	50.27631	17.18411	777	peak	25	Q1019321
Lázeňský vrch	50.27752	17.19450	807	peak	25	Q1019321
Arensberg	50.28856	6.73219	561	peak	4	Q642114
Pferdskopf	50.29028	8.43450	663	peak	6	Q1563381
Mettermich	50.28513	9.84468	585	peak	6	Q1925983
Platzer Kuppe	50.29039	9.92164	737	peak	4	Q15840638
Maruša	50.29414	16.40029	1043	peak	4	Q12035942
Ubocze	50.29139	16.49722	812	peak	3	Q9364321
Pośrednia / Pomezný	50.28861	17.01444	925	peak	3	Q23824926
Wolfsküppel	50.30481	8.41259	545	peak	6	Q2592394
Hopfenberg	50.30199	9.67572	492	peak	3	Q15115178
Escheberg	50.29647	9.68691	516	peak	3	Q15694717
Velká Deštná	50.30158	16.39784	1116	peak	15	Q1985685
Czartowiec	50.29632	17.00332	944	peak	3	Q25414958
Špičák	50.29752	17.01168	957	peak	3	Q25414957
Kühkopf	50.30899	7.56988	383	peak	5	Q1796915
Bukvice	50.30869	15.66994	311	peak	3	Q11364165
Boží hora	50.31043	17.11211	527	peak	5	Q11241874
Stückelberg	50.31735	8.33779	510	peak	5	Q1599714
Stiftes	50.31524	9.70354	568	peak	5	Q1462833
Haag	50.32101	9.71546	585	peak	3	Q1566277
Totnansberg	50.32124	9.93005	839	peak	3	Q15851275
Muppberg	50.32439	11.13626	516	peak	6	Q959480
Počátecký vrch	50.32455	12.43999	819	peak	4	Q1781182
Malá Deštná	50.31513	16.39680	1090	peak	6	Q11772039
Kuhbett	50.32826	8.32769	526	peak	5	Q1411730
Steinkopf	50.32693	8.66065	518	peak	5	Q2341232
Stoppelsberg	50.32807	9.67778	571	peak	5	Q2351907
Škarechov	50.32815	14.30446	270	peak	3	Q18114501
Šerlich	50.33043	16.38173	1027	peak	4	Q10397662
Šerlich	50.32642	16.38546	1018	peak	4	Q10397662
Żeleźniak	50.32645	16.71737	591	peak	3	Q9397384
Skałeczna	50.32950	16.74575	570	peak	3	Q9337768
Gaulskopf	50.33906	8.64285	397	peak	3	Q1496225
Kleiner Nickus	50.34173	9.69019	488	peak	5	Q1384623
Straufhain	50.33997	10.71556	449	peak	3	Q2354017
Hoher Brand	50.34052	12.39029	803	peak	6	Q1623884
Komáří vrch	50.34096	12.55868	952	peak	3	Q23824353
Ettringer Bellberg	50.35025	7.22824	427	peak	8	Q19279357
Karmelenberg	50.34519	7.42240	372	peak	8	Q1734040
Suterkopf	50.34628	8.31938	461	peak	5	Q2369885
Koberg	50.35292	8.31968	460	peak	4	Q1777877
Großer Nickus	50.34960	9.68974	558	peak	5	Q1548808
Platzerberg	50.34674	12.10624	629	peak	5	Q2098904
Tisovský vrch	50.34883	12.73557	977	peak	7	Q1558671
Dračí skála	50.34949	12.78560	953	peak	3	Q11827409
Březenský vrch	50.35328	13.73521	237	peak	3	Q18042621
Libiny	50.34810	15.87435	309	peak	3	Q18327792
Orlica / Vrchmezí	50.35325	16.36063	1084	peak	6	Q1451932
Biesiec	50.34583	16.44417	833	peak	3	Q9171432
Łomnicka Równia	50.34556	16.52222	897	peak	3	Q9394303
Radoszka	50.35099	16.84673	565	peak	3	Q9302540
Góra Świętej Doroty	50.35116	19.09970	382	peak	3	Q11703076
Hochsimmer	50.36084	7.20041	588	peak	9	Q1622310
Holzberg	50.35689	8.59878		peak	3	Q1625420
Kleiner Auersberg	50.36013	9.84144	808	peak	5	Q1393390
Feldberg	50.35606	10.02032	578	peak	3	Q15110633
Friedelhöhe	50.36198	11.60363	700	peak	3	Q1456524
Plešivec	50.35564	12.83938	1030	peak	10	Q1418107
Úhošť	50.35891	13.23826	592	peak	9	Q102047552
Dębowa	50.36391	16.65094	505	peak	3	Q9249374
Wapniarka	50.35885	16.66503	512	peak	5	Q9370948
Kalvarienberg	50.36730	6.64125	523	peak	4	Q2738439
Hochstein	50.37160	7.21926	563	peak	4	Q1622342
Johannisberg	50.36511	8.72626	265	peak	3	Q1606386
Großer Auersberg	50.36773	9.87193	809	peak	6	Q1548594
Kreuzberg	50.37007	9.97999	928	peak	11	Q464488
Špičák	50.36936	12.56732	995	peak	5	Q17295704
Perninský vrch	50.36720	12.76051	1000	peak	4	Q12044641
Smolna	50.36901	16.46053	870	peak	3	Q9338739
Heidenkopf II	50.38167	6.56253	585	peak	5	Q8553194
Heidenkopf III	50.38386	6.58643	594	peak	5	Q8553194
Schwarzberg	50.37928	12.42897	802	peak	5	Q1768306
Wolarz	50.38194	16.45778	852	peak	3	Q9377625
Kamienna Góra	50.37556	16.49861	704	peak	3	Q11734389
Hohe Acht	50.38613	7.01105	747	peak	13	Q315110
Raßberg	50.38934	7.06256	664	peak	5	Q2134379
Große Haube	50.38782	9.75461	658	peak	7	Q832618
Arnsberg	50.39450	9.96145	843	peak	5	Q697321
Großer Gleichberg	50.38824	10.59237	679	peak	4	Q1548687
Kamenáč	50.38954	12.50883	936	peak	8	Q722198
Zaječí vrch	50.39009	12.72264	1009	peak	5	Q10857206
Meluzína	50.39057	13.00805	1096	peak	8	Q1919761
Křížová hora	50.38865	13.02371	1030	peak	3	Q12032359
Říp	50.38654	14.28962	461	peak	22	Q102079702
Borůvková Hora / Borówkowa	50.39054	16.90272	900	peak	7	Q9178069
Heidenkopf I	50.39534	6.57248	591	peak	5	Q8553194
Gänsehals	50.39704	7.20447	575	peak	4	Q1424776
Hühnerküppel	50.40149	8.35341	369	peak	5	Q1255159
Donnerskopf	50.39641	8.54646	486	peak	3	Q8553085
Hesselberg	50.39963	8.56845	518	peak	4	Q1615726
Dammersfeldkuppe	50.39719	9.86249	928	peak	6	Q1158648
Beilstein	50.40343	9.88982	865	peak	5	Q814753
Eiersberg	50.40204	10.26172	311	peak	5	Q1302799
Liščí hora	50.40317	12.68291	948	peak	4	Q1686457
Korec	50.40234	12.69481	982	peak	6	Q2232399
Na Strašidlech	50.40167	12.75040	913	peak	3	Q1961899
Blatenský vrch	50.40028	12.78194	1043	peak	12	Q677841
Nad Rýžovnou	50.40306	12.84278	1054	peak	6	Q12040271
Božídarský Špičák	50.40099	12.88929	1116	peak	9	Q733975
Klínovec	50.39620	12.96797	1244	peak	22	Q1569913
Macecha	50.39826	12.99265	1114	peak	3	Q12034833
Maxinec	50.39966	15.52513	450	peak	5	Q15089308
Wilcza Góra	50.40000	16.80889	711	peak	3	Q9374316
Лиса гора	50.39567	30.54942	157	peak	5	Q1969831
Butterdon Hill	50.41251	-3.89318	367	peak	3	Q5002874
Weißer Stein	50.40848	6.36981	693	peak	10	Q646452
Elzer Berg	50.41074	7.97635	291	peak	5	Q1334447
Hausberg	50.41155	8.61545	486	peak	6	Q1591016
Dalherdakuppe	50.41024	9.82788	801	peak	4	Q2673000
Ottersteine	50.41024	9.86264	821	peak	3	Q31566839
Eierhauckberg	50.40598	9.90122	910	peak	6	Q1302739
Mittelberg	50.41004	9.91437	879	peak	7	Q1940054
Kleiner Gleichberg	50.41103	10.59268	641	peak	4	Q1746621
Schneckenstein	50.41335	12.45135	883	peak	8	Q1167022
Kiel	50.40658	12.46899	942	peak	5	Q1740952
Buchschachtelberg	50.41035	12.68133	973	peak	6	Q820215
Vysoká seč	50.40693	13.04378	1007	peak	4	Q11947113
Raná	50.40692	13.77124	457	peak	5	Q101424758
Oblík	50.41141	13.80856	509	peak	6	Q2012856
Jawornik Wielki	50.40686	16.85109	872	peak	4	Q11723420
Sucha Góra	50.41079	18.87517	352	peak	3	Q86723616
Aremberg	50.41722	6.81417	624	peak	9	Q641162
Gaulskopf	50.42420	8.58615	474	peak	3	Q1290014
Reesberg	50.41989	9.92168	851	peak	4	Q15125941
Himmeldunkberg	50.42278	9.95972	888	peak	7	Q940736
Rehhübel	50.42249	12.36535	787	peak	5	Q1670985
Tetřeví hora	50.42173	12.85060	1007	peak	3	Q12058789
Mědník	50.42451	13.11149	910	peak	7	Q1764571
Mědník	50.42441	13.11158	921	peak	7	Q1764571
Srdov	50.41725	13.82074	482	peak	3	Q12055812
Brník	50.41948	13.82382	471	peak	3	Q11343117
Syslík	50.42334	13.86449	285	peak	4	Q18006329
Veliš	50.41679	15.31461	429	peak	7	Q11878459
Veitskopf	50.43017	7.26426	428	peak	5	Q2512172
Alarmstange	50.42512	7.73278	545	peak	7	Q1441682
Köppel	50.43042	7.75064	540	peak	7	Q1796578
Schorn	50.43424	8.56121	460	peak	3	Q8553220
Kleiner Nallenberg	50.43482	9.87929	704	peak	4	Q15823806
Simmelsberg	50.42923	9.93865	843	peak	4	Q1531109
Hohe Hölle	50.42913	9.96163	894	peak	5	Q1623468
Schneehübel	50.42640	12.57398	974	peak	7	Q869708
Leistnerhübel	50.43483	12.63895	875	peak	4	Q549278
Rehhübel	50.42852	12.65461	932	peak	5	Q1670985
Fichtelberg	50.42914	12.95473	1215	peak	23	Q164561
Milá	50.43477	13.75782	510	peak	5	Q1935990
Großer Nallenberg	50.44352	9.88215	768	peak	4	Q15646884
Breitenberg	50.44157	11.09167	844	peak	3	Q5408424
Fellberg	50.43551	11.12714	842	peak	4	Q1404021
Fastenberg	50.44071	12.69730	891	peak	6	Q1397733
Eisenberg	50.44195	12.97137	1029	peak	5	Q1312640
Grodzisko	50.44306	16.75861	734	peak	3	Q9276468
Col du Rosier	50.45103	5.88058	564	pass	3	Q2982316
Bleßberg	50.44698	11.00605	867	peak	4	Q883974
Wetzstein	50.44616	11.45154	793	peak	5	Q2566264
Thierberg	50.44605	12.44278	786	peak	6	Q142942
Brückenberg	50.45296	12.60858	964	peak	6	Q996339
Rabenberg	50.45194	12.75472	913	peak	6	Q1722429
Houser	50.45010	15.27242	388	peak	3	Q12020430
Zebín	50.45347	15.37421	400	peak	3	Q169556
Zvičina	50.45473	15.69575	671	peak	6	Q10861581
Jelenia Kopa	50.44782	16.75800	754	peak	3	Q11724081
Góra Zamkowa	50.45141	19.55382	516	peak	6	Q9283422
Biała Góra	50.44629	19.97223	416	peak	3	Q9170255
Teufelsley	50.45779	6.96256	496	peak	5	Q2407140
Fussenacker	50.45502	7.81270	291	peak	3	Q1475393
Völzberger Köpfchen	50.45834	9.30280	571	peak	5	Q1492261
Heidküppel	50.46399	9.83081	615	peak	4	Q17322183
Dürre Fichte	50.46335	11.04627	861	peak	3	Q1272148
Rosenbühl	50.46456	11.86937	653	peak	3	Q31353091
Bezelberg	50.46278	12.32917	638	peak	4	Q853572
Auersberg	50.45614	12.64702	1018	peak	6	Q759277
Riesenberg	50.46117	12.67065	923	peak	5	Q2152395
Sauberg	50.45764	12.76888	797	peak	4	Q2226997
Taufichtig	50.45641	12.90387	1002	peak	6	Q2396893
Velký Špičák	50.46051	13.08590	966	peak	8	Q2512505
Čičov	50.46120	13.80123	474	peak	5	Q341812
Špičák	50.45606	14.41107	281	peak	3	Q10413622
Góra Świętej Anny	50.45585	18.16963	408	peak	14	Q521341
Bausenberg	50.46581	7.22247	340	peak	7	Q151451
Hohe Buche	50.46667	7.33526	318	peak	3	Q1566481
Horst	50.46697	9.40156	553	peak	5	Q1629115
Ebersberg	50.47468	9.85125	689	peak	6	Q1279740
Wachtküppel	50.47008	9.89209	706	peak	6	Q1805132
Feldberg	50.47196	9.95104	815	peak	6	Q1402355
Gangolfsberg	50.46540	10.08628	736	peak	6	Q1493517
Kieferle	50.46791	11.09168	867	peak	4	Q1740904
Kemmler	50.47339	12.15703	507	peak	6	Q1738501
Sovice	50.46745	14.30297	278	peak	4	Q12055507
Přivýšina	50.46600	15.32054	464	peak	5	Q12048129
Skalniak	50.47216	16.32160	915	peak	4	Q9337568
Ostra Góra	50.46602	16.74591	752	peak	3	Q11800666
Burlorne Pillow	50.48476	-4.79167		peak	3	Q4999315
Heidenhäuschen	50.48337	8.08067	396	peak	4	Q1319750
Eube	50.47876	9.91895	820	peak	3	Q19962333
Steinkopf	50.47814	10.01824	888	peak	5	Q2341219
Ilmenberg	50.47723	10.07533	787	peak	3	Q15646754
Rother Kuppe	50.48130	10.10266	711	peak	6	Q2168717
Pappenheimer Berg	50.48396	11.18052	835	peak	3	Q8553180
Adlerfelsen	50.48454	12.59540	778	peak	5	Q358328
Ochsenkopf	50.48105	12.81451	833	peak	6	Q1670204
Feuerturm	50.48195	12.99964	851	peak	3	Q29564164
Vrátenská hora	50.47873	14.65123	507	peak	5	Q12427245
Velká hůra	50.48396	15.26451	458	peak	5	Q11878772
Szczeliniec Mały	50.48365	16.33362	870	peak	4	Q9351027
Szczeliniec Wielki	50.48481	16.34101	922	peak	10	Q478005
Łaszczowa	50.47778	16.73611	627	peak	3	Q9394035
Wapielnia	50.47612	23.26811	386	peak	4	Q9370924
Malberg	50.48899	7.83328	422	peak	3	Q1886926
Herchenhainer Höhe	50.48700	9.27703	733	peak	6	Q1609575
Motzküppel	50.49309	9.79274	453	peak	4	Q15835735
Pferdskopf	50.49100	9.92079	875	peak	6	Q586210
Mathesberg	50.48771	9.97795	832	peak	6	Q1908375
Stirnberg	50.49136	10.03933	902	peak	5	Q2350355
Hohe Schule	50.48585	10.30308	538	peak	4	Q15815770
Roter Berg	50.49420	11.23508	799	peak	3	Q8553181
Jelení hora	50.49035	13.15856	994	peak	10	Q1686686
Solanská hora	50.49305	13.90318	638	peak	3	Q23824334
Košťál	50.49030	13.98482	481	peak	6	Q1785864
Hůra	50.49017	15.18290	388	peak	3	Q12021287
Bradlec	50.48925	15.41385	542	peak	4	Q15935709
Kumburk	50.49337	15.44581	642	peak	3	Q15680014
Jírova hora	50.48685	16.17559	484	peak	7	Q13033786
Signal de Botrange	50.50158	6.09255	694	peak	40	Q322824
Häuschen	50.50417	7.07361	506	peak	5	Q1284951
Bilstein	50.49597	9.20291	666	peak	5	Q863350
Giebelrain	50.50397	9.83119	588	peak	5	Q1523202
Wasserkuppe	50.49765	9.93629	950	peak	19	Q247726
Abtsrodaer Kuppe	50.50419	9.93823	905	peak	6	Q334624
Schafstein	50.50250	9.97427	832	peak	4	Q1293566
Simmersberg	50.50269	10.89366	781	peak	6	Q2287255
Hoher Schuss	50.49606	11.22047	819	peak	3	Q1623929
Knock	50.49914	12.53088	726	peak	3	Q31336803
Líšeň	50.50194	13.90319	548	peak	3	Q12034766
Caradon Hill	50.51085	-4.43690		peak	5	Q5037604
Down Tor	50.50709	-4.00343	366	peak	3	Q1253134
Fox Tor	50.51183	-3.93916	438	peak	3	Q5477008
Ryder's Hill	50.50596	-3.89132	516	peak	3	Q7384902
Michelsberg	50.51258	6.82425	586	peak	8	Q1649673
Hoherodskopf	50.51115	9.22725	764	peak	7	Q1290651
Himmelsberg	50.51205	9.54111	490	peak	3	Q17353654
Eselsberg	50.51046	10.97020	842	peak	4	Q1367469
Großer Farmdenkopf	50.50531	11.03432	868	peak	5	Q1548670
Mittelberg	50.51199	11.19263	804	peak	3	Q1940062
Ottilienstein	50.51242	12.55200	687	peak	3	Q31528476
Roter Berg	50.51236	12.77922	638	peak	4	Q2168360
Hundsmarter	50.51114	12.87307	848	peak	4	Q1637657
Bärenstein	50.50831	13.01880	898	peak	7	Q895907
Ressl	50.50696	13.61717	413	peak	4	Q12049261
Hradišťany	50.50744	13.87002	753	peak	6	Q1632340
Lipská hora	50.51253	13.91292	688	peak	6	Q1827581
Sutomský vrch	50.50717	13.97750	505	peak	5	Q12057279
Boreč	50.51425	13.98874	449	peak	5	Q91100601
Ovčín	50.50508	14.00488	431	peak	4	Q2042541
Šibeniční vrch	50.51298	14.79823	347	peak	4	Q8506526
Tábor	50.50912	15.36671	683	peak	5	Q12221030
Svatá Kateřina	50.50840	15.77081	524	peak	3	Q2370628
Turov	50.51035	16.14857	603	peak	5	Q12059987
Božanovský Špičák	50.51412	16.31439	781	peak	3	Q9178330
Kit Hill	50.51923	-4.29389	334	peak	4	Q6417437
Sharpitor	50.51507	-4.03308	415	peak	3	Q3481542
Baraque Michel	50.51879	6.06244	674	peak	8	Q321168
Taufstein	50.51721	9.23838	773	peak	9	Q895530
Steinwand	50.52278	9.86479	646	peak	6	Q2341757
Teufelstein	50.51873	9.89332	729	peak	4	Q19964496
Weiherberg	50.51892	9.91229	786	peak	3	Q25392451
Fuchsküppel	50.52025	9.91958	775	peak	3	Q30619260
Wurzelberg	50.51746	11.03824	843	peak	4	Q8553186
Apelsberg	50.51509	11.15581	785	peak	6	Q618170
Ratzenberg	50.51849	11.35110	678	peak	3	Q2132961
Kuhberg	50.51994	12.49893	795	peak	6	Q1791180
Hoher Hahn	50.52033	12.76569	673	peak	44	Q57953
Široký vrch	50.51722	13.62333	386	peak	4	Q10402069
Hněvín	50.52033	13.63299	399	peak	5	Q12019885
Špičák	50.51972	13.66778	399	peak	4	Q10413729
Zlatník	50.51614	13.71477	522	peak	4	Q10860979
Želenický vrch	50.51956	13.73141	455	peak	4	Q10273295
Kamenný vrch	50.52194	14.57376	382	peak	3	Q12027850
Trosky	50.51624	15.23149	511	peak	3	Q102047454
Staropacká hora	50.51600	15.51026	578	peak	3	Q23826195
Kozinec	50.51772	15.54868	608	peak	3	Q20755101
Čistecká hůra	50.52020	15.59828	587	peak	4	Q23826196
Koruna	50.52199	16.32438	772	peak	5	Q11743894
Hochthürmen	50.52793	6.90784	500	peak	6	Q1622397
Stoppelberg	50.52963	8.52643	401	peak	6	Q2351887
Maulkuppe	50.52882	9.87683	706	peak	7	Q739136
Neuberg	50.53389	10.24465	639	peak	3	Q1979279
Jagdschirm	50.52749	11.05553	813	peak	4	Q8553184
Rückersbiel	50.52531	11.16233	756	peak	4	Q2203226
Sauhügel	50.53217	11.18040	722	peak	5	Q1800328
Morgenleithe	50.52550	12.73185	812	peak	6	Q1947729
Rockelmann	50.52978	12.77827	581	peak	6	Q1548617
Hirtstein	50.53409	13.19007	890	peak	6	Q1620589
Bořeň	50.52780	13.76386	539	peak	10	Q72262482
Ostrý	50.53151	13.95133	553	peak	6	Q1434603
Lovoš	50.52771	14.01817	573	peak	7	Q572889
Radobýl	50.53035	14.09332	399	peak	8	Q458820
Mužský	50.52786	15.04606	467	peak	5	Q12039068
Vyskeř	50.53194	15.15963	466	peak	5	Q11946437
Sieben Ahorn	50.53583	9.22945	753	peak	5	Q2282165
Milseburg	50.54472	9.89810	835	peak	10	Q525001
Bubenbader Stein	50.53824	9.91121	759	peak	4	Q15108121
Kalter Staudenkopf	50.54005	10.85499	768	peak	3	Q1722691
Mutzenberg	50.54005	11.20043	770	peak	4	Q1956137
Rauhhügel	50.54339	11.21679	802	peak	6	Q1281647
Steinberg	50.54370	12.46562	659	peak	5	Q1532065
Ottenstein	50.53970	12.78834		peak	5	Q2037457
Knochen	50.53639	12.82068	551	peak	6	Q1691082
Scheibenberg	50.53765	12.92538	807	peak	7	Q543899
Ovčí vrch	50.53765	13.72602	437	peak	3	Q12029072
Milešovský Kloc	50.53917	13.91526	674	peak	5	Q12037409
Hořidla	50.54073	14.26788	372	peak	3	Q13550758
Dubová hora	50.53961	14.50923	397	peak	3	Q14969585
Lysá hora	50.54188	14.80123	365	peak	4	Q12034506
Kilmar Tor	50.54750	-4.46793	397	peak	3	Q15238473
Vixen Tor	50.54974	-4.05910	300	peak	4	Q26622781
Landskrone	50.55118	7.17228	272	peak	6	Q1803877
Helleberg	50.55280	7.85693	491	peak	4	Q1602734
Hutsberg	50.55011	10.24311	639	peak	3	Q1639260
Schwefelkopf	50.54572	10.90776	774	peak	3	Q2255398
Rosenberg	50.54772	11.08333	716	peak	3	Q2167015
Hettstädt	50.55163	11.13445	808	peak	5	Q1554249
Spitzer Berg	50.55261	11.19095	790	peak	5	Q2311582
Kloč	50.54616	13.87821	737	peak	5	Q12044481
Milešovka	50.55484	13.93149	837	peak	11	Q50482382
Kočka (Sovice)	50.55331	14.14455	275	peak	3	Q12055509
Čap	50.55471	14.47587	387	peak	4	Q337607
Káčov	50.55258	14.98268	351	peak	4	Q12032167
Žaltman	50.55259	16.05217	741	peak	7	Q393361
Góra Wszystkich Świętych	50.55084	16.52130	648	peak	3	Q9283535
Stellberg	50.55857	10.14042	662	peak	3	Q1251648
Schneeberg	50.56131	10.65837	692	peak	5	Q2247214
Kohlhieb	50.56496	10.93422	790	peak	3	Q1778659
Zvon	50.56007	13.90408	664	peak	4	Q12016844
Číř	50.56347	14.47701	422	peak	3	Q15269160
Berkovský vrch	50.55666	14.58009	481	peak	6	Q820934
Stráž	50.56231	15.55705	630	peak	3	Q30655214
Ostaš	50.56090	16.20691	702	peak	8	Q471277
Supí hnízdo	50.56401	16.27608	704	peak	6	Q12057258
Great Mis Tor	50.57411	-4.03105	538	peak	5	Q5599583
Stockert	50.56943	6.72179	434	peak	5	Q2350652
Rauschenberg	50.57041	9.71221	471	peak	3	Q31360297
Buchschirmberg	50.57243	10.03035	745	peak	6	Q998762
Ellenbogen	50.57278	10.08191	813	peak	7	Q1331914
Streufelsberg	50.56971	10.11228	740	peak	3	Q19965536
Meuselbacher Kuppe	50.57295	11.10883	786	peak	3	Q1609662
Rehhecke	50.56838	11.18512	720	peak	3	Q2138969
Aßberg	50.56577	11.21307	706	peak	3	Q794510
Töpfersbühl	50.56983	11.25816	763	peak	3	Q2464092
Pöhlberg	50.57364	13.03162	831	peak	7	Q882557
Fuchshöhe	50.56848	13.10711	728	peak	5	Q1472581
Medvědí skála	50.57068	13.46463	924	peak	8	Q1916719
Kletečná	50.56704	13.97291	706	peak	6	Q1774202
Kubačka	50.57101	14.00888	542	peak	4	Q17487903
Plešivec	50.56598	14.08808	509	peak	4	Q2099464
Hradiště	50.56894	14.11383	545	peak	3	Q91206968
Křížová hora	50.57030	14.15898	590	peak	3	Q12032360
Liščín	50.56839	14.18056	437	peak	3	Q12033750
Šedina	50.56911	14.59069	473	peak	4	Q12856877
Jezovská horka	50.57108	14.81536	400	peak	3	Q12024649
Orlí	50.57025	14.89393	381	peak	3	Q8506424
Čáp	50.57461	16.12414	786	peak	6	Q9393848
Góra Świętej Anny	50.56661	16.50211	647	peak	5	Q9283572
Góra Zborów	50.57269	19.53030	468	peak	5	Q11703068
Alex Tor	50.57789	-4.65864	291	peak	3	Q15179157
Fox Tor	50.58007	-4.50663	323	peak	3	Q24662427
Haytor Rocks	50.57984	-3.75678	457	peak	4	Q5687305
Steling	50.57861	6.21191	658	peak	5	Q2342048
Erpeler Ley	50.58233	7.24575	191	peak	5	Q1361428
Hummelsberg	50.58331	7.32631	389	peak	4	Q1637140
Haube	50.57870	10.95688		peak	3	Q2533700
Spiegelwald	50.57564	12.79195	727	peak	6	Q2309929
Lesenská pláň	50.58234	13.43726	921	peak	5	Q1820676
Pohradická hora	50.57513	13.84209	419	peak	3	Q1790446
Deblík	50.58471	14.05340	460	peak	5	Q11774498
Dlouhý vrch	50.58156	14.14826	658	peak	4	Q11812631
Mlýnský vrch	50.58288	14.69883	392	peak	3	Q12038366
Ptačí vrch	50.58025	16.44409	539	peak	3	Q11830762
Wzgórze Kołoczek	50.57672	19.53069		peak	3	Q9381072
Brown Willy	50.59060	-4.60269	420	peak	17	Q335390
Diesburg	50.58874	10.21508	710	peak	5	Q1221353
Hohe Geba	50.59002	10.27054	751	peak	5	Q1496799
Adlersberg	50.59123	10.76659	850	peak	3	Q358451
Hirschenstein	50.59285	12.57244	610	peak	6	Q1620412
Gleesberg	50.59052	12.65971	593	peak	5	Q1275635
Brünlasberg	50.59020	12.67958	510	peak	5	Q18816342
Eisenstein	50.59021	12.72900	517	peak	5	Q1313244
Schatzenstein	50.59365	12.84335	760	peak	6	Q1589345
Schreckenberg	50.58600	12.99291	649	peak	6	Q2249544
Čihadlo	50.58764	13.27204	842	peak	4	Q341492
Varhošť	50.59040	14.10076	639	peak	6	Q1471059
Trojhora	50.59236	14.18997	456	peak	4	Q544306
Litýš	50.59130	14.24352	491	peak	3	Q19376365
Sedlo	50.59326	14.26393	727	peak	5	Q23811879
Husa	50.58820	14.45238	449	peak	3	Q12020957
Pecopala	50.59347	14.70240	453	peak	4	Q11774778
Kozákov	50.59426	15.26366	745	peak	6	Q548797
Homole	50.59035	16.43061	649	peak	4	Q9293496
Rough Tor	50.59729	-4.62201	400	peak	7	Q334531
Showery Tor	50.60211	-4.61670	385	peak	3	Q2280161
Hound Tor	50.59676	-3.77811	419	peak	6	Q5913229
Stuxberg	50.59704	7.22655	142	peak	3	Q1498494
Minderberg	50.60205	7.30139	415	peak	5	Q1170944
Seitenstein	50.60172	8.04261		peak	3	Q31319443
Knoten	50.59547	8.16199	605	peak	5	Q1777449
Vogelsberg	50.59727	9.21240	598	peak	3	Q2530076
Goldner Steinrück	50.60149	9.24502	578	peak	3	Q1535965
Auersberg	50.59764	10.00965	757	peak	5	Q759281
Leichelberg	50.60246	10.18778	656	peak	4	Q1813881
Hohe Loh	50.60259	10.69862	528	peak	3	Q1623483
Neuhäuser Hügel	50.60310	10.76835	891	peak	3	Q31529575
Hirschknochen	50.59709	12.72021	517	peak	5	Q1620469
Vlhošť	50.60260	14.45391	614	peak	9	Q2529674
Wysoka	50.60154	16.42804	750	peak	3	Q9380209
Malinowa	50.59722	16.60067	839	peak	3	Q11766831
Swyre Head	50.60602	-2.09403	203	peak	4	Q2373447
Mont Saint-Frieux	50.60988	1.60726	132	peak	4	Q17635317
Mehrberg	50.60682	7.29822	433	peak	5	Q1916788
Gleiberg	50.61491	8.63471	308	peak	4	Q1289764
Döllberg	50.60531	10.72553	760	peak	3	Q973932
Großer Hundskopf	50.60867	10.87211	824	peak	3	Q1320624
Großer Dreiherrnstein	50.60573	10.89838	838	peak	3	Q1548661
Silberberg	50.61426	10.95556	771	peak	3	Q8553213
Quittelsberg	50.60761	11.19650	709	peak	4	Q2123519
Talberg	50.60638	11.24419	601	peak	3	Q1670597
Schwarzer Berg	50.61120	11.25596	582	peak	3	Q2253924
Keilberg	50.61353	12.63052	559	peak	5	Q1737923
Steinhübel	50.61464	13.27237	817	peak	6	Q917207
Vaňovský vrch	50.61442	14.05959	561	peak	3	Q23809675
Panna	50.61151	14.18473	596	peak	4	Q1660064
Kalich	50.60532	14.20673	536	peak	3	Q15124061
Janský vrch	50.61128	15.98889	697	peak	4	Q11723607
Rudný	50.60631	16.40279	654	peak	3	Q9323746
Hájek	50.60882	16.41339	687	peak	3	Q11710400
Głowy	50.60743	16.42335	743	peak	3	Q9284296
Hookney Tor	50.61666	-3.84099	497	peak	3	Q15696955
Hambury Tout	50.62203	-2.26174	138	peak	3	Q5644358
Worbarrow Tout	50.61591	-2.18572	53	peak	3	Q2593379
Wildbretshügel	50.61662	6.42095	525	peak	3	Q2570426
Vetzberg	50.62061	8.61670	310	peak	4	Q1798916
Dolmar	50.62454	10.47872	740	peak	5	Q1235830
Domberg	50.61705	10.68577	675	peak	4	Q1236907
Ringberg	50.61645	10.72194	745	peak	3	Q2153548
Großer Eisenberg	50.62231	10.78138	907	peak	4	Q1236712
Langer Berg	50.61879	11.01976	808	peak	4	Q1253775
Dubí hora	50.62257	14.36558	446	peak	3	Q1117501
Ronov	50.62033	14.41451	552	peak	4	Q12049782
Křížový vrch	50.62449	16.12839	667	peak	3	Q12032368
Dlouhý vrch	50.62265	16.37039	652	peak	3	Q11694328
Przełęcz Woliborska	50.62331	16.58754		pass	4	Q11829732
Przełęcz Woliborska	50.62327	16.58809	711	pass	4	Q11829732
Cut Hill	50.62744	-3.98332	603	peak	5	Q24649204
Ballard Down	50.63132	-1.96360	160	peak	3	Q805152
Zickelburg	50.63314	7.24715	188	peak	3	Q198433
Leyberg	50.63292	7.26629	358	peak	4	Q1822350
Asberg	50.62644	7.29592	435	peak	7	Q721340
Gräbersberg	50.62590	7.85123	513	peak	6	Q1551394
Hangelstein	50.63095	8.72762	305	peak	6	Q1575482
Barigauer Höhe	50.62956	11.10731	665	peak	3	Q808187
Ziegenberg	50.63294	11.15670	497	peak	4	Q198752
Franzenshöhe	50.63484	12.99706	703	peak	3	Q1450059
Katzenstein	50.63298	13.23727	706	peak	6	Q679273
Spící panna	50.63036	14.60841	419	peak	4	Q1722205
Mrtvý vrch / Martwiec	50.63211	16.06270	668	peak	4	Q11770787
Buková hora	50.62682	16.17857	638	peak	5	Q23821215
Růžek	50.63074	16.36139	635	peak	3	Q9325938
Bobří vrch	50.62928	16.37179	740	peak	4	Q9174886
Červená hora	50.63186	16.37760	747	peak	3	Q9393814
Włodzicka Góra	50.62559	16.43368	755	peak	3	Q9382562
Popielak	50.63355	16.55842	856	peak	3	Q11823894
Rodderberg	50.64089	7.19716	195	peak	7	Q2160928
Himmerich	50.64334	7.27322	366	peak	5	Q1120044
Broderkonsberg	50.64160	7.28398	378	peak	3	Q924393
Höllberg	50.64492	8.14999	643	peak	5	Q1643979
Koppe	50.63608	8.37365	342	peak	4	Q451625
Altenberg	50.63693	8.51712	442	peak	4	Q436692
Habelberg	50.64002	9.99433	718	peak	3	Q15056498
Umpfen	50.64427	10.16690	701	peak	3	Q2478574
Großer Finsterberg	50.63695	10.80014	944	peak	5	Q1548677
Pferdeberg	50.64063	10.90463	805	peak	3	Q15392025
Zipptannskuppe	50.63885	11.29284	657	peak	3	Q205507
Doubravská hora	50.63866	13.86019	396	peak	5	Q23822616
Vysoký Ostrý	50.63640	14.08023	587	peak	6	Q586901
Żmij	50.63663	16.54635	887	peak	3	Q9397501
Kalenica	50.64278	16.54639	964	peak	8	Q6352117
Brat Tor	50.65144	-4.06727	456	peak	3	Q38251051
Rodderberg-Vulkan Basaltgang	50.64958	7.18875		peak	7	Q2160928
Dünsberg	50.65034	8.58027	498	peak	7	Q1271919
Katzenstein	50.65451	12.75838	627	peak	6	Q1736920
Aussichtsfelsen	50.64928	12.93017	732	peak	8	Q1545475
Morgensternhöhe	50.64583	13.24507	711	peak	7	Q1947772
Loučná	50.64861	13.61034	956	peak	6	Q1585073
Vlči Hora	50.64776	13.64155	892	peak	3	Q23824326
Černá hora	50.65283	15.74184	1300	peak	6	Q200808
Dvorský les	50.64913	15.86335	1035	peak	8	Q9213145
Velbloudí vrch	50.64619	16.33699	576	peak	3	Q9368349
Kopiniec	50.65193	16.34975	707	peak	3	Q11743521
Czarnoch	50.64723	16.36456	733	peak	3	Q9198075
Rymarz	50.65071	16.53367	913	peak	3	Q9324422
Słoneczna	50.64868	16.54294	949	peak	3	Q9353354
Kuczaba	50.64718	16.59052	651	peak	6	Q6441573
Great Links Tor	50.66246	-4.05175	582	peak	4	Q5599516
Brighstone Down	50.66055	-1.38952	214	peak	3	Q4967351
Großer Breiberg	50.66341	7.22986	313	peak	3	Q1265456
Löwenburg	50.66406	7.25028	455	peak	4	Q1879915
Fuchskaute	50.66115	8.10146	657	peak	9	Q1472613
Großer Beerberg	50.65847	10.74340	983	peak	12	Q896523
Großer Tragberg	50.65871	10.97722	588	peak	3	Q1549048
Brüderhöhe	50.65661	13.12530	688	peak	6	Q879998
Schwartenberg	50.65916	13.46549	789	peak	6	Q2253260
Mariánský vrch	50.66439	14.05095	265	peak	5	Q12035560
Kopanina	50.65987	15.16480	657	peak	4	Q1783874
Přední Žalý	50.65822	15.57233	1019	peak	3	Q10270652
Jelení vrch	50.65605	15.69709	1025	peak	3	Q11724103
Kutná	50.66054	15.84977	1002	peak	3	Q11751436
Královecké sedlo	50.66493	15.96710	516	pass	3	Q11829592
Královecký Špičák	50.65753	15.98856	881	peak	5	Q11750078
Březový kopec	50.66449	16.25185	743	peak	3	Q9183706
Malý kopec	50.66339	16.25771	726	peak	3	Q11766898
Světlina	50.66287	16.26558	797	peak	3	Q9348567
Ruprechtický Špičák	50.66143	16.28083	880	peak	7	Q9324054
Široký vrch / Płoniec	50.65996	16.29294	841	peak	3	Q9396950
Kościelec	50.66448	16.31209	802	peak	3	Q11744843
Jelení vrch	50.65644	16.31719	752	peak	3	Q11724102
Bukový kopec / Bukowa Góra	50.65754	16.34391	734	peak	3	Q9181800
Przełęcz Jugowska	50.65597	16.52674	805	pass	5	Q11829549
High Peak	50.66619	-3.26998	157	peak	4	Q1617809
Tennyson Down	50.66674	-1.54163	147	peak	3	Q7700519
Gander Down	50.67371	-1.13435	30	peak	4	Q5193729
Bembridge Down	50.67026	-1.11451	100	peak	3	Q4885075
Hirschberg	50.67321	7.20889	256	peak	4	Q15744915
Drachenfels	50.66518	7.21023	321	peak	20	Q703922
Geisberg	50.67040	7.23081	324	peak	4	Q1498833
Jungfernhardt	50.67218	7.23822	320	peak	3	Q15730129
Ölender	50.66695	7.23882	329	peak	3	Q15730130
Lohrberg	50.67195	7.24869	432	peak	4	Q1149842
Salzburger Kopf	50.67184	8.05498	654	peak	6	Q2215973
Bartenstein	50.66817	8.16550	614	peak	5	Q809253
Alteburg	50.67221	8.38165	445	peak	3	Q16509587
Schneekopf	50.66613	10.76406	978	peak	8	Q2247357
Hirschkopf	50.66660	10.83848	772	peak	3	Q1462585
Kickelhahn	50.66583	10.88106	861	peak	7	Q1740822
Lindenberg	50.66644	10.90695	749	peak	4	Q1826064
Střížovický vrch	50.67333	13.99306	342	peak	3	Q12057139
Buková hora	50.67182	14.22714	686	peak	7	Q1003375
Strážný	50.67288	14.71240	362	peak	4	Q15358812
Ralsko	50.67425	14.76594	698	peak	8	Q2129851
Stohánek	50.67413	14.84279	397	peak	3	Q1404211
Zadní Žalý	50.66519	15.56848	1036	peak	3	Q10270652
Mravenečník	50.66696	15.86015	1006	peak	3	Q11786351
Skowrończa	50.67380	16.02564	707	peak	3	Q9338123
Średniak / Obírka	50.67170	16.23567	781	peak	3	Q9395770
Kopica	50.66829	16.26231	803	peak	3	Q11743489
Słodna	50.66619	16.32016	790	peak	3	Q9353327
Wilczyna	50.66889	16.57028	665	peak	4	Q8000422
Panek	50.67345	16.61898	452	peak	5	Q1559135
Butterdon Hill	50.68216	-3.77038	366	peak	3	Q5002874
Butte du Lion	50.67845	4.40482	171	peak	19	Q31985
Großer Ölberg	50.68207	7.24817	460	peak	6	Q724498
Ketzerstein	50.67987	8.10817	610	peak	3	Q30616483
Totenberg	50.67816	8.79015	360	peak	4	Q17127727
Rößberg	50.67841	9.80031	400	peak	3	Q25392769
Rockenstuhl	50.68235	9.94948	529	peak	4	Q2160638
Waltersberg	50.68425	10.09128	674	peak	4	Q1800450
Ruppberg	50.68380	10.63894	866	peak	4	Q2176639
Ehrenberg	50.68237	10.94678	528	peak	4	Q1299909
Kulm	50.68334	11.36928	482	peak	7	Q1791513
Kozí vrch	50.67595	14.13706	380	peak	6	Q1785796
Velký Jelení vrch	50.67670	14.82729	514	peak	3	Q2512473
Javor	50.68445	15.75103	1002	peak	3	Q11723373
Czepiel / Čepel	50.67946	15.86249	911	peak	4	Q11171441
Bógdał	50.67827	16.00935	747	peak	3	Q9182940
Włostowa	50.67915	16.25565	904	peak	3	Q9382944
Kostrzyna	50.67989	16.26033	906	peak	3	Q11744165
Suchawa	50.68071	16.26560	928	peak	3	Q9347800
Waligóra	50.68082	16.27809	934	peak	6	Q9370545
Osówka	50.67727	16.41964	716	peak	3	Q11800947
Mała Sowa	50.68251	16.46528	972	peak	4	Q11772101
Wielka Sowa	50.68028	16.48556	1015	peak	14	Q989527
High Willhays	50.68522	-4.01115	621	peak	11	Q5757442
Yes Tor	50.69394	-4.01097	619	peak	12	Q8052773
Burgberg	50.69458	6.44193	400	peak	9	Q315268
Petersberg	50.68606	7.20794	331	peak	12	Q152933
Nonnenstromberg	50.68545	7.22029	335	peak	4	Q2790104
Stenzelberg	50.69115	7.22687	287	peak	4	Q2342970
Arnsberg	50.68907	10.06458	661	peak	3	Q697345
Gläserberg	50.69291	10.09943	670	peak	4	Q1532614
Gebrannter Stein	50.68956	10.67006	897	peak	3	Q1497114
Pfanntalskopf	50.69005	10.72353	868	peak	3	Q2082371
Lauterbacher Knochen	50.69066	13.16654	683	peak	5	Q1808632
Bouřňák	50.68587	13.70735	869	peak	10	Q895335
Strážný vrch	50.68712	14.35556	599	peak	3	Q12056686
Javorník	50.69137	15.08025	684	peak	4	Q1308061
Liščí hora	50.69307	15.68854	1363	peak	6	Q11757848
Przełęcz Lubawska	50.68658	15.98351	516	pass	3	Q11829592
Turzyna	50.68835	16.29749	895	peak	3	Q9363084
Jeleniec	50.69055	16.31146	902	peak	3	Q11724085
Rogowiec	50.69341	16.31493	870	peak	3	Q9311811
Młyńsko	50.68501	16.50249	777	peak	3	Q11788249
Dollendorfer Hardt	50.70353	7.19895	246	peak	4	Q1235709
Weilberg	50.69866	7.22048	247	peak	4	Q2555579
Stegskopf	50.70155	8.02391	654	peak	9	Q2339015
Neuberg	50.69662	10.14181	528	peak	4	Q1979277
Großer Hermannsberg	50.70050	10.61402	867	peak	6	Q1548697
Hohe Warte	50.69617	10.83054	765	peak	5	Q1623552
Adlerstein	50.69917	13.16332	676	peak	5	Q358489
Pramenáč	50.69920	13.73197	909	peak	6	Q1523034
Špičák	50.70268	14.54925	446	peak	6	Q11177366
Mazova horka	50.69867	14.98516	569	peak	3	Q12036197
Maršovický vrch	50.70393	15.20382	744	peak	4	Q12035966
Šeřín	50.69655	15.56372	1035	peak	5	Q10398509
Světlý vrch	50.70217	15.66053	1316	peak	3	Q12428188
Pěnkavčí vrch	50.70136	15.78436	1105	peak	3	Q12047849
Włodarz	50.69542	16.41023	811	peak	5	Q674453
Przełęcz Walimska	50.69706	16.47477	755	pass	3	Q11829720
Dupka	50.69902	19.36317	371	peak	5	Q7509621
Cosdon Beacon	50.70702	-3.93308	550	peak	3	Q24653264
Tragwurst	50.70845	8.55881	376	peak	3	Q1453257
Sachsenburg	50.71346	10.07637	721	peak	3	Q2210605
Stiller Stein	50.70833	10.51526	646	peak	4	Q2349594
Arnsberg	50.70921	10.58119	684	peak	4	Q697342
Arlesberg	50.71178	10.80980	651	peak	4	Q675090
Wolfsberg	50.70579	10.97981	527	peak	3	Q2592267
Komáří hůrka	50.70662	13.85645	809	peak	8	Q879584
Vrabinec	50.71156	14.20753	350	peak	6	Q1740648
Kohout	50.70999	14.31210	589	peak	5	Q1778747
Císařský kámen	50.71325	15.10504	637	peak	5	Q11773943
Černá studnice	50.71167	15.23372	872	peak	6	Q339296
Hejlov	50.70626	15.48242	839	peak	3	Q48840954
Černá skála	50.70880	15.56577	1042	peak	6	Q9393797
Hromovka	50.71212	15.60447	1036	peak	3	Q9294455
Přední Planina	50.70621	15.62093	1198	peak	5	Q11832797
Zadní Planina	50.71193	15.66788	1423	peak	5	Q10857103
Albeřický vrch	50.70733	15.83906	948	peak	3	Q10729272
Czerep	50.70543	16.13235	582	peak	3	Q11692098
Röckesberg	50.72383	7.17300	165	peak	3	Q1653281
Kuckstein	50.71586	7.17744	190	peak	3	Q1790982
Stallberg	50.71726	9.84199	553	peak	3	Q2329320
Morsberg	50.71584	9.86029	466	peak	3	Q11825435
Gehilfersberg	50.72478	9.88488	456	peak	6	Q1498500
Drommberg	50.71773	11.68150		peak	3	Q30794233
Steinkuppe	50.71958	13.59917	806	peak	5	Q2341334
Vlčí hřeben	50.72388	15.50694	1119	peak	3	Q11920746
Stoh	50.71800	15.64962	1319	peak	5	Q12056449
Růžová hora	50.72098	15.73894	1393	peak	6	Q9325939
Jelení hora	50.72039	15.78084	1173	peak	3	Q11724099
Kraví hora	50.71847	15.80461	1072	peak	3	Q11748046
Dzikowiec	50.72405	16.20565	836	peak	3	Q9248915
Borowa	50.72287	16.30446	853	peak	5	Q9177724
Golden Cap	50.72638	-2.84120	191	peak	7	Q5579263
Ennert	50.73185	7.15880	152	peak	3	Q1343334
Beulskopf	50.73072	7.62572	388	peak	4	Q851024
Trödelsteine	50.72843	8.03754	613	peak	4	Q18028759
Stoffelskuppe	50.72843	10.21867	620	peak	4	Q1530001
Queste	50.72728	10.46494	425	peak	4	Q2122971
Veronikaberg	50.72963	10.90515	552	peak	4	Q2517523
Singer Berg	50.73108	11.04951	583	peak	4	Q1353265
Pilzhübel	50.72667	13.09879	598	peak	6	Q2095286
Javorský vrch	50.73163	14.11459	617	peak	3	Q23818564
Ještěd	50.73277	14.98392	1012	peak	21	Q148998
Vlčí hřeben	50.72725	15.50648	1124	peak	3	Q11920746
Luční hora	50.72777	15.68276	1556	peak	12	Q1767298
Studniční hora	50.72711	15.70586	1555	peak	10	Q2358834
Borowa Góra	50.72906	15.84481	1056	peak	5	Q11233347
Góra Świętej Anny	50.73380	16.09200	593	peak	3	Q9283570
Góra Ziuty	50.73044	16.11367	631	peak	4	Q9283554
Kozioł	50.73147	16.30370	774	peak	3	Q11744621
Wołowiec	50.73394	16.30640	776	peak	4	Q9378024
Hoher Schaden	50.73810	7.49937	389	peak	4	Q1609848
Die Burg	50.73841	8.06620	594	peak	3	Q1211807
Schorn	50.73539	10.07297	559	peak	4	Q2249041
Pleß	50.74389	10.24185	645	peak	6	Q1548401
Kohlhaukuppe	50.74387	13.79301	786	peak	7	Q1778657
Nakléřovský průsmyk	50.74326	13.97838	679	pass	3	Q13231006
Jedlová	50.73928	14.24552	530	peak	3	Q12024377
Bílá skála	50.73969	15.37528	968	peak	3	Q11706528
Medvědín	50.74166	15.58191	1235	peak	7	Q11008457
Železný vrch	50.73808	15.62747	1321	peak	5	Q10280423
Kozí hřbety	50.73515	15.64159	1318	peak	7	Q573238
Przełęcz pod Śnieżką	50.73880	15.73028	1389	pass	4	Q11829816
Śnieżka / Sněžka	50.73603	15.73961	1603	peak	58	Q617511
Czarna Kopa / Svorová hora	50.74264	15.76964	1411	peak	9	Q5201559
Dzwonkówka	50.74084	15.84148	1004	peak	3	Q9249062
Vaalserberg	50.75348	6.02125	323	peak	47	Q159860
Stoppelsberg	50.75162	9.70122	524	peak	6	Q2351905
Lichtberg	50.74898	9.81302	465	peak	4	Q1823276
Baier	50.74629	10.10421	714	peak	4	Q803721
Falkenstein	50.74589	10.64346	770	peak	3	Q1394306
Sandberg	50.74907	10.99444	476	peak	3	Q1250046
Geiersberg	50.74973	12.94358	536	peak	5	Q1498697
Ochsenkopf	50.74730	13.31116	592	peak	3	Q31296875
Kahleberg	50.74870	13.73093	905	peak	7	Q1720762
Chmelník	50.75473	14.15866	508	peak	5	Q20057168
Velký Chlum	50.74562	14.22914	502	peak	5	Q11878983
Ortel	50.74907	14.63269	553	peak	6	Q1709280
Malý Ještěd	50.74616	14.94431	754	peak	4	Q16219204
Černá hora	50.75214	14.98168	811	peak	3	Q15987327
Špičák	50.75149	15.28227	811	peak	4	Q774721
Hvězda	50.74652	15.36602	959	peak	5	Q12021046
Janova skála	50.75351	15.43755	1001	peak	3	Q12023509
Studená	50.74743	15.45660	989	peak	4	Q9347331
Čertova pláň	50.75097	15.47504	974	peak	4	Q9393804
Lysá hora	50.75388	15.50975	1344	peak	7	Q1879015
Kotel	50.75251	15.52948	1435	peak	8	Q938859
Harrachovy kameny	50.75447	15.53833	1421	peak	6	Q1586085
Vrbatovo návrší	50.75251	15.54759	1412	peak	3	Q11939657
Zlaté návrší	50.75031	15.55421	1411	peak	7	Q1535786
Pevnost	50.75330	15.60439	1014	peak	3	Q12045232
Kopa	50.74664	15.73032	1377	peak	6	Q3198841
Sowia Przełęcz / Soví sedlo	50.74569	15.78650	1164	pass	4	Q11829681
Skalny Stół / Tabule	50.75292	15.79216	1284	peak	6	Q9337581
Przełęcz Okraj	50.74688	15.82367	1046	pass	5	Q130114
Klasztorzysko	50.74896	16.36308	631	peak	3	Q11739833
Choina	50.75333	16.41139	450	peak	4	Q11690061
Kluisberg - Mont de l'Enclus	50.75771	3.49159	141	peak	6	Q2842559
Knokteberg	50.76438	3.52805	123	peak	6	Q1881040
Kanarieberg - Mont Canarie	50.76181	3.65270	131	peak	5	Q1816408
Pottelberg	50.76428	3.69934	159	peak	3	Q2226465
Frauenberg	50.75645	8.78738	379	peak	6	Q1440133
Willinger Berg	50.75963	11.01020	502	peak	3	Q2581506
Dittersdorfer Höhe	50.76272	13.00744	553	peak	7	Q1230376
Češka	50.76021	14.49692	631	peak	4	Q11283854
Rozsocha	50.76496	14.96905	767	peak	3	Q12050024
Bramberk	50.75614	15.20615	787	peak	6	Q897545
Čertova hora	50.76173	15.43042	1023	peak	6	Q9393801
Ptasi Kamień / Čihadlo	50.76417	15.62838	1216	peak	5	Q11381695
Mały Szyszak / Malý Šišák	50.75918	15.64863	1439	peak	10	Q3488936
Tępy Szczyt	50.76167	15.65833	1388	peak	5	Q9363853
Smogornia / Stříbrný hřbet	50.75583	15.67556	1490	peak	11	Q3487004
Przełęcz Kowarska	50.76293	15.86718	727	pass	4	Q11829570
Jastrzębia Góra	50.75645	16.12645	638	peak	3	Q11723249
Mniszek	50.76411	16.18068	704	peak	3	Q11784274
Monteberg	50.77401	2.80496	115	peak	4	Q2981023
Oudeberg	50.77251	3.89051	110	peak	3	Q2549889
Bosberg	50.76870	3.93998	105	peak	6	Q894357
Wittstrauch	50.76504	8.79511	322	peak	4	Q8028640
Hubenberg	50.76626	9.97361	418	peak	3	Q1477292
Reinsburg	50.76938	10.93892	604	peak	3	Q2141716
Großer Kalmberg	50.77179	11.17200	547	peak	4	Q1381849
Götzhöhe	50.76800	13.07030	493	peak	5	Q1269574
Geisingberg	50.77171	13.77280	824	peak	8	Q880766
Klobouk	50.76730	14.14441	502	peak	4	Q28152338
Severák	50.77465	15.18973	803	peak	3	Q12051568
Slovanka	50.77300	15.19680	820	peak	9	Q1500935
Rówienka	50.77482	15.71326	960	peak	3	Q9325602
Wołowa Góra	50.76762	15.81640	1041	peak	5	Q9378021
Mont des Cats	50.78309	2.66780	164	peak	7	Q2326371
Mont Noir	50.77888	2.73288	152	peak	8	Q2134109
Vidaigneberg	50.78399	2.74791	142	peak	4	Q2466328
Baneberg	50.78374	2.75670	140	peak	4	Q2153707
Kemmelberg	50.77901	2.81298	154	peak	15	Q209541
Lettenberg	50.78339	2.81700	90	peak	4	Q2099395
Paterberg	50.78175	3.54723	80	peak	15	Q204334
Parikeberg	50.77903	3.80270	87	peak	3	Q2443463
Schneeberg	50.78481	6.01750	256	peak	4	Q19365350
Salvatorberg	50.78429	6.08609	229	peak	5	Q153869
Stachelberg	50.78098	7.37709	209	peak	3	Q2325654
Hellerberg	50.78185	8.00243		peak	3	Q1602792
Walkersdorfer Berg	50.78386	8.09589	526	peak	3	Q2542432
Holzholzer Kopf	50.77514	8.11851	543	peak	3	Q1625578
Dietrichsberg	50.78247	10.02812	669	peak	4	Q15384385
Kienberg	50.77884	10.74149	720	peak	4	Q1741016
Špičák	50.78316	13.92040	723	peak	6	Q392269
Pastýřská stěna	50.78041	14.19070	278	peak	8	Q278606
Sokolí vrch	50.78075	14.27049	506	peak	5	Q12055294
Mariánská hora	50.78112	15.26537	874	peak	4	Q23815187
Sokolnik / Sokolník	50.77701	15.52429	1384	peak	5	Q9339210
Łabski Szczyt / Violík	50.78045	15.54564	1472	peak	10	Q1546756
Vysoká pláň	50.77877	15.55730	1497	peak	3	Q11947073
Wielki Szyszak / Vysoké kolo	50.77692	15.56779	1510	peak	12	Q1562236
Śmielec	50.78028	15.57833	1424	peak	10	Q3488142
Czeskie Kamienie / Mužské kameny	50.77688	15.59110	1416	peak	8	Q3498714
Śląskie Kamienie / Dívčí kameny	50.77681	15.60176	1414	peak	11	Q972255
Sucha Góra	50.77771	15.64651	1113	peak	5	Q9347762
Liściasta	50.78471	15.92049	755	peak	3	Q11762244
Chełmiec Mały	50.77557	16.20285	776	peak	3	Q11689988
Chełmiec	50.77955	16.21097	851	peak	6	Q1071478
Rodeberg	50.78577	2.75998	138	peak	5	Q2519213
Sulferberg	50.79480	2.76458	88	peak	3	Q2112394
Scherpenberg	50.79406	2.78166	125	peak	3	Q632236
Kaperij	50.78851	3.68734		peak	3	Q2236676
Lousberg	50.78674	6.07997	262	peak	7	Q153664
Wolsberg	50.79347	7.22848	110	peak	3	Q1498091
Leyenkopf	50.78957	8.03859	432	peak	3	Q1547555
Eschenburg	50.78685	8.34422	589	peak	3	Q1367002
Angelburg	50.78816	8.42898	609	peak	5	Q533611
Rimberg	50.79310	9.46689	592	peak	6	Q2153233
Mengshäuser Kuppe	50.78847	9.65027	473	peak	6	Q1675453
Soisberg	50.78827	9.88329	630	peak	6	Q2297969
Ulsterberg	50.79356	9.98436	487	peak	3	Q2477546
Děčínský Sněžník	50.79123	14.10426	724	peak	14	Q1272672
Červený vrch	50.78555	14.19987	314	peak	3	Q11176622
Kvádrberk	50.78545	14.22943	290	peak	8	Q2351269
Popovičský vrch	50.79386	14.28416	531	peak	5	Q19838797
Zámecký vrch	50.79129	14.43360	541	peak	6	Q10937791
Klíč	50.78856	14.57274	760	peak	6	Q1776721
Křížový vrch-Kalvárie	50.78853	14.64476	443	peak	4	Q1712747
Jezevčí vrch	50.79093	14.70455	666	peak	4	Q12024636
Vápenný	50.78837	14.89831	790	peak	5	Q23809677
Dlouhá hora	50.79030	14.92373	748	peak	3	Q11812558
Nekras	50.79218	15.15725	859	peak	4	Q21716062
Zámky	50.79382	15.33964	1002	peak	4	Q10938079
Kamenec	50.78652	15.47550	1239	peak	3	Q12027778
Kamiennik / Luboch	50.78889	15.49052	1296	peak	6	Q11028951
Szrenica	50.79148	15.51406	1361	peak	16	Q1424223
Wilczek	50.79173	15.70569	707	peak	3	Q9374322
Czoło	50.78972	15.72578	874	peak	4	Q11692317
Wilkowyja	50.78968	15.91195	776	peak	3	Q9374621
Bukowa	50.78712	15.92343	755	peak	3	Q9181784
Chojniak	50.79090	16.10596	585	peak	3	Q9190199
Wzgórze Gedymina	50.79392	16.27062	532	peak	3	Q30910890
Mont Cassel	50.80166	2.48405	176	peak	7	Q2712817
Taaienberg	50.79612	3.63115	90	peak	9	Q2512503
Tenbosse	50.79657	3.77135	74	peak	5	Q383635
Michaelsberg	50.79508	7.21113	118	peak	4	Q1930173
Druidenstein	50.79500	7.91036	431	peak	4	Q1261186
Windhahn	50.79832	7.93560	517	peak	3	Q1761709
Kalteiche	50.80005	8.13550	579	peak	6	Q1722636
Daubhaus	50.79543	8.53149	552	peak	4	Q1172787
Hünstein	50.80272	8.53422	503	peak	3	Q1652400
Öchsenberg	50.80062	10.02655	627	peak	4	Q293896
Walpersberg	50.79671	11.55354	311	peak	6	Q1278543
Malý Buk	50.80275	14.55353	713	peak	4	Q12035127
Ovčí hora	50.79576	14.97160	496	peak	4	Q12043376
Mrtvý vrch	50.80262	15.44006	1062	peak	5	Q12038896
Mumlawski Wierch / Žlabský vrch	50.79766	15.47051	1218	peak	6	Q3564686
Szubieniczna	50.80050	15.92431	756	peak	3	Q9352371
Jagoda	50.79785	15.93513	743	peak	3	Q11716147
Pilsdon Pen	50.80684	-2.83371	277	peak	6	Q3905049
Lewesdon Hill	50.80758	-2.79949	279	peak	4	Q6536144
Koppenberg	50.81037	3.57957	77	peak	16	Q1784123
Gulperberg	50.81344	5.89956	157	peak	6	Q1554374
Aschenberg	50.80685	10.36050	452	peak	3	Q722377
Seimberg	50.81084	10.44977	803	peak	3	Q31319491
Dohlenstein	50.80530	11.60362	366	peak	3	Q1234843
Pfaffenberg	50.81198	12.72328	480	peak	5	Q2082041
Adelsberg	50.81142	13.01603	508	peak	5	Q355368
Sokol	50.80748	14.74994	592	peak	10	Q1478715
Horní Skaly	50.81400	14.83403		peak	3	Q2011436
Dračí vrch	50.80951	15.07779	676	peak	4	Q11827452
Bukovec	50.81436	15.35786	1005	peak	7	Q1003331
Przedział	50.81167	15.48417	1068	peak	5	Q11828425
Szerzawa	50.81478	15.63242	706	peak	4	Q9351382
Brzeźnik	50.80873	15.82452	557	peak	3	Q9180981
Góra Parkowa	50.81178	15.83617	550	peak	3	Q11811705
Ostra Mała	50.80738	15.89406	945	peak	3	Q11800673
Skalnik	50.80848	15.90006	945	peak	4	Q9337576
Wielka Kopa	50.81259	15.95800	871	peak	3	Q9372800
Trójgarb	50.81275	16.16366	778	peak	5	Q1491964
Tiegemberg	50.81750	3.46272	79	peak	7	Q5440047
Eikenberg	50.82312	3.64020	82	peak	9	Q2392674
Valkenberg	50.81686	3.75143	98	peak	5	Q2121321
Pfannenberg	50.81554	8.00200	499	peak	3	Q2082333
Tiefenrother Höhe	50.81722	8.17329	551	peak	5	Q1579420
Totenstein	50.82493	12.77872	483	peak	6	Q1796624
Hochwald/Hvozd	50.82251	14.72639	749	peak	8	Q453198
Krogulec	50.82361	15.40250	988	peak	4	Q11748257
Cicha Równia	50.82389	15.41584	1002	peak	6	Q9192288
Przełęcz Szklarska	50.81739	15.43335	886	pass	5	Q11829703
Płoszczań	50.82306	15.58111	747	peak	4	Q11832660
Grzybowiec	50.82487	15.59794	750	peak	5	Q9282293
Kopista	50.81764	15.63619	681	peak	4	Q11743529
Stróżnik	50.81940	15.95132	808	peak	3	Q9347260
Mnichy	50.82415	15.97546	694	peak	3	Q11784254
Highdown Hill	50.82835	-0.44968		peak	3	Q15223931
Firle Beacon	50.83377	0.10824	217	peak	4	Q5452091
Edelareberg	50.83272	3.62619	86	peak	3	Q1977608
Sint-Pietersberg	50.82687	5.68748	107	peak	13	Q1754591
Hohes Wäldchen	50.83238	7.53668	378	peak	3	Q1623995
Schweinskopf	50.83204	8.57716	473	peak	5	Q2255791
Zoitzberg	50.83444	12.08130	285	peak	3	Q218459
Růžovský vrch	50.83273	14.33025	620	peak	12	Q668282
Javor	50.82568	14.50082	693	peak	5	Q1116187
Střední vrch	50.83401	14.55970	657	peak	3	Q12055817
Jánské kameny	50.83494	14.71703	604	peak	6	Q1157143
Johannisstein	50.83495	14.71873	602	peak	6	Q1157143
Hochwald	50.82560	14.72773	744	peak	8	Q453198
Kelchstein	50.83310	14.74168		peak	4	Q1738142
Straßberg	50.83072	14.79333	538	peak	4	Q27825256
Popova skála	50.82551	14.81321	568	peak	6	Q2104182
Černá hora	50.82714	15.20995	1085	peak	5	Q11172646
Sněžné věžičky	50.83074	15.22161	1070	peak	3	Q12055166
Jizera	50.83396	15.25953	1122	peak	7	Q911645
Černý vrch	50.83156	15.29879	1029	peak	4	Q9393798
Żar	50.82972	15.64056	685	peak	4	Q9397221
Chojnik	50.83383	15.64406	612	peak	5	Q9190217
Dzicza Góra	50.83160	15.92901	881	peak	4	Q8024247
Wolvenberg	50.84246	3.64218	75	peak	4	Q2257228
Giebelberg	50.84438	7.91200	528	peak	3	Q1523192
Gilbergskopf	50.84450	7.99979	426	peak	4	Q1523897
Eisernhardt	50.83945	8.02973	482	peak	4	Q1250895
Hornberg	50.83916	8.55671	451	peak	4	Q1628362
Rimberg	50.84163	8.62945	497	peak	6	Q1521110
Hungert	50.83579	8.67246	412	peak	6	Q1158924
Landecker	50.83947	9.88919	511	peak	5	Q1294953
Krayenberg	50.83676	10.12956	428	peak	6	Q1786964
Augustusberg	50.84317	13.95623	507	peak	6	Q770731
Kamzičí vrch	50.84255	14.49247	623	peak	6	Q1091166
Hřebec	50.83543	14.50658	654	peak	3	Q14806213
Velká Tisová	50.83869	14.54771	693	peak	3	Q11878671
Konopáč	50.83964	14.57976	676	peak	5	Q13427224
Stožec	50.83801	14.58660	665	peak	5	Q1145648
Oybin	50.84439	14.74322	515	peak	11	Q636619
Scharfenstein	50.84083	14.75823	569	peak	5	Q2231275
Olivetská hora	50.83898	15.14163	886	peak	4	Q15838269
Holubník	50.84072	15.18349	1071	peak	4	Q12020022
Pytlácké kameny	50.84296	15.33431	975	peak	5	Q11832215
Věžní skály	50.83645	15.34838	1018	peak	4	Q11724101
Grodna	50.83553	15.72364	504	peak	3	Q11701427
Wołek	50.83802	15.93544	878	peak	4	Q8024074
Krąglak	50.84139	16.05806	692	peak	3	Q11750258
Telegraf	50.83822	20.64282	408	peak	4	Q9356452
Bulbarrow Hill	50.84953	-2.31715	275	peak	5	Q4987255
Lancing Ring	50.84652	-0.32509		peak	4	Q24662526
Vrouwenheide	50.84627	5.95323	216	peak	4	Q1772066
Eichholzkopf	50.85290	8.28973	610	peak	5	Q1301997
Eichkopf	50.84885	10.10909	366	peak	3	Q1302083
Alte Warth	50.84792	10.31461	436	peak	4	Q436377
Windsberg	50.85227	10.34911	671	peak	4	Q1573735
Drehberg	50.85340	10.43660	754	peak	3	Q1256405
Großer Inselsberg	50.85116	10.46651	916	peak	11	Q1548714
Beutenberg	50.84820	12.98172	421	peak	3	Q30699738
Großer Zschirnstein	50.85485	14.17662	560	peak	10	Q1542698
Malý Stožec	50.85025	14.53898	659	peak	6	Q1888084
Pěnkavčí vrch	50.84831	14.61114	792	peak	8	Q1746452
Lausche / Luž	50.84911	14.64677	793	peak	13	Q159671
Buchberg	50.85483	14.67470	652	peak	5	Q997955
Nonnenfelsen	50.85036	14.68357	537	peak	4	Q1368790
Nonnenfelsen	50.85052	14.68384	537	peak	4	Q1368790
Jonsberg	50.84856	14.71664	653	peak	6	Q925423
Ameisenberg	50.85249	14.74387	576	peak	5	Q460817
Töpfer	50.84928	14.75939	582	peak	7	Q2353
Poledník	50.85494	15.13670	864	peak	4	Q12046185
Ptačí kupy	50.84701	15.17371	1013	peak	3	Q12047545
Smědavská hora	50.85043	15.24429	1084	peak	6	Q12055118
Złote Jamy	50.84565	15.40842	1087	peak	5	Q9393395
Wysoka Kopa	50.85000	15.42028	1127	peak	7	Q3506201
Izerskie Garby	50.85173	15.43657	1084	peak	5	Q11714811
Zwalisko	50.84894	15.45201	1046	peak	5	Q9392193
Wysoki Kamień	50.84550	15.49161	1058	peak	6	Q527915
Czarna Góra	50.84667	15.51389	964	peak	3	Q15846155
Portsdown Hill	50.85834	-1.10884	131	peak	3	Q7232403
Cissbury Ring	50.86198	-0.38055	184	peak	6	Q1093239
The Caburn	50.86162	0.05096		peak	4	Q12062109
Molenberg	50.85961	3.70296	56	peak	9	Q2433317
Herzeberg	50.86328	10.27077	368	peak	3	Q1615094
Glöckner	50.86267	10.37411	702	peak	4	Q1532692
Gerberstein	50.85977	10.39256	729	peak	3	Q1404086
Mariina skála	50.86042	14.40501	428	peak	12	Q1753542
Jedlová	50.85691	14.56075	776	peak	9	Q456372
Vyhlídka	50.86470	14.61812	711	peak	6	Q10841127
Butterberg	50.86196	14.65589	507	peak	3	Q30612423
Výhledy	50.86107	14.96484	569	peak	6	Q1410151
Špičák	50.86445	15.07416	724	peak	4	Q12042483
Ořešník	50.86087	15.18786	800	peak	4	Q12043431
Sine Skałki	50.85735	15.40586	1122	peak	4	Q9337118
Przednia Kopa	50.85987	15.41410	1114	peak	4	Q11828338
Krzyżna Góra	50.86415	15.86828	654	peak	5	Q1790475
Ślęża	50.86409	16.70750	718	peak	25	Q387148
Łysa Góra	50.86039	21.04754	594	peak	21	Q384267
Wollenberg	50.87334	8.66464	467	peak	4	Q1970519
Burgholz	50.87193	8.94696	380	peak	4	Q1015072
Stellerskuppe	50.87131	9.61809	480	peak	3	Q15060141
Dreienberg	50.87205	9.86765	511	peak	6	Q1257544
Steinberg	50.87067	10.03771	453	peak	3	Q1528690
Kissel	50.87192	10.32270	649	peak	3	Q1575296
Datenberg	50.86874	10.49908	641	peak	3	Q1172376
Zimmerberg	50.86515	10.51939	630	peak	4	Q203595
Luchberg	50.86818	13.72913	576	peak	4	Q1873161
Kleiner Zschirnstein	50.87060	14.17054	473	peak	8	Q323775
Malá Pravčická brána	50.87143	14.35109		peak	7	Q1416045
Rudolfův kámen	50.87153	14.39972	484	peak	10	Q363712
Plešivec	50.87006	14.51008	597	peak	4	Q12045608
Křížová hora	50.87016	14.56846	577	peak	6	Q1797685
Lysý vrch	50.86608	15.00059	643	peak	4	Q1798453
Kančí vrch	50.86500	15.05417	680	peak	3	Q23825064
Paličník	50.87147	15.25758	944	peak	6	Q12043553
Klínový vrch	50.87141	15.26947	979	peak	5	Q11740381
Rudy Grzbiet	50.86996	15.37534	945	peak	3	Q9323859
Jastrzębiec	50.87111	15.49889	792	peak	3	Q11723265
Sokolik	50.86979	15.86988	644	peak	5	Q9339205
Starker Buberg	50.87916	7.97591	439	peak	6	Q1695997
Buberg	50.88385	7.98365	380	peak	6	Q1695997
Jagdberg	50.88390	8.27239	676	peak	4	Q1678258
Nimerich	50.87523	8.51538	533	peak	5	Q1992562
Homberg	50.87840	8.61894	460	peak	3	Q30678168
Eichkopf	50.87996	10.24487	344	peak	3	Q1302081
Kahle Koppe	50.88205	10.41120	690	peak	3	Q30651649
Hopfenberg	50.87734	10.45964	536	peak	4	Q1336364
Riechheimer Berg	50.88171	11.12912	513	peak	4	Q2151959
Mönchsberg	50.88365	11.57865	350	peak	3	Q1672286
Udohöhe	50.88258	13.15850	496	peak	6	Q1320365
Lampertsstein	50.87766	14.07178	425	peak	6	Q1801691
Zirkelstein	50.87866	14.22075	384	peak	12	Q205820
Spravedlnost	50.87998	14.46734	534	peak	7	Q2313284
Žulovec	50.87685	14.52687	565	peak	3	Q10296495
Steinberg	50.87916	14.70250	442	peak	3	Q27516290
Łużec	50.88472	15.31444	1055	peak	4	Q9394869
Świeradowiec	50.88319	15.32998	1037	peak	3	Q9396366
Podmokła	50.87660	15.35334	1001	peak	4	Q11820504
Kamienica	50.88389	15.44194	973	peak	5	Q11733980
The Trundle	50.89250	-0.75377	206	peak	4	Q7847949
Stiegelburg	50.88980	8.23711	630	peak	3	Q15130483
Kompass	50.88554	8.28927	694	peak	3	Q1780786
Burgberg	50.88531	8.33867	563	peak	4	Q17310647
Spreitzkopf	50.89024	8.38010	627	peak	3	Q17326254
Schwarzenberg	50.88770	8.49304	561	peak	5	Q2253815
Wetzstein	50.89191	9.02567	358	peak	5	Q1442717
Eisenberg	50.88717	9.51694	635	peak	6	Q1312649
Mörsche Kuppe	50.88586	10.28476	417	peak	3	Q1958125
Bermer	50.89402	10.35604	599	peak	3	Q822007
Breitenberg	50.89475	10.38284	698	peak	3	Q906209
Nonnenberg	50.88628	10.48755	440	peak	3	Q1766719
Kötsch	50.89307	11.36468	497	peak	3	Q1369240
Wolfsberg	50.88857	14.18412	343	peak	8	Q881992
Kaiserkrone	50.88667	14.21810	351	peak	9	Q884458
Široký vrch	50.88813	14.48842	586	peak	4	Q10402042
Breiteberg	50.89228	14.70463	510	peak	8	Q872256
Seidelsberg	50.88601	14.71452	433	peak	3	Q27516263
Pekelský vrch	50.89430	15.16721	487	peak	4	Q12044551
Smrk	50.88913	15.27306	1124	peak	13	Q1752524
Stóg Izerski	50.89100	15.30382	1108	peak	6	Q9347609
Smolnik	50.88639	15.51556	624	peak	3	Q9338741
Łysica	50.89162	20.89660	613	peak	12	Q384265
Hod Hill	50.89608	-2.20706	144	peak	3	Q5875906
Chanctonbury Ring	50.89692	-0.38132	242	peak	3	Q5070867
Ditchling Beacon	50.90172	-0.10758	249	peak	5	Q5283641
Lahnkopf	50.89584	8.24584	624	peak	3	Q1396361
Toter Mann	50.90025	9.83937	480	peak	5	Q2445772
Hornungskuppe	50.90497	9.97858	439	peak	5	Q1628604
Weinberg	50.90396	10.11439	356	peak	3	Q1411011
Eichberg	50.90039	10.28804	454	peak	4	Q1147536
Ringberg	50.90493	10.35646	639	peak	4	Q1434959
Großer Wartberg	50.90070	10.43114	568	peak	4	Q1441765
Grübelsberg	50.89526	10.49525	444	peak	3	Q1551752
Boxberg	50.90475	10.65747	359	peak	4	Q895545
Cottaer Spitzberg	50.89864	13.96806	391	peak	7	Q1136672
Quirl	50.90450	14.06679	350	peak	8	Q2123475
Pfaffenstein	50.89748	14.08056	435	peak	11	Q453233
Barbarine	50.89654	14.08191		peak	5	Q807750
Gohrisch	50.90109	14.11201	448	peak	8	Q835434
Papststein	50.90101	14.12042	451	peak	9	Q324561
Rauschenstein	50.90202	14.22962		peak	3	Q2133509
Großer Winterberg	50.89628	14.25953	556	peak	9	Q881976
Raumberg	50.89920	14.33385	460	peak	6	Q2133317
Finkenhübel	50.89610	14.63963	411	peak	4	Q27157981
Koitsche	50.90137	14.73218	376	peak	4	Q1615280
Koziniec	50.90040	15.80316	462	peak	3	Q11744615
Senlac Hill	50.91429	0.48717	84	peak	7	Q1359492
Monte Schlacko	50.90998	8.02030	374	peak	3	Q1729379
Auelsberg	50.91151	10.06876	347	peak	3	Q759095
Landerskopf	50.90787	10.12619	363	peak	3	Q1557912
Milmesberg	50.90663	10.25459	461	peak	4	Q1647211
Luftschiff	50.91008	11.66907	405	peak	3	Q15118894
Kleinhennersdorfer Stein	50.90651	14.12939	392	peak	7	Q835172
Teufelsturm	50.90523	14.21891		peak	3	Q1644264
Carolafelsen	50.91299	14.23445	458	peak	3	Q12346071
Frienstein	50.91216	14.24563	455	peak	8	Q1429329
Kleiner Winterberg	50.91087	14.25722	500	peak	7	Q872232
Winterstein	50.91053	14.27997	385	peak	8	Q873456
Scheibeberg	50.91255	14.72983	402	peak	3	Q26919973
Chlum	50.91353	15.15700	495	peak	3	Q11725142
Měděnec	50.90735	15.25144	777	peak	5	Q12039303
Rapická hora	50.91201	15.26744	708	peak	4	Q12048890
Czerniawska Kopa	50.91137	15.28962	776	peak	3	Q9198664
Sępia Góra	50.90909	15.36749	828	peak	5	Q9353003
Wzgórze Krzywoustego	50.90930	15.72453	375	peak	3	Q9381074
Aarnest	50.91527	8.58495	592	peak	5	Q642067
Knüllköpfchen	50.91640	9.42199	634	peak	6	Q1429816
Hangstein	50.92129	10.33702	483	peak	3	Q977121
Kambühl	50.92263	10.45632	454	peak	3	Q1336934
Großer Seeberg	50.92444	10.78707	410	peak	4	Q1724492
Hausberg	50.92367	11.62510	392	peak	4	Q1591011
Wilisch	50.92089	13.74963	476	peak	6	Q1600678
Finckenfang	50.92226	13.79430	394	peak	4	Q1416743
Königstein	50.91843	14.06059	361	peak	7	Q884309
Falkenstein	50.91709	14.19924	378	peak	6	Q882045
Hohe Liebe	50.92117	14.20895	401	peak	6	Q1623476
Scheiber Spitzberg	50.91767	14.73000	407	peak	3	Q26920642
Sophienhöhe	50.93213	6.44912	302	peak	4	Q2302969
Rahnsberg	50.92983	8.57794	561	peak	5	Q2127461
Engelberg	50.93014	8.60844	422	peak	4	Q1341846
Lehne	50.93096	10.19809	392	peak	3	Q1518392
Karthäuserberg	50.92579	10.30341	424	peak	3	Q1734595
Quohrener Kipse	50.93499	13.71523	452	peak	3	Q1661364
Lilienstein	50.93017	14.08616	409	peak	10	Q315159
Großstein	50.92938	14.27223	360	peak	3	Q30657201
Frenzelsberg	50.93166	14.56926	474	peak	6	Q1455542
Špičák	50.92841	14.64585	544	peak	6	Q1612667
Forstenberg	50.93003	14.67474	455	peak	3	Q30747140
Andělský vrch	50.93173	15.26767	573	peak	5	Q10822693
Ziemski Kopczyk	50.93369	15.88805	675	peak	3	Q9391173
Wiśniówka	50.92964	20.70556	456	peak	3	Q9376112
Miejska Góra	50.92902	20.93407	426	peak	3	Q11780191
Broadhalfpenny Down	50.93951	-1.04378	158	peak	3	Q4972193
Monte Troodelöh	50.93867	7.14188	118	peak	5	Q1226401
Tütberg	50.94381	7.18985	212	peak	3	Q2465183
Alte Burg	50.93504	8.15472	633	peak	3	Q17122195
Oberste Henn	50.94390	8.21249	676	peak	4	Q2011027
Ederkopf	50.94027	8.21504	649	peak	3	Q1283660
Gernkopf	50.93607	9.60915	417	peak	3	Q1514355
Rehberg	50.94428	10.40254	369	peak	3	Q2138899
Jenzig	50.93974	11.62712	385	peak	5	Q1687464
Kolben	50.94376	11.69529	316	peak	3	Q25392401
Treppenhauer	50.93868	13.02572	356	peak	5	Q2451738
Kleiner Bärenstein	50.94216	14.04511	338	peak	8	Q1527694
Tännichtkuppe	50.93540	14.33361	415	peak	3	Q130644225
Weifberg	50.93686	14.36551	478	peak	6	Q2555249
Vlčí hora	50.93962	14.46539	591	peak	8	Q2529747
Dymník	50.94103	14.52512	517	peak	6	Q1268813
Großer Stein	50.94195	14.65921	471	peak	6	Q1549021
Resslerův vrch	50.93625	15.07969	399	peak	4	Q12017885
Hřebenáč	50.93826	15.23991	566	peak	5	Q12021238
Beninksberg	50.94656	4.79025	70	peak	4	Q21770260
Glessener Höhe	50.95363	6.72898	206	peak	3	Q1000223
Herkulesberg	50.95234	6.94070	72	peak	4	Q1610084
Kalkberg	50.94784	6.99868	79	peak	3	Q1722350
Kleiner Heckberg	50.94715	7.38162	348	peak	3	Q1346402
Heckberg	50.94688	7.40977	383	peak	3	Q1592943
Windknollen	50.94853	11.56733	363	peak	4	Q2583618
Wäschberg	50.94631	13.21646	401	peak	4	Q2596249
Großer Bärenstein	50.94639	14.04516	324	peak	8	Q884481
Rauenstein	50.95191	14.06222	305	peak	8	Q878394
Nonne	50.95109	14.06767		peak	4	Q1746338
Wachberg	50.94612	14.34081	497	peak	4	Q2538318
Hraniční vrch	50.94647	14.36342	522	peak	4	Q42310444
Hutberg	50.94945	14.75362	405	peak	6	Q1463571
Sackpfeife	50.95540	8.53866	674	peak	7	Q2210828
Alter Gleisberg	50.95615	11.70252	343	peak	4	Q437936
Lerchenberg	50.95669	13.68322	425	peak	4	Q1554151
Wartturm	50.96130	14.06884		peak	3	Q1421315
Bastei	50.96175	14.07196	305	peak	24	Q671486
Mönch	50.96126	14.07643		peak	3	Q1411723
Talwächter	50.96309	14.08276		peak	4	Q15222727
Gamrig	50.95834	14.09706	253	peak	4	Q1493267
Plešný	50.95878	14.42325	593	peak	5	Q12045613
Oderwitzer Spitzberg	50.96068	14.69080	510	peak	7	Q2010582
Schanzberg	50.95546	14.81437	408	peak	3	Q2231004
Steinberg	50.95542	14.84238	362	peak	3	Q985198
Bukowa Góra	50.95802	20.83313	484	peak	3	Q9181799
Ebschloh	50.97025	8.27165	686	peak	5	Q1171117
Stein	50.96684	8.45226	644	peak	3	Q1572697
Kohlenberg	50.96559	8.59104	583	peak	5	Q1717638
Göpelskuppe	50.96517	10.33747	351	peak	3	Q1559407
Petersberg	50.97256	10.35448	344	peak	3	Q1648380
Krahnberg	50.96735	10.65098	431	peak	4	Q1593691
Schwedenturm	50.96975	14.07477		peak	3	Q925344
Buchberg	50.96776	14.28984	460	peak	3	Q61410292
Kaiserberg	50.96620	14.29799	495	peak	4	Q60952058
Tanečnice	50.96607	14.32001	599	peak	6	Q1635724
Wilhelmshöhe	50.97233	14.68169	388	peak	3	Q1624766
Steinklunsen	50.96713	14.76768	437	peak	3	Q1447904
Sonnenhübel	50.96699	14.77255	469	peak	6	Q2301954
Schönbrunner Berg	50.97295	14.81187	429	peak	3	Q2258847
Humrich	50.97170	15.16990	513	peak	5	Q14704281
Kukačka	50.97230	15.27263	471	peak	3	Q23824205
Góra Krzyżowa	50.97359	16.33643	354	peak	3	Q11703043
Butser Hill	50.97802	-0.98063	270	peak	6	Q1018017
Poelberg	50.98032	3.36038	43	peak	3	Q2689336
Hohe Warte	50.97910	7.46310	360	peak	3	Q1451147
Hundskopf	50.97710	9.09175	470	peak	5	Q961282
Sendberg	50.97957	9.30606	339	peak	3	Q20164894
Leimenberg	50.98197	10.37834	315	peak	3	Q1815199
Domberg	50.97657	11.02210		peak	4	Q1236904
Gohlig	50.98302	13.71909	346	peak	6	Q1248323
Finkenberg	50.98009	14.26658	415	peak	3	Q30752815
Wolfstein	50.98299	14.32304	393	peak	3	Q89824776
Hrazený	50.97565	14.42611	608	peak	7	Q12020677
Vlčice	50.97960	14.47144	513	peak	3	Q11920255
Beckenberg	50.98320	14.67169	408	peak	5	Q600878
Großer Berg	50.97653	14.79886	439	peak	6	Q1548614
Okole	50.98074	15.81794	725	peak	6	Q11797017
Kindelsberg	50.98987	8.00377	618	peak	5	Q1741718
Martinshardt	50.98725	8.02109	608	peak	3	Q1905662
Jeust	50.98970	9.03680	585	peak	5	Q1330484
Streuflingskopf	50.98973	9.43036	413	peak	3	Q2356002
Hardt	50.99138	10.11943	354	peak	3	Q1585150
Stechberg	50.98808	10.17391	343	peak	3	Q1627936
Göringer Stein	50.99416	10.17997	317	peak	3	Q1559511
Wartenberg	50.99113	10.32970	333	peak	4	Q1414968
Landberg	50.99316	13.51080	426	peak	3	Q1801966
Gerstenberg	50.99440	14.25650	533	peak	4	Q61874513
Eisberg	50.99167	14.78188	331	peak	5	Q1310852
Sandberg	50.99130	14.86744	323	peak	3	Q2220465
Leśniak	50.98748	15.80168	677	peak	3	Q11755471
Beacon Hill	50.99841	-1.14272	201	peak	3	Q4875948
Balenberg	51.00106	4.76272	45	peak	3	Q15943183
Herzberg	51.00117	9.95586	478	peak	4	Q1615074
Alacher Höhe	51.00102	10.92878	329	peak	4	Q2636319
Windberg	50.99673	13.66243	352	peak	5	Q6811
Gamighübel	51.00100	13.76898	186	peak	3	Q30710431
Ungerberg	50.99715	14.22956	538	peak	5	Q2493572
Partyzánský vrch	50.99652	14.40606	530	peak	5	Q12043881
Jitrovník	51.00180	14.50776	510	peak	7	Q1689671
Schlechteberg	50.99872	14.58984	485	peak	6	Q2238612
Alter Turm	51.01056	9.73639	418	peak	4	Q438217
Hörschelberg	51.01098	10.24074	325	peak	4	Q1651842
Leichberg	51.01037	10.54386	325	peak	29	Q569037
Borsberg	51.01273	13.90355	358	peak	4	Q894173
Götzingerhöhe	51.01119	14.20794	424	peak	4	Q879976
Knoffenberg	51.00675	14.23944	484	peak	3	Q31336786
Döringsberg	51.01200	14.24709	464	peak	3	Q30797219
Ječný vrch	51.00596	14.32379	503	peak	4	Q12024669
Kottmar	51.01011	14.65642	582	peak	7	Q163306
Knorrberg	51.01426	14.88314	381	peak	3	Q31336563
Bazaltowa Góra	51.01334	16.13304	367	peak	3	Q9167604
Riemen	51.01796	8.18252	677	peak	3	Q1411148
Wüstegarten	51.01589	9.08401	675	peak	9	Q127627
Tellberg	51.01622	10.25437	309	peak	3	Q2402273
Eichelberg	51.02153	10.28325	335	peak	3	Q1301351
Roubený	51.01533	14.28239	461	peak	4	Q62456521
Anenský vrch	51.01768	14.32763	420	peak	3	Q20851637
Sonneberg	51.02332	14.50125	401	peak	5	Q1263038
Mszana	51.01730	16.03452	465	peak	3	Q11786431
Hohes Lohr	51.02514	9.02066	656	peak	6	Q1623980
Hunsrück	51.02615	9.10103	636	peak	5	Q177091
Sauklippe	51.03150	9.11731	584	peak	5	Q183442
Schlierberg	51.03402	10.27046	363	peak	3	Q1657722
Hohleite	51.02982	10.28059	386	peak	3	Q1624025
Schwellenburg	51.03057	10.95387	227	peak	5	Q2256785
Roter Berg	51.02698	11.02700	234	peak	4	Q2168350
Rochlitzer Berg (348)	51.02652	12.77065	349	peak	7	Q1419581
Triebenberg	51.02712	13.92338	383	peak	4	Q2452825
Schöne Höhe	51.02849	13.98274	328	peak	3	Q2258919
Krügers Berg	51.03311	14.24100	434	peak	3	Q31327296
Lexberg	51.03050	14.26826	483	peak	3	Q31315761
Prinz-Friedrich-August-Höhe	51.03353	14.39249	469	peak	5	Q28153308
Hänscheberg	51.02949	14.52187	395	peak	4	Q1642333
Fajna Ryba	51.02706	19.96987	347	peak	3	Q9257724
Altenburg	51.04442	9.21247	433	peak	6	Q436889
Alheimer	51.03658	9.73187	549	peak	5	Q2646622
Mihlaer Berg	51.04030	10.33022	367	peak	4	Q1252982
Haselberg	51.04417	14.15157	380	peak	3	Q30620683
Forkersberg	51.03998	14.17707	394	peak	3	Q30747940
Schelmberg	51.04364	14.25021	503	peak	3	Q31332051
Hoher Hahn	51.03763	14.26700	528	peak	4	Q30703334
Hutberg	51.04305	14.33591	503	peak	4	Q30659970
Tännichtberg	51.04289	14.38589	461	peak	3	Q28796387
Hohe Warte	51.05445	8.53055	645	peak	3	Q1623560
Alter Berg (Hainich)	51.05273	10.45873	494	peak	4	Q437780
Steinberg	51.05215	10.60618		peak	3	Q2339986
Wachberg	51.04883	14.18992	439	peak	3	Q31292857
Fuchsberg	51.04607	14.20033	414	peak	3	Q30741105
Schimmigs Höhe	51.04614	14.23760	459	peak	3	Q31330127
Seifberg	51.04712	14.25382	502	peak	3	Q31319535
Buková hora	51.05283	14.30773	512	peak	4	Q11363996
Mannsberg	51.05139	14.34861	464	peak	4	Q31309764
Wachtberg	51.05080	14.46813	362	peak	3	Q28657288
Hahneberg	51.04814	14.53231	410	peak	5	Q1568860
Hutberg	51.04514	14.61361	421	peak	6	Q1639188
Farley Mount	51.05929	-1.42620	184	peak	4	Q5435441
Blackdown	51.05820	-0.68959	280	peak	4	Q8521328
Millicher Halde	51.05688	6.20727	70	peak	3	Q1757265
Vollrather Höhe	51.06058	6.59555	187	peak	3	Q1412019
Unnenberg	51.06424	7.61042	505	peak	3	Q1765288
Mosenberg	51.05944	9.42176	437	peak	4	Q8553106
Kalte Laibe	51.06454	10.20904	389	peak	3	Q1722627
Hutberg	51.06224	13.89349	311	peak	4	Q13651070
Grenzberg	51.05784	14.32537	480	peak	3	Q135218512
Sieben Linden	51.06120	14.33476	454	peak	4	Q33398411
Höllenhübel	51.05667	14.35387	451	peak	3	Q135214037
Steinberg	51.06097	14.36413	445	peak	3	Q135178505
Funkenberg	51.06209	14.39738	377	peak	7	Q1412481
Steinklunsen	51.06497	14.52854	437	peak	3	Q1447904
Kuhberg	51.06248	14.59659	434	peak	5	Q534176
Ostrzyca Proboszczowicka	51.05600	15.76327	501	peak	12	Q11800820
Feldberg	51.07406	7.90998	556	peak	4	Q1402353
Grosse Aschkoppe	51.06839	9.02718	640	peak	5	Q1548143
Auenberg	51.06525	9.07655	611	peak	3	Q759102
Hundsburg	51.07035	9.22925	335	peak	5	Q1637603
Großer Pferdsberg	51.07166	10.21867	406	peak	3	Q1405171
Baeyerhöhe	51.07429	13.46629	322	peak	6	Q799769
Tannenberg	51.06663	14.18762	436	peak	3	Q31301157
Buchberg	51.06819	14.23828	436	peak	3	Q30815725
Valtenberg	51.07408	14.27896	586	peak	9	Q160177
Steinberg	51.07096	14.33711	392	peak	3	Q135214068
Kirchberg	51.07153	14.35484	431	peak	3	Q135807132
Hohberg	51.06947	14.41083	426	peak	3	Q28499869
Kälbersteine	51.07235	14.45511	487	peak	8	Q1795318
Pickaer Berg	51.07073	14.47259	486	peak	3	Q31291450
Homert	51.07791	7.69346	519	peak	3	Q1626060
Hohe Bracht	51.08327	8.04024	587	peak	4	Q1623433
Hohe Hessel	51.08210	8.22147	743	peak	3	Q1533071
Harsberg	51.07779	10.37024	410	peak	3	Q1586931
Hutberg	51.08016	14.19455	431	peak	3	Q30659877
Linzberg	51.08104	14.30738	459	peak	3	Q134984453
Vogelberg	51.07595	14.31537	462	peak	4	Q31294699
Weifaer Höhe	51.08005	14.37376	504	peak	8	Q2555244
Bieleboh	51.08101	14.52155	497	peak	9	Q160195
Staufels-Berg	51.08522	10.15707	391	peak	3	Q1503618
Stöckigtberg	51.09220	10.22922	422	peak	3	Q2360497
Proschhübel	51.08721	13.75307	164	peak	3	Q1727279
Kapellenberg	51.09220	14.07807	323	peak	3	Q25873543
Rüdenberg	51.08726	14.19068	444	peak	4	Q31343321
Davidsberg	51.08539	14.29503	420	peak	3	Q134984459
Dahrnerberg	51.08879	14.35915	491	peak	4	Q30804937
Lärchenberg	51.09074	14.63834	330	peak	5	Q1879280
Löbauer Berg	51.09115	14.69268	448	peak	7	Q1879591
Schafberg	51.09433	14.70041	450	peak	6	Q1370214
Schwarzer Berg	51.09415	14.89758	393	peak	5	Q2253928
Härdler	51.10395	8.23579	756	peak	4	Q1642362
Kleine Bamicke	51.10068	8.30522	660	peak	3	Q1746412
Große Bamicke	51.10321	8.31898	610	peak	3	Q1548145
Großer Kopf	51.09527	8.35082	740	peak	3	Q1548753
Wernershäuser Höhe	51.09734	10.34416	358	peak	4	Q2563111
Fuchssteinrücken	51.10459	14.27922	395	peak	3	Q135116860
Weickertsberg	51.10249	14.33540	408	peak	3	Q110535863
Kötzschauer Berg	51.09633	14.58167	465	peak	4	Q1678421
Bubenik	51.09951	14.61108	376	peak	6	Q997519
Wzgórze Partyzantów	51.10483	17.03949	132	peak	4	Q3182084
Wills Neck	51.10959	-3.19372	384	peak	3	Q8022478
White Sheet Hill	51.11084	-2.28194	245	peak	3	Q7996243
Talgang	51.10854	8.95528	566	peak	5	Q750941
Ziegenküppel	51.10883	9.85821	445	peak	4	Q198810
Heldrastein	51.11051	10.18840	504	peak	5	Q1601770
Breitenberg	51.10700	10.23460	447	peak	3	Q906211
Tanneberg	51.10531	14.00119	302	peak	3	Q2392931
Spitzberg	51.10737	14.25094	385	peak	4	Q15848191
Hoher Hahn	51.10842	14.26775	445	peak	5	Q1623901
Neukircher Berg	51.11064	14.28583	404	peak	4	Q31299474
Fuchsberg	51.11428	14.30969	405	peak	3	Q30611885
Lämmerberg	51.10645	14.31415	402	peak	4	Q31323035
Galgenberg	51.10771	14.33447	413	peak	3	Q135235156
Großer Picho	51.10882	14.35535	498	peak	8	Q160370
Mönchswalder Berg	51.11354	14.41230	448	peak	8	Q160379
Sonnenberg	51.11029	14.42216	384	peak	3	Q135956911
Herrnsberg	51.10894	14.48407	400	peak	3	Q30749920
Hochstein	51.11402	14.57325	541	peak	7	Q1622350
Rotstein	51.10516	14.76508	454	peak	9	Q878738
Gibbet Hill	51.11545	-0.71584		peak	4	Q5558875
Wenzelnberg	51.12316	6.99374	116	peak	4	Q1712390
Wallershöhe	51.11835	8.53306	812	peak	4	Q1610522
Heidkopf	51.11602	8.59038	704	peak	4	Q1593964
Homberg	51.11980	9.08833	518	peak	5	Q1625859
Büraberg	51.12069	9.23664	275	peak	4	Q176842
Bromsberg	51.11972	9.67783	427	peak	5	Q926962
Rabenkuppe	51.11668	10.10053	515	peak	4	Q1458419
Sandberg	51.12394	10.22938	288	peak	3	Q2220470
Goldberg	51.11982	10.30103	380	peak	3	Q1534723
Wettinshöhe	51.11868	13.61541		peak	3	Q2566094
Kleiner Picho	51.12251	14.38167	455	peak	3	Q136236140
Teufelskanzel	51.11771	14.38833	467	peak	3	Q136275736
Döhlener Berg	51.12168	14.50345	511	peak	8	Q1271011
Czorneboh	51.11953	14.52602	557	peak	9	Q160740
Sornßiger Berg	51.12100	14.57925	504	peak	4	Q2303462
Albrechtsberg	51.13316	8.41316	768	peak	3	Q2640099
Ziegenhelle	51.12582	8.52953	815	peak	4	Q198801
Traddelkopf	51.13153	8.97664	626	peak	5	Q1301005
Eckerich	51.13412	9.25719	254	peak	5	Q1281576
Sülzenberg	51.13349	10.25774	362	peak	3	Q2382068
Dudelberg	51.13187	10.30980	435	peak	3	Q1263649
Klosterberg	51.13282	14.24922	394	peak	6	Q160733
Tschelentsy	51.12858	14.36301	366	peak	5	Q2457704
Drohmberg	51.13131	14.45473	432	peak	7	Q2429599
Schmoritz	51.13377	14.47501	410	peak	5	Q15709340
Pfaffenberg	51.12776	14.62237	335	peak	3	Q1405737
Landeskrone	51.12953	14.93304	419	peak	7	Q1391718
Glastonbury Tor	51.14468	-2.69877	158	peak	29	Q1412726
Hoher Lehnberg	51.13625	8.15725	667	peak	3	Q1623913
Himberg	51.13818	8.16745	688	peak	3	Q1619032
Zwistberg	51.14453	8.48454	747	peak	4	Q31513758
Adolfsburg	51.14255	10.22591	379	peak	4	Q365227
Spitzberg	51.14442	13.59864	205	peak	3	Q1727214
Hoher Stein	51.13510	13.60717	198	peak	3	Q1623938
Mehltheuer Berg	51.14238	14.48231	384	peak	5	Q1917285
Weinberg	51.13693	14.98959	214	peak	3	Q1310356
Motte Alde Berg	51.14654	6.19577		peak	4	Q1431681
Nordhelle	51.14831	7.75973	663	peak	6	Q1998043
Waldberg	51.14738	7.77302	632	peak	3	Q2541179
Rehberg	51.14570	7.79009	646	peak	3	Q8553268
Rüenhardt	51.14885	7.80294	636	peak	3	Q8553272
Hohe Ley	51.15491	7.96752	346	peak	3	Q19285656
Beerenberg	51.14642	8.25047	614	peak	4	Q814084
Wilzenberg	51.15365	8.33088	658	peak	4	Q1425309
Johanneskirchenkopf	51.14649	9.20826	332	peak	5	Q668924
Eisberg	51.14674	9.77534	583	peak	3	Q1310860
Lindenhecke	51.15049	10.26827	446	peak	3	Q1826085
Winterstein	51.14587	10.34776	468	peak	3	Q1712085
Dunkery Beacon	51.16279	-3.58668	519	peak	8	Q5315367
Rheydter Höhe	51.15677	6.40707	133	peak	4	Q1255926
Bollerberg	51.15890	8.61105	757	peak	4	Q891443
Peterskopf	51.16041	9.03559	507	peak	4	Q2079705
Rabenstein	51.15877	9.08129	439	peak	5	Q2125002
Blaue Kuppe	51.15500	10.03549	339	peak	3	Q30686498
Butterberg	51.15561	14.18444	385	peak	5	Q1018054
Vorderster Hoher Knochen	51.16644	8.45684	768	peak	3	Q1623906
Mader Stein	51.16788	9.38138	265	peak	5	Q1366387
Pentersrück	51.16689	9.68927	562	peak	5	Q185627
Eierberg	51.17394	13.98910		peak	33	Q93257
Leith Hill	51.17628	-0.37128	294	peak	8	Q1162517
Jaberg	51.17815	6.96962	107	peak	3	Q28922954
Homert	51.17826	7.64478	538	peak	3	Q1426991
Kahler Asten	51.17934	8.48934	841	peak	13	Q561875
Kappe	51.18160	8.50900	776	peak	4	Q1728692
Hohe Seite	51.17583	8.58979	753	peak	3	Q1623514
Nenkel	51.18317	9.33978	307	peak	3	Q1977324
Lamsberg	51.17801	9.39126	322	peak	3	Q1801728
Lotterberg	51.18454	9.42156	305	peak	5	Q1871184
Halde Trages	51.17974	12.51593	228	peak	3	Q1570735
Hochstein	51.18236	14.11242	449	peak	7	Q1324036
Protschenberg	51.18493	14.41673	210	peak	5	Q1478383
Strohmberg	51.17559	14.65483	264	peak	7	Q1236236
Wiśniowa Góra	51.18023	16.85288	141	peak	3	Q9376106
Altana	51.17643	20.75531	408	peak	4	Q11685516
Hohenhagen	51.18568	7.22160	379	peak	4	Q924882
Bremberg	51.19059	8.49541	809	peak	4	Q907204
Uhrenkopf	51.18518	9.06685	390	peak	6	Q1479722
Wartberg	51.19222	9.30421	306	peak	4	Q2549901
Scharfenstein	51.19217	9.39265	304	peak	4	Q2231272
Plesse	51.19049	10.19616	480	peak	4	Q2099343
Schwedenstein	51.19260	14.05624	420	peak	6	Q2254740
Hochstein	51.19466	14.83550	396	peak	5	Q1622344
Cley Hill	51.20270	-2.23220	244	peak	4	Q5132359
Herrloh	51.19512	8.51814	733	peak	3	Q1614269
Alte Grimme	51.20007	8.58557	751	peak	3	Q435601
Sengelsberg	51.20167	9.11695	400	peak	5	Q2270974
Odenberg	51.19540	9.37710	381	peak	4	Q2014286
Dünberg	51.20351	10.22636	445	peak	3	Q1271731
Schlegelsberg	51.20119	10.26813	461	peak	3	Q2238662
Hunau	51.21053	8.39493	818	peak	4	Q1637353
Ruhrkopf	51.21132	8.55375	696	peak	3	Q1527738
Reetsberg	51.20643	8.61159	791	peak	3	Q1170360
Klauskopf	51.21174	9.24452	414	peak	4	Q14213092
Keudelskuppe	51.20550	10.18680	485	peak	4	Q1740013
Góra Kamieńska	51.20784	19.43431	406	peak	3	Q9283425
Rimberg	51.21901	8.33959	723	peak	3	Q17525013
Kuhlenberg	51.22286	8.49751	744	peak	3	Q1791220
Schloßberg	51.22081	8.61856	791	peak	4	Q1573006
Stellberg	51.21672	9.57171	495	peak	3	Q2342233
Kalbe	51.21588	9.87369	720	peak	7	Q1722068
Hülfensberg	51.21880	10.15761	448	peak	8	Q268849
Wind Hill	51.22892	-3.80645	261	peak	3	Q8023924
Hog's Back	51.22664	-0.64275	154	peak	3	Q5876912
Nordhelle	51.23455	8.50311	792	peak	4	Q1801917
Bensberg	51.23238	9.35411	465	peak	4	Q4890199
Bilstein	51.22700	9.35450	459	peak	4	Q863346
Kasseler Kuppe	51.22547	9.85965	751	peak	7	Q777933
Keulenberg	51.22725	13.95604	413	peak	6	Q1265531
Pen Hill	51.23677	-2.62517	305	peak	4	Q4167932
Kiesberg	51.24436	7.12023	282	peak	3	Q1741073
Schomberg	51.23944	8.00569	647	peak	4	Q2248700
Meisterstein	51.24148	8.47741	636	peak	4	Q15057734
Hillekopf	51.23980	8.59863	804	peak	3	Q1398040
Sengelsberg	51.24485	9.31914	449	peak	5	Q176784
Laufskopf	51.23967	9.34387	535	peak	5	Q2256915
Rohrberg	51.23660	9.70861	536	peak	3	Q6479265
Künzelsberg	51.24034	11.28017	380	peak	3	Q1797222
Brent Knoll	51.25404	-2.94582	139	peak	6	Q909761
Nützenberg	51.25477	7.12037	259	peak	3	Q1670117
Iberg	51.24600	8.49528	704	peak	3	Q15115444
Neuer Clemensberg	51.25458	8.56716	836	peak	4	Q1100198
Hopperkopf	51.24723	8.59910	832	peak	5	Q1627772
Eisenberg	51.25116	8.82628	562	peak	6	Q1312655
Schwengeberg	51.24970	9.34278	557	peak	5	Q16259517
Burgberg	51.24874	9.36033	440	peak	5	Q532295
Großer Belgerkopf	51.24835	9.63249	500	peak	3	Q18202250
Michelskopf	51.25403	9.65164	485	peak	4	Q1931206
Bielstein	51.25000	9.66411	528	peak	4	Q857413
Hirschberg	51.24557	9.75529	643	peak	5	Q1620370
Großer Marstein	51.24737	9.90881	321	peak	3	Q15834142
Hohestein	51.24950	10.03955	569	peak	3	Q1623996
Segelberg	51.24614	11.21573	191	peak	3	Q31319703
Colley Hill	51.25582	-0.21755		peak	3	Q5147120
Sandberg	51.25688	6.92728	165	peak	3	Q2220451
Hardtberg	51.26476	7.16834	238	peak	3	Q1585162
Homert	51.26351	8.10594	656	peak	6	Q1487002
Krutenberg	51.25535	8.61707	785	peak	4	Q1435853
Auf'm Knoll	51.26342	8.64147	738	peak	5	Q760175
Kahle Pön	51.26433	8.66281	774	peak	3	Q1584890
Hohe Dubrau	51.26356	14.68663	307	peak	4	Q1320760
Monumentberg	51.25678	14.70410	292	peak	6	Q1463787
Engelnberg	51.26643	7.15188	197	peak	3	Q1342148
Hegekopf	51.26924	8.58897	843	peak	6	Q1454503
Mühlenkopf	51.27242	8.60251	815	peak	6	Q1785477
Hohe Pön	51.26708	8.62360	793	peak	5	Q1623501
Emmet	51.26876	8.64220	743	peak	6	Q1338706
Weidelsberg	51.27284	9.14421	492	peak	3	Q1621311
Baunsberg	51.26880	9.40963	413	peak	5	Q811667
Steinberg	51.27438	9.78253	585	peak	6	Q766013
Hutberg	51.27203	14.07814	294	peak	4	Q1639190
Goldener Strauch	51.27896	8.30517	654	peak	3	Q1535489
Öhrenstein	51.27805	8.53446	792	peak	4	Q294722
Langenberg	51.27636	8.55839	844	peak	13	Q314228
Mittelsberg	51.27618	8.58277	801	peak	5	Q1801470
Ettelsberg	51.27750	8.59693	838	peak	7	Q1371746
Burgberg	51.28432	9.33339	500	peak	4	Q1014803
Rosskopf	51.28050	9.91417	482	peak	4	Q2171353
Rachelsberg	51.28002	10.06605	521	peak	4	Q2125247
Martinfelder Schimberg	51.27721	10.19040	471	peak	4	Q15844327
Mittelberg	51.28339	11.52018	252	peak	3	Q1940049
Kohlberg	51.29424	7.76718	514	peak	4	Q1778487
Orenberg	51.29177	8.62142		peak	6	Q670777
Osterkopf	51.28918	8.67202	708	peak	6	Q178443
Brasselsberg	51.29064	9.40714	434	peak	4	Q899472
Bilstein	51.28537	9.78709	641	peak	5	Q863345
Dümberg	51.30127	8.06044	576	peak	3	Q1271698
Großes Sonnenstück	51.30281	8.09682	587	peak	3	Q1549208
Bastenberg	51.30123	8.38406	745	peak	3	Q31552795
Hoppernkopf	51.29545	8.57407	804	peak	3	Q1476713
Iberg	51.29649	8.61780	720	peak	5	Q1399334
Hermannsberg	51.30331	8.65139	705	peak	5	Q599354
Sähre	51.29579	8.67126	726	peak	5	Q1390344
Wattenberg	51.29672	9.27406	516	peak	4	Q2552732
Lindenberg	51.29831	9.31517	486	peak	5	Q1826058
Kaulenberg	51.29891	9.34710	520	peak	4	Q1737113
Collmberg	51.30363	13.01064	313	peak	6	Q1109896
Góra Holtei'a	51.30359	16.92188	215	peak	3	Q31247116
Ladle Hill	51.30823	-1.31501	232	peak	3	Q6469760
Watership Down	51.30820	-1.29100	237	peak	6	Q478538
Stüppel	51.31464	8.43052	732	peak	4	Q2361054
Hoher Eimberg	51.31203	8.60071	806	peak	6	Q1476134
Widdehagen	51.30847	8.77088	635	peak	5	Q2567723
Ahrensberg	51.30649	9.33724	575	peak	4	Q402721
Hohes Gras	51.30630	9.35566	615	peak	6	Q1623968
Ziegenkopf	51.30753	9.36928	565	peak	5	Q198805
Mühlenstein	51.30507	9.76780	607	peak	4	Q1958507
Istenberg	51.31970	8.55132	721	peak	4	Q1381951
Stöckeberg	51.31705	9.13947	344	peak	3	Q8553261
Isthaberg	51.31746	9.21912	523	peak	6	Q1674846
Burghasunger Berg	51.32348	9.27444	480	peak	4	Q1015037
Essigberg	51.31619	9.34424	595	peak	5	Q1368861
Haferberg	51.32125	9.73536	580	peak	5	Q164722
Fockeberg	51.31714	12.36220	155	peak	7	Q369705
Brean Down	51.32573	-3.02753	98	peak	9	Q3403788
Bluebell Hill	51.33163	0.50141		peak	9	Q4928866
Winterberg	51.33103	7.21333	314	peak	3	Q1390979
Ohlenberg	51.32629	8.46016	729	peak	3	Q2016499
Wiedegge	51.32518	8.46635	732	peak	4	Q2568263
Heidkopf	51.33141	8.50868	715	peak	4	Q1594386
Rehkopf	51.32571	8.57584	674	peak	4	Q2138979
Dreiskopf	51.32556	8.60869	780	peak	6	Q1258122
Dommel	51.33192	8.66975	738	peak	7	Q981054
Hohe Egge	51.32554	8.70508	605	peak	5	Q17322314
Ofenberg	51.32752	9.18988	372	peak	5	Q1789778
Elfbuchen	51.33019	9.39329	535	peak	4	Q180229
Junkerkuppe	51.33147	9.95182	511	peak	4	Q16319575
Olsberg	51.34280	8.50300	704	peak	3	Q1318242
Ginsterkopf	51.34347	8.56466	657	peak	3	Q1525148
Schützeberg	51.34119	9.19551	277	peak	5	Q1000564
Rohrberg	51.34118	9.27400	517	peak	4	Q7359828
Ebenhöhe	51.33571	9.90583	314	peak	3	Q20999755
Röhrigsberg	51.34473	10.03365	487	peak	4	Q2179477
Lengenberg	51.33528	10.09570	461	peak	4	Q1817625
Possen	51.33914	10.85976	431	peak	4	Q1554152
Knowle Hill	51.34961	-2.59830	112	peak	3	Q6423247
Walbury Hill	51.35246	-1.46505	297	peak	7	Q1162495
Goldberg	51.34821	7.46454	266	peak	3	Q1534725
Stesser Burg	51.34591	8.21439	327	peak	3	Q1112134
Habberg	51.34712	8.56094	652	peak	3	Q1566717
Großer Bärenberg	51.35208	9.26812	601	peak	7	Q1548646
Hoher Dörnberg	51.35318	9.34595	579	peak	9	Q1510125
Hohlestein	51.35133	9.36339	477	peak	5	Q1624044
Firnskuppe	51.35150	9.42460	314	peak	5	Q1419224
Stürzlieder Berg	51.35360	9.92634	343	peak	4	Q2361126
Hockelrain	51.34835	10.27992	515	peak	4	Q1250458
Kobyla Góra	51.35397	17.88245	284	peak	3	Q11740544
Kapuzinerberg	51.35975	6.53778	77	peak	3	Q1254853
Borberg	51.35681	8.54166	670	peak	4	Q893349
Helfensteine	51.36143	9.34853	510	peak	4	Q15223517
Elisabethhöhe	51.36214	10.10045	431	peak	3	Q22691767
Iberg	51.36498	10.13184	453	peak	4	Q1655790
Spatenberg	51.35753	10.86997	366	peak	3	Q1668141
Kutschenberg	51.36494	13.72678	201	peak	7	Q118631
Inrather Berg	51.36646	6.54375	86	peak	3	Q1664346
Oestricher Burgberg	51.36676	7.63344	240	peak	3	Q2015288
Eisenberg	51.36818	8.51915	595	peak	4	Q1312633
Rödeser Berg	51.36684	9.19056	379	peak	3	Q1554295
Großer Gudenberg	51.36649	9.27092	569	peak	3	Q5614572
Zierenberger Kuppe	51.36514	9.33214	482	peak	3	Q8532971
Hangarstein	51.37026	9.36580	418	peak	5	Q611700
Auf der Schärfe	51.36859	9.88246	477	peak	3	Q759437
Schlachtberg	51.36809	11.10406	271	peak	3	Q14540447
Cadbury Hill	51.38057	-2.80339	81	peak	4	Q2932622
Höstreichberg	51.38439	7.34546	243	peak	3	Q1651909
Küppel	51.37834	8.18246	423	peak	4	Q1797247
Poppenberg	51.37727	8.56716	606	peak	3	Q1237053
Bilstein	51.38256	8.62745	622	peak	3	Q863341
Eisenberg	51.37681	8.73437	595	peak	4	Q1312659
Staufenberg	51.37732	9.43197	361	peak	5	Q1806810
Schmiedeköpfe	51.37617	9.92845	252	peak	3	Q1795162
Frauenberg	51.37692	10.83416	411	peak	3	Q1451599
Heideberg/Heidehöhe	51.38483	13.57578	206	peak	6	Q258428
Hülser Berg	51.38667	6.53815	63	peak	5	Q1652281
Kaisberg	51.39045	7.42542	185	peak	4	Q1721502
Ebberg	51.39096	7.88182	390	peak	3	Q18286765
Hansenberg	51.38597	8.67894	560	peak	4	Q1583751
Rusteberg	51.38640	10.00423	398	peak	4	Q2177362
Harkortberg	51.39689	7.39544	232	peak	3	Q1585428
Kreuzberg	51.39620	8.05271	262	peak	3	Q1788208
Plackweghöhe	51.39557	8.34617	582	peak	5	Q1712480
Grottenberg	51.40414	8.71706	468	peak	3	Q16831633
Escheberg	51.40317	9.24071	449	peak	5	Q1366934
Steinkopf	51.40424	9.55832	250	peak	4	Q2341217
Little Solsbury Hill	51.41008	-2.33428	191	peak	10	Q548780
Overton Hill	51.41174	-1.83051	170	peak	4	Q7114020
Zehnsberg	51.41294	10.26821	413	peak	3	Q184639
Klien	51.41243	10.34806	409	peak	3	Q15117085
Kulpenberg	51.41179	11.07654	474	peak	6	Q1448454
Klusenberg	51.42075	7.46985	254	peak	5	Q1776635
Syberg	51.42027	7.48583	245	peak	5	Q2373499
Löbenberg	51.42030	12.79587	240	peak	5	Q1879600
Ebberg	51.42799	7.51710	222	peak	3	Q1267660
Großer Bocksbühl	51.42925	9.96875	437	peak	3	Q889241
Windmill Hill	51.44123	-1.87657	195	peak	9	Q4348373
Gahrenberg	51.44335	9.57163	472	peak	5	Q1491160
Himberg	51.43671	10.43037	463	peak	3	Q30741038
Lemmberg	51.44501	8.04321	361	peak	4	Q11825171
Totenkopf	51.45444	8.78472	503	peak	5	Q1752060
Eresberg	51.45284	8.85234	390	peak	7	Q1350036
Ahlberg	51.45193	9.50837	394	peak	3	Q400376
Junkernkopf	51.45238	9.53422	452	peak	6	Q1592524
Junkernkopf	51.45433	9.54313	453	peak	6	Q1592524
Steinkopf	51.44823	9.61714	353	peak	4	Q2341227
Hasenburg	51.45104	10.48505	481	peak	3	Q30619396
Birkenberg	51.46255	10.40316	533	peak	5	Q865525
Fürstenberg	51.47405	7.95244	279	peak	3	Q1483090
Rosenberg	51.47081	9.32674	300	peak	3	Q27882373
Alte Gleichen	51.46726	10.03855	430	peak	3	Q666153
Neue Gleichen	51.47029	10.04001	428	peak	3	Q666153
Deponie Eyller Berg	51.47952	6.52372	63	peak	3	Q1385821
Halde Rheinpreußen	51.47855	6.64937	103	peak	3	Q1570728
Hoher Hagen	51.47512	9.76460	492	peak	11	Q1623902
Ohmberg	51.48218	10.41633	529	peak	4	Q2016562
Güterbank	51.48292	13.50303	153	peak	3	Q1562164
Pferdeberg	51.48874	10.24338	279	peak	4	Q1616804
Desenberg	51.50031	9.19839	344	peak	6	Q1200563
Wartberg	51.49675	9.90006	197	peak	3	Q2549890
Sonnenstein	51.49727	10.38442	486	peak	5	Q15128820
Tippelsberg	51.50707	7.22737	150	peak	3	Q2436069
Staufenberg	51.50819	9.56138	472	peak	6	Q1633990
Krantberg	51.50687	10.40038	456	peak	4	Q11825049
Galgenberg	51.50617	11.97207	138	peak	3	Q1492008
Heuberg	51.51999	9.34844	392	peak	4	Q1616383
Sandberg	51.51654	9.65417	382	peak	3	Q1394831
Gysenberg	51.52887	7.27101	125	peak	3	Q1558539
Kleperberg	51.52657	9.97012	327	peak	3	Q1774158
The Garth	51.54327	-3.29434	307	peak	9	Q289065
Backenberg	51.53783	9.72056		peak	4	Q18169640
Hainberg	51.54062	9.97320	315	peak	3	Q1317524
Mackenröder Spitze	51.53698	10.05140	427	peak	6	Q650003
Kohnstein	51.54044	10.73506	335	peak	9	Q329353
Halde Haniel	51.54954	6.87642	184	peak	5	Q1570715
Mount Gabriel	51.55685	-9.54185	407	peak	9	Q3778330
Caerphilly Mountain	51.56229	-3.22333	271	peak	4	Q5016931
Parliament Hill	51.55965	-0.15976	93	peak	14	Q2036052
Hahneberg	51.57396	9.55606	460	peak	5	Q266731
Georgenberg	51.57371	14.38662	160	peak	3	Q18624488
Dragon Hill	51.57987	-1.56753	191	peak	4	Q5305216
White Horse Hill	51.57544	-1.56727	262	peak	27	Q1056493
Langenberg	51.58188	9.53716	428	peak	4	Q1392974
Hünstollen	51.57906	10.04956	424	peak	4	Q1505064
Römerstein	51.57587	10.52493	345	peak	3	Q2179645
Großer Auerberg	51.58480	11.00482	580	peak	8	Q316646
Josephshöhe	51.58057	11.00566	580	peak	8	Q316646
Poppenberg	51.58811	10.82761	601	peak	4	Q2104216
Mynydd Machen	51.60360	-3.12212	362	peak	4	Q13130319
Steinkopf	51.60398	9.47363	271	peak	5	Q1503483
Höherberg	51.60002	10.15488	242	peak	3	Q1643694
Netzberg	51.60187	10.77326	486	peak	3	Q1361843
Sandlünz	51.59762	10.79665	516	peak	5	Q2220884
Petersberg	51.59672	11.95304	250	peak	4	Q883297
Cefn Eglwysilan	51.60612	-3.30517	382	peak	3	Q16246181
Kleiner Brocken	51.61175	10.93083	533	peak	4	Q1746595
Hoher Berg	51.61262	14.57806	184	peak	3	Q15115070
Mynydd Y Lan	51.62456	-3.14500	381	peak	3	Q15260524
Ravensberg	51.62139	10.52694	659	peak	5	Q2133643
Twmbarlwm	51.62767	-3.09374	419	peak	4	Q7858644
Rodelberg	51.63140	7.18323	124	peak	91	Q3050
Hausberg	51.63101	10.46309	420	peak	3	Q1591006
Jagdkopf	51.63393	10.60657	603	peak	5	Q1668525
Jagdkopf	51.63366	10.61552	603	peak	5	Q1668525
Großer Staufenberg	51.62560	10.63560	554	peak	3	Q1250197
Großer Ehrenberg	51.63453	10.68647	636	peak	4	Q1444446
Mynydd Llangeinwyr - Werfa	51.64142	-3.57310	568	peak	4	Q13130315
Halde Sundern	51.64410	7.74132	106	peak	3	Q1475463
Kahlberg	51.64131	9.53447	225	peak	3	Q1721159
Knickelberg	51.64129	10.36873	292	peak	3	Q1411827
Großer Heibeekskopf	51.63900	10.45143	465	peak	4	Q1593811
Kummelberg	51.64121	10.47056	536	peak	3	Q1792005
Knockoura	51.65251	-9.99290	490	peak	3	Q6422908
Jagdkopf	51.64933	10.58586	602	peak	3	Q1627288
Eichelnkopf	51.66000	10.39480	546	peak	5	Q1301417
Kleiner Knollen	51.66170	10.41990	631	peak	5	Q1257384
Stöberhai	51.65634	10.55447	720	peak	6	Q2360440
Carlshaushöhe	51.65636	10.79644	626	peak	5	Q1043373
Mynydd Twyn Glas	51.67367	-3.07141	472	peak	4	Q13130327
Stimberg	51.66557	7.25653	157	peak	3	Q2349749
Steile Wand	51.67490	10.38240	519	peak	4	Q2339402
Höxterberg	51.67207	10.40537	584	peak	5	Q1651978
Pagelsburg	51.67230	10.41860	545	peak	4	Q1670721
Großer Knollen	51.66737	10.43029	687	peak	8	Q319005
Großer Teichtalskopf	51.67660	10.36370	492	peak	3	Q1540521
Adlersberg	51.68306	10.41972	593	peak	5	Q358449
Übelsberg	51.67610	10.44910	651	peak	4	Q330859
Schadenbeeksköpfe	51.67767	10.46199	605	peak	5	Q2229836
Hungry Hill	51.68697	-9.79245	682	peak	10	Q430381
Langfast	51.69230	10.38872	606	peak	5	Q952698
Fissenkenkopf	51.68528	10.40917	527	peak	5	Q1420936
Kloppstert	51.68560	10.41690	553	peak	4	Q575293
Breitentalskopf	51.69333	10.43083	579	peak	5	Q906467
Gropenbornskopf	51.69410	10.45119	595	peak	4	Q1547415
Aschentalshalbe	51.68630	10.45260	685	peak	4	Q204408
Koboldstaler Köpfe	51.68782	10.48033	673	peak	4	Q1477862
Wegenerskopf	51.69244	11.05828	587	peak	4	Q1484682
Viktorshöhe	51.68627	11.08261	582	peak	6	Q2524594
Ackeburg	51.68608	11.25354	333	peak	3	Q341505
Kibitzberg	51.70448	7.18954	104	peak	3	Q15056996
Rennberg	51.70063	7.22045	139	peak	3	Q15126034
Großer Mittelberg	51.69510	10.36490	531	peak	3	Q1548796
Franzosenkopf	51.70210	10.37050	562	peak	4	Q1450459
Matthias-Schmidt-Berg	51.70411	10.52549	663	peak	4	Q1909649
Hammerberg	51.70841	7.18056	106	peak	4	Q1566460
Braakberg	51.71124	10.36783	646	peak	5	Q824170
Großer Mittelberg	51.71043	10.38077	601	peak	3	Q1548796
Galgenberg	51.70914	10.50317	594	peak	3	Q16744716
Hasselkopf	51.71335	10.61699	620	peak	7	Q322523
Kapitelsberg	51.70501	10.75143	536	peak	5	Q1728601
Kuhringsberg	51.71180	13.96519	151	peak	3	Q31324880
Sugarloaf Mountain	51.71819	-9.63040	574	peak	7	Q3777400
Nowen Hill	51.72248	-9.24426	535	peak	6	Q15262691
Craig Y Llyn	51.71640	-3.58398	600	peak	7	Q3397966
Mynydd Cilfach-Yr-Encil	51.72111	-3.33487	446	peak	3	Q15260515
Lichtenstein	51.72117	10.17605	261	peak	3	Q1724069
Schindelkopf	51.72114	10.33958	629	peak	4	Q1582550
Jordanshöhe	51.72278	10.52417	723	peak	7	Q1703710
Rauher Jakob	51.72349	10.70292	569	peak	4	Q1267129
Olbergshöhe	51.72240	11.12084	321	peak	4	Q296848
Höxberg	51.73396	8.05736	163	peak	3	Q30667408
Hausheide	51.72812	8.98406	442	peak	3	Q1591217
Steinberg	51.73094	9.03818	294	peak	3	Q31308624
Escherberg	51.73209	9.07843	280	peak	3	Q1367056
Kleiner Wurzelnberg	51.72890	10.44861	610	peak	4	Q1746723
Großer Wurzelnberg	51.72783	10.45922	626	peak	3	Q1549108
Kuppe	51.72574	10.50785	729	peak	4	Q1792882
Hexentanzplatz	51.73103	11.02637	458	peak	6	Q896729
Sint-Jansberg	51.73934	5.92753	59	peak	6	Q1749655
Sint-Maartensberg	51.74119	5.93247	66	peak	6	Q1749655
Rehberg	51.73971	10.53696	893	peak	7	Q871155
Kleiner Gegenstein	51.73593	11.21929	230	peak	3	Q1498302
Großer Gegenstein;Leopold Friedrich	51.73671	11.22621	244	peak	3	Q1498302
Coombe Hill	51.75204	-0.77094	260	peak	4	Q5167602
Papenberg	51.75487	5.91029	75	peak	6	Q1749655
Hauberg	51.74731	6.02433	68	peak	6	Q1749655
Auf dem Acker	51.74880	10.44530	865	peak	6	Q759347
Scherstorklippen	51.75016	10.65714	694	peak	4	Q2233803
Barenberg	51.75343	10.67107	696	peak	5	Q808072
Bockberg	51.75185	10.75961	496	peak	4	Q889136
Mynydd Allt-Y-Grug	51.75605	-3.81105	338	peak	3	Q13130299
Beginenberg	51.76365	6.01465	76	peak	6	Q1749655
Moosberg	51.76069	9.55577	513	peak	6	Q1308985
Wolfskopf	51.76100	10.42330	668	peak	5	Q576444
Großer Sonnenberg	51.75548	10.51344	853	peak	6	Q2301837
Achtermannshöhe	51.76087	10.56898	925	peak	9	Q340960
Wurmberg	51.75652	10.61821	971	peak	13	Q314735
Großer Winterberg	51.76058	10.62478	906	peak	6	Q29795
Kleiner Winterberg	51.75597	10.63475	837	peak	5	Q130533
Mauseklippe	51.75751	10.66325		peak	3	Q30134212
Mynydd Carn-Y-Cefn	51.76910	-3.17937	550	peak	3	Q6947844
Coity Mountain	51.76532	-3.11495	578	peak	4	Q3401408
Wendover Woods	51.77238	-0.71112	268	peak	3	Q5637668
Mackenberg	51.77174	8.12472	173	peak	3	Q1432288
Kleiner Feuerstein	51.76673	10.67674	716	peak	4	Q1409725
Erdbeerkopf	51.77389	10.67861	848	peak	5	Q1348980
Galgenberg	51.77353	10.81681	506	peak	5	Q1492009
Hooge Hoenderberg	51.78026	5.90170	81	peak	6	Q1749655
Große Blöße	51.78061	9.59379	528	peak	4	Q1548154
Bruchberg	51.78315	10.49871	927	peak	8	Q878533
Leistenklippe	51.78166	10.69422	901	peak	3	Q31532032
Muntberg	51.79427	5.90277	92	peak	6	Q1749655
Königsberg	51.78889	10.59944	1034	peak	7	Q1796271
Heinrichshöhe	51.78989	10.62984	1041	peak	6	Q1599773
Brockenkinder	51.79065	10.64967	933	peak	5	Q2144040
Peterstein	51.79264	10.78194	498	peak	3	Q1780914
Ziegenkopf	51.78833	10.93417	406	peak	5	Q198806
Knockboy	51.80253	-9.44342	706	peak	14	Q1766132
Cadair Fawr	51.80015	-3.48357	485	peak	3	Q5016234
The Blorenge	51.80070	-3.05998	561	peak	5	Q276057
Flierenberg	51.80379	5.92187	93	peak	6	Q1749655
Großer Ahrensberg	51.80430	9.58136	518	peak	4	Q1548584
Lerchenköpfe	51.80192	10.53283	821	peak	3	Q1820245
Quitschenberg (Westkuppe)	51.79670	10.56450		peak	4	Q2123514
Quitschenberg	51.79611	10.57778	882	peak	4	Q2123514
Kahleklippe	51.80356	10.59886	1012	peak	3	Q1721166
Brocken	51.79913	10.61564	1141	peak	41	Q155721
Ottofels	51.79688	10.71192	620	peak	4	Q2041387
Cribarth	51.81405	-3.70102	428	peak	4	Q5184878
Cefn Yr Ystrad	51.81475	-3.32594	617	peak	4	Q5057280
Bierberg	51.80624	9.70150		peak	3	Q857751
Dehnenkopf	51.80564	10.52168	775	peak	4	Q1183027
Lerchenköpfe	51.80824	10.53484	801	peak	3	Q1820245
Abbenstein	51.81320	10.56241	769	peak	3	Q11823333
Kleiner Brocken	51.80940	10.60689	1018	peak	4	Q1746595
Scharfenstein	51.80983	10.79829	462	peak	4	Q1688842
Regenstein	51.81306	10.96236	294	peak	5	Q15272242
Königstein	51.81121	11.05499	189	peak	5	Q878283
Little Skirrid	51.81784	-2.99238	285	peak	3	Q8059774
Pitstone Hill	51.81753	-0.62302	219	peak	3	Q22004818
Duivelsberg	51.81941	5.94606	74	peak	10	Q2352195
Altendorfer Berg	51.82020	9.90925	263	peak	3	Q437024
Iberg	51.82181	10.25019	563	peak	5	Q1655789
Wolfsklippen	51.81954	10.67364	723	peak	6	Q880585
Armeleuteberg	51.81637	10.78132	478	peak	6	Q681435
Mynydd Llangynidr	51.82798	-3.27329	558	peak	5	Q6947859
Mynydd Llangatwg	51.82605	-3.18552	530	peak	3	Q6947855
Robinswood Hill	51.83385	-2.23256	198	peak	4	Q7353148
Zonnenheuvel	51.82848	5.90550	82	peak	6	Q1749655
Stollenberg	51.82900	5.90921	83	peak	6	Q1749655
Boterberg	51.83110	5.90946	46	peak	6	Q1749655
Preußische Velmerstot	51.83336	8.95423	464	peak	7	Q724626
Hungerberg	51.82910	9.22444	324	peak	3	Q1637825
Heukenberg	51.82831	9.64712	350	peak	4	Q1583095
Scharfenstein	51.83230	10.60075	698	peak	5	Q1313637
Stapenberg	51.82592	10.84717	443	peak	5	Q2332089
Hunnerberg	51.83889	5.88491	54	peak	4	Q1355891
Lippische Velmerstot	51.83924	8.95565	441	peak	7	Q724626
Austberg	51.83770	10.85923	292	peak	4	Q780724
Hoppelberg	51.84231	11.00206	308	peak	3	Q15056746
Garreg Lwyd	51.84558	-3.83003	630	peak	4	Q3405834
Foel Fraith	51.84932	-3.80685	613	peak	3	Q5463998
Fan Nedd	51.85357	-3.57911	663	peak	5	Q5433562
Schalke	51.85083	10.38333	762	peak	6	Q2230367
Großer Wiesenberg	51.84667	10.42293	645	peak	3	Q1549092
Hasselkopf	51.84838	10.57026	590	peak	7	Q322523
Ilsestein	51.84683	10.66185	473	peak	3	Q1659244
Thekenberge	51.85175	11.02217	230	peak	4	Q1713763
Carnllundain	51.86199	-5.34750	136	peak	3	Q20589403
Fan Gyhirych	51.85899	-3.62696	725	peak	7	Q3401470
Fan Llia	51.85556	-3.54339	632	peak	5	Q5433557
Fan Fawr	51.86331	-3.49727	734	peak	5	Q3401384
Allt Lwyd	51.86122	-3.33921	653	peak	4	Q4733303
Sugar Loaf	51.86272	-3.05791	596	peak	5	Q7634860
Skirrid Fawr	51.85901	-2.97268	487	peak	7	Q679810
Dunstable Downs	51.86424	-0.53628	243	peak	6	Q5315702
Barnacken	51.85524	8.90119	446	peak	8	Q314674
Köterberg	51.85539	9.32396	496	peak	6	Q475264
Bocksberg	51.85694	10.35694	726	peak	8	Q874018
Rabenklippe	51.86436	10.60470	555	peak	3	Q2124973
Butterberg	51.86167	10.69889	279	peak	4	Q1018051
Garreg Las	51.86801	-3.77694	647	peak	4	Q5523822
Fan Hir	51.87496	-3.70021	761	peak	6	Q5433543
Bwlch y Ddwyallt	51.87372	-3.37444	754	peak	4	Q5003695
Churchdown Hill	51.86805	-2.17585	155	peak	5	Q5105340
Großer Burgberg	51.87150	10.56741	485	peak	5	Q1548642
Picws Du	51.88262	-3.72783	749	peak	4	Q7191256
Fan Brycheiniog	51.88221	-3.70822	802	peak	7	Q3397568
Fan Bwlch Chwyth	51.88277	-3.58166	603	peak	3	Q5433522
Y Gyrn	51.88382	-3.47040	619	peak	3	Q17041449
Corn Du	51.88168	-3.44365	873	peak	8	Q15056793
Pen y Fan	51.88404	-3.43701	886	peak	24	Q1325530
Cribyn	51.88179	-3.41964	795	peak	7	Q3397544
Fan y Big	51.87583	-3.40106	719	peak	3	Q5433608
Waun Rydd	51.87681	-3.36386	769	peak	4	Q7975191
Table Mountain	51.87918	-3.12625	451	peak	6	Q851344
Bryn Arw	51.88047	-3.01598	384	peak	4	Q4980831
Hulzenberg	51.88432	6.20238	82	peak	3	Q2897728
Stemberg	51.87849	8.88934	402	peak	3	Q2342437
Burgberg	51.87741	9.52529	360	peak	5	Q1014799
Elfenstein	51.87928	10.52760	475	peak	6	Q1328482
Trichrug	51.88988	-3.89142	415	peak	4	Q7841090
Fan Frynych	51.89386	-3.51575	629	peak	6	Q3403904
Craig Cerrig-gleisiad	51.88506	-3.51154	629	peak	5	Q3403818
Pen Cerrig-calch	51.89432	-3.13920	711	peak	4	Q7162087
Graig Syfyrddin	51.88502	-2.86711	423	peak	3	Q5593467
May Hill	51.88941	-2.44416	296	peak	7	Q6796512
Rammelsberg	51.88755	10.43186	635	peak	8	Q30134175
Butterberg	51.88814	10.57086	325	peak	6	Q1018050
St David's Head	51.90302	-5.31272	109	peak	10	Q6976894
Carn Llidi	51.90455	-5.28964	181	peak	5	Q20588062
Montferland	51.89557	6.24210	67	peak	4	Q2845894
Großer Homburg	51.90168	9.64254	398	peak	4	Q1548705
Hohe Egge	51.90493	9.89123	395	peak	4	Q17322313
Königsberg	51.89808	10.38842	435	peak	4	Q1484280
Königsberg	51.90086	10.39646	454	peak	4	Q1484280
Langenberg	51.89927	10.52344	297	peak	4	Q15118162
Allt yr Esgair	51.91200	-3.27252	393	peak	5	Q4733313
Pen Allt-mawr	51.91179	-3.15439	720	peak	4	Q7162083
Hünsberg	51.91261	7.08578	106	peak	3	Q15819731
Bielstein	51.90575	8.82153	394	peak	3	Q857408
Grotenburg	51.91149	8.83942	386	peak	7	Q896168
Heimberg	51.91189	10.32656	352	peak	3	Q1238193
Geokaun	51.92304	-10.34697	320	peak	5	Q5535288
Cleeve Hill	51.91986	-2.00586	330	peak	11	Q4117384
Paasberg	51.91614	6.36766	26	peak	3	Q2394818
Großer Ehberg	51.92434	8.78014	340	peak	4	Q1524426
Sudmerberg	51.91500	10.46815	355	peak	3	Q23890983
Bentee	51.93412	-10.21640	376	peak	6	Q4890369
Mullaghanattin	51.93383	-9.83452	773	peak	4	Q20164510
Hatterrall Hill	51.92505	-3.00716	531	peak	3	Q8529737
Hermannsberg	51.93136	8.73803	364	peak	4	Q1613367
Hörster Berg	51.92900	8.75049	308	peak	3	Q31537871
Ebersnacken	51.92923	9.56578	460	peak	6	Q1279779
Moll's Gap	51.93859	-9.65762	262	pass	4	Q6896268
Mynydd Llysiau	51.94435	-3.15504	663	peak	5	Q6947860
Foel Cwmcerwyn	51.94615	-4.77463	539	peak	8	Q478193
Pen Y Gadair Fawr	51.95198	-3.12264	800	peak	7	Q7162127
Grebbeberg	51.95179	5.60089	52	peak	10	Q2499770
Tönsberg	51.95108	8.68269	333	peak	5	Q1541534
Buchenberg	51.95137	10.93671	315	peak	3	Q998261
Carn Menyn	51.95984	-4.70287	365	peak	5	Q5043760
Mynydd Troed	51.95532	-3.21549	609	peak	4	Q387579
Castell Dinas	51.96321	-3.19663	450	peak	6	Q5049671
Waun Fach	51.96287	-3.14333	811	peak	5	Q8519857
Chwarel y Fan	51.95826	-3.08101	679	peak	6	Q3397794
Westerberg	51.96011	7.36570	189	peak	5	Q1696569
Bloße Zelle	51.95844	9.68976	480	peak	5	Q885515
Harly	51.96391	10.55331	251	peak	6	Q1585543
Broaghnabinnia	51.97200	-9.74418	745	peak	3	Q20164509
Mangerton	51.97028	-9.48441	838	peak	11	Q1764399
Wageningse Berg	51.96638	5.69660	43	peak	4	Q2420501
Reuberg	51.96550	9.78563	328	peak	3	Q2146548
Com an Charria	51.97790	-10.02169	772	peak	3	Q26716085
Brassel Mountain	51.98069	-9.70290	575	peak	6	Q4957923
Mullaghanish	51.98293	-9.14340	649	peak	10	Q1766158
Black Mountain South Top	51.98403	-3.06851	637	peak	4	Q4921355
Ebberg	51.97857	8.58569	312	peak	3	Q1278506
Knocknadobar	51.99310	-10.17507	690	peak	8	Q6422895
Caher	51.99444	-9.75839	1000	peak	11	Q4281680
Cnoc na Toinne	51.99042	-9.73140	845	peak	3	Q57744220
Cnoc an Chuillinn	51.99017	-9.71333	955	peak	5	Q15211040
Maolán Buí	51.99465	-9.70088	969	peak	5	Q6753652
Gap of Dunloe	51.99439	-9.64429		pass	9	Q3095251
Sparreboomsche Berg	51.99189	5.53766	55	peak	3	Q4280959
Caher West Top	51.99508	-9.76303	973	peak	3	Q5017397
The Bones	52.00170	-9.74704	956	peak	3	Q8537609
Carrauntoohil	51.99945	-9.74269	1039	peak	47	Q503368
Cnoc na Péiste	51.99815	-9.69552	985	peak	9	Q2981002
Cruach Mhór	52.00385	-9.68881	931	peak	5	Q5189744
The Big Gun	52.00087	-9.68867	940	peak	5	Q7717657
Torc Mountain	51.99812	-9.52112	535	peak	9	Q3777099
Carn Ingli	51.99956	-4.82398	338	peak	4	Q8521592
Biesterberg	52.00425	8.90355	218	peak	3	Q858166
Beenkeragh	52.00679	-9.74638	1008	peak	13	Q4879913
Hag's Tooth	52.00518	-9.73423	662	peak	3	Q57629628
Purple Mountain	52.00792	-9.62248	832	peak	8	Q7261438
Purple Mountain NE Top	52.01421	-9.61099	757	peak	8	Q7261438
Musheramore	52.01347	-8.97827	643	peak	7	Q3776409
Twmpa	52.00855	-3.13077	690	peak	5	Q7858645
Twyn Llech	52.01214	-3.08646	704	peak	7	Q3401505
Black Hill	52.00698	-3.05788	640	peak	3	Q4920936
Vlakke Berg	52.01481	5.47639	65	peak	3	Q13510919
Amerongse Berg	52.00806	5.48294	69	peak	4	Q470165
Hay Bluff	52.02291	-3.10274	677	peak	6	Q5685749
Emmapiramide	52.01652	5.97865	98	peak	3	Q3109296
Johannisberg	52.01962	8.51625	200	peak	3	Q1698905
Saalberg	52.02167	9.13922	342	peak	3	Q2208955
Saalberg	52.02060	9.20742	266	peak	3	Q2208952
Golmberg	52.01639	13.34243	178	peak	6	Q1536630
Drung Hill	52.02514	-10.03637	640	peak	4	Q26716176
Cambridgeshire County Top	52.02992	0.07538	146	peak	15	Q1879294
Signaal Imbosch	52.03807	5.99897	110	peak	3	Q2155881
Frohser Berg	52.03506	11.66162	116	peak	4	Q1469676
Claragh Mountain	52.04902	-9.09406	452	peak	3	Q26716762
Amelungsburg	52.04670	8.98379	293	peak	6	Q461890
Bückeberg	52.05112	9.40801	166	peak	4	Q1020426
Bredon Hill	52.06115	-2.06346	299	peak	3	Q4960146
Hengeberg	52.05638	8.40451	316	peak	3	Q1352664
Hohe Asch	52.05601	9.14876	371	peak	3	Q1623424
Griesberg	52.06339	9.96368	359	peak	6	Q15812853
Große Egge	52.07860	8.35326	312	peak	3	Q1548168
Tosmarberg (Tosmar)	52.08226	9.94825	320	peak	3	Q2445335
Heeseberg	52.08363	10.87087	200	peak	4	Q1593629
Mynydd Mallaen	52.08631	-3.84661	462	peak	3	Q6947861
Schöppinger Berg	52.09250	7.27222	158	peak	4	Q1724784
Asenberg	52.08565	8.77340	155	peak	3	Q30724542
Vierenberg	52.08693	8.79065	255	peak	4	Q1768802
Worcestershire Beacon	52.10484	-2.33896	425	peak	7	Q8034243
Bickplecken	52.10451	8.85376	276	peak	3	Q856842
Klüt	52.09532	9.33802	258	peak	4	Q19288077
Mount Hillary	52.11021	-8.84064	444	peak	5	Q6921197
Hollandskopf	52.11463	8.28303	307	peak	3	Q1538361
Johannisegge	52.10771	8.28456	293	peak	3	Q1698912
Bonstapel	52.10920	8.87927	335	peak	3	Q892872
Sliabh an Iolair	52.11780	-10.43209	516	peak	7	Q22030601
Cnoc na Ceathrún	52.11541	-10.28198	238	peak	5	Q19428303
Hankenüll	52.12177	8.24694	307	peak	3	Q1575598
Stuckenberg	52.12020	8.71590	214	peak	4	Q1332646
Großer Selberg	52.12016	8.86988	275	peak	3	Q1548992
Nettelberg	52.11522	8.87433	304	peak	3	Q1978667
Kleiner Selberg	52.11871	8.87557	272	peak	3	Q1746691
Steinberg	52.12304	9.93589	140	peak	4	Q1651341
Barenberg	52.11554	10.14614	227	peak	3	Q127118
Cleeve Hill	52.13334	-1.89301		peak	11	Q4117384
Rowley's Hill	52.12755	0.08274	50	peak	4	Q7372221
Kalenberg	52.13030	6.44147	46	peak	3	Q2652894
Solterberg	52.13363	8.80196	196	peak	4	Q1562827
Eiberg	52.13314	8.84960	230	peak	4	Q1301160
Lerchenberg	52.13292	9.90074	242	peak	3	Q1820219
Ösel	52.12850	10.59260	156	peak	3	Q298092
Lochemse Berg	52.14177	6.42848	49	peak	4	Q2004085
Saalegge	52.14381	8.87412	300	peak	4	Q2208991
Finkenberg	52.14360	9.89860	222	peak	3	Q1417438
Hagelberg	52.13862	12.51709	200	peak	8	Q314672
Gipsberg	52.14028	13.37603	80	peak	5	Q15812328
Beutling	52.14602	8.26698	220	peak	4	Q851441
Homberg	52.15208	8.69717	201	peak	3	Q1285201
Ruschberg	52.15181	8.88644	295	peak	3	Q2176759
Gallberg	52.15151	9.90484	156	peak	3	Q15811266
Großer Wartberg	52.15111	11.48482	146	peak	3	Q1549068
Räuberberg	52.14734	14.05912	58	peak	4	Q17774252
Hohnsberg	52.16420	8.10134	242	peak	3	Q1624141
Klusberg	52.15513	8.83709	196	peak	3	Q1776626
Winterberg	52.15964	8.87176	187	peak	3	Q2584958
Grasberg	52.16487	9.56444	378	peak	5	Q1978311
Westerbecker Berg	52.16926	7.94004	236	peak	4	Q1566238
Limberg	52.16812	8.08591	194	peak	3	Q1022446
Amtshausberg	52.17208	8.85978	142	peak	3	Q481228
Hohe Egge	52.17107	9.38362	440	peak	5	Q1623455
Marienberg	52.17241	9.76581	137	peak	3	Q1897626
Osterberg	52.17273	9.89482	181	peak	3	Q15837811
Dörenberg	52.17563	8.05340	331	peak	6	Q1271193
Katzberg	52.18191	9.50079	230	peak	3	Q22692536
Gwaunceste Hill	52.19173	-3.23290		peak	3	Q13128818
Lindenberg	52.19224	10.49398	122	peak	4	Q15694861
Caherconree	52.20303	-9.85370	835	peak	10	Q691575
Hergest Ridge	52.19938	-3.09067	425	peak	7	Q1744054
Hohenstein	52.19867	9.31446	360	peak	3	Q1623814
Deisterpforte	52.19980	9.52804	130	pass	3	Q1183419
Calenberg	52.19612	9.79585	70	peak	4	Q322475
Eilumer Horn	52.19603	10.74464	323	peak	5	Q1304148
Binn os Gaoith	52.21385	-10.07740	826	peak	8	Q4879916
Baurtregaum	52.20706	-9.82950	851	peak	11	Q429937
Drygarn Fawr	52.21258	-3.66329	645	peak	6	Q3405710
Silberberg	52.20929	7.95186	180	peak	4	Q2285730
Ebersberg	52.21313	9.52864	355	peak	5	Q1279731
Seilbahnberg	52.21272	10.33197	157	peak	3	Q1456898
Knocknafallia	52.21981	-7.86290	666	peak	4	Q26717578
Gorllwyn	52.21897	-3.58624	612	peak	5	Q5586608
Arbury Hill	52.22451	-1.21087	224	peak	5	Q4784955
Leedener Berg	52.21549	7.87222	202	peak	4	Q1812061
Hüggel	52.22026	7.97547	221	peak	4	Q1646548
Geitelder Berg	52.21737	10.46592	111	peak	3	Q30694873
Kapaunberg	52.21914	11.83669	105	peak	3	Q20999996
Vorderer Löwendorfer Berg	52.21910	13.18837	103	peak	4	Q17577862
Knockmealdown	52.22789	-7.91592	792	peak	10	Q1766126
Garn Gron	52.23330	-3.84694		peak	4	Q13128562
Torenberg	52.23462	5.85788	107	peak	4	Q1496473
Roter Berg	52.22915	7.94129	108	peak	4	Q1556950
Cnoc Bréanainn	52.23519	-10.25435	952	peak	22	Q1478911
Klotenberg	52.23707	7.74610	158	peak	3	Q1776509
Jakobsberg	52.24150	8.93624	235	peak	6	Q1679510
Sugarloaf Hill	52.24633	-7.94251	663	peak	8	Q589532
Kilclooney Mountain	52.24588	-7.53683	792	peak	9	Q3740288
Croughaun Hill	52.25008	-7.44520	391	peak	5	Q5189749
Borough Hill	52.25341	-1.14054	201	peak	4	Q1483454
Eidinghauser Berg	52.25413	8.83709	247	peak	4	Q1302657
Häverstädter Berg	52.24897	8.87542	270	peak	4	Q1642595
Wittekindsberg	52.24600	8.89095	282	peak	7	Q878081
Bröhn	52.24729	9.50859	405	peak	6	Q895582
Süllberg	52.25272	9.65412	198	peak	3	Q1615123
Thieberg	52.25647	7.35578	84	peak	3	Q2420658
Birgter Berg	52.26368	7.65751	132	peak	3	Q865410
Nonnenstein	52.26199	8.47928	274	peak	6	Q1996326
Maschberg	52.26486	8.50754	190	peak	5	Q1906800
Donoer Berg	52.26089	8.54488	243	peak	3	Q1242024
Lutternsche Egge	52.25835	8.81380	263	peak	3	Q1878019
Bückeberg	52.26073	9.21035	375	peak	7	Q1020424
Wolfsberg	52.25764	9.66525		peak	5	Q2592264
Mynydd Bach	52.26764	-4.05027		peak	5	Q62727
Rhos Fawr	52.26702	-3.19985	660	peak	7	Q1628695
Black Mixen	52.27178	-3.17884	650	peak	5	Q3378737
Lonnekerberg	52.27195	6.91628	56	peak	4	Q2290222
Großer Kellenberg	52.26612	8.44894	211	peak	4	Q1548724
Glösinghauser Berg	52.26606	8.56152	289	peak	3	Q1532712
Altes Verbrenn	52.27004	8.56679	291	peak	4	Q439733
Breitenbrink	52.27444	8.60528	287	peak	3	Q906233
Bergkirchener Kopf	52.27050	8.76358	255	peak	4	Q819920
Bückeberg	52.26726	9.22974	375	peak	7	Q1020424
Nußberg	52.27056	10.55563	93	peak	3	Q2005807
Grämitzberge	52.27050	13.09991	78	peak	3	Q30668701
Weinberg	52.26888	13.37530	85	peak	3	Q28945876
Trapjesberg	52.27787	5.20534	23	peak	3	Q2852705
Huckberg	52.28033	7.60001	95	peak	3	Q1419006
Bergeshöveder Berg	52.27597	7.61408	118	peak	3	Q819625
Schafberg	52.28198	7.78828	176	peak	3	Q1278410
Limberg	52.28153	8.51347	190	peak	5	Q1825369
Wurzelbrink	52.28317	8.61517	318	peak	5	Q970402
Bröderhauser Berg	52.28105	8.73517	237	peak	3	Q995713
Backofenberg	52.27949	13.10924	91	peak	3	Q30716209
Knockanaffrin	52.28899	-7.58229	755	peak	3	Q26715468
Schwarzer Brink	52.29233	8.44482	211	peak	6	Q1421996
Meesenkopf	52.29360	8.62479	226	peak	4	Q1339390
Reineberg	52.29395	8.62964	276	peak	5	Q2140363
Heidbrink	52.29147	8.63886	320	peak	7	Q1593851
Schnathorster Berg	52.28696	8.71488	253	peak	3	Q1358347
Ziebchenberg	52.29066	13.10643	81	peak	3	Q30502474
Schlossberg	52.30254	7.15698	92	peak	11	Q877031
Heidkopf	52.29619	8.63460	273	peak	5	Q1534251
Gehlenbecker Berg	52.29716	8.65723	264	peak	3	Q1498512
Nettelstedter Berg	52.29552	8.68233	289	peak	3	Q1341175
Carron Mountain	52.31047	-8.57624	447	peak	6	Q3660757
Seefin Mountain West Top	52.31357	-8.52195	528	peak	5	Q3776434
Burgberg	52.31457	9.58573	155	peak	3	Q19276118
Wietkiekenberg	52.30752	12.95000	125	peak	3	Q2569672
Dubrower Berge	52.31111	14.11192	146	peak	5	Q993947
Mynydd Bach	52.32031	-3.89441		peak	5	Q62727
Holterberg	52.31855	6.42107	62	peak	5	Q2659943
Tankenberg	52.32336	6.95585	85	peak	7	Q944854
Piesberg	52.31777	8.01927	193	peak	4	Q2094104
Rauener Berge	52.31975	14.04270	154	peak	4	Q2133133
Paaschberg	52.33022	6.97397	80	peak	4	Q2038176
Zackelberg	52.33077	11.48738	139	peak	3	Q139930
Friedensberg	52.32644	12.36757	68	peak	4	Q17541012
Slievecoiltia	52.33921	-6.93265	322	peak	3	Q26716290
Benther Berg	52.33860	9.61661	173	peak	6	Q818260
Mittelberg	52.34071	11.29767	145	peak	3	Q1387352
Temple Hill	52.34827	-8.24529	783	peak	5	Q7698565
High Vinnalls	52.34724	-2.76781	375	peak	3	Q55136948
Isterberg	52.35495	7.15167	68	peak	35	Q623519
Tönniesberg	52.34986	9.70104	77	peak	3	Q18028811
Rabenberg	52.34622	11.29025	146	peak	3	Q2124950
Großer Ravensberg	52.35085	13.06697	108	peak	3	Q30659900
Ruiny Wieży Kleista	52.34581	14.59543	60	peak	3	Q9373783
Lyracappul	52.36042	-8.22731	825	peak	5	Q6709861
Lindener Berg	52.36183	9.70405	89	peak	3	Q1644422
Gollwitzer Berg	52.36029	12.29484	85	peak	3	Q17321987
Kleiner Ravensberg	52.36059	13.06591	114	peak	6	Q569145
Galtymore	52.36600	-8.17918	918	peak	13	Q2333034
Blocksberg	52.37175	11.25407	113	peak	3	Q884780
Mörderberg	52.37391	11.27788	117	peak	3	Q1958070
Mühlenberg	52.36880	12.41849	61	peak	3	Q17325267
Pen y Garn	52.37855	-3.76666	610	peak	6	Q7162126
Schleptruper Egge	52.37518	8.02773	142	peak	7	Q1301506
Brauhausberg	52.38460	13.06324	88	peak	3	Q900513
Telegrafenberg	52.38064	13.06421	94	peak	8	Q2401624
Larberger Egge	52.39080	7.91704	82	peak	3	Q21504118
Langer Berg	52.39431	11.25736	106	peak	3	Q1805147
Titterstone Clee	52.39804	-2.60186	533	peak	5	Q7810248
Windmühlenberg	52.40302	11.20242	86	peak	3	Q1410052
Lauseberg	52.40359	11.24455	90	peak	3	Q1808485
Dörferblick	52.39732	13.48095	86	peak	3	Q1271217
Kuiperberg	52.40611	6.88389	71	peak	3	Q2961562
Nordberg	52.41438	9.86672	122	peak	3	Q1191592
Böttcherberg	52.41165	13.10540	66	peak	4	Q1020149
Falkenberg	52.40706	13.56984	60	peak	3	Q1394158
Woldberg	52.41747	5.97920	53	peak	3	Q31210193
Klieversberg	52.41563	10.77101	110	peak	3	Q15823859
Marienberg	52.41578	12.54755	68	peak	3	Q1897622
Pfingstberg	52.41899	13.05864	76	peak	8	Q1703836
Schäferberg	52.41710	13.12779	103	peak	3	Q2258245
Großer Müggelberg	52.41677	13.64265	115	peak	11	Q451104
Constitution Hill	52.42529	-4.08291	131	peak	5	Q5164102
Dielinger Klei	52.43800	8.34922	92	peak	3	Q1220712
Kollwesshöh	52.43668	8.43655	179	peak	4	Q181214
Götzer Berg	52.43586	12.72719	109	peak	4	Q17123467
Püttberge	52.44036	13.71288	68	peak	3	Q1030063
Kranichsberg	52.44339	13.77440	105	peak	4	Q1308513
Y Garn	52.45055	-3.80311	684	peak	3	Q8046133
Kahler Hügel	52.44615	8.44513	148	peak	8	Q2342557
Haarberg	52.45050	9.23297		peak	3	Q30654519
Marienhöhe	52.45192	13.36615	73	peak	3	Q1897724
Mount Alto	52.46325	-7.07298	328	peak	6	Q6919384
Mucklow Hill	52.46101	-2.03456	212	peak	3	Q5761939
Lemelerberg	52.45873	6.39727	48	peak	5	Q4428417
Poascheberg	52.45832	6.86852	89	peak	3	Q1378610
Insulaner	52.45742	13.35155	78	peak	4	Q1291984
Pumlumon Fach	52.47133	-3.78688	664	peak	3	Q7259792
Pumlumon Fawr	52.46692	-3.78304	752	peak	14	Q7205900
Pen Pumlumon Llygad-Bychan	52.46921	-3.76903	727	peak	3	Q7162103
Pen Pumlumon Arwystli	52.47499	-3.74605	741	peak	4	Q7162102
Archemerberg	52.47298	6.40748	78	peak	6	Q2216530
Brown Clee Hill	52.47536	-2.59968	540	peak	7	Q4976096
Brierley Hill	52.47964	-2.12475	158	peak	17	Q2734868
Schwarzer Berg	52.48473	12.52954	89	peak	3	Q17127331
Rixdorfer Höhe	52.48459	13.41229	68	peak	4	Q2155784
Gallberg	52.48521	12.50334	68	peak	3	Q17123282
Hasselberg	52.48720	12.59033	59	peak	3	Q17123540
Kreuzberg	52.48774	13.38152	66	peak	9	Q523663
Mosesberg	52.50315	12.61887	63	peak	3	Q17353851
Teufelsberg	52.49772	13.24295	120	peak	21	Q564884
Drachenberg	52.50237	13.24824	99	peak	4	Q1254200
Brandon Hill	52.50983	-6.97413	515	peak	6	Q4956906
Biesdorfer Höhe	52.50767	13.57236	81	peak	3	Q858088
Knockanore	52.52426	-9.60667	321	peak	3	Q24196333
Hahneberg	52.51808	13.15008	87	peak	3	Q1568858
Murellenberg	52.51715	13.22845	62	peak	4	Q1953639
Großer Bunkerberg	52.52637	13.43215	78	peak	3	Q1548639
Herzberg	52.52872	13.51301	60	peak	4	Q1863372
Kienberg	52.53469	13.58139	102	peak	3	Q1741021
Coppanagh	52.53909	-7.04121	365	peak	3	Q5168666
Foel Fadian	52.54389	-3.72735		peak	3	Q20594745
Wzgórze Lecha	52.53703	17.59184	123	peak	5	Q9381078
Blackstairs Mountain	52.54914	-6.80572	732	peak	6	Q4923371
Caer Caradoc	52.55389	-2.77200	459	peak	6	Q5016862
Signalberg	52.55273	8.21545	146	peak	4	Q1536257
Humboldthöhe	52.54733	13.38478	84	peak	6	Q1636983
Corndon Hill	52.56572	-3.02527	513	peak	4	Q5171101
Barr Beacon	52.57324	-1.91117	227	peak	4	Q4863102
Brelinger Berg	52.57330	9.67934	92	peak	4	Q907135
Stiperstones	52.58197	-2.93496	537	peak	6	Q3877159
Mörderberg	52.58215	13.46538	57	peak	4	Q1958068
Kellenberg	52.59208	8.53911	77	peak	3	Q1420006
Teichberg	52.60498	13.48770	63	peak	3	Q1311595
Mount Leinster	52.61816	-6.78034	794	peak	13	Q2485323
Black Rock Mountain	52.61764	-6.72797	600	peak	6	Q4921731
Tarrenhendre	52.61913	-3.94711	634	peak	4	Q16897370
Knocknamuck	52.64496	-7.53159	340	peak	3	Q6422903
Slievebawn	52.63891	-6.80954	525	peak	12	Q1520625
Gamallt	52.64214	-3.97374	288	peak	3	Q8046128
Tarren y Gesail	52.63546	-3.90692	667	peak	5	Q7686694
Arkenberge	52.64449	13.40313	65	peak	3	Q19259618
Arkenberge	52.63817	13.40480	122	peak	3	Q19259618
Croaghaun	52.66365	-6.76787	456	peak	4	Q5187020
Slieveboy	52.65623	-6.48945	420	peak	5	Q7540445
Graig Goch	52.65835	-3.90261	586	peak	3	Q13128727
Slieve Felim	52.67242	-8.30850	427	peak	4	Q18378636
The Wrekin	52.66931	-2.55144	407	peak	11	Q2914585
Mathiasberg	52.66815	13.15293	50	peak	5	Q1908604
Craig-y-llyn	52.68911	-3.97599	622	peak	4	Q5180664
Craig Cwm Amarch	52.69150	-3.90921	791	peak	5	Q5180863
Tara Hill	52.69908	-6.21774	305	peak	7	Q7685071
Tyrrau Mawr	52.70345	-3.95946	661	peak	4	Q7861697
Cyfrwy	52.70223	-3.91965	811	peak	5	Q5199173
Cadair Idris	52.69960	-3.90880	893	peak	14	Q774479
Mynydd Moel	52.70575	-3.88482	863	peak	5	Q6947866
Gau Graig	52.70968	-3.86046	683	peak	4	Q5527576
Waun-oer	52.71699	-3.79943	670	peak	4	Q7975183
Cribin Fawr	52.72179	-3.78628	659	peak	4	Q5184891
Maesglase (Craig Rhiw-erch)	52.72000	-3.75247	678	peak	6	Q8523124
Breidden Hill	52.72279	-3.04509	366	peak	5	Q4960412
Beacon Hill	52.72841	-1.24651	248	peak	4	Q4875937
Clomantagh Hill	52.73989	-7.50820	349	peak	3	Q5134932
Y Gribin	52.74210	-3.62743	485	peak	5	Q3402405
Semmelberg	52.74198	13.96363	158	peak	5	Q8532598
Keeper Hill	52.75148	-8.26148	692	peak	7	Q3778335
Annagh Hill	52.75255	-6.37083	454	peak	8	Q3362066
Pen y Brynfforchog	52.74630	-3.75290	685	peak	3	Q7162121
Glasgwm	52.76013	-3.72525	779	peak	5	Q5566987
Pen yr Allt Uchaf	52.76272	-3.67467	620	peak	3	Q7162129
Waun Camddwr	52.77091	-3.71007	620	peak	3	Q13132231
Gwaun y Llwyni	52.76987	-3.69536	685	peak	4	Q5623374
Silvermine Mountains E Top	52.77649	-8.24883	479	peak	7	Q3862462
Ziegenberg	52.78105	14.02790		peak	3	Q198750
Galgenberg	52.77884	14.03606		peak	4	Q1491999
Diffwys	52.79173	-3.98698	750	peak	4	Q5275449
Y Garn	52.78919	-3.92517	629	peak	4	Q8046136
Aran Fawddwy	52.78700	-3.68788	905	peak	11	Q3402219
Foel Hafod-fynydd	52.79031	-3.66603	689	peak	3	Q5464003
Llechwedd Du	52.78776	-3.64146	614	peak	5	Q6661966
Col du VAM	52.79143	6.52469	49	peak	3	Q125623950
Croghan Kinsella	52.79547	-6.32408	606	peak	11	Q3003183
Moelfre	52.80131	-4.03942	589	peak	3	Q3401552
Crib-Y-Rhiw	52.80476	-3.98382	681	peak	3	Q5184870
Erw Y Ddafad-Ddu	52.79610	-3.68509	872	peak	4	Q5396091
Aran Benllyn	52.80447	-3.68182	884	peak	7	Q4784047
Esgeiriau Gwynion	52.79869	-3.64855	671	peak	5	Q3401527
Foel Rhudd	52.80220	-3.63844	659	peak	3	Q8528943
Bwlch y Groes	52.79599	-3.61315	546	pass	4	Q5003696
Moel y Cerrig Duon	52.80411	-3.59829	625	peak	4	Q6890123
Y Llethr	52.81287	-3.98769	750	peak	6	Q8046154
Rhobell Fawr	52.81484	-3.80159	734	peak	6	Q7320822
Llwyn Bryn-Dinas	52.81383	-3.22995		peak	3	Q13129727
Woldberg	52.80816	6.10280	26	peak	5	Q1980726
Devil's Bit Mountain	52.82138	-7.91464	480	peak	10	Q2429577
Rhinog Fach	52.82415	-3.98295	706	peak	6	Q7320651
Moylussa	52.83351	-8.52236	532	peak	4	Q26715782
Dduallt	52.83069	-3.76700	654	peak	5	Q5243788
Foel Y Geifr	52.83477	-3.57925	626	peak	4	Q5464015
Cefn Gwyntog	52.82706	-3.52119	615	peak	5	Q11135687
Slievecallan	52.84072	-9.27072	391	peak	6	Q3777228
Rhinog Fawr	52.84189	-3.99557	715	peak	6	Q7320654
Trum y Gwragedd	52.84283	-3.57355	612	peak	3	Q7847679
Pen Y Boncyn Trefeilw	52.84269	-3.54163	646	peak	3	Q7162122
Foel Cedig	52.84285	-3.51332	666	peak	3	Q20594694
Falkenberg	52.84489	9.86650	150	peak	4	Q1394165
Foel Goch	52.84880	-3.57047	613	peak	3	Q5464002
Y Groes Fagl	52.84904	-3.50348	659	peak	3	Q8046143
Post Gwyn	52.85337	-3.41432	665	peak	5	Q7233635
Hausselberg	52.85774	10.18479	115	peak	5	Q1591439
Foel Cwm-Sian Llwyd	52.87052	-3.49315	648	peak	4	Q5463996
Godor North Top	52.86991	-3.35464	675	peak	3	Q11170618
Godor	52.86662	-3.34684	679	peak	3	Q11169582
Wietzer Berg	52.87272	10.08299	102	peak	6	Q2569717
Moel Sych	52.87609	-3.38877	827	peak	6	Q8521030
Cadair Berwyn	52.88058	-3.38106	832	peak	7	Q3401745
Cadair Berwyn North Top	52.88394	-3.38024	827	peak	3	Q13126452
Moel Yr Ewig	52.87559	-3.36727	695	peak	3	Q11170623
Mynydd Tarw	52.88213	-3.32005	681	peak	6	Q6947871
Garn Fadryn	52.88648	-4.55990	371	peak	4	Q5043758
Moel Ysgyfarnogod	52.89201	-3.99562	623	peak	4	Q6890125
Foel Penolau	52.89426	-3.99061	614	peak	4	Q5464009
Moel Oernant	52.88951	-3.86956	503	peak	3	Q13130194
Gallt-Y-Daren	52.89379	-3.81711	619	peak	4	Q5519214
Foel Boeth	52.89102	-3.81552	615	peak	3	Q5463999
Foel Wen	52.89059	-3.34014	691	peak	3	Q5464011
Moel Llyfnant	52.90088	-3.77321	751	peak	4	Q8528526
Cadair Bronwen	52.90146	-3.37294	784	peak	7	Q3397933
Arenig Fawr South Top	52.91449	-3.74612	836	peak	3	Q13125582
Arenig Fawr South Ridge Top	52.90810	-3.74496	712	peak	3	Q14122302
Kleiner Rummelsberg	52.91279	13.98202	81	peak	5	Q1746676
Croaghanmoira	52.91838	-6.36654	662	peak	4	Q26718624
Garn Boduan	52.92484	-4.51250	279	peak	4	Q5523589
Y Garn	52.92469	-3.84724	477	peak	4	Q8046136
Arenig Fawr	52.91711	-3.74603	854	peak	7	Q4789023
Moel Ty-uchaf	52.92376	-3.40573	440	peak	4	Q1750788
Pen Bwlch Llandrillo	52.92222	-3.35582	621	peak	4	Q13130205
Moel-Y-Gest	52.92793	-4.15914	263	peak	3	Q13130177
Beacon Hill	52.92580	1.24706	105	peak	3	Q4875941
Mynydd Nodol	52.93945	-3.69038	539	peak	3	Q16247577
Hasseberg	52.94193	7.18128	14	peak	8	Q955420
Keadeen Mountain	52.95051	-6.58150	653	peak	7	Q26715894
Lybagh	52.94606	-6.47853	683	peak	3	Q26718632
Moel Emoel	52.94873	-3.58212	549	peak	3	Q20600152
Moel Fferna	52.94829	-3.31588	630	peak	6	Q6890094
Bosberg	52.95118	6.34131	26	peak	4	Q13134910
Slievemaan	52.95882	-6.48653	760	peak	7	Q3079080
Corrigasleggaun	52.96062	-6.44126	795	peak	7	Q2997975
Arenig Fach	52.95873	-3.75768	689	peak	7	Q4789021
Maghera	52.96852	-8.71881	400	peak	4	Q6730401
Lugnaquilla	52.96715	-6.46463	925	peak	25	Q514648
Cloghernagh	52.96773	-6.42695	800	peak	10	Q2979559
Moelwyn Bach	52.97422	-3.99657	710	peak	6	Q6890191
Foel Goch	52.96772	-3.55923	611	peak	3	Q5464001
Carrick Mountain	52.98351	-6.16546	381	peak	5	Q5046150
Yr Eifl (Garn Ganol)	52.97507	-4.43658	561	peak	9	Q3405123
Moelwyn Mawr	52.98421	-4.00019	770	peak	7	Q6890193
Craigysgafn	52.98067	-3.99798	689	peak	3	Q5181773
Manod Mawr	52.98403	-3.90225	661	peak	4	Q6751103
Craig Goch y Gamallt	52.98460	-3.86109	588	peak	3	Q8046128
Benleagh	52.98828	-6.45374	689	peak	6	Q2896322
Mullacor	52.98513	-6.37384	661	peak	8	Q6934076
Gyrn Ddu	52.99441	-4.38359	522	peak	3	Q13128917
Moel-yr-hydd	52.98967	-3.97968	648	peak	3	Q6890080
Manod Mawr North Top	52.99480	-3.89748	658	peak	4	Q6751102
Carnedd Llechwedd-llyfn	52.98532	-3.70284	643	peak	4	Q5043864
Carnedd y Filiast	52.98680	-3.68301	669	peak	6	Q5043866
Waun Garnedd-y-filiast	52.99271	-3.67901	650	peak	4	Q7975188
Moel y Gydros	52.99474	-3.61910	522	peak	3	Q13130203
Camenabologue	53.00471	-6.47639	758	peak	7	Q2934746
Lugduff	52.99871	-6.40371	653	peak	3	Q65665338
Moel Hebog	53.00051	-4.14010	783	peak	9	Q1320739
Yr Arddu	52.99578	-4.04581	389	peak	4	Q8059635
Cnicht	52.99970	-4.01988	689	peak	5	Q5137364
Höllenberg	53.00167	9.65817	93	peak	3	Q1644007
Mullagh More	53.00672	-9.00104		peak	4	Q6934085
Garraunbaun	53.00984	-7.70853	406	peak	3	Q5523816
Sugarloaf	53.01114	-6.55820	552	peak	8	Q3777206
Mynydd Graig Goch	53.01279	-4.24136	610	peak	7	Q6947853
Moel Lefn	53.01439	-4.15849	638	peak	4	Q6890101
Moel Yr Ogof	53.00840	-4.15317	655	peak	4	Q6890142
Ysgafell Wen	53.01376	-3.98849	672	peak	5	Q8059705
Moel Druman	53.00949	-3.98160	676	peak	6	Q3401767
Allt-fawr	53.00817	-3.96632	698	peak	6	Q4733296
Table Mountain	53.01691	-6.48147	702	peak	8	Q3079102
Conavalla	53.01510	-6.45144	734	peak	12	Q2991606
Tomaneena	53.02465	-6.41696	682	peak	6	Q3542326
Camaderry	53.02278	-6.38877	699	peak	7	Q2934617
Garnedd-goch	53.02223	-4.22116	700	peak	3	Q5523602
Dinas Emrys	53.02193	-4.07906	137	peak	10	Q354820
Ysgafell Wen North Top	53.01741	-3.99378	669	peak	4	Q13132592
Ysgafell Wen Far North Top	53.01954	-3.99340	659	peak	3	Q13132594
Moel Penamnen	53.01709	-3.91511	628	peak	4	Q6890108
Horseshoe Pass	53.01990	-3.20222	417	pass	4	Q3400107
Farbreague	53.02514	-7.69808	430	peak	5	Q5434874
Craig Cwm Silyn	53.02932	-4.20013	734	peak	3	Q5180865
Y Ro Wen	53.03260	-3.87171	599	peak	4	Q8046174
Arderin	53.04053	-7.65440	527	peak	10	Q3621876
Wicklow Gap	53.04179	-6.39778	480	pass	5	Q27884639
Mynydd Tal-y-Mignedd	53.03975	-4.18602	653	peak	6	Q20601199
Trum Y Ddysgl	53.04216	-4.17198	709	peak	4	Q7847678
Mynydd Drws-Y-Coed	53.04390	-4.16597	695	peak	5	Q6947843
Yr Aran	53.04278	-4.08314	747	peak	8	Q3401371
Hoher Mechtin	53.04427	10.90961	142	peak	4	Q1623918
Barcam	53.05100	-7.66087	484	peak	3	Q4859827
Church Mountain	53.05384	-6.58590	544	peak	8	Q2967669
Tonelagee	53.05426	-6.38257	816	peak	11	Q3140122
Y Garn	53.05141	-4.16252	633	peak	4	Q8046131
Esclusham Mountain	53.04982	-3.10982	457	peak	3	Q5397302
Scarr	53.05544	-6.31149	641	peak	4	Q65944700
Y Lliwedd (West Peak)	53.05950	-4.05706	898	peak	8	Q3399839
Gallt y Wenallt	53.05937	-4.02713	619	peak	3	Q5519216
Craig Bron-banog	53.05599	-3.46570	502	peak	3	Q20594708
Carroll's Hill	53.06908	-7.66519	482	peak	4	Q5046501
Castleconor	53.06702	-7.57678	407	peak	4	Q5050480
Mynydd Mawr	53.06956	-4.18113	698	peak	5	Q8521044
Yr Wyddfa	53.06849	-4.07623	1085	peak	50	Q217142
Moel Siabod	53.07320	-3.93399	872	peak	7	Q6890110
Mwdwl-Eithin	53.07243	-3.61799	527	peak	3	Q6944709
Baunreaghcong	53.08352	-7.51346	508	peak	3	Q4873567
Barnacullian	53.08427	-6.39797		peak	6	Q2884668
Moel Tryfan	53.08223	-4.21828	427	peak	4	Q8521126
Garnedd Ugain	53.07555	-4.07521	1065	peak	9	Q3098405
Crib Goch	53.07632	-4.05459	923	peak	10	Q3002568
Pen-y-Pass	53.08064	-4.02048	359	pass	4	Q3374617
Bickerton Hill	53.07590	-2.74593		peak	3	Q4903661
Ridge of Capard	53.09070	-7.48987	482	peak	5	Q7332718
Silsean	53.09196	-6.47345	698	peak	4	Q3483937
Foel Gron	53.08915	-4.15154	629	peak	3	Q5464008
Foel Goch	53.08513	-4.13506	605	peak	6	Q3403878
Moel Cynghorion	53.08544	-4.11334	674	peak	4	Q8520984
Llechog	53.08986	-4.08276	720	peak	3	Q6661954
Wolftrap Mountain	53.09960	-7.58746	487	peak	7	Q8030233
Moanbane	53.10285	-6.45759	703	peak	7	Q3317565
Mullaghcleevaun	53.10361	-6.40661	847	peak	14	Q2639372
Moel Eilio	53.09706	-4.15844	726	peak	4	Q6890086
Tryfan	53.09945	-4.09622	595	peak	12	Q3405438
Glyder Fawr	53.10149	-4.02912	1001	peak	11	Q3109361
Castell Y Gwynt	53.10374	-4.01206	972	peak	4	Q5049676
Glyder Fach	53.10483	-4.00838	994	peak	7	Q5572805
Y Foel Goch	53.10473	-3.97637	805	peak	3	Q8046122
Moel Seisiog	53.10074	-3.70308	468	peak	3	Q106698577
Turlough Hill	53.10756	-9.04105	282	peak	3	Q2460859
Duff Hill	53.11397	-6.36724	721	peak	8	Q3040960
Luggala	53.10509	-6.28361	593	peak	7	Q3366205
Tryfan	53.11493	-3.99758	918	peak	12	Q3405438
Gallt yr Ogof	53.10795	-3.96566	763	peak	5	Q5519218
Moel Gyw	53.10822	-3.23954	467	peak	3	Q6890096
Minninglow Hill	53.11241	-1.68876	372	peak	3	Q1515026
Gravale	53.12418	-6.35029	719	peak	7	Q3115734
Y Garn	53.11571	-4.04708	947	peak	6	Q8519868
Bryn Alyn	53.12307	-3.19685	408	peak	5	Q4980828
Carrigvore	53.13023	-6.32348	682	peak	3	Q5046412
Djouce	53.13086	-6.23991	726	peak	10	Q3033072
Elidir Fawr	53.13076	-4.07611	923	peak	7	Q5360689
Foel Goch	53.13035	-4.05110	831	peak	6	Q3403878
Craiglwyn	53.13011	-3.89908	623	peak	4	Q5181720
Foel Fenlli	53.13135	-3.24970	511	peak	5	Q3401487
War Hill	53.14000	-6.25396	685	peak	8	Q3566211
Carnedd Y Filiast	53.14391	-4.06409	821	peak	5	Q15056727
Mynydd Perfedd	53.13632	-4.05962	812	peak	4	Q6947872
Pen Yr Ole Wen	53.13760	-4.01061	978	peak	7	Q1613487
Pen Llithrig y Wrach	53.14225	-3.92078	799	peak	6	Q7162094
Creigiau Gleision	53.13583	-3.90131	678	peak	5	Q5184037
Creigiau Gleision North Top	53.14233	-3.89468	634	peak	4	Q5184038
Carnedd Dafydd	53.14773	-4.00084	1044	peak	9	Q2939744
Pen yr Helgi Du	53.14756	-3.94752	833	peak	5	Q7162130
Moel Famau	53.15414	-3.25552	551	peak	5	Q3404485
Шведская	53.15329	24.47948	204	peak	3	Q16719724
Tonduff	53.16130	-6.26735	642	peak	6	Q26718594
Maulin	53.15538	-6.23029	570	peak	8	Q3777190
Carnedd Llewelyn	53.16010	-3.97030	1064	peak	14	Q462704
Little Sugar Loaf	53.16616	-6.11567	342	peak	9	Q3079108
Yr Elen	53.16661	-3.98525	962	peak	4	Q8520927
Foel Grach	53.17408	-3.96323	976	peak	5	Q5464007
The Cloud	53.16996	-2.14413		peak	5	Q7723488
Wilseder Berg	53.16762	9.93979	169	peak	6	Q2582532
Kippure	53.17814	-6.33188	757	peak	19	Q788078
Carnedd Gwenllian	53.18296	-3.96635	926	peak	5	Q5523604
Moel Llys-y-coed	53.17992	-3.27107	461	peak	4	Q20600265
Seefingan	53.19247	-6.37462	723	peak	5	Q3477671
Bray Head	53.19047	-6.08375		peak	17	Q902905
Gyrn Wigau	53.18750	-4.01547	615	peak	3	Q5625442
Bera Bach	53.19022	-3.98825	807	peak	4	Q4890955
Foel Fras	53.19465	-3.95257	942	peak	5	Q8520746
Prince William's Seat	53.20214	-6.23960	554	peak	3	Q65956723
Bera Mawr	53.19537	-3.98518	794	peak	3	Q4890959
Llwytmor	53.20391	-3.96350	849	peak	4	Q6662922
Pen y Castell	53.20165	-3.91493	620	peak	4	Q7162123
Penycloddiau	53.20088	-3.30814	440	peak	5	Q7165400
Chrome Hill	53.20309	-1.89571	439	peak	3	Q5113772
Drum	53.20761	-3.93531	770	peak	4	Q5309044
Carrickgollogan Hill	53.21698	-6.15751	328	peak	6	Q5046172
Drosgl	53.22155	-3.93925	621	peak	4	Q5308572
Carnedd y Ddelw	53.21629	-3.93663	688	peak	3	Q8525000
Moel y Parc	53.21975	-3.32041	395	peak	3	Q6890134
Shutlingsloe	53.22322	-2.03681	506	peak	5	Q7505630
Weyerberg	53.21686	8.92389	54	peak	7	Q2566309
Hill of Allen	53.22940	-6.86408	206	peak	10	Q1568968
Mynydd Bangor	53.22529	-4.12300	117	peak	4	Q3403930
Moelfre Uchaf	53.23015	-3.65221	396	peak	6	Q6890140
Axe Edge Moor	53.23258	-1.94898	551	peak	7	Q3425629
Fin Cop	53.23476	-1.74016	327	peak	3	Q1415865
Tibradden Mountain	53.23864	-6.28040	466	peak	7	Q3777165
Two Rock Mountain	53.23914	-6.24510	536	peak	8	Q3778155
Tal y Fan	53.23567	-3.90525	610	peak	5	Q7678728
Halkyn Mountain	53.23818	-3.20654	291	peak	3	Q13130311
Montpelier Hill	53.25171	-6.33033	383	peak	7	Q3072983
Kilmashogue	53.25089	-6.26730	408	peak	6	Q6408004
Moelfre Isaf	53.24698	-3.57292	315	peak	3	Q6890144
Tegg's Nose South Peak	53.24895	-2.08028		peak	3	Q7694731
Shining Tor	53.26066	-2.00952	559	peak	5	Q8520584
Killiney Hill	53.26559	-6.11195	154	peak	5	Q1741377
Dalkey Hill	53.27005	-6.10486	140	peak	5	Q5211075
Mynydd y Dref	53.28266	-3.86168	247	peak	4	Q6947878
Mynydd Marian	53.28104	-3.66420	200	peak	5	Q6947862
Cefn Yr Ogof	53.28165	-3.62596	204	peak	3	Q5057277
Moel Hiraddug	53.29263	-3.40632	262	peak	3	Q6890092
Alderley Edge	53.29380	-2.21304	194	peak	3	Q5535336
Castell Deganwy	53.29779	-3.82964	107	peak	12	Q2969121
Bryn Euryn	53.30263	-3.75396	131	peak	3	Q4980856
Vuurboetsduin	53.29592	5.05683	45	peak	6	Q2535506
Brunsberg	53.30032	9.83201	130	peak	7	Q994059
Mynydd Twr	53.31338	-4.67558	220	peak	14	Q3397850
Bwrdd Arthur	53.30970	-4.12405	164	peak	3	Q5003701
Great Orme	53.33255	-3.85235	207	peak	14	Q3395318
Little Orme	53.32502	-3.78366	141	peak	7	Q3398325
Eldon Hill	53.32710	-1.82788	471	peak	3	Q5354036
Carl Wark	53.32919	-1.61189	370	peak	4	Q5040936
Mynydd Bodafon	53.34356	-4.29602	178	peak	6	Q6947841
Serrahner Berge	53.33854	13.20877	124	peak	3	Q2273958
Croghan Hill	53.34630	-7.27845	287	peak	10	Q598469
Mam Tor	53.34926	-1.80964	517	peak	7	Q6745232
Lose Hill	53.36489	-1.77142	476	peak	3	Q6683521
Win Hill	53.36240	-1.72078	463	peak	3	Q8023629
Ben of Howth	53.37339	-6.06940	171	peak	7	Q3381390
Kinder Scout	53.38482	-1.87390	636	peak	14	Q1741750
Mynydd y Garn	53.38596	-4.53527	170	peak	5	Q14946555
Litberg	53.38740	9.61348	65	peak	4	Q872201
Iorras Beag	53.39562	-9.95859	300	peak	9	Q3057479
Mynydd Eilian	53.40022	-4.29848	177	peak	3	Q20601089
Gannaberg	53.40052	9.86963	150	peak	3	Q1493581
Doon Hill	53.41493	-10.11520		peak	3	Q17177343
Dream	53.41013	-2.72218		peak	5	Q5306269
Hülsenberg	53.40883	9.86826	155	peak	4	Q19285933
Hasselbrack	53.43028	9.86398	116	peak	8	Q877482
Käflingsberg	53.42924	12.85880	100	peak	3	Q30652184
Kiekeberg	53.43631	9.89824	127	peak	6	Q882640
High Stones	53.44559	-1.71857	550	peak	3	Q5757156
Bleaklow Head	53.46129	-1.85891	633	peak	7	Q883307
Oerd Blinkert	53.45748	5.90316	24	peak	3	Q20623137
Binn Leitrí	53.48181	-9.84523	577	peak	6	Q26718400
Cnoc Lios Uachtair	53.48359	-9.71848	401	peak	5	Q26715486
Binn Mhór	53.48325	-9.63001	661	peak	5	Q4914423
Mullach Glas	53.48242	-9.60132	621	peak	13	Q2639406
Corcogemore	53.48203	-9.57841	610	peak	8	Q5169842
Kopiec Jagiełły	53.47953	20.14100		peak	4	Q6881682
Binn Ghleann Uisce	53.48633	-9.85956	516	peak	5	Q26718396
Binn Gabhar	53.49186	-9.83410	664	peak	5	Q26718398
Lackavrea	53.48606	-9.53199	396	peak	4	Q6468682
Binn Bhraoin	53.50004	-9.83453	691	peak	5	Q26718397
Binn Dhoire Chláir	53.49634	-9.78583	677	peak	6	Q26716140
Binn Chaonaigh	53.50255	-9.65820	633	peak	5	Q4914421
An Bhinn Dubh	53.51334	-9.81285	696	peak	6	Q21072706
Binn Chorr	53.50651	-9.79184	711	peak	9	Q4886968
Binn idir an dá Log	53.51381	-9.67678	702	peak	5	Q4863935
Black Chew Head	53.51452	-1.91672	542	peak	5	Q4920526
An Chailleach	53.51895	-9.87661	632	peak	3	Q26718542
Mucanacht	53.52247	-9.85858	654	peak	3	Q26715535
An Bhinn Bhán	53.52125	-9.83171	729	peak	12	Q3776215
Cnoc na hUilleann	53.52186	-9.70399	607	peak	3	Q66084983
Hartshead Pike	53.51880	-2.06127	267	peak	5	Q339641
Letterbreckaun	53.53337	-9.72562	667	peak	6	Q6533629
Benbrack	53.53789	-9.86274	582	peak	5	Q26716390
Black Hill	53.53877	-1.88353	582	peak	7	Q4920939
Binn Ghuaire	53.54826	-9.91470	442	peak	12	Q3026089
Benbaun	53.54720	-9.86397	477	peak	3	Q26718540
Dylewska Góra	53.55049	19.93990	312	peak	7	Q1268797
Waseberg	53.56123	9.79581	87	peak	5	Q2550307
Süllberg	53.55939	9.80119	75	peak	4	Q25240847
Leenaun Hill	53.57214	-9.69985	618	peak	3	Q66372667
Baurs-Berg	53.56608	9.78720	92	peak	4	Q25239306
Tully Mountain	53.58379	-10.00490	356	peak	6	Q25240784
Garraun	53.58483	-9.86267	598	peak	5	Q26716245
Hill of Tara	53.57996	-6.61217	155	peak	38	Q543155
Standedge	53.59037	-1.98278	457	peak	3	Q3496598
Binn Gharbh	53.60072	-9.63858	645	peak	7	Q3776131
Schwarzer Berg	53.59617	9.44545	35	peak	4	Q2253933
Замкавая	53.60197	25.77342	324	peak	7	Q2043224
Малы замак	53.60214	25.82581		peak	4	Q19284125
Курган Бессмяротнасці Адама Міцкевіча	53.60232	25.82621		peak	6	Q13031172
Mám Trasna	53.61337	-9.57084	682	peak	6	Q8525591
Ben Gorm	53.62469	-9.72097	700	peak	8	Q4885732
Knockeyon	53.62319	-7.29682	216	peak	5	Q3777145
Rivington Pike	53.61940	-2.54122	363	peak	4	Q7338889
Holmer Sandberge	53.61803	9.70979	23	peak	4	Q1486225
Winter Hill	53.62982	-2.51590	456	peak	6	Q8026257
Mweelrea	53.63727	-9.83038	814	peak	18	Q1956300
Ben Lugmore	53.64278	-9.79748	803	peak	3	Q66480649
Ben Creggan	53.63688	-9.72825	693	peak	3	Q26716244
Blackstone Edge	53.64376	-2.04366	473	peak	5	Q4923409
Barrclashcame	53.66285	-9.74078	772	peak	5	Q4863274
Faughan Hill	53.66790	-6.79943	111	peak	3	Q5438066
Hail Storm Hill	53.67037	-2.25125	477	peak	4	Q5639197
Hütterberg	53.67764	11.29410	96	peak	3	Q1652656
Schüberg	53.68749	10.17530	63	peak	4	Q2259631
Winter Hill	53.70634	-2.50164	276	peak	6	Q8026257
Stoodley Pike	53.71419	-2.04217	402	peak	3	Q99630710
Slieve Bawn	53.71869	-8.06928	316	peak	4	Q7540423
Silberberg	53.72968	9.05670	74	peak	6	Q1526440
Slieve Na Calliagh	53.74398	-7.11109	329	peak	8	Q7540441
Thieveley Pike	53.74034	-2.19589	448	peak	11	Q921279
Deutscher Olymp	53.74223	9.07611	61	peak	6	Q882416
Croagh Patrick	53.76003	-9.65925	764	peak	28	Q628687
Mullaghmeen	53.76203	-7.28912	258	peak	6	Q6934086
Knockmore	53.80822	-10.02082	462	peak	3	Q6422887
Lad Law (Boulsworth Hill)	53.81675	-2.10842	518	peak	6	Q4949732
Дзяржынская	53.84867	27.06551	345	peak	43	Q921447
Longridge Fell	53.86462	-2.52159	350	peak	5	Q6674251
Pendle Hill	53.86858	-2.29858	558	peak	12	Q3374661
Beacon Fell	53.87981	-2.66219	266	peak	3	Q4875925
Heideberg	53.87780	11.28470	113	peak	5	Q1593934
Golm	53.88632	14.20037	69	peak	6	Q651909
Parlick	53.89976	-2.61673	432	peak	6	Q2053651
Rombald's Moor	53.90307	-1.82700	402	peak	4	Q23018756
Fair Snape Fell	53.91963	-2.61468	520	peak	6	Q1393027
Croaghmoyle	53.92614	-9.37317	430	peak	3	Q26716104
Zirowberg	53.92751	14.19152	56	peak	3	Q30500489
Kalkberg	53.93548	10.31681	87	peak	4	Q1563702
Pariner Berg	53.94470	10.68236	72	peak	3	Q1491706
Grzywacz	53.95232	14.49904	116	peak	3	Q11702851
Buckoogh	53.95531	-9.53170	588	peak	3	Q26716239
Hawthornthwaite Fell Top	53.95771	-2.64307	478	peak	4	Q1591768
Corranabinnia	53.96622	-9.67221	716	peak	3	Q13157137
Trough of Bowland	53.97294	-2.57778		pass	3	Q386049
Croaghaun	53.98410	-10.19654	688	peak	13	Q841068
Birreencorragh	53.98522	-9.48777	698	peak	5	Q4916953
Curlew Mountains	53.99176	-8.38355	255	peak	7	Q5194834
Slievemore	54.00974	-10.05899	671	peak	10	Q1987191
Nephin	54.01323	-9.36836	806	peak	13	Q1650901
Bullaunmore	54.01713	-9.51566	388	peak	3	Q26718457
Grit Fell	54.02376	-2.67766	467	peak	5	Q1500076
Ward's Stone (West)	54.02123	-2.63360	560	peak	4	Q2549111
Ward's Stone	54.02303	-2.62433	563	peak	4	Q2549111
Wolfhole Crag	54.01537	-2.55870	528	peak	4	Q2591972
White Hill	54.02409	-2.49927	544	peak	4	Q1446087
Nephin Beg	54.03115	-9.62919	627	peak	4	Q3776437
Tristia	54.02651	-9.41592	322	peak	3	Q26718460
Clougha Pike	54.02922	-2.69746	410	peak	6	Q1102681
Simon's Seat	54.03417	-1.88112	485	peak	3	Q24638599
Замкавая Гара	54.02534	31.72805		peak	4	Q45113537
Itzespitze	54.04517	9.74235	83	peak	4	Q1312673
Streckelsberg	54.05309	14.01355	58	peak	7	Q2355195
Шапавалы (Маяк)	54.04503	27.14506	334	peak	9	Q2582984
Slieve Alp	54.05503	-9.73262	329	peak	3	Q26716310
Mulciber	54.06056	4.28194	-3340	peak	5	Q93723144
Grimmelsberg	54.05804	10.27466	83	peak	3	Q30665468
Hoher Zwerg	54.05699	13.57496	43	peak	3	Q15115082
Slieve Carr	54.06824	-9.65815	721	peak	5	Q8525580
Mull Hill	54.07267	-4.76883	163	peak	12	Q1473271
Boxberg	54.07032	9.73715	77	peak	4	Q895542
Clermont Carn	54.07927	-6.32151	510	peak	4	Q5131916
Sliabh an Iarainn	54.09255	-7.97204	585	peak	4	Q21283190
Siemierzycka Góra	54.08915	17.40779	256	peak	6	Q9336548
Bradda Hill	54.10439	-4.76353	234	peak	6	Q2923459
Gömnitzer Berg	54.11055	10.74294	97	peak	4	Q1559356
Diedrichshagener Berg	54.10689	11.76422	130	peak	4	Q1220332
Knocknashee	54.11988	-8.67901	276	peak	3	Q6422904
Fountains Fell South Top	54.13299	-2.20236	662	peak	5	Q5474848
Meugher	54.12956	-1.93419		peak	3	Q6825597
Slieve Binnian	54.14198	-5.98006	746	peak	8	Q3259766
Cronk ny Arrey Laa	54.13692	-4.71880	443	peak	5	Q5187720
Fountains Fell	54.13979	-2.20947	668	peak	5	Q5474848
Slieve Rushen	54.15286	-7.64136	404	peak	7	Q2974585
South Barrule	54.14947	-4.66933	483	peak	12	Q147437
Pen-y-ghent	54.15601	-2.24875	694	peak	13	Q1241723
Great Whernside	54.16103	-1.99827	704	peak	5	Q5600229
Ben Crom	54.16630	-5.99057	526	peak	4	Q19460469
Slievelamagan	54.16637	-5.96591	702	peak	3	Q24658780
Ingleborough	54.16629	-2.39787	723	peak	10	Q1164985
Plover Hill	54.17239	-2.23237	680	peak	3	Q7205174
Лысая гара	54.16671	27.53180	342	peak	10	Q2662409
Slieve Meelbeg	54.18382	-6.00825	702	peak	3	Q20713966
Slieve Bearnagh	54.18406	-5.98889	739	peak	6	Q3776468
Slieve Donard	54.18022	-5.92096	849	peak	25	Q550163
Sliabh Fíoch	54.19294	-9.65581	335	peak	3	Q26715757
Knockalongy	54.19419	-8.76024	544	peak	6	Q6422817
Slieve Commedagh	54.18885	-5.93858	767	peak	6	Q3778889
Arnside Knott	54.19018	-2.83504	159	peak	7	Q697500
Hutton Roof Crags	54.19142	-2.68045	274	peak	3	Q8519996
Little Whernside	54.19430	-1.95890	605	peak	5	Q20127904
Pinneberg	54.18641	7.87495	61	peak	5	Q50734
Cuilcagh	54.20075	-7.81174	666	peak	13	Q3544420
Cuilcagh	54.20075	-7.81174	666	peak	13	Q3544420
Buckden Pike	54.20482	-2.06188	702	peak	3	Q4983006
Gragareth	54.20865	-2.48009	627	peak	5	Q5592590
Bungsberg	54.21095	10.72380	168	peak	16	Q3428
Wieżyca	54.22399	18.12307	329	peak	11	Q360129
Green Hill	54.22877	-2.45924	626	peak	5	Q5602650
Whernside	54.22891	-2.40198	737	peak	13	Q1579697
Góra Zamkowa	54.23411	22.88450	228	peak	3	Q9283545
Beinn y Phott	54.24432	-4.48636	544	peak	4	Q19600409
Crag Hill	54.24465	-2.47395	682	peak	3	Q5180594
Great Coum	54.24705	-2.46059	686	peak	3	Q5599008
Cisowa Góra	54.25137	22.90977	256	peak	3	Q9283391
Knocknarea	54.25876	-8.57450	327	peak	14	Q1777377
Slieau Freoaghane	54.26394	-4.54906	489	peak	5	Q7540414
Snaefell	54.26324	-4.46167	621	peak	26	Q147557
Black Combe	54.25775	-3.32858	600	peak	6	Q4920562
Dodd Fell Hill	54.25671	-2.24564	668	peak	5	Q5287729
Calf Top	54.26522	-2.51661	610	peak	4	Q5019574
Olivers Mount	54.26752	-0.40523		peak	4	Q7087358
Great Knoutberry Hill	54.27962	-2.32615	672	peak	3	Q5599397
North Barrule	54.29066	-4.39343	565	peak	9	Q147429
Gummer's How	54.28835	-2.93789	321	peak	4	Q5618171
Great Stickle	54.31387	-3.21312	305	peak	4	Q5600037
Belmore Mountain	54.32386	-7.78869	398	peak	7	Q3777139
Cronk Sumark	54.31739	-4.47388	76	peak	3	Q3003715
Stickle Pike	54.32466	-3.21309	375	peak	5	Q7616267
Top o' Selside	54.31826	-3.06344	333	peak	3	Q8525223
Whitfell	54.32546	-3.29489	573	peak	5	Q7996430
Мілідаўская гара	54.33099	26.37386	320	peak	7	Q2499560
An Bhinn Bhuí	54.33846	-9.82082	255	peak	5	Q4890712
Slieve Beagh	54.33877	-7.19540	380	peak	6	Q4319121
Slieve Croob	54.34006	-5.97340	534	peak	11	Q2485376
Hesk Fell	54.34092	-3.26880	477	peak	4	Q5745672
Caw	54.33977	-3.18525	529	peak	4	Q5055206
Lambrigg Fell	54.34148	-2.63701	340	peak	5	Q6481555
Lovely Seat	54.35077	-2.18764	675	peak	4	Q6692289
Benbulbin	54.36488	-8.47420	526	peak	23	Q816458
Brown Pike	54.35941	-3.13878	682	peak	4	Q4976234
Swarth Fell	54.36497	-2.37724	681	peak	3	Q7653929
Buttertubs Pass	54.35523	-2.20479	526	pass	5	Q5003027
Bakelberg	54.36405	12.40118	18	peak	6	Q804286
Truskmore	54.37422	-8.37163	647	peak	9	Q7848069
Green Crag	54.37371	-3.23284	489	peak	4	Q5602450
Buck Pike	54.36510	-3.13682	744	peak	4	Q4982920
Dow Crag	54.37028	-3.13664	778	peak	6	Q5302606
Old Man of Coniston	54.37065	-3.12145	802	peak	6	Q3881521
Claife Heights	54.36787	-2.95258	270	peak	6	Q5125074
The Calf	54.36782	-2.51328	677	peak	5	Q7720968
Great Shunner Fell	54.37087	-2.23451	716	peak	6	Q5599957
Góra Matemblewska	54.37291	18.52732	160	peak	4	Q18425103
Królewskie Wzgórze	54.36936	18.60366	99	peak	5	Q16569936
Muncaster Fell	54.37579	-3.36318	232	peak	4	Q6935638
Brim Fell	54.37730	-3.12420	796	peak	6	Q4968084
Yarlside	54.38132	-2.48544	639	peak	3	Q8049365
Wild Boar Fell	54.38410	-2.37415	708	peak	5	Q8522165
Schifferberg	54.38136	12.42921	15	peak	3	Q2234975
Harter Fell	54.38691	-3.20455	653	peak	7	Q1554359
Grey Friar	54.39335	-3.14107	773	peak	5	Q5608158
Orrest Head	54.38632	-2.90352	238	peak	5	Q2031590
Hugh Seat	54.38681	-2.29648	689	peak	3	Q5932618
Wielbłądzi Grzbiet	54.39004	19.46990	42	peak	3	Q9372716
Tievebaun	54.39708	-8.35696	611	peak	3	Q16896649
Hardknott Pass	54.40281	-3.18489	393	pass	7	Q1453680
Great Carrs	54.39878	-3.12476	785	peak	4	Q5598935
Swirl How	54.39523	-3.12149	802	peak	5	Q7658811
Wetherlam	54.40049	-3.09796	763	peak	4	Q7990103
Holme Fell	54.39631	-3.05653	316	peak	4	Q5883369
Wiecha	54.40130	18.55003	115	peak	3	Q16614777
Góra Dantyszka	54.40085	18.55682	100	peak	3	Q11703033
Hard Knott	54.41105	-3.18505	550	peak	3	Q20667830
Wrynose Pass	54.41426	-3.11634	393	pass	8	Q2546341
Black Fell	54.40549	-3.01789	323	peak	4	Q4920755
High Seat	54.40631	-2.30649	709	peak	4	Q5756668
Wzgórze Kawowe	54.41312	18.53718	110	peak	3	Q16617317
Wzgórze Pachołek	54.41165	18.55074	101	peak	3	Q9381082
Whin Rigg	54.42017	-3.30987	537	peak	3	Q7993664
Cold Pike	54.42260	-3.13760	700	peak	3	Q5142312
Rogan's Seat	54.42288	-2.12593	672	peak	5	Q7357679
Carlton Bank	54.41608	-1.20127	408	peak	3	Q5042959
Aschberg	54.41726	9.69041	98	peak	5	Q722204
Illgill Head (summit)	54.43294	-3.28267	609	peak	3	Q5999112
Great How	54.42505	-3.23844	522	peak	4	Q24673903
Slight Side	54.43440	-3.21957	762	peak	5	Q7540465
Pike of Blisco	54.42811	-3.12490	703	peak	5	Q7193627
Lingmoor Fell	54.43206	-3.07642	470	peak	5	Q6553901
Wansfell Pike	54.42934	-2.93539	484	peak	5	Q7968079
Sallows	54.42812	-2.87004	516	peak	3	Q7405013
Buckbarrow	54.44315	-3.33424	423	peak	3	Q4982997
Loughrigg Fell	54.43745	-3.00837	335	peak	3	Q6686237
Wansfell (Baystones)	54.43818	-2.92177	487	peak	5	Q7968079
Middle Fell	54.45325	-3.31133	582	peak	4	Q8524368
Sca Fell	54.44751	-3.22474	964	peak	14	Q463145
Scafell Pike	54.45426	-3.21165	978	peak	34	Q1146222
Bowfell	54.44783	-3.16624	903	peak	7	Q599892
Loft Crag	54.45446	-3.11594	682	peak	3	Q6666672
Silver How	54.45068	-3.04289	394	peak	6	Q3960688
Troutbeck Tongue	54.44996	-2.89228	364	peak	3	Q7846638
Yoke	54.45292	-2.86873	707	peak	6	Q8054541
Shipman Knotts	54.44858	-2.81471	587	peak	4	Q7498035
Nine Standards Rigg	54.44996	-2.27047	662	peak	7	Q7038441
Seatallan	54.46402	-3.32828	693	peak	5	Q7441981
Yewbarrow	54.46490	-3.27682	629	peak	6	Q8053335
Lingmell	54.46281	-3.22128	807	peak	5	Q6553899
Broad Crag	54.45738	-3.20691	935	peak	3	Q4971863
Ill Crag	54.45558	-3.19970	931	peak	3	Q5998650
Great End	54.46495	-3.19452	910	peak	7	Q1544269
Esk Hause	54.46258	-3.18537	761	pass	3	Q5397975
Esk Pike	54.45719	-3.17922	885	peak	7	Q571662
Pike of Stickle	54.45640	-3.12138	708	peak	5	Q7193630
Harrison Stickle	54.45689	-3.10948	735	peak	6	Q5665875
Pavey Ark	54.46149	-3.10523	702	peak	3	Q7155851
Blea Rigg	54.46107	-3.07879	542	peak	5	Q3640895
Nab Scar	54.45642	-2.99580	455	peak	3	Q6956689
Low Pike	54.46209	-2.96797	508	peak	3	Q8522795
Ill Bell	54.46202	-2.87086	757	peak	6	Q8523286
Kentmere Pike	54.46265	-2.82603	730	peak	4	Q6392054
Tarn Crag	54.46359	-2.79154	664	peak	3	Q7686371
Grey Crag	54.45787	-2.77722	638	peak	3	Q5608142
Tan Hill	54.45604	-2.16114	526	peak	3	Q7682052
Cold Fell	54.46960	-3.45473	293	peak	4	Q5142252
Allen Crags	54.46636	-3.17915	785	peak	4	Q4731605
Sergeant Man	54.47033	-3.10258	736	peak	3	Q7453396
Tarn Crag	54.47428	-3.07603	549	peak	3	Q7686370
Heron Pike	54.46613	-2.99511	612	peak	4	Q5743511
High Pike	54.47099	-2.96680	657	peak	5	Q5756116
Red Screes	54.47059	-2.93262	779	peak	5	Q7304998
Kirkstone Pass	54.46606	-2.92483	454	pass	7	Q1355802
Froswick	54.46894	-2.87299	720	peak	6	Q5506236
Donas	54.46936	18.43607	206	peak	9	Q1559133
Haycock	54.48456	-3.32155	797	peak	6	Q5686220
Red Pike	54.48392	-3.28987	826	peak	4	Q7304724
Kirk Fell	54.48332	-3.24407	802	peak	6	Q6415426
Great Gable	54.48207	-3.21921	899	peak	8	Q1502223
Seathwaite Fell	54.48102	-3.19126	601	peak	3	Q7441993
Glaramara	54.48385	-3.16535	783	peak	8	Q5566677
High Raise	54.47597	-3.11125	762	peak	8	Q3785531
Calf Crag	54.48422	-3.07947	537	peak	4	Q5019563
Gibson Knott (Wainwright Cairn)	54.48109	-3.05582	420	peak	3	Q5559361
Helm Crag	54.47503	-3.04081	405	peak	5	Q3784701
Great Rigg	54.48489	-2.99570	766	peak	6	Q5599865
Little Hart Crag	54.48190	-2.94718	637	peak	3	Q6650264
Middle Dodd	54.47798	-2.93152	654	peak	3	Q6841306
Caudale Moor	54.48263	-2.90784	755	peak	7	Q2351670
Stony Cove Pike	54.48206	-2.90010	764	peak	7	Q2351670
Thornthwaite Crag	54.48262	-2.87896	784	peak	3	Q7796479
Mardale Ill Bell	54.48340	-2.85412	760	peak	5	Q6758612
Harter Fell	54.47642	-2.83534	778	peak	7	Q1587106
Branstree	54.48268	-2.80757	712	peak	5	Q898852
Caw Fell	54.48688	-3.34121	697	peak	4	Q5055207
Great Scoat Fell	54.48918	-3.30645	802	peak	3	Q7434211
Steeple	54.49338	-3.30219	819	peak	4	Q7605918
Scoat Fell	54.49088	-3.29919	841	peak	3	Q7434211
Green Gable	54.48571	-3.21378	801	peak	4	Q5602567
Base Brown	54.49260	-3.19777	646	peak	4	Q4866362
Steel Fell	54.49116	-3.05216	553	peak	3	Q7605671
Seat Sandal	54.49485	-3.01400	737	peak	5	Q7441966
Hart Crag	54.49272	-2.97691	823	peak	5	Q8523556
Dove Crag	54.48542	-2.96695	792	peak	7	Q5302396
High Hartsop Dodd	54.48861	-2.93770	519	peak	4	Q5755591
Dent	54.50235	-3.48160	351	peak	6	Q5259366
Pillar	54.49748	-3.28118	892	peak	7	Q1578792
Brandreth	54.49647	-3.21429	715	peak	4	Q4957164
Grey Knotts	54.50235	-3.21020	697	peak	4	Q5608186
Bessyboot	54.50220	-3.14682	551	peak	3	Q7370012
Ullscarf	54.49990	-3.09552	723	peak	5	Q7879207
Fairfield	54.49705	-2.99163	873	peak	9	Q1393223
Hartsop Above How	54.49960	-2.95391	586	peak	4	Q5675312
Hartsop Dodd	54.49854	-2.91043	619	peak	4	Q5675307
Gray Crag	54.49746	-2.88534	698	peak	4	Q5598167
Flat Fell	54.50986	-3.46493	272	peak	4	Q5457746
Grike	54.51374	-3.41484	488	peak	4	Q5609151
High Crag	54.51461	-3.26740	745	peak	6	Q5755259
Hay Stacks	54.50724	-3.24731	597	peak	4	Q5687267
Honister Pass	54.51148	-3.19895	356	pass	6	Q1317484
High Crag	54.51403	-3.01585	884	peak	4	Q5755264
Dollywaggon Pike	54.50864	-3.01114	858	peak	4	Q5289375
St Sunday Crag	54.51195	-2.97583	841	peak	3	Q7595497
Brock Crags	54.51488	-2.90260	561	peak	4	Q4972705
The Knott	54.50632	-2.87081	739	peak	3	Q7744884
Rampsgill Head (summit)	54.50807	-2.86125	792	peak	3	Q7290050
Kidsty Pike	54.50552	-2.85497	781	peak	5	Q1630654
High Raise	54.51336	-2.85380	804	peak	3	Q8523085
Roseberry Topping	54.50543	-1.10744	322	peak	5	Q8519110
Crag Fell	54.51671	-3.39606	523	peak	4	Q5180590
High Stile	54.52158	-3.28770	806	peak	5	Q5757152
Fleetwith Pike	54.51654	-3.22814	649	peak	4	Q5458482
Great Crag	54.52220	-3.12934	449	peak	3	Q5599015
Nethermost Pike	54.51898	-3.01543	891	peak	3	Q1710017
Birks (summit)	54.52072	-2.95903	624	peak	4	Q4916505
Angletarn Pikes South Top	54.52417	-2.90640	564	peak	4	Q4763401
Great Borne	54.53496	-3.35546	616	peak	6	Q5598794
Starling Dodd	54.52972	-3.32721	633	peak	5	Q7602094
Red Pike	54.52743	-3.29859	755	peak	5	Q7304725
Dale Head	54.52723	-3.20236	754	peak	5	Q5210476
Castle Crag	54.53318	-3.16164	290	peak	4	Q5050033
Armboth Fell	54.53407	-3.08825	479	peak	3	Q4792916
Helvellyn	54.52697	-3.01754	950	peak	19	Q427283
Catstycam	54.53349	-3.00892	890	peak	3	Q1051296
Arnison Crag	54.52634	-2.93851	433	peak	4	Q4794845
Angletarn Pikes	54.52530	-2.90802	566	peak	4	Q4763401
The Nab	54.52888	-2.87572	576	peak	3	Q7752998
Aukštojas	54.52696	25.62569	294	peak	31	Q771431
Juozapinės kalnas	54.53107	25.62778	293	peak	11	Q1566132
Robinson	54.54080	-3.23514	738	peak	3	Q7352976
Hindscarth	54.53786	-3.21375	727	peak	3	Q5766230
High Spy	54.53561	-3.18514	653	peak	3	Q5757096
Grange Fell - Brund Fell (Wainwright)	54.53609	-3.13882	415	peak	3	Q5595648
Grange Fell - Brund Fell (summit)	54.53642	-3.13799	417	peak	3	Q5595648
High Tove	54.53882	-3.10021	515	peak	3	Q5757320
Birkhouse Moor	54.53501	-2.98531	718	peak	4	Q4916487
Place Fell	54.54427	-2.92070	657	peak	6	Q7200218
Wether Hill	54.54321	-2.84244	672	peak	3	Q7990068
Kruopynės kalnas	54.54263	25.48463	294	peak	7	Q5259356
Gavel Fell (summit)	54.55401	-3.36744	524	peak	4	Q5528033
Hen Comb	54.55084	-3.34323	506	peak	3	Q8524249
Rannerdale Knotts	54.55262	-3.28907	355	peak	3	Q7293388
Maiden Moor	54.55315	-3.18159	575	peak	3	Q6735387
High Seat	54.55261	-3.10372	609	peak	3	Q8520428
Sheffield Pike	54.55489	-2.97699	676	peak	4	Q7492731
Glenridding Dodd	54.54948	-2.95925	442	peak	5	Q5569278
Beda Fell	54.54647	-2.88440	509	peak	4	Q4878972
Loadpot Hill	54.55475	-2.84211	672	peak	4	Q6663387
Piekberg	54.55338	13.62813	161	peak	6	Q880315
Blake Fell	54.56456	-3.37721	573	peak	4	Q4924383
Mellbreak	54.55559	-3.31825	511	peak	3	Q6813053
Whiteless Pike	54.55936	-3.26935	660	peak	3	Q8522424
Knott Rigg	54.55869	-3.24258	556	peak	3	Q6423107
Stybarrow Dodd	54.56111	-3.01745	844	peak	4	Q7629297
Steel Knotts	54.55524	-2.86681	432	peak	3	Q7605685
Brock Crag	54.56264	-2.84782	562	peak	4	Q4972705
Grasmoor	54.57161	-3.27787	852	peak	7	Q5597404
Wandope	54.56631	-3.25706	774	peak	3	Q7967285
Crag Hill	54.57178	-3.25020	839	peak	4	Q5180593
Sail	54.57135	-3.24180	773	peak	3	Q7400126
Ard Crags	54.56697	-3.22818	581	peak	5	Q4787758
Cat Bells	54.56835	-3.17066	451	peak	7	Q5051616
Bleaberry Fell	54.56636	-3.10614	590	peak	4	Q4925709
Watsons Dodd	54.56692	-3.02896	789	peak	3	Q7974780
Hart Side	54.56872	-2.99294	756	peak	4	Q5674240
Hallin Fell	54.57040	-2.87853	388	peak	4	Q5642994
Bonscale Pike	54.57184	-2.84740	524	peak	4	Q4942583
Burnbank Fell	54.57596	-3.37837	475	peak	4	Q4999614
Outerside	54.58216	-3.22214	568	peak	3	Q7112053
Causey Pike	54.57679	-3.21008	637	peak	6	Q5054664
Walla Crag	54.58160	-3.12034	379	peak	6	Q4476111
Great Dodd	54.57572	-3.01939	857	peak	6	Q5599075
Low Fell (summit)	54.59137	-3.33661	422	peak	3	Q6692862
Whiteside	54.58591	-3.28515	707	peak	4	Q7996253
Whiteside East Top	54.58737	-3.27782	719	peak	4	Q7996253
Whiteside-Gasgale Crags Summit	54.58832	-3.27292	703	peak	4	Q7996253
Ladyside Pike	54.59329	-3.26300	704	peak	6	Q5899843
Hopegill Head	54.58805	-3.26168	770	peak	6	Q5899843
Sand Hill	54.58547	-3.25948	756	peak	6	Q5899843
Grisedale Pike	54.59177	-3.24205	790	peak	6	Q5609620
Barrow	54.58569	-3.19746	455	peak	5	Q4863859
Swinside	54.59154	-3.17258	245	peak	4	Q7658766
High Rigg	54.58843	-3.07157	356	peak	3	Q5756296
Clough Head	54.59365	-3.03236	726	peak	6	Q5135800
Gowbarrow Fell	54.58811	-2.91816	481	peak	6	Q5590005
Divis	54.61128	-6.01847	478	peak	9	Q3777361
Black Mountain	54.60539	-5.99877	389	peak	6	Q3777392
Fellbarrow	54.60584	-3.34467	416	peak	3	Q5442444
Whinlatter	54.61287	-3.24488	525	peak	4	Q7993675
Little Mell Fell	54.60802	-2.89445	505	peak	5	Q6650900
Dunmallard Hill	54.61412	-2.82559	240	peak	3	Q5315484
Great Mell Fell	54.61985	-2.93565	537	peak	6	Q5599559
Mickle Fell	54.61564	-2.30199	790	peak	10	Q1140310
Graystones	54.62622	-3.27503	455	peak	3	Q5598437
Broom Fell	54.63218	-3.24788	510	peak	3	Q4975251
Lord's Seat	54.62779	-3.23392	552	peak	3	Q6678860
Barf	54.62964	-3.21812	469	peak	3	Q4860483
Blease Fell	54.63368	-3.06738	804	peak	10	Q4925984
Dufton Pike	54.63388	-2.46656	481	peak	3	Q5312421
Dodd	54.63561	-3.17213	502	peak	4	Q5287724
Skiddaw Little Man	54.63991	-3.13762	865	peak	3	Q7535057
Blencathra	54.63998	-3.04972	868	peak	10	Q4925984
Stollberg	54.64452	8.94780	43	peak	5	Q20662
Sliabh Liag	54.65166	-8.70721	596	peak	22	Q1120038
Cavehill	54.64821	-5.95064	368	peak	13	Q56693
Ullock Pike	54.64825	-3.17249	690	peak	3	Q8523259
Long Side	54.64548	-3.16547	734	peak	3	Q6673242
Skiddaw	54.65138	-3.14777	930	peak	13	Q2292191
Mungrisdale Common	54.65320	-3.06842	632	peak	3	Q8521449
Souther Fell	54.65325	-3.00171	522	peak	3	Q7569554
Rowokół	54.65573	17.20997	115	peak	8	Q485633
Mullaghcarn	54.67430	-7.20941	542	peak	7	Q6934082
Bakestall	54.66635	-3.13907	674	peak	4	Q4849338
Little Calva	54.67326	-3.11453	642	peak	4	Q5598918
Great Calva	54.67073	-3.10111	691	peak	4	Q5598918
Bowscale Fell	54.66554	-3.03506	702	peak	4	Q4951412
Knock Fell	54.66655	-2.43361	794	peak	3	Q24640155
Great Dun Fell	54.68415	-2.45157	847	peak	9	Q1544260
Little Cockup	54.69307	-3.14684	399	peak	3	Q13129570
Great Cockup	54.68967	-3.12875	526	peak	5	Q5598977
Knott	54.68698	-3.09328	710	peak	5	Q6423088
Round Knott	54.69425	-3.03425	603	peak	6	Q5046490
Carrock Fell	54.69348	-3.02282	662	peak	6	Q5046490
Little Dun Fell	54.69126	-2.46013	842	peak	18	Q1141169
Gedimino kalnas	54.68687	25.29145	141	peak	5	Q9283406
Bekešo kalnas	54.68590	25.29836	152	peak	3	Q12650618
Little Sca Fell	54.69790	-3.10395	633	peak	4	Q5599926
Great Sca Fell	54.69511	-3.10102	651	peak	4	Q5599926
Miton Hill	54.69751	-3.04237	607	peak	6	Q5046490
Cross Fell	54.70294	-2.48671	893	peak	18	Q1141169
Binsey	54.70880	-3.20419	447	peak	4	Q4914510
Longlands Fell	54.70839	-3.12527	483	peak	4	Q6674053
Brae Fell	54.70639	-3.10537	585	peak	6	Q4955293
High Pike	54.70542	-3.05874	658	peak	5	Q8523008
Caer Mote	54.72284	-3.24962	289	peak	5	Q5016874
Slieve Gallion	54.73181	-6.76127	527	peak	7	Q7540432
Slievetrue	54.73202	-5.91027	312	peak	4	Q8529664
Burnhope Seat	54.73261	-2.33632	748	peak	6	Q1016785
Torpenhow Hill	54.73966	-3.23478	205	peak	4	Q7826754
Rantzauhöhe	54.74083	8.99722	45	peak	4	Q2131154
An Chruach Ghorm	54.75417	-8.08103	674	peak	6	Q5187024
Łącka Góra	54.74842	17.43298	30	peak	6	Q353704
Faulds Brow	54.75641	-3.08999	344	peak	4	Q5438107
Scheersberg	54.76220	9.72438	70	peak	3	Q1420341
Collier Law	54.77104	-1.97637		peak	3	Q24651786
Black Fell	54.79331	-2.54870	664	peak	6	Q4920758
Гальтгарбен	54.80701	20.23611	110	peak	5	Q1492736
Sawel	54.81970	-7.03940	678	peak	11	Q3776414
Mullaghmore	54.84977	-6.85096	550	peak	5	Q6934095
Slemish	54.88137	-6.09741	438	peak	12	Q743542
Cold Fell	54.89390	-2.61624	621	peak	5	Q5142254
Benbradagh	54.94447	-6.87396	465	peak	10	Q3776754
Uwe-Düne	54.95422	8.33054	52	peak	4	Q2504148
Cairnsmore of Fleet	54.97576	-4.34273	711	peak	8	Q5017736
Loughermore	54.98531	-7.08075	396	peak	6	Q6686202
Holywell Hill	54.99878	-7.39825	313	peak	3	Q5887189
An Earagail	55.03431	-8.11303	751	peak	20	Q1361608
Mac Uchta	55.04057	-8.09439	555	peak	8	Q3366198
Trostan	55.04571	-6.15536	550	peak	8	Q3999762
Mochrum Fell	55.05297	-3.99838	317	peak	3	Q24659028
An Eachla Mhór	55.06280	-8.07950	581	peak	9	Q3378181
Lamachan Hill	55.06302	-4.45280	716	peak	6	Q6480761
Ard Loch na mBreac Beadaí	55.06805	-8.07087	472	peak	8	Q3362059
Tievebulliagh	55.07435	-6.13244	402	peak	7	Q1141583
Na Leargacha	55.08276	-8.02529	471	peak	9	Q3366210
Loughsalt Mountain	55.08549	-7.79214	469	peak	5	Q17634354
Rambynas	55.08776	22.02113	46	peak	16	Q1793504
Burnswark Hill	55.09570	-3.27786	287	peak	3	Q116267740
Muckish	55.10567	-7.99374	667	peak	13	Q922101
Binevenagh	55.11421	-6.91638	385	peak	8	Q3777160
Rytterknægten	55.11170	14.88934	162	peak	8	Q1128011
Benyellary	55.12408	-4.48698	719	peak	4	Q4890738
Craignaw	55.12052	-4.41822	645	peak	4	Q5181742
Sighty Crag	55.12107	-2.62661	520	peak	3	Q7512124
Merrick	55.13930	-4.46848	843	peak	19	Q3086209
Kirriereoch Hill	55.15213	-4.48104	786	peak	7	Q6416012
Mullwharchar	55.14976	-4.42793	692	peak	4	Q15260217
Knocklayd	55.16209	-6.25109	514	peak	7	Q3198034
Corserine	55.15508	-4.35908	814	peak	5	Q5173148
Гаршэва	55.16317	30.79032	296	peak	7	Q2500934
Trebjerg	55.17151	10.21632	128	peak	3	Q23734826
Shalloch on Minnoch	55.18475	-4.50735	768	peak	6	Q7487260
Slieve Snaght	55.19638	-7.33432	615	peak	5	Q7540443
Успенская гара	55.19552	30.20171		peak	4	Q4477972
Urris Hills	55.22282	-7.51869	417	peak	6	Q3552457
Kobanke	55.22405	12.01061	123	peak	4	Q23746153
Cnoc na Sleá	55.23326	-7.80643	217	peak	4	Q17354364
Raghtin More	55.25598	-7.46783	502	peak	5	Q22084213
Cairnsmore of Carsphairn	55.25602	-4.21277	797	peak	7	Q5017732
Queensberry	55.28120	-3.59382	697	peak	7	Q177611
Tosson Hill	55.27840	-1.99395	442	peak	4	Q7827883
Sklandytojų kopa	55.28055	20.97966	50	peak	3	Q12652919
Peel Fell	55.29017	-2.59057	603	peak	5	Q8525194
Parnidžio kopa	55.29493	20.99064	52	peak	7	Q16468842
Cauldcleuch Head	55.29683	-2.85760	619	peak	4	Q24653258
Maiden Paps	55.31288	-2.78802	510	peak	3	Q6735390
Urbo kalnas	55.30526	20.99502	51	peak	6	Q4476861
Loch Fell	55.32973	-3.30963	688	peak	3	Q24640737
Carter Bar	55.35436	-2.47767	418	pass	4	Q2569822
Vecekrugo kalnas	55.35457	21.03911	67	peak	4	Q16475711
Ettrick Pen	55.35647	-3.26448	692	peak	5	Q24643091
Ladakalnis	55.36635	25.99057	175	peak	3	Q4252502
Lowther Hill	55.37794	-3.75305	725	peak	4	Q24639326
Shillhope Law	55.38083	-2.20157	501	peak	4	Q7496665
Green Lowther	55.38987	-3.73754	732	peak	4	Q24641276
Skirpsto kopa	55.40928	21.07196	52	peak	3	Q16472579
White Coomb	55.42256	-3.32366	821	peak	6	Q7994603
Skamlingsbanken	55.41872	9.56572	113	peak	7	Q4587893
Rubers Law	55.43228	-2.66475	424	peak	4	Q7376039
Windy Gyle	55.43062	-2.23009	619	peak	6	Q8520875
Hedgehope Hill	55.47192	-2.09035	714	peak	6	Q5697321
Munkebo bakke	55.46745	10.57123	58	peak	3	Q23743222
The Cheviot	55.47849	-2.14775	816	peak	10	Q8519896
Замри-гора	55.48875	35.48961	310	peak	4	Q4185998
Tighvein	55.49979	-5.16989	458	peak	6	Q7801662
Broad Law	55.49831	-3.35292	840	peak	7	Q4971895
Elvig Høj	55.50751	9.57994		peak	3	Q23748965
Dollar Law	55.53732	-3.30388		peak	3	Q24649338
Raganų kalnas	55.53761	21.10918	42	peak	11	Q2028073
Ard Beinn	55.54566	-5.25846	512	peak	5	Q8076495
Culter Fell	55.54622	-3.50270	747	peak	6	Q5193156
Gyldenløveshøj	55.54860	11.85605	126	peak	6	Q12314722
Yeavering Bell	55.55753	-2.11408	361	peak	4	Q8051018
Pykestone Hill	55.56798	-3.31292		peak	4	Q24639148
Dun Rig	55.57221	-3.18515	744	peak	4	Q24648069
Tinto Hill	55.59170	-3.66259	711	peak	5	Q8519816
Housedon Hill North Top	55.58978	-2.15685	268	peak	4	Q5915765
Housedon Hill	55.58800	-2.15661	268	peak	4	Q5915765
Loudoun Hill	55.61475	-4.21052	316	peak	6	Q4588903
Beinn Tarsuinn	55.62216	-5.24126	826	peak	9	Q3398060
Beinn Bharrain	55.62786	-5.34361	717	peak	3	Q24656733
North Goatfell	55.63263	-5.19465	810	peak	21	Q1533452
Goat Fell	55.62583	-5.19199	874	peak	21	Q1533452
Medvėgalis	55.62895	22.38892	235	peak	8	Q3501117
Cìr Mhòr	55.63920	-5.22237	799	peak	7	Q3398015
Caisteal Abhail	55.64989	-5.22931	859	peak	8	Q3356591
Воўчая гара	55.66476	27.32459	211	peak	3	Q942780
Beinn Sholum	55.67323	-6.13878	347	peak	3	Q814807
Windlestraw Law	55.67751	-3.00094	659	peak	4	Q24636769
Corse Hill	55.69133	-4.23127	376	peak	4	Q24652015
Creag Ghlas Laggan	55.69860	-5.21989	444	peak	5	Q268121
Beinn Uraraidh	55.71100	-6.13039	456	peak	3	Q814810
Bowbeat Hill	55.71098	-3.12771		peak	3	Q96373869
Dunsyre Hill	55.72496	-3.48065		peak	4	Q24662615
Beinn Tart a' Mhill	55.72578	-6.44409	232	peak	4	Q814808
Beinn Bhàn	55.73024	-6.13898	471	peak	3	Q814798
Beinn Bheigeir	55.73304	-6.09606	491	peak	9	Q814805
Dundreich	55.72977	-3.15657	622	peak	3	Q96376730
Peatrig Hill	55.72948	-3.01772	454	peak	3	Q7158470
North Muir Hill	55.74463	-3.42919		peak	3	Q24661178
Harrows Law	55.76159	-3.50775		peak	3	Q24662619
Darlees Rig	55.76254	-3.49142		peak	3	Q24661186
Catstone Hill	55.75941	-3.44018		peak	4	Q24661182
Henshaw Hill	55.77460	-3.49863		peak	3	Q24661192
Millstone Rig	55.77175	-3.46357		peak	3	Q24662621
King Seat	55.76667	-3.40971		peak	3	Q24661188
Craigengar	55.78118	-3.45086		peak	4	Q24666780
Byrehope Mount	55.77828	-3.42005	534	peak	3	Q24662621
Faw Mount	55.77601	-3.38121	416	peak	3	Q24661189
Šaukštelio piliakalnis	55.78422	22.48586	216	peak	3	Q12679570
Mealowther	55.78796	-3.46873		peak	4	Q20191566
Mount Maw	55.78533	-3.36966	534	peak	3	Q24661211
Dirrington Great Law	55.78680	-2.48305		peak	3	Q5280920
Halidon Hill	55.78691	-2.05139	164	peak	6	Q5642090
Torweaving	55.79721	-3.48119		peak	4	Q20850720
Colzium Hill	55.79527	-3.44896		peak	4	Q24661196
Grain Heads	55.79894	-3.37052		peak	4	Q20190875
Patie's Hill	55.80331	-3.33714		peak	4	Q20191150
West Cairn Hill	55.81062	-3.42589	562	peak	3	Q20850716
Wether Law	55.81029	-3.37790	519	peak	4	Q20850714
Spittal Hill	55.81358	-3.33380	526	peak	3	Q19309312
East Cairn Hill	55.81920	-3.39250	567	peak	6	Q20190410
Cock Rig	55.81997	-3.35370	478	peak	4	Q18923098
Green Law	55.82162	-3.33090	526	peak	4	Q19284351
Braid Law	55.82060	-3.30599	436	peak	3	Q19275699
Hill of Stake	55.82938	-4.75778	522	peak	6	Q8530079
Cap Law	55.82534	-3.31796	497	peak	4	Q19277070
West Kip	55.83136	-3.31403	551	peak	4	Q19311564
East Kip	55.83398	-3.30617	534	peak	4	Q19278728
South Black Hill	55.83100	-3.29352	563	peak	5	Q19309268
Dubh Bheinn	55.84205	-6.01097	510	peak	3	Q24649421
Hare Hill	55.84349	-3.32323	449	peak	5	Q19284945
Scald Law	55.83618	-3.29217	579	peak	6	Q7429700
Carnethy Hill	55.84383	-3.27345	573	peak	6	Q5044016
Abbey Hill	55.84417	-2.39040	278	peak	9	Q3777601
Dyret	55.84301	10.56308	51	peak	4	Q23748915
Black Hill	55.85493	-3.29829	501	peak	4	Q19365408
Turnhouse Hill	55.85074	-3.25938	506	peak	4	Q20827295
Meikle Says Law	55.84710	-2.67021	533	peak	4	Q24639482
Maglebjerg	55.84861	12.46856	91	peak	4	Q23745030
Bell's Hill	55.86574	-3.27159	406	peak	4	Q19365303
Šatrijos kalnas	55.87264	22.55812	229	peak	7	Q12679546
Capelaw Hill	55.88039	-3.25462	454	peak	4	Q20190378
Fala Knowe	55.87621	-3.23866	439	peak	3	Q24661159
Allermuir Hill	55.88249	-3.23721	493	peak	4	Q20190322
Caerketton Hill	55.88306	-3.22140	478	peak	5	Q20190374
Beinn a' Chaolais	55.88825	-6.01830	733	peak	9	Q3776172
Beinn an Òir	55.90241	-6.00413	785	peak	11	Q3776103
Beinn Shiantaidh	55.90192	-5.97856	757	peak	10	Q3398045
Sgarbh Breac	55.91292	-6.15343	364	peak	5	Q1752937
Dechmont Law	55.91113	-3.54703	217	peak	3	Q5249131
Birutės kalnas	55.90567	21.05302	22	peak	3	Q16445896
Wester Craiglockhart Hill	55.91745	-3.23634	175	peak	3	Q8537792
Easter Craiglockhart Hill	55.92108	-3.23041	157	peak	3	Q8537792
Blackford Hill	55.92306	-3.19468	164	peak	13	Q3915784
Cairnpapple Hill	55.92775	-3.62287	312	peak	10	Q1025955
Arthur's Seat	55.94407	-3.16160	251	peak	30	Q712311
Corstorphine Hill	55.95095	-3.27149	162	peak	5	Q5173199
Castle Rock	55.94817	-3.19967	130	peak	13	Q8522896
Bar Hill	55.95907	-4.07197	150	peak	3	Q24656404
Calton Hill	55.95556	-3.18226	103	peak	24	Q1199959
Traprain Law	55.96331	-2.67153	221	peak	8	Q1119359
Cruach nan Capull	55.97110	-5.05317	611	peak	5	Q5189748
Duncolm	55.96599	-4.45154	401	peak	3	Q5314702
Ballebjerg	55.97029	10.52761	64	peak	4	Q23750379
Skid Hill	55.97834	-2.79150		peak	4	Q56465417
Møllehøj	55.97746	9.82633	171	peak	34	Q689106
Yding Skovhøj	55.99251	9.79581	171	peak	21	Q529888
Sauleskalns	55.99732	27.23924	210	peak	13	Q2564367
Rainberg Mòr	56.02017	-5.90592	454	peak	3	Q24639185
Earl's Seat	56.02570	-4.29633	578	peak	5	Q24648076
Rallate	56.02779	13.26522		peak	3	Q10717030
Beinn Bhreac	56.04994	-5.85960	467	peak	3	Q24656757
North Berwick Law	56.04880	-2.71382	187	peak	10	Q458972
Beinn Mhor	56.07260	-5.04163	741	peak	5	Q4881334
Ben Garrisdale	56.08394	-5.80387	373	peak	3	Q24643649
Beinn Chaorach	56.09334	-4.75442	713	peak	4	Q20581243
Gillies Hill	56.09921	-3.97841	170	peak	3	Q15221689
Beinn Eich	56.11449	-4.73204	702	peak	3	Q20581512
Himmelbjerget	56.10521	9.68508	147	peak	18	Q1619098
Clach Bheinn	56.11547	-4.87591	437	peak	3	Q5124856
Ellemandsbjerg	56.11670	10.52469	99	peak	5	Q2691993
Beinn Bheula	56.14177	-4.97207	779	peak	6	Q41208
Cruach nam Miseag	56.14106	-4.92594	606	peak	3	Q5189745
Doune Hill	56.13624	-4.75258	734	peak	8	Q13127936
Beinn Reithe	56.14671	-4.85190	652	peak	8	Q35366
Beinn Lochain	56.16336	-4.96381	703	peak	8	Q3777211
Beinn Bhreac	56.16306	-4.70490	681	peak	4	Q20581162
Dumyat	56.15748	-3.87625	418	peak	12	Q1265168
Myreton Hill	56.16251	-3.83900	387	peak	3	Q6948171
Cnoc Coinnich	56.16666	-4.84655	764	peak	5	Q5137384
Tullich Hill	56.16785	-4.74938	632	peak	5	Q13132054
Benarty Hill	56.16604	-3.36424	356	peak	6	Q4886867
Cruach Scarba	56.17669	-5.72199	449	peak	19	Q746262
Stob na Boine Druim-fhinn	56.18042	-4.95162	658	peak	4	Q7617766
Sorring Loddenhøj	56.18135	9.79034	148	peak	4	Q23746333
Mullach Coire a'Chuir	56.18820	-4.94853	639	peak	3	Q116622
The Brack	56.18774	-4.82853	787	peak	5	Q7719786
Ben Lomond	56.19036	-4.63329	974	peak	26	Q816556
Craigmore	56.18803	-4.40227	387	peak	3	Q30609179
Ben Cleuch	56.18561	-3.76954	721	peak	4	Q4885437
Ben Donich	56.19793	-4.87326	847	peak	8	Q3778412
Beinn an Fhògharaidh	56.20302	-4.45840		peak	3	Q30061638
Cruach nam Mult	56.20758	-4.95512	611	peak	4	Q5189747
Ben Arthur (The Cobbler)	56.21318	-4.80915	884	peak	20	Q41210
Cruinn a' Bheinn	56.21119	-4.63742	632	peak	3	Q13127566
Beinn Narnain	56.22145	-4.78940	926	peak	13	Q41206
Stob an Eas	56.22527	-4.92737	732	peak	5	Q7617764
Beinn an Lochain	56.23073	-4.87533	901	peak	8	Q41214
Beinn Luibhean	56.23125	-4.83631	858	peak	7	Q41205
A' Chrois	56.23093	-4.76322	848	peak	8	Q3396248
Ben Venue	56.22501	-4.46236	729	peak	13	Q2895592
Agri Bavnehøj	56.22988	10.53651	137	peak	8	Q396522
Beinn Ìme	56.23688	-4.81676	1011	peak	12	Q3396753
Ben A'an	56.24268	-4.41875	454	peak	7	Q15198353
Beinn Chorranach	56.24653	-4.81811	888	peak	6	Q3398093
Ben Vane	56.24960	-4.78176	916	peak	12	Q35364
West Lomond	56.24547	-3.29683	522	peak	5	Q7985784
Binnein an Fhidhleir	56.25551	-4.88443	811	peak	8	Q41212
Ben Ledi	56.25861	-4.32212	879	peak	11	Q816543
Ben Vorlich	56.27401	-4.75507	943	peak	12	Q35374
Cruach Mhòr	56.28492	-5.14075	589	peak	4	Q59247123
Beinn a' Choin	56.28048	-4.65832	770	peak	3	Q20580790
Benvane	56.29330	-4.36845	821	peak	7	Q13125989
Meall Mòr	56.30075	-4.61367	747	peak	4	Q20598369
Stob a' Choin	56.30968	-4.56019	869	peak	6	Q20598586
Beinn Each	56.31388	-4.26236	813	peak	7	Q20581452
Beinn Damhain	56.31683	-4.77905	684	peak	3	Q13125831
Stob Breac	56.31570	-4.51256	685	peak	3	Q13131639
Sgiath a' Chaise	56.32382	-4.29189	645	peak	3	Q13131294
Beinn Bhuidhe	56.32669	-4.90678	948	peak	12	Q41204
Meall an Fhudair	56.33379	-4.79889	764	peak	4	Q13130056
Beinn Chabhair	56.32579	-4.64143	933	peak	9	Q4881329
Beinn a' Chroin	56.33232	-4.60850	942	peak	10	Q4881350
Stùc a' Chroin	56.32926	-4.23754	975	peak	13	Q6979322
Cairnie Hill	56.32633	-3.16689	228	peak	4	Q5017697
An Caisteal	56.33855	-4.62449	995	peak	10	Q1811796
Beinn Tulaichean	56.34222	-4.56329	946	peak	8	Q4881340
Creag Mhòr	56.33583	-4.41151	657	peak	3	Q20595389
Ben Vorlich	56.34267	-4.21947	985	peak	13	Q4886615
Mount Hill	56.33592	-3.08370	221	peak	3	Q8523603
Maol Bàn	56.35084	-5.75006	338	peak	3	Q24656378
Cruach Ardrain	56.35645	-4.57620	1046	peak	11	Q5189746
Stob Garbh	56.36480	-4.57368	959	peak	5	Q7617760
Ben Our	56.35970	-4.24173	733	peak	3	Q13125966
Moncreiffe Hill	56.36445	-3.39949	223	peak	5	Q6898542
Stob Binnein	56.37078	-4.53563	1165	peak	11	Q939376
Norman's Law	56.36917	-3.12651	285	peak	4	Q1724240
Lysnet	56.37232	9.97221	131	peak	4	Q23745017
Creach Bheinn	56.38393	-6.17996		peak	3	Q24662559
Ben Buie	56.37533	-5.88163	717	peak	7	Q20582240
Creach Beinn	56.38207	-5.81971	698	peak	7	Q20595055
Beinn Bhalgairean	56.37501	-4.91218	636	peak	5	Q13125804
Meall an t-Seallaidh	56.38044	-4.36259	852	peak	4	Q13130059
Högalteknall	56.37551	13.04020	226	peak	4	Q1643483
Beinn a' Chleibh	56.39024	-4.83564	916	peak	9	Q3402891
Ben Oss	56.38932	-4.77540	1029	peak	12	Q3397500
Beinn Dubhchraig	56.39134	-4.74329	978	peak	12	Q3397916
Ben More	56.38601	-4.54006	1174	peak	16	Q3395632
Kinnoull Hill	56.38967	-3.39986	222	peak	5	Q8525354
Pass of Brander	56.40144	-5.14608		pass	5	Q18129252
Ben Lui	56.39707	-4.81061	1130	peak	14	Q3397729
Fiarach	56.39759	-4.68371	650	peak	3	Q13128436
Creag MacRanaich	56.39989	-4.35802	809	peak	3	Q13127337
Beinn a` Bhuiridh	56.40896	-5.09063	897	peak	3	Q13125910
Ben More	56.42483	-6.01404	966	peak	16	Q3355693
Corra-bheinn	56.41965	-5.93571	704	peak	4	Q20594568
Beinn na Sroine	56.42126	-4.86355	636	peak	3	Q13125928
Beinn Chuirn	56.42361	-4.78915	880	peak	9	Q3405785
Ben Cruachan	56.42678	-5.13182	1126	peak	13	Q3395413
Stob Diamh	56.43134	-5.09144	998	peak	5	Q20598746
Meall Odhar	56.43008	-4.76172	656	peak	4	Q6803531
Beinn Talaidh	56.44433	-5.85538	761	peak	7	Q13125881
Sgùrr Dearg	56.44024	-5.78997	741	peak	4	Q20735458
Beinn Donachain	56.44148	-4.92321	650	peak	3	Q20581390
Beinn a' Chochuill	56.44986	-5.06941	980	peak	8	Q20580779
Beinn Eunaich	56.45012	-5.02648	989	peak	8	Q13125846
Beinn Chaluim	56.45467	-4.61926	1025	peak	13	Q3397111
Sgiath Chùil	56.45292	-4.49528	921	peak	10	Q7459755
Ben Chonzie	56.45388	-3.99208	931	peak	12	Q3397984
Dùn da Ghaoithe	56.46045	-5.77950	766	peak	9	Q5320418
Beinn Udlaidh	56.45888	-4.79199	840	peak	5	Q13125895
Meall Glas	56.45585	-4.54661	959	peak	10	Q6803530
Beinn Cheathaich	56.46022	-4.52688	937	peak	5	Q20598254
Beinn Mhic-Mhonaidh	56.47303	-4.90980	796	peak	3	Q20581842
Beinn Bhreac-liath	56.46707	-4.75469	802	peak	3	Q13125814
Beinn Odhar	56.46767	-4.70042	901	peak	11	Q4881337
Dunsinane Hill	56.47063	-3.27792		peak	14	Q68340
Dundee Law	56.47010	-2.98939	174	peak	10	Q458148
King's Seat	56.48284	-3.25087	377	peak	5	Q6411097
Beinn nan Lus	56.49297	-5.03766	709	peak	3	Q20581930
Beinn a' Chaisteil	56.49050	-4.68623	886	peak	8	Q3776205
Creag Mhòr	56.48949	-4.61406	1032	peak	11	Q3399612
Shee of Ardtalnaig	56.49095	-4.06458	759	peak	3	Q20597284
Meall Tairbh	56.49847	-4.84197	665	peak	3	Q13130038
Beinn Dorain	56.50284	-4.72216	1076	peak	13	Q3500856
Beinn Mòlurgainn	56.51064	-5.22125	690	peak	3	Q13125873
Beinn nam Fuaran	56.50745	-4.66445	806	peak	3	Q13125932
Beinn Heasgarnich	56.51027	-4.57928	1078	peak	10	Q3404889
Creagan na Beinne	56.50698	-4.04166	888	peak	5	Q5183318
Beinn Bhreac	56.51772	-5.23872	726	peak	3	Q20581103
Beinn nan Aighenan	56.52017	-5.01114	960	peak	7	Q13125934
Beinn Suidhe	56.51864	-4.90797	676	peak	5	Q20581969
Meall nan Sùbh	56.52442	-4.50397	806	peak	3	Q20598674
Meall nan Tarmachan	56.52165	-4.30141	1044	peak	13	Q3397160
Creach Bheinn	56.53019	-5.21507	810	peak	5	Q24652080
Beinn an Dothaidh	56.53014	-4.71399	1004	peak	10	Q4881355
Beinn Mhanach	56.53403	-4.64605	953	peak	9	Q4881335
Meall na Cnap Làraich	56.52562	-4.44190	846	peak	3	Q13130028
Meall Ghaordaidh	56.52583	-4.41668	1039	peak	9	Q3397873
Ben Starav	56.53892	-5.04980	1078	peak	9	Q3401190
Glas Bheinn Mhòr	56.54242	-5.00531	997	peak	9	Q11699906
Beinn nan Oighreag	56.54010	-4.37325	909	peak	3	Q20581941
Meall Corranaich	56.54081	-4.25344	1069	peak	8	Q13130011
Beinn Ghlas	56.53600	-4.23704	1103	peak	11	Q3399686
Ben Lawers	56.54490	-4.22087	1214	peak	22	Q603956
Beinn Trilleachan	56.54801	-5.11526	839	peak	5	Q20581990
Stob Coir'an Albannaich	56.55488	-4.97984	1044	peak	7	Q20598675
Beinn Achaladair	56.55166	-4.69513	1038	peak	11	Q3397457
Auchterhouse Hill	56.54510	-3.05144	426	peak	3	Q17514020
Craigowl Hill	56.54779	-3.01500	455	peak	5	Q5181748
Meall nan Eun	56.56115	-4.94296	928	peak	7	Q11772726
Meall Buidhe	56.55781	-4.67028	981	peak	10	Q6803524
Beinn a' Chreachain	56.56038	-4.64762	1081	peak	9	Q4881349
An Stùc	56.56027	-4.21592	1118	peak	11	Q4750226
Kinpurney Hill	56.56268	-3.10385	345	peak	4	Q17515175
Speinne Mòr	56.57357	-6.07267	444	peak	4	Q24637547
Beinn Sgulaird	56.56623	-5.17039	937	peak	11	Q3397054
Stob Ghabhar	56.56814	-4.88211	1090	peak	10	Q3397066
Stob a' Choire Odhair	56.57329	-4.83821	945	peak	10	Q3397012
Meall Bhuidhe	56.57038	-4.56177	907	peak	5	Q6803526
Stùchd an Lochain	56.57094	-4.47063	960	peak	10	Q7627414
Meall a' Choire Leith	56.56654	-4.25983	926	peak	6	Q18340181
Meall Garbh	56.56626	-4.20755	1118	peak	11	Q3397767
Meall Greigh	56.56742	-4.16009	1001	peak	10	Q3397835
Ark Hill	56.57082	-3.04752	339	peak	3	Q4791631
Stob Dubh	56.59499	-4.98823	883	peak	4	Q13131659
Beinn Fhionnlaidh	56.60104	-5.10489	959	peak	8	Q13125851
Beinn Ceitlein	56.59891	-4.97123	832	peak	3	Q13131658
Clach Leathad	56.60263	-4.86828	1097	peak	3	Q13127377
Beinn Mhic Chasgaig	56.60971	-4.90000	864	peak	5	Q20581831
Creise	56.61451	-4.87190	1100	peak	11	Q3397147
Meall a' Bhùiridh	56.61227	-4.85212	1108	peak	12	Q6803540
Meall nan Aighean	56.60689	-4.49247	790	peak	9	Q20598397
Sgùrr na h-Ulaidh	56.61980	-5.08007	994	peak	9	Q13131307
Stob a' Ghlais Choire	56.62359	-4.87111	996	peak	3	Q20595778
Meall Buidhe	56.61725	-4.44858	930	peak	10	Q6803524
Càrn Gorm	56.62251	-4.22605	1029	peak	12	Q3397747
Meall nan Aighean	56.62056	-4.12871	981	peak	9	Q20598397
Meall Lighiche	56.62851	-5.10740	772	peak	3	Q20598315
Beinn Maol Chaluim	56.62732	-5.04067	907	peak	3	Q13125863
Stob na Broige	56.62983	-4.95120	956	peak	4	Q20585357
Càrn Mairg	56.63462	-4.14572	1041	peak	12	Q5202305
Bidean nam Bian	56.64274	-5.02933	1150	peak	13	Q4904101
Stob Coire Sgreamhach	56.63837	-5.01026	1072	peak	8	Q7617759
Stob Dubh	56.63834	-4.97069	958	peak	11	Q4982096
Stob na Doire	56.63679	-4.92424	1010	peak	4	Q13126372
Meall Garbh	56.63748	-4.20763	968	peak	9	Q3403834
Sgòrr Dhònuill	56.65049	-5.19800	1001	peak	4	Q13125908
Sgòrr a' Choise	56.64885	-5.12588	663	peak	3	Q13131315
Stob Coire nam Beith	56.64564	-5.03689	1107	peak	3	Q20582884
Stob Coire nan Lochan	56.64885	-5.02181	1115	peak	4	Q9345885
Stob Coire Raineach	56.64993	-4.95161	925	peak	6	Q20585329
Stob Dearg	56.64685	-4.89876	1021	peak	4	Q20585347
Cruachan Chàrna	56.66189	-5.88867	170	peak	10	Q2939675
Creach Bheinn	56.66201	-5.47624	853	peak	9	Q5183309
Aonach Dubh	56.65800	-5.01920	888	peak	3	Q20582872
Beinn a' Chrùlaiste	56.66895	-4.86353	857	peak	5	Q16984004
Schiehallion	56.66693	-4.10030	1083	peak	18	Q948061
Farragon Hill	56.67487	-3.89417	783	peak	5	Q13128375
Sgor nam Fiannaidh	56.67939	-5.03714	967	peak	6	Q13131320
Meall Dearg	56.68087	-5.00288	953	peak	3	Q13130017
Meall a' Bhalach	56.67805	-4.84220	707	peak	3	Q13129998
Stob na Cruaiche	56.67691	-4.67257	739	peak	3	Q20598838
Ben Laga	56.69183	-5.84968	512	peak	3	Q24662426
Sgorr na Cìche	56.68894	-5.06285	742	peak	13	Q2401372
Ben Hiant	56.69600	-6.02345	528	peak	3	Q24641531
Garbh Bheinn	56.70451	-5.42506	885	peak	6	Q5522023
Tom Meadhoin	56.71223	-5.12692	621	peak	3	Q13131938
Beinn Bheag	56.71666	-5.40974	736	peak	3	Q65044582
Beinn Resipol	56.72724	-5.65261	845	peak	5	Q24639239
Beinn a' Chuallaich	56.72909	-4.15154	891	peak	9	Q4881351
Beinn na h-Uamha	56.74272	-5.40817	762	peak	3	Q65043596
Stob Bàn	56.74401	-5.03052	999	peak	10	Q926932
Am Bodach	56.74174	-4.98335	1032	peak	12	Q3355649
Na Gruagaichean	56.74368	-4.93993	1056	peak	10	Q3399676
Glas Bheinn	56.73607	-4.84795	792	peak	3	Q65049050
Beinn na Cloiche	56.74486	-4.80746	646	peak	3	Q20581855
Beinn a' Bhric	56.73958	-4.75179	876	peak	3	Q20592200
Leum Uilleim	56.73901	-4.73111	909	peak	8	Q3397076
Sgùrr Dhòmhnuill	56.75486	-5.45383	888	peak	7	Q7459800
Mullach nan Coirean	56.74985	-5.07242	939	peak	11	Q3397100
Sgor an Iubhair	56.74501	-5.00193	1001	peak	3	Q13131350
Stob Coire a' Chairn	56.75075	-4.96909	981	peak	12	Q6979999
Binnein Mor	56.75442	-4.92582	1130	peak	11	Q3396990
Sgùrr Eilde Mòr	56.74997	-4.89543	1010	peak	12	Q6980184
Ben Vrackie	56.74900	-3.71732	841	peak	13	Q2658333
Sgùrr a' Mhàim	56.75594	-5.00365	1099	peak	11	Q3397511
An Gearanach	56.75917	-4.96623	982	peak	12	Q3355685
Carn Dearg	56.75993	-4.58992	941	peak	7	Q13126600
Càrn na Nathrach	56.77246	-5.46058	786	peak	3	Q65041656
Binnein Beag	56.76698	-4.91108	943	peak	12	Q4914434
Sgòr Gaibhre	56.77257	-4.54656	955	peak	7	Q13131298
Sotan	56.78323	-7.64375	193	peak	18	Q1732919
Creag Ghuanach	56.78212	-4.78507	621	peak	3	Q20595252
White Caterthun	56.78413	-2.74208	300	peak	5	Q2706758
Càrn Dearg	56.78595	-5.02075	1020	peak	3	Q13125964
Sgurr a'Bhuic	56.78831	-4.94166	964	peak	3	Q20578248
Beinn na Lap	56.78939	-4.65998	935	peak	7	Q24640268
Stob an Aonaich Mhoir	56.79336	-4.39633	855	peak	3	Q20598598
Mealna Letter	56.78923	-3.37412	702	peak	3	Q20592130
Brown Caterthun	56.79091	-2.72910	286	peak	5	Q2706758
Stob Coire a' Chearcaill	56.80318	-5.24951	771	peak	3	Q65070492
Ben Nevis	56.79686	-5.00353	1345	peak	78	Q104674
Aonach Beag	56.79998	-4.95417	1234	peak	14	Q2412502
Sgùrr Choinnich Mòr	56.80043	-4.90401	1094	peak	5	Q24678009
Sròn Coire na h-Iolaire	56.80175	-4.43656	956	peak	3	Q20581079
Badandun Hill	56.79623	-3.29838	740	peak	3	Q20580048
Meall an t-Suidhe	56.81112	-5.04950	711	peak	4	Q20597879
Càrn Dearg Meadhonach	56.80976	-4.98936	1180	peak	3	Q3009622
Càrn Mòr Dearg	56.80525	-4.98666	1220	peak	14	Q3009632
Aonach Mòr	56.81295	-4.96174	1221	peak	15	Q2395787
Stob Coire Easain	56.81255	-4.89333	1078	peak	11	Q7617762
Stob Coire an Laoigh	56.81090	-4.88488	1117	peak	10	Q3397894
Stob Bàn	56.81067	-4.84091	977	peak	8	Q7617758
Ben Alder	56.81382	-4.46505	1148	peak	12	Q2895316
Beinn Bheoil	56.81328	-4.43069	1019	peak	8	Q13125810
Càrn Liath	56.80778	-3.74410	975	peak	5	Q20588040
Sgùrr Ghiubhsachain	56.81862	-5.48292	849	peak	6	Q7459803
Beinn na Socaich	56.81934	-4.89140	1007	peak	3	Q20598692
Stob Choire Claurigh	56.82379	-4.84986	1177	peak	12	Q3355709
Stob Coire Easain	56.81819	-4.77373	1115	peak	11	Q7617762
Stob a' Choire Mheadhoin	56.82339	-4.76091	1105	peak	11	Q3397176
Monamenach	56.82029	-3.35164	807	peak	3	Q20600474
Sgurr Innse	56.83367	-4.80276	809	peak	3	Q13131339
Stob Coire Sgriodain	56.83177	-4.69498	979	peak	6	Q13131652
Chno Dearg	56.83008	-4.66088	1046	peak	11	Q3397045
Beinn Eibhinn	56.82594	-4.54454	1102	peak	6	Q20581498
Aonach Beag	56.83350	-4.52921	1116	peak	8	Q20578271
Sgairneach Mhòr	56.82855	-4.29768	991	peak	11	Q6979246
Bràigh Coire Chruinn-bhalgain	56.83118	-3.72972	1070	peak	9	Q3397088
Rois-Bheinn	56.83761	-5.68039	882	peak	6	Q7359882
Beinn Odhar Bheag	56.84232	-5.53246	882	peak	3	Q65067783
Geal-Chàrn	56.83785	-4.50972	1132	peak	11	Q3397385
Beinn Udlamain	56.83551	-4.32990	1011	peak	11	Q4881346
The Sow of Atholl	56.83811	-4.25515	803	peak	7	Q7765606
Càrn nan Gabhar	56.83982	-3.68806	1121	peak	9	Q3397088
An Stac	56.85091	-5.67049	814	peak	3	Q65069891
Cruach Innse	56.84663	-4.82112	857	peak	3	Q13127443
Creag Leacach SW top	56.85114	-3.39631		peak	3	Q20595292
Creag Leacach	56.85463	-3.38780	987	peak	6	Q20595273
Mayar	56.84899	-3.24628	928	peak	7	Q13129980
Driesh	56.84803	-3.19649	946	peak	11	Q3397180
Cnap Cruinn	56.85855	-4.78525	742	peak	3	Q13127166
Carn Dearg	56.85521	-4.45475	1034	peak	6	Q3009610
A' Mharconaich	56.85767	-4.28987	975	peak	10	Q3395421
Boar of Badenoch	56.85757	-4.26288	738	peak	4	Q13125515
Càrn a' Chlamain	56.86097	-3.77960	963	peak	11	Q3504083
Finalty Hill	56.85841	-3.29692	900	peak	3	Q13129985
Beinn Chlianaig	56.86624	-4.80688	724	peak	4	Q20581258
Beinn a' Chlachair	56.86953	-4.50964	1087	peak	8	Q13125902
Geal-charn	56.87447	-4.30455	917	peak	6	Q20596610
A' Bhuidheanach Bheag	56.87047	-4.19889	936	peak	12	Q3356582
Glas Tulaichean	56.86582	-3.55824	1051	peak	10	Q5566699
Càrn a' Gheòidh	56.87310	-3.46669	975	peak	11	Q3397737
Glas Maol	56.87307	-3.36828	1068	peak	13	Q3397722
Monega Hill	56.86524	-3.33624	889	peak	5	Q13130217
Gaiziņkalns	56.87004	25.95936	312	peak	40	Q1122342
An Sgùrr	56.88397	-6.16577	393	peak	13	Q3358819
Beinn Dearg	56.87717	-3.88349	1008	peak	7	Q13125832
Càrn an Rìgh	56.87662	-3.59526	1029	peak	6	Q20587816
The Cairnwell	56.87954	-3.42116	933	peak	11	Q6981143
Glas-chàrn	56.89492	-5.53757	633	peak	3	Q13128647
Aodann Chleireig	56.88965	-5.29489	663	peak	3	Q20578236
Beinn Iutharn Mhòr	56.89497	-3.56825	1045	peak	8	Q13125858
Cairn of Claise	56.89418	-3.33863	1064	peak	9	Q17293983
Tom Buidhe	56.89361	-3.29241	957	peak	7	Q20600734
Salgerhøj	56.89394	8.78629	89	peak	3	Q23739872
Meall Onfhaidh	56.90422	-5.27053	681	peak	3	Q20598785
Creag Pitridh	56.89973	-4.48495	924	peak	6	Q20595431
Geal Chàrn	56.89778	-4.45720	1049	peak	7	Q13128596
An Dùn	56.89515	-4.10814	827	peak	3	Q13125500
A' Chaoirnich	56.90171	-4.07758	875	peak	3	Q13129923
An Socach	56.90202	-3.51251	944	peak	10	Q4750222
Càrn Aosda	56.89576	-3.42322	917	peak	11	Q3397885
Tolmount	56.90449	-3.29814	958	peak	7	Q13131933
Binnein Shuas	56.90962	-4.52559	747	peak	3	Q13126015
Carn na Caim	56.91173	-4.17449	941	peak	7	Q13126662
Càrn an Tuirc	56.90817	-3.35767	1019	peak	9	Q17293933
Meith Bheinn	56.92475	-5.58191	710	peak	3	Q13130097
Streap	56.92307	-5.37619	909	peak	8	Q7622721
Meall a'Phubuill	56.91781	-5.23920	774	peak	5	Q20597778
Broad Cairn	56.91915	-3.24897	998	peak	8	Q20584166
Cairn O' Mount Pass	56.91703	-2.57760	454	pass	5	Q5017670
Braigh nan Uamhachan	56.92663	-5.32914	765	peak	5	Q13126192
Beinn Bhàn	56.92526	-5.05693	796	peak	6	Q17081355
Beinn a' Chaorainn	56.92862	-4.65364	1052	peak	10	Q4881347
An Sgarsoch	56.93191	-3.75440	1006	peak	8	Q13125504
Càrn Bhac	56.93050	-3.56084	946	peak	6	Q24656723
Cairn Bannoch	56.92765	-3.27834	1010	peak	8	Q13126494
An Stac	56.94142	-5.50818	718	peak	3	Q20577902
Sgùrr nan Coireachan	56.93572	-5.44855	955	peak	8	Q20597149
Sgùrr Thuilm	56.93703	-5.38918	963	peak	11	Q3406232
Gulvain	56.93622	-5.28454	987	peak	12	Q3403886
Beinn Teallach	56.93597	-4.69473	915	peak	5	Q13125882
Binnein Shìos	56.93787	-4.47932	667	peak	3	Q13126018
Càrn an Fhidhleir	56.93588	-3.80170	994	peak	7	Q13126657
Càrn an t-Sagairt Mòr	56.94413	-3.30422	1047	peak	6	Q20587823
Mullach Coire nan Geur-oirean	56.95289	-5.20967	727	peak	3	Q13130279
Creag Mèagaidh	56.95202	-4.60206	1128	peak	12	Q3397446
Càrn a' Choire Bhòidheach	56.94574	-3.27271	1110	peak	7	Q20587777
Mount Battock	56.94925	-2.74195	778	peak	6	Q13130257
Ruinsival	56.96010	-6.35035	528	peak	3	Q24662553
Càrn Mòr	56.96231	-5.45088	829	peak	7	Q5202303
Stob Poite Coire Ardair	56.96468	-4.58368	1054	peak	5	Q24677999
Meall nan Eagan	56.95714	-4.30904	658	peak	3	Q20598576
Meall Chuaich	56.96388	-4.11256	951	peak	8	Q13130010
Cac Càrn Beag	56.96024	-3.24526	1156	peak	13	Q1867453
Dzegužkalns	56.96226	24.06956	28	peak	5	Q4160761
Heabhal	56.96632	-7.46860	383	peak	9	Q1345347
Ainshval	56.96561	-6.31472	781	peak	4	Q24662562
Askival	56.97444	-6.29153	812	peak	12	Q1813869
Mount Keen	56.96984	-2.97362	939	peak	12	Q1638167
Braid Cairn	56.97378	-2.94467	886	peak	3	Q13130256
Hill of Cat	56.97278	-2.84908	742	peak	4	Q13129083
Clachnaben	56.96854	-2.63639	579	peak	8	Q5124867
Hallival	56.98388	-6.28897	723	peak	3	Q24641387
Bidein a' Chabair	56.97997	-5.47754	867	peak	5	Q20582910
Meall Coire Lochain	56.98470	-4.93873	906	peak	3	Q20598512
Càrn Liath	56.97879	-4.51532	1006	peak	6	Q13126622
Morrone	56.98084	-3.42959	859	peak	8	Q6914195
Fraoch Bheinn	56.99335	-5.31678	858	peak	4	Q65068496
Meall na Teanga	56.98850	-4.93092	918	peak	10	Q6803534
Meallach Mhòr	56.99297	-4.01517	769	peak	3	Q13130087
Àrd Nev	57.00191	-6.37113	556	peak	3	Q24662558
Sgùrr Còs na Breachd-laoidh	56.99706	-5.37793	835	peak	3	Q20596847
Druim a' Chuirn	57.00071	-5.35656	815	peak	3	Q20596856
Sgùrr Mhurlagain	56.99849	-5.27369	880	peak	5	Q13131342
Meall an Tagraidh	57.00260	-4.97525	761	peak	3	Q13130057
Càrn Dearg Mòr	56.99690	-3.93878	857	peak	6	Q3009623
Orval	57.00551	-6.39387	571	peak	3	Q24638935
Beinn Bhuidhe	57.01014	-5.58922	855	peak	5	Q20581224
Meall Bhasiter	57.01406	-5.54767	718	peak	3	Q13129997
Sgùrr na Cìche	57.01346	-5.45682	1040	peak	13	Q3481115
Garbh Chìoch Mhòr	57.00852	-5.44428	1013	peak	8	Q13128558
Sgùrr nan Coireachan	57.00710	-5.40546	953	peak	7	Q13131387
Sgùrr Chòinich	57.00707	-5.08626	749	peak	3	Q20596866
Meall na h-Eilde	57.00887	-4.99054	838	peak	7	Q6803544
Sròn a' Choire Ghairbh	57.00785	-4.92871	937	peak	10	Q7586587
Mullach Clach a'Bhlair	57.01191	-3.84124	1019	peak	8	Q19460443
Beinn Bhrotain	57.00986	-3.72379	1157	peak	11	Q3397864
Carn Dearg	57.01575	-4.70734	768	peak	3	Q3009611
Cairn-mon-earn	57.01797	-2.35964	378	peak	5	Q5017669
Meall Buidhe	57.03158	-5.54631	946	peak	10	Q17701138
Beinn an Aodainn	57.03074	-5.46351	887	peak	7	Q13125943
Sgùrr Mòr	57.02845	-5.35424	1003	peak	9	Q20597001
Sgùrr an Fhuarain	57.02863	-5.31781	901	peak	3	Q13131361
Ben Tee	57.03227	-4.90080	904	peak	10	Q3403914
Monadh Mor	57.02689	-3.75026	1113	peak	8	Q13130213
Bejsebakke	57.03258	9.90189	59	peak	3	Q4881556
Gairich	57.04487	-5.25583	919	peak	12	Q3403803
The Devil's Point	57.03573	-3.68871	1004	peak	10	Q1164285
Càrn a' Mhàim	57.03687	-3.65839	1037	peak	10	Q3403854
Sgùrr Coire Choinnichean	57.04767	-5.64414	779	peak	3	Q13131322
Luinne Bheinn	57.04906	-5.51583	939	peak	11	Q17627391
Corrieyairack Pass	57.05167	-4.60851	770	pass	5	Q5172977
Creag Dhubh	57.04610	-4.18115	756	peak	4	Q20595207
Cairn Toul	57.05439	-3.71070	1291	peak	16	Q1025930
Beinn Bhreac	57.05470	-3.55437	931	peak	9	Q4881325
Ben Tighe	57.06399	-6.53376	180	peak	3	Q24637925
Sgùrr a' Choire-bheithe	57.05694	-5.47148	913	peak	5	Q20596732
Geal Chàrn	57.05752	-4.37354	926	peak	3	Q24680053
Sgor an Lochain Uaine	57.05834	-3.72573	1258	peak	15	Q767214
Derry Cairngorm	57.06272	-3.62292	1155	peak	11	Q5263178
Slat Bheinn	57.06813	-5.44863	700	peak	3	Q13131482
Sgor Gaoith	57.06859	-3.81093	1118	peak	12	Q3397414
Ben Macdui	57.07039	-3.66913	1309	peak	25	Q816560
Beinn Sgritheann	57.07998	-7.29175	185	peak	5	Q814806
Ladhar Bheinn	57.07528	-5.59169	1020	peak	14	Q2750737
Sgùrr nan Eugallt	57.08461	-5.41579	894	peak	7	Q7459829
Creag Liath	57.07849	-4.20630	743	peak	3	Q20595314
Braeriach	57.07817	-3.72883	1296	peak	17	Q897186
Spìdean Mialach	57.08895	-5.19358	996	peak	9	Q13131534
Càrn Dearg	57.09228	-4.25327	945	peak	11	Q3009625
Lairig Ghru	57.09150	-3.69611		pass	5	Q2899018
Beinn a' Chaorainn	57.09333	-3.57759	1082	peak	10	Q3403899
Beinn a' Bhùird North Top	57.08761	-3.49941	1196	peak	13	Q3355661
Beinn na Caillich	57.09831	-5.64027	785	peak	5	Q4881354
Gleouraich	57.09715	-5.23806	1035	peak	12	Q3401392
Beinn Mheadhoin	57.09593	-3.61148	1182	peak	12	Q814812
Leabaidh an Daimh Bhuidhe	57.09934	-3.43443	1171	peak	12	Q3397469
Sgùrr a' Mhaoraich	57.10558	-5.33036	1027	peak	11	Q7459810
A' Chailleach	57.10960	-4.17941	930	peak	6	Q13125301
Èiseabhal	57.11952	-7.33243	243	peak	7	Q5327477
Druim Fada	57.11750	-5.47913	713	peak	7	Q20591894
Aonach air Chrith	57.12458	-5.22121	1021	peak	9	Q13125562
Creag a' Mhaim	57.12098	-5.16010	947	peak	7	Q13127355
Druim nan Cnàmh	57.12169	-5.08677	789	peak	5	Q20581717
Carn Sgulain	57.12433	-4.17702	918	peak	4	Q24677932
Cairn Gorm	57.11677	-3.64449	1244	peak	16	Q1025927
Brown Cow Hill	57.12426	-3.28740	829	peak	3	Q13128552
Càrn a'Bhacain	57.12487	-3.17178	744	peak	3	Q20587754
Morven	57.12262	-3.03091	871	peak	6	Q6915164
Maol Chinn-dearg	57.12753	-5.25274	981	peak	7	Q13129919
Druim Shionnach	57.12680	-5.18284	987	peak	6	Q20591945
Meall Dubh	57.12804	-4.90050	788	peak	5	Q13130022
Meikle Geal Chàrn	57.13106	-3.32232	802	peak	3	Q13126296
Sgurr an Lochain	57.14123	-5.29752	1004	peak	7	Q20596828
Sgùrr an Doire Leathain	57.13689	-5.28153	1010	peak	9	Q20596819
Bynack More	57.13782	-3.58478	1090	peak	12	Q3397024
Craiglich	57.13740	-2.77309	476	peak	3	Q5181714
Beinn Sgritheall	57.15376	-5.57964	974	peak	13	Q3401380
Sgùrr na Sgine	57.14710	-5.39664	946	peak	10	Q7459821
Creag nan Damh	57.14729	-5.33501	918	peak	9	Q13127363
Beinn Ruigh Choinnich	57.15661	-7.28403	276	peak	5	Q4881338
Sgúrr na Laire Brice	57.15772	-5.48990	709	peak	4	Q20597077
The Saddle	57.16185	-5.41670	1010	peak	10	Q7761994
Faochag	57.15611	-5.38336	909	peak	3	Q20597094
Beinn Aoidhdailean	57.16880	-5.49702	633	peak	4	Q20580989
Aonach Meadhoin	57.17306	-5.22919	1001	peak	12	Q3403907
Sgurr an Fhuarail	57.17500	-5.22159		peak	3	Q20578358
Carn Ghluasaid	57.16598	-5.06811	957	peak	6	Q24677957
Cnap Chaochan Aitinn	57.17246	-3.41468	715	peak	3	Q13127167
Brimmond Hill	57.17235	-2.23855	266	peak	6	Q16255469
Biod an Fhithich	57.17823	-5.39171	644	peak	3	Q13126021
Sgùrr na Ciste Duibhe	57.18090	-5.33697	1027	peak	11	Q7459817
Sgùrr nan Spainteach	57.18198	-5.32526	990	peak	5	Q13131367
Sàileag	57.18111	-5.28103	956	peak	11	Q7665193
Sgùrr a' Bhealaich Dheirg	57.17777	-5.25217	1036	peak	11	Q7459807
Am Bàthach	57.17948	-5.18966	798	peak	8	Q3406610
A' Chràileag	57.18425	-5.15485	1120	peak	14	Q3356604
Sgurr nan Conbhairean	57.17761	-5.09545	1109	peak	9	Q13131393
Meall a' Bhuachaille	57.18361	-3.67113	810	peak	7	Q6803532
Sgùrr na Càrnach	57.18911	-5.34920	1002	peak	11	Q7459815
A' Chioch	57.18975	-5.13089	943	peak	3	Q20574691
Sail Chaorainn	57.19179	-5.09107	1002	peak	7	Q20596004
Liath Bheinn	57.19335	-3.37323	665	peak	3	Q20592277
Knøsen	57.19496	10.29215	136	peak	4	Q11981391
Sgùrr Dubh Mòr	57.20490	-6.21188	944	peak	9	Q13194813
Sgùrr nan Eag	57.19580	-6.21103	924	peak	8	Q24677937
Sgúrr Mhic Bharraich	57.19994	-5.44923	779	peak	5	Q20596960
Sgùrr Fhuaran	57.19616	-5.34779	1067	peak	12	Q7459802
Ciste Dhubh	57.19927	-5.20905	979	peak	12	Q5122288
Cnoc Fraing	57.20463	-3.97742	744	peak	3	Q13127170
Geal Chàrn	57.19602	-3.50675	821	peak	4	Q24643686
Beinn a' Chruinnich	57.20327	-3.26438	772	peak	3	Q20587952
Sgùrr Dearg	57.21396	-6.23484	977	peak	13	Q1862487
The Inaccessible Pinnacle	57.21328	-6.23470	986	peak	13	Q1862487
Sgùrr Mhic Choinnich	57.20907	-6.22389	948	peak	13	Q2883967
Sgùrr Alasdair	57.20670	-6.22374	992	peak	19	Q1786941
Beinn Bhuidhe	57.20927	-5.36356	869	peak	3	Q13131331
Sgùrr nan Saighead	57.20605	-5.35472	929	peak	5	Q13131332
Mullach Fraoch-choire	57.20542	-5.15562	1102	peak	10	Q13130274
Sgùrr na Banachdaich	57.22098	-6.24171	965	peak	11	Q3775711
Blà Bheinn	57.21957	-6.09316	928	peak	12	Q3775703
Sgùrr na Mòraich	57.21921	-5.37126	875	peak	5	Q13131333
Beinn Fhada	57.22101	-5.28355	1032	peak	12	Q3403774
Sgurr a' Dubh Doire	57.21533	-5.25614	962	peak	3	Q20581559
Carn a' Choire Ghairbh	57.22226	-5.08727	865	peak	3	Q13126654
Aonach Shasuinn	57.21613	-5.02934	888	peak	5	Q13125561
Carn a' Chaochain	57.21730	-4.92431	706	peak	3	Q13126649
Sgùrr a' Ghreadaidh	57.22729	-6.23443	973	peak	10	Q3776566
Sgùrr a' Mhadaidh	57.23087	-6.23185	918	peak	10	Q3776664
Càrn Mhic an Tòisich	57.22649	-4.80134	680	peak	3	Q13126630
Sgùrr Thuilm	57.23667	-6.24619	879	peak	11	Q3406232
Belig	57.24107	-6.07222	702	peak	4	Q13194542
Beinn na Caillich	57.23725	-5.97674	732	peak	7	Q3997501
Sgùrr na Coinnich	57.23626	-5.70920	739	peak	7	Q7459814
Beinn na Caillich	57.24290	-5.69676	732	peak	6	Q4881353
Bruach na Frìthe	57.24687	-6.21071	958	peak	13	Q3775723
Am Basteir	57.24783	-6.20248	934	peak	14	Q3775691
Sgùrr nan Gillean	57.24825	-6.19305	964	peak	15	Q2640482
Marsco	57.24920	-6.13326	736	peak	10	Q3775685
Sgùrr an Airgid	57.24820	-5.41643	841	peak	7	Q20596809
Sgurr Gaorsaic	57.24511	-5.25567	839	peak	3	Q13131341
Sgùrr nan Ceathreamhnan	57.25493	-5.22279	1151	peak	12	Q7459822
Càrn Mòr	57.24980	-3.21830	804	peak	4	Q24639616
Beinn Mhòr	57.25874	-7.29484	620	peak	11	Q3398006
Preshal Beg	57.26301	-6.43035	345	peak	3	Q2157909
A' Ghlas-bheinn	57.25519	-5.30395	918	peak	10	Q20574749
An Socach	57.25753	-5.17129	921	peak	6	Q20577872
Meall a' Chràthaich	57.25955	-4.71982	679	peak	3	Q20597711
Meall Fuar-mhonaidh	57.26441	-4.56004	699	peak	9	Q6803529
An Tudair	57.26770	-5.10673	1074	peak	3	Q13129896
Sgurr na Lapaich	57.27278	-5.06315	1036	peak	3	Q13129905
Meall nan Oighreagan	57.26571	-4.69968		peak	3	Q20598626
Glas-bheinn Mhòr	57.27297	-4.59777	651	peak	3	Q13128650
Beinn Choradail	57.27515	-7.27869	527	peak	3	Q24662539
Preshal More	57.28237	-6.42967	317	peak	3	Q1878872
Beinn Dearg Mhòr	57.27914	-6.11657	731	peak	6	Q11006966
Càrnan Cruithneachd	57.27891	-5.32859	729	peak	5	Q13126683
Stùc Fraoch Choire	57.27678	-5.23264	918	peak	3	Q13131383
Mullach na Dheiragain	57.28340	-5.18634	982	peak	7	Q19462250
Màm Sodhail	57.27996	-5.12082	1181	peak	13	Q3441768
Thacla	57.29056	-7.27151	606	peak	6	Q24247979
Sgùrr Mhàiri	57.29274	-6.12855	775	peak	11	Q2365368
Càrn Eige	57.28771	-5.11516	1183	peak	17	Q1149754
Beinn a' Mheadhoin	57.28588	-4.95668	613	peak	3	Q20580873
Oxen Craig	57.29294	-2.56076	529	peak	10	Q817811
Arnaval	57.29805	-6.40882	369	peak	3	Q2511516
An Leth-chreag	57.29579	-5.06581	1051	peak	3	Q13131945
Tom a' Choinich	57.29954	-5.04896	1112	peak	8	Q13131942
Beinn Fhionnlaidh	57.30602	-5.12995	1005	peak	11	Q4881333
Toll Creagach	57.30916	-4.99960	1054	peak	9	Q13131932
Sgùman Còinntich	57.31876	-5.36132	879	peak	6	Q13131316
Sròn na Gaoithe	57.32251	-5.31052		peak	3	Q20598385
Càrn na Breabaig	57.32096	-5.21137	678	peak	3	Q13126661
Faochaig	57.33301	-5.28829	868	peak	5	Q13128366
Aonach Buidhe	57.34079	-5.22945	899	peak	7	Q20578285
Hill of Dunnideer	57.34226	-2.64579	268	peak	8	Q464433
An Socach	57.35023	-5.15860	1069	peak	9	Q13125511
Tap o' Noth	57.35152	-2.85920	562	peak	8	Q1690932
Beinn na Lice	57.35653	-6.01077		peak	3	Q24640483
An Riabhachan	57.36243	-5.10471	1129	peak	13	Q1811755
Sgùrr nan Clachan Geala	57.36032	-5.05758	1095	peak	3	Q13131375
Càrn nan Gobhar	57.36332	-5.02444	992	peak	12	Q5202308
Càrn na h-Easgainn	57.36170	-4.08937	616	peak	3	Q13126677
Bad a' Chreamha	57.36959	-5.56451	395	peak	7	Q4840460
Sgùrr na Lapaich	57.36928	-5.06002	1150	peak	11	Q7459820
Creag Dhubh	57.37028	-4.99539		peak	3	Q20588196
Dùn Cana	57.38115	-6.02937	444	peak	5	Q3045578
Sgorr na Diollaid	57.38412	-4.85965	818	peak	7	Q7459760
Healabhal Bheag	57.38541	-6.61958	488	peak	5	Q3776655
Ben Tianavaig	57.39096	-6.14256	413	peak	10	Q3776100
An Sgùrr	57.38842	-5.56760	391	peak	7	Q4750217
Beinn Dronaig	57.39157	-5.26800	797	peak	8	Q13125840
Meall Gorm	57.40478	-5.69881	708	peak	4	Q20598278
Ben Rinnes	57.40328	-3.24131	840	peak	10	Q4886362
Creag Dhubh Mhòr	57.40993	-5.35986	612	peak	3	Q13127327
Lurg Mhor	57.41309	-5.22365	986	peak	8	Q24639360
Bidein a' Choire Sheasgaich	57.41981	-5.25031	945	peak	9	Q13126004
Beinn na Muice	57.41761	-4.96818	692	peak	3	Q13125930
Isaberg	57.43162	13.61021	308	peak	4	Q10536843
Beinn Bhàn	57.44238	-5.66170	896	peak	10	Q3405725
A' Chioch	57.44003	-5.64764		peak	3	Q20581001
Sgùrr a' Choire Ghlais	57.44351	-4.90266	1083	peak	9	Q7459808
Sgurr na Ruaidhe	57.44155	-4.85246	993	peak	7	Q13131376
Càrn Bàn	57.43636	-4.77295	734	peak	3	Q20587748
Sgùrr Choinnich	57.45104	-5.20788	999	peak	11	Q7459801
Sgurr a' Chaorachain	57.45255	-5.18932	1053	peak	10	Q19661990
Sgurr Fuar-thuill	57.44967	-4.94183	1048	peak	7	Q13131327
Càrn nan Gobhar	57.45231	-4.87995	992	peak	11	Q5202309
Beinn a' Bhàthaich Àrd	57.45202	-4.73391	862	peak	9	Q4881341
Ruabhal	57.45906	-7.29615	124	peak	3	Q1664327
Maoile Lunndaidh	57.46461	-5.11081	1007	peak	12	Q3401417
An Sidhean	57.46152	-5.05048	814	peak	3	Q20577852
Beinn a' Chlachain	57.47441	-5.79760	626	peak	3	Q13125914
An Ruadh-stac	57.47545	-5.46793	892	peak	10	Q3397996
Sgùrr nan Ceannaichean	57.48304	-5.19313	913	peak	7	Q7459818
Craig Phadrig	57.47730	-4.26971		peak	3	Q5181319
Beinn Damh	57.49284	-5.51817	903	peak	10	Q3398082
Maol Chean-dearg	57.49170	-5.46553	933	peak	11	Q3406455
Fuar Tholl	57.48536	-5.37916	907	peak	8	Q3777062
Beinn Mheadhoin	57.48738	-4.90783	663	peak	3	Q20581769
Sgorr Ruadh	57.49863	-5.40778	962	peak	11	Q3398068
Mòruisg	57.49971	-5.17063	928	peak	11	Q8524097
Tomtabacken	57.50037	14.46991	377	peak	14	Q2060821
An Stòr	57.50729	-6.18332	719	peak	19	Q2130456
Old Man of Storr	57.50696	-6.17464	137	peak	4	Q104578769
Beinn Liath Mhòr	57.51207	-5.40065	926	peak	12	Q3405694
Hartaval	57.51647	-6.21158	669	peak	3	Q20600426
Sgorr nan Lochan Uaine	57.52280	-5.39325	871	peak	3	Q13131319
Càrn na Coinnich	57.51909	-4.79897	673	peak	3	Q20588134
Ben Aigan	57.51859	-3.15391	471	peak	4	Q4885202
Meall na Faochaig	57.52884	-4.91095	677	peak	3	Q13130064
Baca Ruadh	57.53753	-6.22289	639	peak	5	Q20579983
Meallan nan Uan	57.54684	-4.90316	838	peak	3	Q20598935
Mullach an Rathain	57.56090	-5.49249	1023	peak	5	Q13129542
Spidean a' Choire Leith	57.56422	-5.46362	1055	peak	4	Q13131662
Beinn Edra	57.58231	-6.25831	611	peak	5	Q20581487
Tom na Gruagaich	57.58053	-5.58195	922	peak	12	Q3356612
Spidean Coire nan Clach	57.58216	-5.40364	993	peak	15	Q3396296
An Ruadh-mheallan	57.59130	-5.62173	672	peak	3	Q20577783
Sgùrr Mòr	57.59081	-5.57280	986	peak	12	Q3356612
Beinn Dearg	57.58812	-5.52299	914	peak	10	Q3777196
Ruadh-stac Mòr	57.59374	-5.42944	1010	peak	15	Q3396296
Knockfarrel	57.59221	-4.50238		peak	5	Q1881433
Rockall	57.59628	-13.68724	17	peak	50	Q206137
Ruadh-stac Beag	57.59642	-5.39399	896	peak	5	Q13131152
Mormond Hill	57.60178	-2.03547	228	peak	5	Q6912686
Fionn Bheinn	57.61113	-5.10270	933	peak	11	Q5451141
Beinn an Eòin	57.62311	-5.50995	855	peak	7	Q13125916
Baosbheinn	57.62828	-5.56857	875	peak	10	Q4857474
Little Wyvis	57.64277	-4.63263	764	peak	5	Q13129589
Beinn nan Ràmh	57.64609	-5.11749	711	peak	6	Q13125936
Slioch	57.66708	-5.34717	981	peak	11	Q7540780
An Coileachan	57.66754	-4.94937	923	peak	7	Q13125497
Beinn Dearg	57.67350	-4.88308	679	peak	4	Q20581334
Bin of Cullen	57.66527	-2.87349	320	peak	6	Q4913798
Sgùrr nan Each	57.68101	-5.04634	923	peak	12	Q7459828
Meall Gorm	57.68085	-4.98377	949	peak	4	Q13130031
Ben Wyvis	57.67892	-4.57928	1046	peak	11	Q816646
Taberg	57.67890	14.08212	343	peak	3	Q2386476
Beinn Bheag	57.69139	-5.21335	668	peak	5	Q20581039
Groban	57.68767	-5.18895	749	peak	6	Q13128775
A' Chailleach	57.69380	-5.12867	997	peak	9	Q24659059
Sgùrr Breac	57.69206	-5.09165	999	peak	9	Q19993518
Beinn Làir	57.70387	-5.38924	859	peak	6	Q13125855
Beinn Tarsuinn	57.70197	-5.29166	937	peak	9	Q20581979
Sgùrr nan Clach Geala	57.69632	-5.04826	1093	peak	11	Q7459824
Sgùrr Mòr	57.70013	-5.01678	1110	peak	11	Q7459806
Skuruhatt	57.69698	15.09003	334	peak	5	Q6977351
Mullach Coire Mhic Fhearchair	57.70903	-5.27130	1018	peak	10	Q13130269
Meall a' Chrasgaidh	57.71282	-5.04867	934	peak	11	Q6803536
Carn na Criche	57.70627	-5.02902	961	peak	4	Q20596981
Beinn Liath Mhor Fannaich	57.70604	-4.98972	954	peak	7	Q19993569
Ramberget	57.71458	11.93620	85	peak	5	Q4574051
Suur Munamägi	57.71401	27.05997	317	peak	50	Q504991
Meall Mhèinnidh	57.71661	-5.43519	722	peak	5	Q20598330
A' Mhaighdean	57.71967	-5.34677	967	peak	13	Q3396253
Sgùrr Bàn	57.71854	-5.26593	989	peak	7	Q20596839
Beinn Shlèibhe	57.73384	-7.16272	93	peak	3	Q814804
Beinn Àirigh Charr	57.72758	-5.47759	791	peak	5	Q13125802
Ruadh-stac Mòr	57.72684	-5.32931	918	peak	9	Q20594005
Creag Rainich	57.72561	-5.19803	807	peak	5	Q13127344
Càrn Loch nan Amhaichean	57.74255	-4.67089	697	peak	3	Q20588051
Beinn a' Chlaidheimh	57.74589	-5.25907	914	peak	9	Q13125904
Roineabhal	57.76623	-6.97685	460	peak	6	Q8530064
Beinn Dearg Mòr	57.76581	-5.30997	910	peak	10	Q4881330
Meall Doire Faid	57.76712	-4.99279	730	peak	3	Q20598141
Am Faochagach	57.77180	-4.85388	953	peak	10	Q13125481
Beinn a' Chàisgein Beag	57.78268	-5.42355	682	peak	4	Q20580900
Beinn Enaiglair	57.77915	-4.98670	890	peak	5	Q13125848
Beinn a' Chaisteil	57.78074	-4.74309	788	peak	4	Q20580768
Galtåsen	57.78430	13.55044	361	peak	4	Q1492755
Beinn Dearg	57.78639	-4.92977	1084	peak	14	Q3396266
Cona' Mheall	57.79111	-4.90342	978	peak	9	Q20011757
Sgurr Fiona	57.80077	-5.25945	1060	peak	14	Q3396261
Meall nan Ceapraichean	57.79854	-4.93408	977	peak	7	Q19998074
Bidein a' Ghlas Thuill	57.80716	-5.25172	1062	peak	14	Q3396261
Eididh nan Clach Geala	57.81452	-4.93548	927	peak	7	Q13128115
Beinn Tharsuinn	57.80668	-4.67330	714	peak	4	Q13125890
Càrn Chuinneag	57.81413	-4.55426	839	peak	5	Q13126590
Conachair	57.82097	-8.57328	430	peak	4	Q24677222
Cnoc Glas	57.82999	-8.63761	376	peak	3	Q24677486
Seana Bhràigh	57.84740	-4.89679	927	peak	11	Q7441554
Carn Bhrain	57.85183	-4.48689	634	peak	3	Q13126584
Mullach an Eilein	57.87134	-8.49166	384	peak	21	Q151635
Beinn Eilideach	57.88547	-5.08924	558	peak	6	Q13194543
An Cliseam	57.96373	-6.81255	799	peak	15	Q2319861
Ben Bhraggie	57.98244	-4.01046	397	peak	5	Q4885300
Beinn Mhòr na Còigich	57.98653	-5.22568	743	peak	11	Q3398035
Sgùrr an Fhidhleir	57.99732	-5.22587	705	peak	5	Q13131362
Beinn an Eòin	58.00648	-5.20902	619	peak	5	Q13125918
Cùl Beag	58.02949	-5.15108	769	peak	12	Q2181438
Stac Pollaidh	58.04415	-5.20748	612	peak	14	Q3396239
Cùl Mòr	58.05811	-5.11672	849	peak	14	Q2472397
Suilven	58.11553	-5.13670	731	peak	18	Q2731464
Canisp	58.12121	-5.05256	847	peak	12	Q2514094
Conival	58.13575	-4.88331	987	peak	14	Q3396273
Ben More Assynt	58.13811	-4.85825	998	peak	16	Q2180977
Glas Bheinn	58.19261	-4.97077	776	peak	7	Q13128645
Spidean Còinich	58.20173	-5.05433	764	peak	12	Q2219266
Creag a' Choire Ghlais	58.21531	-4.22295	705	peak	5	Q24657034
Sàil Ghorm	58.22541	-5.06971	776	peak	12	Q2219266
Morven	58.23370	-3.69578	706	peak	14	Q2631574
Meall an Fheur Loch	58.23771	-4.79301	613	peak	3	Q13130053
Maiden Pap	58.24270	-3.62288	484	peak	5	Q6735400
Ben Hee	58.26584	-4.68436	873	peak	8	Q13125958
Beinn Dìreach	58.30092	-4.72111	688	peak	5	Q13125838
Càrn an Tionail	58.31026	-4.74678	759	peak	3	Q20587840
Ben Stack	58.33413	-4.95648	721	peak	13	Q2545603
Sàbhal Beag	58.34427	-4.78079	732	peak	3	Q13131158
Meall a' Chùirn	58.36169	-4.81726	777	peak	4	Q13130033
Arkle	58.37108	-4.90366	787	peak	10	Q3331126
Creagan Meall a' Chùirn	58.36845	-4.83040	730	peak	4	Q20595544
Ben Loyal	58.40495	-4.43530	765	peak	14	Q2641263
Foinaven	58.41217	-4.88506	911	peak	10	Q3406446
Ben Hope	58.41313	-4.60793	927	peak	18	Q816520
Ceann Garbh	58.41919	-4.88970	900	peak	3	Q20113807
Cranstackie	58.45742	-4.82867	801	peak	11	Q3401537
Beinn Spionnaidh	58.47304	-4.81038	773	peak	12	Q3398053
Farrmheall	58.48485	-4.90387	521	peak	3	Q24643172
Cnoc an Fhreiceadain	58.50085	-4.38475	307	peak	5	Q5137385
Am Buachaille	58.53722	-5.09250	65	peak	10	Q451226
Ben Hutig	58.55105	-4.51292	408	peak	3	Q24641649
Sgribhis-bheinn	58.59773	-4.89391	371	peak	3	Q24639279
Old Man of Hoy	58.88652	-3.43083	137	peak	25	Q2738637
Ward Hill	58.90042	-3.34057	481	peak	12	Q2916345
Jåttånuten	58.90749	5.71835	138	peak	4	Q10997789
Sinneskulå	58.98268	6.74912	1188	peak	4	Q11253299
Hilleknuten	58.97999	6.96797	1209	peak	4	Q11253441
Kjerag	59.02632	6.59568	1132	peak	21	Q1477173
Geiteryggen	59.02844	11.63443	259	peak	3	Q17776021
Baljåsen	59.08476	12.47242	301	peak	3	Q1244478
Tornberget	59.13698	18.01602	111	peak	4	Q56804788
Urdalsknuten	59.16377	7.15756	1434	peak	6	Q4560175
Svarvarnuten	59.19359	7.39809	1377	peak	6	Q4583184
Telegrafberget	59.22299	18.35865	85	peak	3	Q7696195
Vikingaberget	59.27256	17.87564	77	peak	4	Q10715247
Vårbergstoppen	59.27082	17.87968	90	peak	3	Q10718776
Hammarbytoppen	59.29872	18.10909	87	peak	4	Q10516852
Vindfjell	59.32490	9.75531	622	peak	3	Q11253882
Pålsundsberget	59.31986	18.04116	29	peak	3	Q10647907
Skinnarviksberget	59.31993	18.05078	53	peak	3	Q10670194
Fåfängan	59.31504	18.10123	40	peak	4	Q10500908
Napuren	59.32675	7.69616	1284	peak	3	Q11990862
Stubbekollen	59.34270	9.77154	615	peak	4	Q11253819
Strondefjell	59.34503	7.15974	1393	peak	5	Q3439138
Ruketuten	59.40566	9.82991	602	peak	4	Q11998594
Urevassnutane	59.42885	7.09639	1389	peak	6	Q3439072
Bonden	59.42594	9.65156		peak	4	Q4941386
Nordre Stange varde	59.48364	11.55102	290	peak	3	Q11257316
Leirnuten	59.49561	6.91743	1486	peak	6	Q12716484
Steinkilenuten	59.50683	6.94685	1434	peak	6	Q11253590
Kaldafjellet	59.52341	6.98041	1452	peak	6	Q3439147
Gråsteinsnosi	59.52409	7.53681	1468	peak	5	Q3438802
Skrim	59.51502	9.58819	859	peak	5	Q4584644
Styggmann	59.52061	9.64359	871	peak	7	Q4584921
Buaren	59.54032	9.97557		peak	5	Q3434346
Lifjell	59.56412	9.74662	556	peak	4	Q31081378
Vestfjellet	59.57959	9.96290	634	peak	4	Q23042661
Skibergfjell	59.58186	9.96937	632	peak	6	Q6516262
Skyvassnuten	59.63750	7.11794	1421	peak	5	Q3446279
Vardeåsen	59.64223	11.18460	236	peak	3	Q19394309
Jonsknuten	59.67089	9.52185	904	peak	7	Q4585729
Воронья гора	59.70229	30.12732	147	peak	3	Q4125862
Trollaskeinuten	59.73198	6.99760	1622	peak	4	Q11255709
Siggjo	59.74927	5.29570	474	peak	7	Q8330202
Kistenuten	59.78278	7.09651	1648	peak	7	Q3197524
Kyrkjenuten	59.79444	6.54929	1602	peak	6	Q11236641
Skimten	59.80453	10.13625	554	peak	4	Q6513964
Storsteinsfjell	59.81004	10.17151	540	peak	6	Q4572906
Tonekollen	59.83280	11.01347	368	peak	3	Q12006755
Gaustatoppen	59.85421	8.64926	1883	peak	14	Q1496308
Skaugumsåsen	59.86135	10.44360	349	peak	9	Q4576248
Elgheia	59.88360	11.46860	388	peak	5	Q5359991
Mehammarsåto	59.89751	5.46447	749	peak	7	Q6809210
Barlindåsen	59.90189	11.03592	398	peak	5	Q4861188
Ramstadslottet	59.90370	11.04079	394	peak	4	Q7290308
Bjønnåsen	59.91881	11.03919	396	peak	4	Q17750475
Marikollen	59.91938	11.05113		peak	3	Q11988298
Gardlaushøgda	59.93897	10.55036		peak	3	Q11971570
Sandfloegga	59.94629	7.14541	1721	peak	11	Q1792342
Grefsenkollen	59.95919	10.80349	380	peak	3	Q5605216
Breiliflaka	59.97501	10.13556	702	peak	4	Q4960424
Voksenåsen	59.97613	10.66412		peak	8	Q4589162
Tjæregrashøgda	59.98882	10.52767	485	peak	3	Q12006506
Tryvannshøgda	59.98862	10.66857	530	peak	5	Q4585265
Granberget	60.01370	10.82952	440	peak	4	Q11257074
Loddo	60.05013	5.28153	243	peak	8	Q4574587
Heikampen	60.05869	10.60355		peak	4	Q11254227
Heikampen	60.06406	10.60364	569	peak	4	Q11254227
Heikampen	60.06467	10.60492	572	peak	4	Q11254227
Rådalshøgda	60.06452	10.69133	459	peak	4	Q11257489
Lørenskoghøgda	60.05739	10.80856		peak	4	Q11257258
Storegrønut	60.07784	8.99280	1289	peak	5	Q6514594
Porthøgda	60.08495	10.63837		peak	4	Q11257489
Kveldroshøgda	60.08866	10.60423	485	peak	4	Q11257539
Lotsberget	60.08865	19.93539	40	peak	5	Q10569879
Storhaugen	60.10866	10.71155	520	peak	3	Q11257216
Andersnatten	60.11727	9.41788	733	peak	7	Q4753988
Kjerkeberget	60.13523	10.61906	629	peak	10	Q6516372
Hårteigen	60.19310	7.06917	1690	peak	16	Q946568
Veten	60.21004	5.11010	284	peak	5	Q11236036
Taivaskallio	60.21985	24.95230	58	peak	3	Q10524170
Møsnuken	60.23305	5.52001	639	peak	4	Q6950406
Vuosaarenhuippu	60.22683	25.16298	61	peak	4	Q5407039
Hasleråsen	60.24361	11.23909	349	peak	3	Q11974396
Sangolthornet	60.25051	5.11314	173	peak	5	Q11236036
Malminkartanonhuippu	60.25119	24.84390	91	peak	5	Q4412139
Marifjell	60.31905	10.92357	720	peak	5	Q3440267
Klofjell	60.31532	10.95962	664	peak	4	Q3439889
Sveningen	60.32955	5.57641	842	peak	6	Q7652137
Orrdalsklint	60.32825	20.12125	129	peak	19	Q2031587
Livarden	60.34328	5.47000	683	peak	5	Q6654257
Hausdalshorga	60.34461	5.52923	775	peak	5	Q5682816
Gullsteinen	60.34723	5.31328	343	peak	6	Q4576557
Løvstakken	60.36078	5.31914	477	peak	9	Q15243243
Bispbergs klack	60.35662	15.81575	315	peak	3	Q10430130
Lyderhorn	60.37379	5.24209	396	peak	9	Q1770210
Damsgårdsfjellet	60.37571	5.29143	345	peak	8	Q3013002
Ulriken	60.37750	5.38692	643	peak	16	Q386192
Mistberget	60.37501	11.15733	663	peak	8	Q1792457
Getabergen	60.38555	19.85171	100	peak	4	Q21976886
Fløyfjellet	60.39839	5.34541	400	peak	22	Q1420616
Blåmanen	60.40136	5.36326	551	peak	8	Q2907433
Sandviksfjellet	60.40948	5.34058	417	peak	8	Q1772137
Rundemanen	60.41318	5.36655	568	peak	10	Q1771244
Ådnanipa	60.42016	5.48327	458	peak	4	Q12011447
Krånipa	60.42069	5.66334	703	peak	3	Q31721931
Kakolanmäki	60.44311	22.24332	42	peak	6	Q2913308
Brandbukampen	60.44815	10.49193	520	peak	4	Q17750830
Puolalanmäki	60.45428	22.26213	36	peak	5	Q24368430
Vartiovuori	60.44878	22.27743	51	peak	6	Q4104024
Fjellsjøkampen	60.45970	10.94018	812	peak	9	Q1769858
Kaasavuori	60.45693	21.83308	50	peak	3	Q24345633
Yliopistonmäki	60.45569	22.28412	39	peak	3	Q11902872
Vikerfjell	60.46954	9.93587	1039	peak	4	Q4576142
Nunnavuori	60.48291	22.25947	64	peak	4	Q123415768
Prusin Linnasmäki	60.48059	22.30281	42	peak	3	Q25453024
Rønnies Hill	60.53382	-1.44549	450	peak	14	Q3441622
Djurmo klack	60.55800	15.18205	358	peak	3	Q10474967
Skreikampen	60.56775	11.15014	698	peak	5	Q3442109
Miljonuten	60.57750	8.00610	1851	peak	4	Q3443044
Kyrkjedørsnuten	60.63265	7.63590	1790	peak	6	Q3442840
Fjällberget	60.67624	15.30495	466	peak	3	Q1422474
Fossebrea	60.77889	8.42100	1664	peak	7	Q3441765
Hovdetoppen	60.79406	10.67667	258	peak	3	Q19374809
Saxa Vord	60.82749	-0.84110	285	peak	3	Q7275553
Galdane	60.82672	7.83689	1703	peak	4	Q3442029
Haldalshøgdi	60.84043	7.82140	1711	peak	6	Q3442013
Julsennuten	60.85236	8.02522	1654	peak	6	Q3441797
Mønin	60.87273	7.86109	1721	peak	4	Q3442132
Hestebottnuten	60.87181	8.11743	1746	peak	6	Q3441898
Gesundaberget	60.86858	14.52136	514	peak	3	Q10504566
Langebottfjellet	60.87512	8.17354	1673	peak	6	Q3441985
Skogshorn	60.88150	8.69484	1728	peak	9	Q1770118
Skurvefjellet	60.88893	8.60749	1741	peak	6	Q3441974
Granberget	60.89740	12.74204	700	peak	3	Q1249023
Kyrkjebønøse	60.90555	8.55601	1671	peak	6	Q3442011
Veslebotnskarvet	60.92958	8.61614	1778	peak	6	Q3442545
Harahorn	60.93940	8.49440	1581	peak	5	Q5653609
Hydalsberget	60.98448	8.50614	1740	peak	6	Q3442455
Såta	60.98857	8.40149	1693	peak	5	Q3442124
Lustigknopp	60.99206	16.13101	402	peak	4	Q1877744
Tiirismaa	61.00669	25.52523	223	peak	5	Q972965
Vesle Jukleeggi	61.01662	8.26390	1701	peak	6	Q3442200
Høgeloft	61.05389	8.21442	1920	peak	6	Q4567626
Øyre	61.07746	8.41574	1674	peak	6	Q3441967
Spåtind	61.07685	9.78972	1414	peak	6	Q4577592
Grindane	61.09232	8.51687	1724	peak	5	Q3442305
Suletinden	61.12268	8.12668	1780	peak	7	Q3442317
Gygrekjeften	61.17359	5.22389	710	peak	6	Q3377913
Nevelfjell	61.20446	10.56707	1089	peak	6	Q4582749
Hafjell	61.22967	10.52695	1066	peak	13	Q954639
Hårgaberget	61.26268	16.58647	211	peak	3	Q10532115
Hykjeberg	61.26982	14.19471	594	peak	3	Q10529071
Skaget	61.29126	9.19986	1685	peak	7	Q3442275
Näsfjället	61.35977	12.91754	905	peak	3	Q3880003
Nørdre Kalvehølotinden	61.37118	8.63064	2019	peak	7	Q6977037
Falketind	61.38472	8.09665	2067	peak	12	Q851983
Slettmarkpiggen	61.39756	8.46609	2163	peak	7	Q3443649
Slettmarkhøe	61.40057	8.48105	2190	peak	8	Q3443431
Langedalstinden	61.40065	8.52330	2206	peak	7	Q3443422
Mesmogtinden	61.40373	8.53398	2264	peak	7	Q6821386
Kvitskardtinden	61.39649	8.55410	2193	peak	7	Q3443447
Leirungskampen	61.39574	8.60126	2079	peak	7	Q3445963
Rasletinden	61.39512	8.69947	2105	peak	8	Q4590439
Stølsmaradalsryggen	61.40998	7.87760	1664	peak	4	Q11234640
Langeskavlen	61.40808	8.21138	1878	peak	6	Q3443518
Beinisvørð	61.42020	-6.76076	470	peak	18	Q792079
Knutsholstinden	61.42428	8.56219	2342	peak	10	Q1782912
Vesle Knutsholstinden	61.41782	8.57585	2205	peak	7	Q3443039
Austre Leirungstinden	61.42163	8.60074	2288	peak	7	Q4563938
Spinarnir	61.42557	-6.74750	439	peak	3	Q3966753
Spáafelli	61.42586	-6.73889	462	peak	3	Q3967340
Store Austanbottstind	61.43175	7.79534	2203	peak	10	Q667993
Stølsmaradalstinden	61.43207	7.83302	2025	peak	4	Q11233619
Uranostinden	61.42674	8.15037	2157	peak	8	Q3443331
Langeskavltinden	61.42811	8.17887	2014	peak	5	Q3443173
Storegut	61.42980	8.24156	1968	peak	7	Q3443668
Tjønnholsoksle	61.43285	8.63701	2145	peak	7	Q3443580
Kirviskollur	61.43825	-6.78250	236	peak	6	Q3815616
Mjølkedalspiggan	61.44333	8.18131	2040	peak	4	Q11235063
Snøholstinden	61.44149	8.31040	2141	peak	9	Q3443309
Tjønnholstinden	61.44472	8.64602	2331	peak	9	Q1783726
Mannen	61.44726	7.91644	1950	peak	4	Q19380995
Høgdebrotet	61.45286	8.66911	2226	peak	7	Q4576512
Store Dyrhaugstinden	61.45954	7.82991	2147	peak	6	Q1309125
Storen	61.46121	7.87197	2405	peak	19	Q1078075
Vetle Skagastølstind	61.46447	7.87422	2340	peak	13	Q728505
Sentraltind	61.46360	7.88266	2348	peak	17	Q634331
Gjertvasstind	61.46482	7.91118	2351	peak	17	Q1095308
Mjølkedalstinden	61.45943	8.25051	2138	peak	7	Q11236239
Eggen	61.46253	8.65466	2041	peak	7	Q3443264
Skagastølsnebbet	61.46940	7.86791	2222	peak	3	Q11236965
Midtre Skagastølstind	61.46810	7.86899	2284	peak	8	Q585508
Store Rauddalseggje	61.46766	8.31021	2168	peak	4	Q11236123
Skarddalstinden	61.48915	8.32091	2100	peak	8	Q3443348
Skarddalseggje	61.48512	8.33954	2161	peak	8	Q3443080
Storådalshøe	61.48730	8.45304	1888	peak	7	Q3443113
Borgarknappur	61.50349	-6.84529	574	peak	12	Q754872
Pyynikinharju	61.49684	23.73019	155	peak	4	Q18661536
Midtre Høgvagltind	61.50516	8.26068	2066	peak	3	Q11235606
Semeltinden	61.51338	8.40645	2237	peak	9	Q3443115
Veslfjellet	61.50578	8.75284	1743	peak	6	Q3442005
Fannaråki	61.51670	7.90891	2068	peak	15	Q2525968
Gravdalstinden	61.52274	8.11782	2113	peak	7	Q3443014
Langvasshøe	61.52449	8.32254	2030	peak	8	Q3443511
Hinnotefjellet	61.51891	8.45130	2114	peak	9	Q3445911
Besshøe	61.51791	8.68733	2258	peak	9	Q4573297
Søre Smørstabbtinden	61.53007	8.11601	2033	peak	3	Q19391698
Visbreatinden	61.53018	8.33547	2234	peak	8	Q3443026
Søre Hellstugutinden	61.52829	8.42224	2189	peak	7	Q3445542
Surtningssue	61.53406	8.57261	2368	peak	14	Q3044947
Kyrkja	61.54137	8.29219	2032	peak	10	Q847916
Semelholstinden	61.53509	8.35650	2147	peak	8	Q3443400
Store Hellstugutinden	61.54450	8.42777	2347	peak	12	Q3354818
Nestsøre Hellstugutinden	61.53830	8.43013	2255	peak	7	Q3443604
Søre Blåbreahøe	61.54374	8.55652	2196	peak	4	Q22030696
Kalven	61.55369	8.10432	2034	peak	6	Q3443555
Storebjørn	61.54824	8.13733	2222	peak	8	Q4584546
Midtre Hellstugutinden	61.55183	8.42487	2339	peak	11	Q3354822
Kinnaklova	61.55885	4.74212	180	pass	6	Q15136966
Skeie	61.55659	8.11517	2118	peak	3	Q11236223
Veslebjørn	61.55518	8.12794	2150	peak	7	Q4563970
Sokse	61.56164	8.13349	2189	peak	8	Q11236176
Tverrbytthornet	61.55784	8.30728	2103	peak	9	Q3442972
Nørdre Hellstugutinden	61.56204	8.42071	2218	peak	7	Q3445928
Nørdre Blåbreahøe	61.55600	8.55481	2165	peak	3	Q22030754
Vangsen	61.57264	7.35564	1757	peak	3	Q11249863
Kniven	61.56807	8.12507	2133	peak	6	Q3443033
Store Memurutinden austtoppen	61.56743	8.48820	2367	peak	12	Q3040475
Austre Memurutinden	61.56556	8.50749	2301	peak	5	Q8536975
Store Tverrbottinden	61.57556	8.25535	2161	peak	5	Q3443690
Store Bukkeholstinden	61.57934	8.30734	2213	peak	8	Q4579480
Veobreatinden	61.57981	8.49043	2183	peak	7	Q3443342
Veslbreatinden	61.59358	8.11188	2092	peak	8	Q3443020
Storbreatinden	61.58707	8.12630	2018	peak	8	Q3443526
Styggehøe	61.59122	8.33681	2213	peak	7	Q3443635
Leirhøe	61.59116	8.46718	2330	peak	10	Q4562703
Veobreahesten	61.59245	8.47258	2185	peak	8	Q6516035
Styggehøe	61.58852	8.61932	1883	peak	7	Q3443154
Pilkalampinoppi	61.59096	14.74013	645	peak	4	Q10631709
Liaflui	61.60071	7.83220	1766	peak	4	Q11242100
Bukkehøe	61.60433	8.26611	2314	peak	10	Q3907104
Lindbergtinden	61.60437	8.28020	2120	peak	7	Q3445563
Austre Hestlægerhøe	61.59999	8.69052	1950	peak	6	Q3442924
Nautgardstinden	61.60322	8.75947	2258	peak	8	Q3445867
Midtre Tverråtinden	61.61450	8.31541	2302	peak	8	Q4564610
Spiterhøe	61.61279	8.43879	2033	peak	9	Q1808826
Nautgardsoksle	61.61007	8.73284	2089	peak	7	Q3445916
Liabrekulen	61.62179	7.85946	1910	peak	4	Q11241883
Loftet	61.62294	8.12604	2170	peak	8	Q3443732
Store Tverråtinden	61.61514	8.30166	2308	peak	8	Q427637
Svellnosbreahesten	61.62125	8.30698	2182	peak	6	Q6516131
Ryggjehøe	61.61904	8.56031	2142	peak	8	Q3443377
Skardstinden	61.63346	8.26578	2374	peak	16	Q2739918
Storjuvtinden	61.63035	8.29380	2344	peak	11	Q3352510
Keilhaus topp	61.63495	8.32638	2355	peak	9	Q1769971
Stornubben	61.62730	8.79524	2174	peak	9	Q1805839
Kvitekoven	61.63678	7.37912	1657	peak	4	Q11241829
Storgrovtinden	61.64139	8.26651	2229	peak	6	Q4564282
Bakarste Storgrovhøe	61.64339	8.26733	2259	peak	6	Q3443414
Vesle Galdhøpiggen	61.64068	8.30601	2369	peak	13	Q3044956
Galdhøpiggen	61.63647	8.31244	2469	peak	52	Q203942
Galdhøe	61.64978	8.31839	2283	peak	9	Q4563894
Glittertinden	61.65128	8.55755	2452	peak	29	Q397876
Trollsteineggje	61.66035	8.55846	2300	peak	7	Q7845296
Trollsteinrundhøe	61.67478	8.55706	2170	peak	8	Q3443393
Grjotbreahesten	61.67468	8.57782	2018	peak	6	Q5610678
Snønipa	61.67811	6.69046	1827	peak	9	Q1772384
Holmevassnosi	61.67573	7.45562	1653	peak	4	Q11241477
Svartholshøe	61.68080	8.56195	2067	peak	8	Q3443284
Gråhøe	61.69018	8.56202	2155	peak	8	Q3443068
Nørdre Trollsteinhøe	61.70135	8.58238	2201	peak	6	Q3443587
Finnshalspiggen	61.72089	8.58772	1800	peak	7	Q3442934
Vesldalstinden	61.73066	7.94228	1805	peak	6	Q3442629
Tverrådalskyrkja	61.74266	7.68664	2089	peak	11	Q1770130
Storhøe	61.76069	8.30896	1777	peak	6	Q3442849
Pillarguri	61.75727	9.52176	852	peak	3	Q7194147
Knútur	61.76818	-6.85537	392	peak	8	Q3780262
Grjothovden	61.77146	8.81144	1748	peak	7	Q3442292
Hesthøi	61.77811	8.19210	2021	peak	7	Q3445549
Lodalskåpa	61.79054	7.20475	2083	peak	16	Q1026479
Ilvetjørnhøe	61.78734	8.73763	1874	peak	7	Q3443468
Tverreggi	61.79529	7.48997	1769	peak	6	Q3442284
Moldulhøi	61.80840	8.26857	2044	peak	6	Q3443549
Grjothøi	61.83600	8.07293	1943	peak	5	Q3443451
Søverhøi	61.84748	7.67537	1688	peak	4	Q3442045
Hornelen	61.85583	5.24696	860	peak	15	Q1780789
Simlepiggen	61.86416	9.84526	1721	peak	6	Q3441903
Leirvasshøi	61.88104	7.44116	1728	peak	4	Q3442786
Dyringshøi	61.88533	7.69839	1813	peak	6	Q3442582
Ljosåbelgen	61.89081	9.69976	1948	peak	6	Q3443210
Storronden	61.89173	9.86195	2138	peak	10	Q2173169
Garpkölen	61.88843	14.80672	671	peak	5	Q1494424
Vinjeronden	61.90375	9.84824	2046	peak	7	Q4566416
Sagtindan	61.91324	9.66594	1838	peak	6	Q3442801
Storsmeden	61.90951	9.73941	2016	peak	7	Q3443241
Rondslottet	61.91491	9.85116	2178	peak	14	Q4131042
Mårådalsfjellet	61.91743	7.51408	1849	peak	6	Q3442782
Trolltinden	61.91918	9.70773	2018	peak	7	Q3443201
Veslesmeden	61.91643	9.75720	2015	peak	7	Q3442962
Kvitlenova	61.93313	7.38870	1898	peak	6	Q3443121
Oravivuori	61.92674	25.53359	193	peak	5	Q10611091
Midtronden vest	61.94420	9.85811	2060	peak	7	Q4563823
Høgronden	61.94440	9.90027	2115	peak	9	Q1807649
Skridulaupen	61.94568	7.60388	1962	peak	6	Q3443228
Leirungshøe	61.94665	8.48071	1825	peak	7	Q3442844
Gråhøe	61.94814	9.62446	1751	peak	7	Q3442329
Vassberget	61.94933	9.67988	1855	peak	5	Q3443065
Digerronden	61.95126	9.83127	2016	peak	7	Q4564000
Storsvulten	61.94530	9.92834	1871	peak	4	Q11246859
Gjerdinghøe	61.95987	8.80189	1754	peak	7	Q3442267
Nørdre Oksle	61.95850	9.95207	1590	peak	4	Q11255659
Langvasseggi	61.97849	7.39890	1651	peak	6	Q3442102
Stor-Elgevasshøe	61.98385	9.91341	1608	peak	4	Q11255581
Storsølnkletten	61.97983	10.29199	1827	peak	7	Q4578103
Rundkollan	61.99405	8.65764	1873	peak	7	Q3443303
Storbrettingskollen	61.99115	8.74546	1851	peak	7	Q3443054
Trælanípa	62.02090	-7.23009	142	peak	5	Q1679748
Húsareyn	62.02337	-6.82244	345	peak	6	Q3467615
Dalsnibba	62.04785	7.27131	1476	peak	17	Q1158087
Skarvedalseggen	62.04831	8.08127	1961	peak	5	Q3443278
Skeiðin	62.06594	-7.34727	368	peak	3	Q7534344
Hornindalsrokken	62.07185	6.65757	1526	peak	9	Q3357649
Blåhornet	62.07300	7.16442	1667	peak	5	Q11250455
Vørufelli	62.07871	-7.29107	284	peak	5	Q3467630
Kvitegga	62.09483	6.70213	1717	peak	9	Q1808799
Keipen	62.09025	7.16609	1379	peak	3	Q20552493
Vulueggi	62.09940	7.68758	1748	peak	6	Q3442548
Holhøe	62.10251	8.11866	1803	peak	6	Q3442827
Eysturtindur	62.11689	-7.39787	715	peak	9	Q1459480
Digervarden	62.11548	8.34577	1780	peak	6	Q3442567
Storvätteshågna	62.12072	12.45131	1204	peak	9	Q1477151
Árnafjall	62.13139	-7.43606	722	peak	11	Q683438
Hovärken	62.12945	13.31901	1125	peak	3	Q10526738
Kambur	62.14417	-6.81571	611	peak	5	Q3812672
Sponghøi	62.14904	7.98574	1699	peak	5	Q3442057
Elgåhogna	62.14889	12.06482	1460	peak	3	Q17769457
Elgpiggen	62.15929	11.35841	1604	peak	8	Q950103
Skårasalen	62.16567	6.48586	1542	peak	9	Q3357104
Jakta	62.17110	6.61689	1588	peak	8	Q3368511
Slogen	62.20812	6.67296	1564	peak	10	Q3357108
Gjógvarafjall	62.22665	-6.85092	678	peak	8	Q728389
Saudehornet	62.23581	6.14244	1303	peak	6	Q3430927
Einøvlingseggen	62.23529	9.30512	1676	peak	6	Q3441971
Laajavuori	62.25789	25.68392	227	peak	5	Q24364856
Råna	62.27485	6.57399	1586	peak	6	Q6516521
Storstyggesvånåtinden	62.28416	9.18840	2209	peak	7	Q3443007
Bötombergen	62.28631	21.64234	133	peak	3	Q23045294
Slættaratindur	62.29672	-7.01320	880	peak	35	Q738746
Syltefjellet	62.30377	7.28343	606	peak	3	Q31459208
Storhøe	62.29764	8.41186	1868	peak	6	Q3443030
Høgtunga	62.30267	8.88873	1836	peak	5	Q5964805
Bruri	62.29711	9.20019	2001	peak	7	Q3442899
Gráfelli	62.31073	-6.99870	856	peak	17	Q1028361
Sørhellhøe	62.31417	8.80869	1951	peak	6	Q3445874
Svarthøe	62.32317	8.33293	1883	peak	7	Q3443676
Snøhetta	62.31986	9.26783	2286	peak	19	Q979569
Salhøa	62.35937	9.01888	1853	peak	6	Q3443016
Grønliskarstinden	62.37540	8.88950	1926	peak	6	Q3443705
Flataklocken	62.38672	16.32221	465	peak	3	Q10496349
Kleneggen	62.39664	8.20594	1964	peak	3	Q6380273
"Vardane, Tverrfjellet"	62.41329	6.16523	776	peak	5	Q18393100
Lauparen	62.44983	7.11590	1434	peak	5	Q11983448
Sukkertoppen	62.45941	6.09949	314	peak	3	Q31751364
Myckelmyrberget	62.46709	15.07442	578	peak	4	Q1426401
Høgsvora	62.49296	7.00710	1164	peak	3	Q12715600
Romsdalshornet	62.49124	7.78615	1550	peak	12	Q3734782
Getberget	62.50250	16.08420	352	peak	3	Q10504587
Store Venjetinden	62.50761	7.84004	1852	peak	12	Q3137518
Funäsdalsberget	62.55727	12.54040	977	peak	3	Q10500150
Juratind	62.56726	8.04716	1712	peak	7	Q6979324
Allmannberget	62.56882	9.71121	1340	peak	7	Q4732955
Ånnfjället	62.60031	12.69951	1301	peak	3	Q10726589
Fløtatinden	62.60845	8.21460	1711	peak	5	Q3442231
Vårdkasberget	62.60988	17.95092	175	peak	3	Q10718809
Såtbakkollen	62.66851	8.81413	1632	peak	6	Q3442441
Forollhogna	62.67896	10.79198	1332	peak	11	Q1437903
Kongskrona	62.68889	8.65826	1818	peak	6	Q3442710
Dronningkrona	62.69544	8.64514	1816	peak	7	Q3442971
Innerdalstårnet	62.70537	8.78704	1453	peak	12	Q1773434
Stor-Axhögen	62.76259	12.53902	1322	peak	3	Q10680897
Jendemsfjellet	62.80096	7.04333	633	peak	7	Q3436985
Vassnebba	62.80336	8.61359	1305	peak	5	Q7916973
Kvannfjellet	62.85112	7.33340	980	peak	3	Q21666037
Indre Sula	62.85407	8.74949		peak	5	Q8524785
Høgheia	62.87387	7.21641	694	peak	3	Q5698567
Helagsfjället	62.90417	12.45262	1796	peak	15	Q1601691
Puijo	62.90974	27.65490	232	peak	7	Q1751736
Reinsfjellet	62.93108	7.92729	994	peak	8	Q1781503
Ilfjellet	62.94571	9.93950	1218	peak	7	Q1833829
Storsola	63.00019	12.21212		peak	4	Q123357
Storsylen	63.02025	12.19898	1762	peak	14	Q1370893
Stora Härjångsstöten	63.01933	12.59287	1626	peak	5	Q10531664
Воттоваара	63.07344	32.62076	417	peak	10	Q4126817
Drommen	63.08430	13.81686	1140	peak	3	Q10476890
Skuleberget	63.07558	18.35002	294	peak	9	Q3486391
Ukko-Koli	63.09439	29.80886	347	peak	17	Q13360737
Kvernberget	63.11787	7.80947	205	peak	5	Q8518970
Ruten	63.17316	9.14363	1039	peak	5	Q19387104
Pisa	63.21645	28.32501	271	peak	4	Q18661344
Storsnasen	63.22862	12.34419	1463	peak	5	Q10681379
Vassfjellet	63.26211	10.35623	710	peak	8	Q4576120
Varvsberget	63.28818	18.69279		peak	3	Q10713226
Storheia	63.40217	10.20099	565	peak	11	Q595510
Gråkallen	63.42114	10.25225	554	peak	12	Q1798109
Geitfjellet	63.43329	10.30448	416	peak	3	Q20019128
Åreskutan	63.43139	13.09328	1420	peak	23	Q271149
Hällberget	63.44911	13.95541	640	peak	6	Q1641985
Mørkdalstuva	63.49392	8.51390	345	peak	6	Q4581159
Forbordsfjellet	63.52594	10.88951	590	peak	7	Q4578891
Besselvassheia	63.71444	8.72712	76	peak	6	Q3427722
Naulavaara	63.88738	28.24171	368	peak	3	Q18682317
Tåsjöberget	64.23262	15.93480	635	peak	5	Q2463773
Heilhornet	65.07715	12.13902	1058	peak	6	Q11239096
Jetnamsklumpen	65.13194	14.19333	1513	peak	6	Q6189107
Torghatten	65.39834	12.09115	258	peak	17	Q1476265
Södra Sytertoppen	65.86476	15.25840	1685	peak	3	Q10689013
Norra Sytertoppen	65.89232	15.26938	1768	peak	8	Q3075826
Lukttinden	65.99000	13.54639	1348	peak	7	Q6513579
Oksskolten	66.01425	14.33853	1916	peak	12	Q1769804
Kätkävaara	66.24112	24.94332	183	peak	3	Q11874171
Aavasaksa	66.39781	23.72527	244	peak	25	Q303806
Nasafjället	66.48338	15.37259	1211	peak	9	Q2879925
Blokktinden	66.65224	13.43422	1032	peak	9	Q1776889
Helgelandsbukken	66.70511	13.81852	1454	peak	4	Q12715396
Ørfjellet	66.78945	15.25239	1751	peak	9	Q1255636
Årjep Sávllo	66.89278	16.15083		peak	4	Q12011594
Aalistunturi	67.02290	24.43067	372	peak	3	Q24339699
Suliskongen	67.14699	16.37765	1907	peak	9	Q3445227
Bårddetjåhkkå	67.16341	17.59915	2005	peak	8	Q3137528
Skierffe	67.16588	18.20904	1179	peak	6	Q1434413
Ähpártjåhkkå	67.33419	17.93886	1914	peak	4	Q3725247
Lánjektjåhkkå	67.36352	17.35162	1840	peak	3	Q19380423
Ruohtes	67.39833	17.51861	1804	peak	4	Q10657858
Sarektjåhkkå	67.43138	17.72163	2089	peak	19	Q596485
Yllästunturi	67.56471	24.22463	719	peak	25	Q1542451
Áhkká	67.57871	17.48745	2011	peak	21	Q419567
Kellostapuli	67.58961	24.23352	503	peak	3	Q24328593
Kårsatjåkka	67.68250	18.38833	1720	peak	3	Q10552062
Kiirunavaara	67.82705	20.18548	733	peak	13	Q1741182
Siŋŋičohkka	67.85990	18.48405	1704	peak	4	Q3433778
Tolpagorni	67.87295	18.51482	1662	peak	4	Q1378753
Vierranvárri	67.88241	18.49883	1706	peak	4	Q5107112
Luossavaara	67.87533	20.22197	726	peak	12	Q1877583
Kebnekaise sydtoppen	67.90078	18.51690	2088	peak	56	Q214011
Kebnekaise nordtoppen	67.90488	18.52870	2097	peak	56	Q214011
Olostunturi	67.92404	23.80885		peak	4	Q24321020
Hermannsdalstinden	67.94199	12.93775	1029	peak	9	Q1779943
Kaskasatjåkka	67.94222	18.58333	2076	peak	14	Q728259
Olstinden	67.95648	13.07685	675	peak	4	Q11885491
Lilandstinden	67.96720	13.13091		peak	4	Q11875886
Helvetestinden	67.98111	12.98148	602	peak	5	Q18691211
Räitatjåkka	67.99917	18.48167	1934	peak	4	Q19387150
Nállu	68.02170	18.43039	1585	peak	5	Q1986026
Šielmmáčohkka	68.03983	18.44812	2004	peak	4	Q19399611
Palkaskero	68.05352	24.09614	705	peak	11	Q3361507
Laukukero	68.06392	24.03338	762	peak	4	Q11874912
Taivaskero	68.07468	24.05354	809	peak	6	Q3514086
Skottinden	68.08198	13.49246	671	peak	5	Q7536466
Keskinen Sekkuvaara	68.12559	20.93628	574	peak	3	Q10700143
Ylinen Sekkuvaara	68.13971	20.95178	584	peak	3	Q10700143
Stetinden	68.16494	16.59278	1391	peak	15	Q1425694
Lumikero	68.17071	24.02269	662	peak	3	Q24323537
Vågakallen	68.18875	14.29506	943	peak	11	Q384313
Adnjetjårro	68.20739	18.67874	1755	peak	3	Q10401401
Himmeltindan	68.21777	13.57185	931	peak	5	Q11862658
Svolværgeita	68.24623	14.58847	356	peak	8	Q7652784
Fløya	68.24834	14.60128	590	peak	5	Q5463760
Gáisevárri	68.25996	19.31986	1205	peak	3	Q10542491
Digermulkollen	68.31404	15.01410	363	peak	7	Q3027754
Litlkorsnestinden	68.33661	14.88297	980	peak	6	Q7833075
Nuolja	68.37256	18.69877	1164	peak	7	Q1668760
Loktačohkka	68.40513	18.46140	1426	peak	4	Q1891388
Møysalen	68.52606	15.45215	1262	peak	14	Q1834081
Snøkolla	68.84019	15.19260	763	peak	6	Q4572028
Langlitinden	68.86766	17.38602	1276	peak	7	Q3433542
Kvasstinden	68.93022	15.48278	705	peak	6	Q6449665
