name	lat	lon	icao	gliding
Aéroport de Rabat-Salé ⴰⵣⴰⴳⵯⵣ ⵏ ⵕⴱⴰⵟ ⵙⵍⴰ مطار الرباط سلا	34.05117	-6.74836	GMME	0
Samarra East Air Base	34.16588	44.26579		0
مطار دلي عباس الثانوي	34.17038	44.75009		0
Milh Tharthar	34.20487	42.73791		0
Aéroport de Taza مطار تازة	34.23191	-3.94677	GMFZ	0
Sidi Slimane Airport	34.23253	-6.04913	GMSL	0
مطار وجه الحجر	34.2826	35.68065	Z19O	0
Samarra West Air Field	34.30631	43.25983		0
مطار قفصة قصر	34.42241	8.8258	DTTF	0
مطار رينيه معوض الدولي	34.59079	36.01239	OLKA	0
Tsletsi Airport	34.66823	3.34884	DAFI	0
مطار صفاقس طينة	34.71682	10.69039	DTTX	0
Διεθνής Αερολιμένας Πάφου	34.71797	32.48864	LCPH	0
Aéroport d'Ouezzane مطار وزان	34.79372	-5.63467	GMFA	0
Aéroport Biskra - Mohamed Khider	34.7941	5.73844	DAUB	0
Aéroport international d'Oujda-Angad	34.79631	-1.93246	GMFO	0
Διεθνής Αερολιμένας Λάρνακας - Γλαύκος Κληρίδης	34.87034	33.61852	LCLK	0
Aéroport de Saïda	34.89702	0.15339		0
K2 Air Base	34.91893	43.3867		0
Aéroport Nador Al Aroui ⴰⵣⴰⴳⵯⵣ ⵏ ⵏⴰⴹⵓⵔ-ⵄⴰⵔⵡⵉ مطار الناظور العروي	34.98833	-3.02915	GMMW	0
مطار القصرين/تلابت	35.00437	8.59409		0
المطار الدولي تلمسان زناتة مصالي الحاج ⴰⴼⴰⴳⵓⵔ ⴰⴳⵔⴰⵖⵍⴰⵏ ⵜⵍⵉⵎⵙⴰⵏ ⵣⵏⴰⵜⴰ ⵎⴻⵚⴰⵍⵉ ⵍⵃⴰⵊ	35.01277	-1.4588	DAON	0
Marki Airstrip	35.01657	33.3106		0
مطار ضباعة	35.13972	44.13389		0
Ercan Uluslararası Havalimanı	35.1517	33.51058	LCEN	0
Διεθνές Αεροδρόμιο Λευκωσίας - Lefkoşa Uluslararası Havalimanı	35.15225	33.27681	LCNC	0
Cyprus Gliding Club	35.1734	33.1857		1
Aéroport Al Hoceima - Cherif-Al-Idrissi ⴰⵣⴰⴳⵯⵣ ⵍⵛⵔⵉⴼ ⵍⵉⴷⵔⵉⵙⵉ مطار الحسيمة الشريف الإدريسي	35.17524	-3.84024	GMTA	0
Aéroport de Mascara Ghriss	35.21165	0.14734	DAOV	0
Κρατικός Αερολιμένας Σητείας	35.21611	26.10097	LGST	0
Aeropuerto de Melilla	35.28015	-2.95645	GEML	0
Aéroport Ain Dis De Bou Saâda	35.32236	4.20583	DAAD	0
Κρατικός Αερολιμένας Ηρακλείου Νίκος Καζαντζάκης	35.33706	25.17597	LGIR	0
Aéroport Abdelhafid Boussouf	35.34156	1.46492	DAOB	0
Latakia International Airport	35.40168	35.94963	OSLK	0
Κρατικός Αερολιμένας Καρπάθου	35.42104	27.14501	LGKP	0
Δημοτικός Αερολιμένας Κάσου	35.42133	26.91033	LGKS	0
Aéroport de Tébessa - Cheikh Larbi Tébessi;مطار تبسة - الشيخ العربي التبسي	35.4314	8.12489	DABS	0
فڕۆکەخانەی کەرکوك	35.46621	44.35304		0
مطار كركوك الدولي	35.46996	44.34684	ORKK	0
Aeroporto di Lampedusa	35.49861	12.61875	LICD	0
Aéroport Militaire de Aïn Oussera	35.5254	2.87871	DAAQ	0
Κρατικός Αερολιμένας Χανίων «Ιωάννης Δασκαλογιάννης»	35.53004	24.15074	LGSA	0
Aéroport Tétouan Saniat R'mel مطار تطوان سانية الرمل	35.59424	-5.3126	GMTN	0
Aéroport International Ahmed Ben Bella	35.62056	-0.61888	DAOO	0
Aeroport Tanger Ibn Battouta مطار طنجة ابن بطوطة	35.72922	-5.92038	GMTT	0
Aéroport Mostepha Ben Boulaid - Batna	35.75326	6.30914	DABT	0
Aéroport de Relizane	35.7533	0.62612	DAAZ	0
مطار المنستير حبيب بورقيبة	35.75899	10.75412	DTMB	0
Ajruport Internazzjonali ta' Malta	35.84741	14.48307	LMML	0
مطار سهل سنجار	35.86586	42.149		0
Il-Heliport tax-Xewkija	36.02718	14.27197	LMMG	0
مطار النفيضة الحمامات	36.07697	10.43865	DTNH	0
مطار الجراح	36.09833	37.93812	OS62	0
Αερολιμένας Καστελλόριζου-Μεγίστης	36.14174	29.57641	LGKJ	0
Aéroport de Sétif - 8 Mai 1945	36.18064	5.3301	DAAS	0
مطار حلب الدولي	36.18457	37.22724	OSAP	0
فڕۆکەخانەی نێودەوڵەتی هەولێر	36.24027	43.94835	ORER	0
Κρατικός Αερολιμένας Κυθήρων	36.27414	23.01704	LGKC	0
Aéroport Mohamed Boudiaf - Constantine	36.27514	6.62214	DABC	0
Gazipaşa-Alanya Havalimanı	36.29892	32.29748	LTFG	0
مطار الموصل	36.30531	43.14756	ORBM	0
Hatay Havaalanı	36.36133	36.28637	LTDA	0
Κρατικός Αερολιμένας Σαντορίνης	36.39977	25.47779	LGSR	0
Κρατικός Αερολιμένας Ρόδου "Διαγόρας"	36.40511	28.08639	LGRP	0
AeroSidonia	36.44011	-5.93894		0
المطار الزراعي - عفرين	36.45296	36.79567		0
مدرج قبلاط الزراعي	36.48921	9.68053		0
مطار بعشيقة	36.49047	43.34488		0
Κρατικός Αερολιμένας Αστυπάλαιας (JTY)	36.58002	26.37549	LGPL	0
Aeródromo de La Ina	36.62949	-6.01826		0
Aeropuerto de la Base Naval de Rota	36.64376	-6.34874	LERT	0
Aeropuerto de Málaga - Costa del Sol	36.67842	-4.49583	LEMG	0
Κρατικός Αερολιμένας Μήλου	36.69698	24.47493	LGML	0
Aéroport international d'Alger Houari Boumédiene مطار الجزائر الدولي هواري بومدين	36.70143	3.21015	DAAG	0
Dalaman Havalimanı	36.71179	28.78686	LTBS	0
Aeroport De Bejaia Soummam Abane Ramdane	36.71283	5.06886	DAAE	0
Base BRICA de Cártama	36.72256	-4.704		0
مطار برج العامري	36.72318	9.93997	DTTI	0
Aviosuperficie Marina di Modica	36.72337	14.77514		0
بالەفڕگەها مریبا	36.73293	43.52381		0
Manavgat Airport	36.73647	31.509		0
Aeródromo de Ronda	36.73759	-5.11358		0
Aeropuerto Internacional de Jerez La Parra	36.74414	-6.06192	LEJR	0
فڕۆکەخانەی سێلکا	36.74583	43.43702		0
مطار جيجل فرحات عباس	36.79427	5.87443	DAAV	0
Κρατικός Αερολιμένας Κω «Ιπποκράτης»	36.79549	27.09074	LGKO	0
Aeródromo de la Axarquía Leoní Benabú	36.80023	-4.136	LEAX	0
Aeroporto di Pantelleria	36.81402	11.96669	LICG	0
Aeródromo privado "Villamartin2"	36.82698	-5.60294		0
مطار عنابة رابح بيطاط ⴰⴼⴰⴳⵓⵔ ⵏ ⵄⵏⵏⴰⴱⴰ ⵔⴰⴱⵃ ⴱⵉⵟⴰⵟ	36.8305	7.81382	DABB	0
Aeropuerto de Almería - Antonio de Torres	36.84414	-2.36976	LEAM	0
مطار تونس قرطاج الدولي	36.85199	10.23155	DTTA	0
Aviosuperficie Eloro	36.85653	15.07975		0
Aeródromo de Trebujena	36.85872	-6.14119	LETJ	0
Aviosuperficie Ragusa-Giubiliana	36.86175	14.62696		0
Aerodromo Tomás Fernández Espada	36.8718	-5.64881	LETF	0
Çukurova Uluslararası Havalimanı	36.89497	35.06509	LTDB	0
Lebrija UL	36.89598	-6.03944		0
Antalya Havalimanı (AYT)	36.89961	30.79614	LTAI	0
Aeródromo La Resinera	36.93134	-3.83534		0
Kelaynak Havacılık Kampüsü	36.94	35.56393		0
Gaziantep Oğuzeli Uluslararası Havalimanı	36.94846	37.47768	LTAJ	0
Κρατικός Αερολιμένας Καλύμνου	36.9633	26.94023	LGKY	0
مطار طبرقة عين دراهم	36.97836	8.87783	DTKA	0
Adana Şakirpaşa Havalimanı	36.98241	35.28147	LTAF	0
Aeroporto di Comiso Pio La Torre	36.99491	14.60708	LICB	0
Alhama de Granada	36.99716	-4.10352		0
Aeroporto Gago Coutinho	37.01751	-7.97058	LPFR	0
مطار القامشلي الدولي	37.01769	41.18863	OSKL	0
Κρατικός Αερολιμένας Πάρου	37.02109	25.1144	LGPA	0
Aviosuperficie Anto Quercioli Dessena	37.02875	15.24374		0
Aviosuperficie Aretusa Fly	37.03745	15.0955		0
Κρατικός Αερολιμένας Καλαμάτας	37.06837	22.02565	LGKL	0
Κρατικός Αερολιμένας Νάξου	37.08112	25.36854	LGNX	0
Aeródromo Juan Espadafor	37.09041	-3.7853	LEJE	0
Karain Havaalanı	37.09398	30.64543	LTXE	0
Αεροδρόμιο Τρίοδος	37.09504	21.98901		0
El Arenosillo	37.09727	-6.73394		0
بالافرگەها بامەرنێ	37.0988	43.2666	ORBB	0
Aeródromo de Antequera	37.1002	-4.56314		0
Campo di Volo Club Aeronautico Gela	37.11336	14.18926		0
Aeródromo de Lagos	37.12168	-8.67818		0
Aeródromo de Gérgal	37.12527	-2.59567		0
Cortijo Grande	37.13557	-1.93599		0
Aeródromo de Loja	37.13776	-4.26999		0
Aeródromo Municipal de Portimão	37.14918	-8.58418	LPPM	0
Aviosuperficie Bosco di Mezzo	37.15191	14.59994		0
Aeródromo Ángel Martínez Ridao	37.15455	-5.79911	LEUT	0
Aeropuerto de Granada - Federico García Lorca	37.18686	-3.78089	LEGR	0
Aviosuperficie Massarotti	37.19144	14.55149		0
Campo di volo Avioclub Caltagirone	37.19223	14.61325		0
Praia Verde Airstrip	37.19363	-7.47226	LPPV	0
Hacienda de Orán	37.1951	-5.8802		0
Aeródromo de Garrucha	37.19795	-1.83041		0
Mardin Prof. Dr. Aziz Sancar Havalimanı	37.22248	40.63051	LTCR	0
Isla Cristina Agricultural Airstrip	37.24222	-7.31747		0
القاعدة الجوية بسيدي أحمد	37.24591	9.78155	DTTB	0
Aviosuperficie Agrigento Airfield	37.2461	13.65508		0
Milas-Bodrum Havalimanı	37.24962	27.66298	LTFE	0
Aires de Doñana	37.25693	-6.56244		0
Vera	37.26081	-1.85272		0
Aeródromo AeroVeleta	37.2948	-3.71255		0
Aeródromo de La Juliana	37.29559	-6.16299	LEJU	0
Αεροδρόμιο Πορτοχελίου	37.2984	23.14931	LGHL	0
Aeródromo Los Alcores	37.32866	-5.7256	LEAH	0
Sevilla Tablada	37.34833	-6.01427		0
AeroNiebla	37.34897	-6.6857		0
Aeródromo Olula del Río	37.36252	-2.3318		0
Mafé - Gibraleón Airfield	37.3643	-6.92094	LEMF	0
Şırnak Şerafettin Elçi Havalimanı	37.36506	42.05959	LTCV	0
Campo di volo Marano	37.38691	14.14426		0
Guadix	37.41358	-3.07535		0
Aeropuerto internacional de Sevilla - San Pablo	37.41762	-5.89498	LEZL	0
Beas Airstrip	37.41821	-6.76059		0
Κρατικός Αερολιμένας Σύρου "Δημήτριος Βικέλας"	37.42301	24.94925	LGSO	0
Campo volo Furiana	37.42709	14.02916		0
Martim Longo	37.43358	-7.76363		0
Κρατικός Αερολιμένας Μυκόνου	37.43492	25.34857	LGMK	0
Şanlıurfa GAP Havalimanı	37.44766	38.89875	LTCS	0
Campo di Volo Avio Club Centrosicilia	37.45141	13.92206		0
Alentejo Air Park (Closed)	37.4652	-8.73848		0
Aeroporto di Catania Fontanarossa	37.46742	15.06531	LICC	0
Aeródromo forestal de Valverde del Camino	37.50452	-6.7037		0
Aeródromo Écija 2	37.51436	-5.12283		0
Campo di volo AvioSciacca	37.52837	13.00304	LICS	0
Kahramanmaraş Havaalanı	37.53812	36.95547	LTCN	0
Ecija 3 private airfield	37.5471	-5.17682		0
Hakkari Yüksekova Selahaddin Eyyubi Havalimanı	37.55108	44.23597	LTCW	0
Aeródromo Alcalá del Río	37.55407	-5.9808		0
Aeroguillena	37.56136	-6.03071		0
Aeródromo de Écija	37.58257	-5.16699		0
Αεροδρόμιο Επιταλίου	37.61364	21.49592	LGEP	0
Courela do Outeiro Private Airstrip	37.62713	-7.50233		0
Palma del Rio UL	37.66843	-5.2618		0
Aeródromo da Zambujeira	37.67084	-8.12378		0
Campo di Volo Valbelice	37.67394	12.7748		0
Κρατικός Αερολιμένας Ικαρίας "Ίκαρος"	37.68294	26.34684	LGIK	0
Κρατικός Αερολιμένας Σάμου "Αρίσταρχος Ο Σάμιος"	37.69008	26.91228	LGSM	0
Aeródromo Sebastián Almagro	37.7153	-5.21356	LEPR	0
Adıyaman Havalimanı	37.73059	38.46813	LTCP	0
Cabezas Rubias	37.74846	-7.09688		0
Aeródromo de Alhama de Murcia	37.74984	-1.3015	LELH	0
Κρατικός Αερολιμένας Ζακύνθου «Διονύσιος Σολωμός»	37.75116	20.88433	LGZA	0
Aeroclub Totana	37.75252	-1.44877	LETX	0
Pista forestal Valdelamusa	37.77585	-6.88381		0
Denizli Çardak Havaalanı	37.78658	29.70061	LTAY	0
Aviosuperficie Bovarella	37.79286	12.84483		0
Aviosuperficie di Fiumefreddo	37.79965	15.228	LICN	0
Aeropuerto Internacional de la Región de Murcia	37.80328	-1.1255	LEMI	0
Çıldır Havaalanı	37.81712	27.88757	LTBD	0
Aeródromo de Los Martínez del Puerto	37.83323	-1.0968	LEMP	0
Aeródromo de Córdoba-Villarrubia	37.83509	-4.89598	LEDE	0
Aeródromo El Judío	37.83946	-4.70671		0
Aeropuerto de Córdoba	37.84328	-4.84857	LEBA	0
Aeroclub Mar Menor	37.84638	-0.87955	LELG	0
Isparta Süleyman Demirel Havalimanı	37.85515	30.36681	LTFC	0
Diyarbakır Havalimanı	37.89262	40.19855	LTCC	0
Aeródromo de "Las Infantas"	37.90847	-3.80057		0
Aeródromo de Daroeira	37.91005	-8.32258		0
Aeroporto di Trapani-Birgi	37.91226	12.49036	LICT	0
Αεροδρόμιο Λεχαίου	37.92692	22.85976		0
Aeródromo de Agustín Navarro	37.92721	-1.775	LEOL	0
Villafranca de Córdoba	37.93698	-4.53335	LEVJ	0
Διεθνής Αερολιμένας Αθηνών «Ελευθέριος Βενιζέλος»	37.9372	23.95	LGAV	0
Batman Havaalanı	37.9433	41.12229	LTCJ	0
Aerodromo de Alcolea	37.94556	-4.61558	LEAE	0
Selçuk-Efes Havaalanı	37.94962	27.32906	LTFB	0
Aviosuperficie Fly Team Paceco	37.96037	12.61536		0
Aeródromo La Balanzona	37.96157	-4.80675		0
Campo di Volo Avio Club Albatros	37.97217	13.77333		0
Siirt Havaalanı	37.97617	41.83757	LTCL	0
Konya Havalimanı	37.98017	32.56416	LTAN	0
Αεροδρόμιο Μεγαρέων	37.98076	23.36472	LGMG	0
Diyarbakır Northwest Airport	38.0092	39.95541		0
Dounis	38.02401	23.30371		0
Aeródromo de Ferreira do Alentejo	38.04006	-8.10423	LPFA	0
Caravaca de la Cruz	38.04672	-1.92149		0
Aviosuperficie Minotaurus e Medusa	38.0485	14.54077		0
Aeródromo Forestal Villaviciosa de Córdoba	38.05402	-5.04174		0
Aeroporto di Reggio Calabria - Tito Minniti	38.07263	15.64782	LICR	0
Aeródromo de Figueira dos Cavaleiros	38.07636	-8.23545	LPFC	0
Aeroporto de Beja	38.07731	-7.92654	LPBJ	0
Santiago-Pontones	38.09099	-2.64843		0
KTO Karatay Üniversitesi Hava Parkı	38.09613	32.77827		0
Aeródromo La Centenera	38.1151	-4.1162	LENN	0
Aeroporto di Palermo-Boccadifalco	38.11563	13.3142	LICP	0
Κρατικός Αερολιμένας Κεφαλονιάς «Άννα Πολλάτου»	38.12016	20.50085	LGKF	0
Campo di Volo Capo d'Orlando	38.1264	14.70816		0
Aeródromo de Linares	38.13325	-3.64247		0
Κρατικός Αερολιμένας Αράξου	38.15116	21.42546	LGRX	0
Aeródromo de Altarejos-Guadalcanal	38.17287	-5.73988	LEGC	0
Aeroporto di Palermo Falcone e Borsellino	38.17699	13.10078	LICJ	0
Aeródromo de Melides	38.1975	-8.72902		0
Αεροδρόμιο Ολύμπων	38.23689	25.93877		0
Aeródromo Espiel	38.26117	-5.04513		0
Aeródromo de Beas de Segura	38.27332	-2.95293	LEBE	0
Koçak Jandarma Helistrip	38.2764	42.90771		0
Aeródromo de Fuente-Obejuna	38.28149	-5.39974	LEFU	0
Aeropuerto de Alicante-Elche Miguel Hernández	38.28445	-0.56054	LEAL	0
Adnan Menderes Havalimanı	38.28927	27.1596	LTBJ	0
Aksaray Havaalanı	38.31479	33.80687		0
AeroCieza	38.32331	-1.45633		0
Yıldızlar Havaalanı	38.3305	27.24536		0
Κράτικος Αερολιμένας Χίου (Όμηρος)	38.34402	26.14069	LGHI	0
Herdade da Barrosinha Pista Privada	38.34604	-8.44214		0
Αεροδρόμιο Μεσολογγίου	38.35655	21.48082	LGMS	0
Puente de Génave	38.36557	-2.79182		0
Αεραθλητικό πάρκο Θήβας	38.37602	23.25708		0
Pista de Montevil (Batalha)	38.39888	-8.57523		0
Aeródromo Virgen de La Estrella	38.42055	-6.35702	LEVE	0
Campo de voo da Cerieira	38.42341	-7.72296		0
فرودگاه خوی	38.4271	44.97314	OITK	0
Ikarus Airfield	38.43156	23.13539		0
Malatya Havalimanı	38.43578	38.09018	LTAT	0
Aeròdrom de Mutxamel	38.44049	-0.4746	LEMU	0
Κωπαϊδα-Δήμητρα	38.45575	23.13495		1
Van Ferit Melen Havalimanı	38.46792	43.33425	LTCI	0
Campo di volo "Mimì Caputi"	38.47225	15.94118		0
El Moral	38.48732	-6.26366	LEOA	0
Aeródromo de Las Cañadillas	38.50142	-2.27085		0
Aeródromo de La Perdiz	38.51331	-3.36671	LEIZ	0
Aeródromo da Palma	38.51484	-8.57629		0
Campo Volo Beppe Rascaglia	38.51528	15.94211		0
Pista forestal de Fuencaliente	38.52595	-4.38889		0
Aeródromo de La Cuesta	38.53119	-2.83275	LEDC	0
Aeródromo Municipal de Évora	38.53323	-7.89255	LPEV	0
Yecla	38.5876	-1.105		0
Elazığ Havaalanı	38.60218	39.28402	LTCA	0
Αεροδρόμιο Αγρινίου	38.61411	21.39311		0
Terrinches Agro Airstrip	38.61497	-2.85759		0
Aeródromo de Ontur	38.61719	-1.52873	LEOT	0
Aviosuperficie Ali Calabria	38.6199	15.9559		0
Campo volo Il Grifo	38.63649	15.94722		0
La Caminera	38.66867	-3.30315	LENE	0
Pista de Vendas Novas	38.677	-8.49609		0
Alt Vinalopó Biar	38.68421	-0.76045		0
Uşak Havalimanı	38.68476	29.47016	LTBO	0
Aeródromo das Faias (UL)	38.68666	-8.7462		0
Beneixama UL	38.69623	-0.74499		0
Monte das Pedras - Pista ULM	38.70448	-8.01556		0
Campo de Vuelo Casimiro Patiño	38.70568	-7.00028	LEPN	0
Aeródromo da Amendoeira	38.71051	-8.27469	LPMN	0
Pista da Herdade do Pontal	38.71162	-8.60966		0
Aeródromo Municipal de Cascais	38.72512	-9.35559	LPCS	0
Aeródromo San Enrique	38.7307	-4.31231	LESE	0
Castell de Castells	38.73108	-0.14493		0
Aeródromo El Molinillo	38.74026	-6.3931	LELI	0
Aeródromo La Calderera	38.74767	-3.5159	LELA	0
Muş Sultan Alparslan  Havaalanı	38.74811	41.66133	LTCK	0
Campo de Tiro de Alcochete	38.76725	-8.80261	LPAC	0
Nevşehir Kapadokya Havalimanı	38.77239	34.53336	LTAZ	0
Aeródromo El Manantío	38.77751	-6.99112	LEEM	0
Aeroporto Humberto Delgado	38.78099	-9.13601	LPPT	0
Muş West Airport	38.78594	41.47048		0
Aerodromo La Font de la Figuera	38.78626	-0.87647		0
Aeròdrom Alcalà de la Jovada	38.78646	-0.23238		0
Aeròdrom d'Alcosser	38.79105	-0.39857		0
Aerodromo Manuel Sánchez Valdepeñas	38.79275	-3.37158	LEVP	0
Aeródromo San Juan de Pozo Cañada	38.7977	-1.75968	LEPZ	0
Aérodromo do Ciborro	38.79777	-8.20243		0
Pista do Monte de Freixial	38.79809	-7.16397		0
La Muntanya	38.80211	-0.39833		0
Camp de Vol Moixent	38.81708	-0.83316		0
ΜΩΛΟΣ	38.82617	22.66196	LGMO	0
Aeropuerto de Ciudad Real	38.85876	-3.97249	LERL	0
Bingöl Havalimanı	38.86058	40.59449	LTCU	0
Αεροδρόμιο Λαμίας	38.87157	22.43799		0
Aeroport d'Eivissa - es Codolar	38.87313	1.37245	LEIB	0
Aeródromo El Bonillo	38.87319	-2.67372		0
Tojeira	38.88465	-9.42799		0
Aeropuerto de Badajoz	38.89116	-6.82119	LEBZ	0
Aeródromo da Lezíria	38.90216	-8.93674		0
Aeroporto Internazionale di Lamezia Terme	38.90634	16.24618	LICA	0
Pozuelos De Calatrava Aerodromo	38.91301	-4.19194	LEPZ	0
Aeroclub Balica	38.91887	-0.35527		0
Pista de Biscainho Brandão	38.94234	-8.71824		0
Enguera	38.94286	-0.76984		0
Aeropuerto de Albacete	38.94501	-1.87995	LEAB	0
Pista do Porto Alto	38.95182	-8.86695		0
Aeródromo Municipal de Morargil	38.99372	-8.14193	LPMO	0
Pista da Barragem do Maranhão	38.99417	-7.98932		0
Aeroporto Pitagora di Crotone	38.99714	17.08066	LIBC	0
Aeródromo El Castaño	39.01065	-4.38701	LECT	0
Campo di volo Porto Pino	39.01242	8.601		0
Camp de Vol de Xeraco	39.02569	-0.20853		0
Pista de Aterrizaje Énova	39.03393	-0.47607		0
Aeródromo de Ruidera	39.0346	-2.89478		0
Aeródromo de Morante	39.0369	-6.69056	LETE	0
Κρατικός Αερολιμένας Μυτιλήνης "Οδυσσέας Ελύτης"	39.05797	26.59835	LGMT	0
Aeródromo de Monforte	39.05982	-7.42167		0
Aeródromo Forestal "Puebla de Don Rodrigo"	39.06602	-4.48888		0
Pista privada do Monte do Lago	39.07514	-8.13928		0
Aeródromo de Muge	39.09698	-8.65859		0
Aeródromo de Tinajeros	39.0988	-1.72108	LETY	0
La Gineta UL	39.10588	-2.01716		0
Zafer Havalimanı	39.11261	30.13017	LTBZ	0
Aeródromo de Santa Cruz	39.12387	-9.38026	LPSC	0
Aeródromo de Casas de Juan Gil	39.13291	-1.26367		0
Κρατικός Αερολιμένας Σκιάθου «Αλέξανδρος Παπαδιαμάντης»	39.17811	23.50402	LGSK	0
Aeródromo Riola (fumigacion)	39.18076	-0.33832		0
Aviosuperficie Franca	39.18971	16.67147		0
فرودگاه بین المللی ماکو	39.19095	44.92882	OITU	0
Aeródromo Municipal de Santarém	39.20853	-8.68871	LPSR	0
Aeródromo Municipal de Ponte de Sor	39.21111	-8.05653	LPSO	0
Aero Club Gregal	39.22084	-0.36956		0
Κρατικός Αερολιμένας Νέας Αγχιάλου	39.22306	22.79318	LGBL	0
Herrera del Duque	39.22431	-4.88412		0
Albalat de Ribera	39.22601	-0.3659		0
Aeroporto di Cagliari-Elmas	39.25059	9.05599	LIEE	0
Aviosuperficie La tana del volo	39.26898	8.77083		0
Sollana	39.27142	-0.36406		0
A/S Antica Sardegna	39.27151	9.53869		0
Campo volo Maracalagonis	39.27824	9.25668		0
La Calderina	39.29659	-3.83145		0
Aeródromo de Casas de los Pinos	39.2982	-2.37872	LEPI	0
Sivrihisar Havacılık Merkezi	39.30017	31.49794		0
Aviosuperficie Amici dell'Aria	39.32813	9.1467		0
La Cervera	39.32905	-6.34445		0
Divriği Hava Kampüsü	39.3321	38.09229		0
Aeródromo de Guadalupe	39.34484	-5.19864	LEGU	0
Ses Salines (s'Olivó)	39.3463	3.05761		0
CdV Vallermosa	39.3558	8.79202		0
A/S "Sa Doda"	39.36345	8.86717		0
Aeródromo de Óbidos	39.39072	-9.19823		0
El Membrillar	39.39256	-4.73449	LEML	0
Aviosuperfice del Parteolla	39.40019	9.13952		0
Πεδίο προσγείωσης ελαφρών αεροσκαφών Μυρίνης	39.40739	21.99566	LGMY	0
Campo di Volo Oasi del Volo	39.40808	9.17501		0
Aeródromo forestal "Requena 2"	39.44239	-1.04871		0
Pista de Alcanena	39.47155	-8.67066		0
Aeródromo de Requena-El Rebollar	39.47453	-1.03469	LERE	0
Pista de Mouriscas	39.47778	-8.08923		0
Aeropuerto Internacional de Valencia	39.48823	-0.48265	LEVC	0
Aeródromo La Loma	39.48902	-0.90181		0
Aeródromo de Valdeazores	39.49077	-4.66157		0
Aviosuperficie Privata AVIELSAR	39.49636	9.6124		0
Balıkesir Koca Seyit Havalimanı	39.55244	27.00706	LTFD	0
Aeroport de Palma - Son Sant Joan	39.55323	2.73778	LEPA	0
Portocristo	39.55833	3.32024		0
Aeródromo de Aldeacentenera	39.56109	-5.66221		0
La Mancha-Toledo Airfield	39.56335	-3.25036	LEMX	0
Fuenterrobles	39.56655	-1.36181		0
Polatlı Havalimanı	39.56997	32.15234		0
Aeródromo de Mação	39.57246	-7.98727		0
Aeròdrom de Son Noviet	39.57728	3.12529	LEPT	0
CdV Monreale	39.58322	8.77337		0
Campo de Voo de Valdonas	39.59183	-8.37204		0
El Rinconcillo de Guadalupe	39.59413	-6.20628	LEGP	0
Aeródromo de Pias Longas	39.59894	-8.56797		0
Aeròdrom de Son Bonet	39.60027	2.70261	LESB	0
Διεθνής Αερολιμένας Κέρκυρας «Ιωάννης Καποδίστριας»	39.60189	19.91207	LGKR	0
Balıkesir Merkez Havaalanı	39.61893	27.92164	LTBF	0
CdV "Sardegna"	39.62268	9.10214		0
Base Aérea de Valencia-Bétera	39.62363	-0.4723	LEBT	0
Αερολέσχη Λάρισας	39.65386	22.34095		0
Ağrı Havaalanı	39.65761	43.02519	LTCO	0
Club ULM Fenix	39.65793	-0.8115		0
Orhan Ünsal Hava Parkı	39.66904	32.20165		0
Olocau UL	39.67542	-0.54861		0
Aviosuperficie Aliquirra	39.6786	9.46203	LIEP	0
Aeròdrom de Binissalem	39.68103	2.87817	LEIS	0
Aeródromo Municipal de Valadas	39.68206	-8.25319		0
Aeródromo de Sonseca-Villaverde	39.69293	-3.93418		0
Κρατικός Αερολιμένας Ιωαννίνων «Βασιλεύς Πύρρος»	39.69786	20.8214	LGIO	0
Erzincan Yıldırım Akbulut Havalimanı	39.71148	39.5268	LTCD	0
Aerodromo de Lillo	39.71689	-3.3204	LELT	0
Aérodromo Municipal de Proença-a-Nova	39.73118	-7.87481	LPPN	0
Benagéber	39.735	-1.13872		0
Campo di Volo Dragons Fly	39.7385	16.45709		0
Club ULM La Llosa	39.75008	-0.18142		0
Aviosuperficie Sibari Fly	39.75779	16.43742		0
Aeródromo de Aliaguilla	39.7585	-1.33642	LEAK	0
La Guardia	39.77228	-3.60375		0
Aviosuperficie di Scalea	39.77696	15.8109	LICK	0
Aeródromo de Leiria	39.77997	-8.82049	LPJF	0
Campo di volo Avio Lao	39.78043	15.80596		0
Aeroclub Alto Palancia	39.79792	-0.41846		0
Eskişehir Hasan Polatkan Havalimanı	39.81012	30.5196	LTBY	0
Sivas Nuri Demirağ Havalimanı	39.81344	36.90526	LTAR	0
THK İnönü Havacılık Eğitim Merkezi	39.81987	30.1176		0
İnönü Havacılık Eğitim Merkezi	39.81987	30.11809		0
Campo de Vuelo de Pozorrubio	39.82604	-2.95287	LEPC	0
Aérodromo Municipal de Castelo Branco	39.84489	-7.43993	LPCB	0
Aeródromo Belvis de Monroy	39.85152	-5.60156		0
Aviosuperficie "Conca del Re"	39.85352	16.19704		0
Aeroport de Menorca	39.86303	4.22091	LEMH	0
Aeròdrom de Sant Lluís	39.86523	4.25465	LESL	0
Aeródromo de Pombal	39.88572	-8.64929		0
Yozgat Havalimanı	39.88794	34.97541		0
Aviosuperficie di Gemini	39.89483	18.19024		0
Aeroporto di Oristano-Fenosu	39.89513	8.64216	LIER	0
Aeródromo de Toledo - Algodor	39.89802	-3.87481	LETG	0
Aeródromo forestal de La Yesa	39.90877	-0.94871		0
Navalmoral de la Mata	39.91606	-5.54001		0
Aeroporto di Tortolì-Arbatax	39.91894	9.68221	LIET	0
Αερολιμένας Ήφαιστος	39.919	25.23738	LGLM	0
Aeródromo de Ocaña	39.93716	-3.50051	LEOC	0
Aeródromo de Campillos	39.94143	-1.5304		0
Erzurum Havalimanı	39.94935	41.1727	LTCE	0
Aeródromo de Viver	39.95398	-0.62318	LEVY	0
Campo Volo Pietralata	39.97043	18.38093		0
Iğdır Şehit Bülent Aydın Havalimanı	39.97423	43.88055	LTCT	0
Aeródromo Municipal de Monfortinho	39.97687	-6.90639	LPMF	0
Campo di Volo A.S. Ulcor	39.97879	8.67903		0
Aeródromo de Coria	39.98481	-6.55482		0
Campo volo di Zerfaliu	39.98837	8.72474		0
Aeroclub de Castellón	39.99843	0.02566	LECN	0
Aeródromo de Velada	40.01062	-4.94556		0
Aeródromo Tarancón	40.01307	-2.97901		0
Campo Volo Gallipoli	40.01618	18.02353		0
Aeródromo Aerópolis	40.02046	-4.55826		0
Aeródromo de Camarenilla	40.02402	-4.06986	LERN	0
Aeródromo da Pampilhosa	40.02639	-7.95424		0
Pueblonuevo de Miramontes	40.0592	-5.36348		0
Aeroporti i Gjirokastrës	40.0874	20.15229	LAGK	0
Azat Airfield	40.08975	44.61159		0
Aeródromo forestal de Ademuz	40.09157	-1.2111		0
Aeródromo de Villaconejos	40.09708	-3.50779		0
Campo de vuelo de Martinamatos	40.09888	-4.29449		0
Aviosuperficie Corte De' Droso	40.10755	18.25753	LINB	0
Campo di volo Policastro	40.11399	15.49477		0
Esenboğa Uluslararası Havalimanı	40.12316	33.00152	LTAC	0
Çanakkale Havalimanı	40.13439	26.42694	LTBH	0
Aeródromo da Lousã	40.14347	-8.2421	LPLZ	0
Զվարթնոց միջազգային օդանավակայան (EVN)	40.15014	44.39401	UDYZ	0
Karacabey Hara Havaalanı	40.1566	28.34825		0
Aeródromo de Valdelaguna	40.15789	-3.3807		0
Aeródromo Municipal Bissaya Barreto	40.15849	-8.4704	LPCO	0
Aviosuperficie Torre Foghe	40.18319	8.4691		0
Quinta de Fôja Airstrip	40.18464	-8.70465		0
Aeródromo de Lanzahíta	40.1865	-4.94599		0
Aeródromo de Sotos	40.20361	-2.1437	LESS	0
Gökçeada Havalimanı	40.2053	25.88674	LTFK	0
Aeródromo de Almorox	40.21163	-4.38676		0
Aeroport de Castelló-Costa Azahar	40.21271	0.07165	LECH	0
CdV Policoro "Saline"	40.21591	16.73199		0
Aeródromo de Griñón	40.22437	-3.86747		0
Gümüşhane-Bayburt Havalimanı	40.22545	39.80325		0
Bursa Yunuseli Hava Kampüsü	40.2301	29.00434	LTBE	0
Aeródromo de Casarrubios del Monte	40.23441	-4.02678	LEMT	0
Aeródromo de La Iglesuela "El Tiétar"	40.24759	-4.7905	LETI	0
Aviosuperficie di Melendugno	40.24765	18.43612		0
Bursa Yenişehir Havalimanı (YEI)	40.2582	29.56189	LTBR	0
Aviosuperficie di Grumento	40.27012	15.91361		0
Aeródromo de Coja	40.27496	-7.97536		0
CdV "Porto Cesareo"	40.29292	17.83451		0
Yerevan Yegvard Airport	40.29656	44.57183	UD21	0
Tokat Havaalanı (Eski)	40.30645	36.36528		0
SkyClub Airfield	40.31007	44.43888		0
Tokat Havalimanı	40.32226	36.38856	LTAW	0
Αεροδρόμιο Σίλατα	40.33045	23.1518	LGNA	0
Aeròdrom de Vistabella del Maestrat	40.33226	-0.30135		0
Pista do Cabeço da Vaca	40.34462	-6.97985		0
Aviosuperficie Dorgali	40.34834	9.54749		0
Aviosuperficie "Fondone" Lecce	40.35599	18.23255	LINK	0
Aeroporto di Lecce-Lepore	40.35933	18.29758	LINL	0
P.R.E.L. Aerosporting Center	40.36665	23.05149		0
Pelayos de la Presa	40.3717	-4.38241		0
Cuatro Vientos	40.37183	-3.78511	LECU	0
Aviosuperficie Monticchio	40.37725	17.38541		0
Karabiga Airport	40.38092	27.30358	LTKA	0
Aeródromo de Brunete	40.39716	-4.02379		0
Campo volo Pisticci	40.39951	16.63675		0
Dragoa Airstrip	40.40646	-6.99584		0
CdV Linnarta	40.41079	9.72308		0
Plataforma Aeroportuaria - Teruel	40.41206	-1.22852	LETL	0
Aviosuperficie "Vallo di Diano"	40.41547	15.53675		0
Campo di Volo Il Volo	40.42143	8.68643		0
Aeródromo de Mortágua (Desactivado)	40.42538	-8.23176		0
Aviosuperficie Enrico Mattei	40.43119	16.55349		0
Aeródromo Villanueva de la Cañada.	40.43716	-4.0253		0
Κρατικός Αερολιμένας Καστοριάς (Αριστοτέλης)	40.44648	21.28155	LGKA	0
Aviosuperficie Aerotre	40.44971	17.62295		0
Campo di volo "Oasi di Peppe"	40.45246	15.00035		0
Aeródromo de Pinhanços	40.45256	-7.69198	LPSE	0
Aviosuperficie Templare Paestum	40.47284	14.96073		0
Alipuglia	40.47394	17.60965		0
Idroscalo di Taranto	40.47565	17.2226		0
Aviosuperficie Esperti	40.47901	17.88488		0
Aeródromo de Piedrahita	40.47967	-5.36079		0
Aeródromo de Valdemorillo.	40.48614	-4.05052		0
Pamukova Hava Kampüsü	40.48719	30.1696		0
Aeropuerto Adolfo Suárez Madrid-Barajas	40.49502	-3.56193	LEMD	0
Aeródromo Villanueva del Pardillo.	40.49943	-3.99134		0
Aviosuperficie Antares	40.50424	17.9655		0
Aeroporto di Taranto-Grottaglie	40.51127	17.40095	LIBG	0
Διεθνής Κρατικός Αερολιμένας Θεσσαλονίκης "Μακεδονία"	40.51997	22.96902	LGTS	0
Camp de vol de Vinaròs	40.52014	0.39002		0
Aeródromo de Beteta	40.54031	-2.07661		0
Campo di volo Altavillafly	40.54631	15.10191		0
Aerodromo Municipal do Casarão - Agueda	40.54904	-8.40609		0
Aviosuperficie Pantano	40.56168	15.75983		0
Kars Harakani Havalimanı	40.5645	43.11897	LTCF	0
Base de Bomberos El Maíllo	40.56909	-6.22126		0
Aviosuperficie Loelle	40.56982	9.32241		0
Αερολέσχη Εορδαίας Ολυμπιάδα	40.57351	21.58248		0
Campo di volo Natile	40.58888	16.76996		0
Campo de Aviación de Peralveche	40.6016	-2.42911		0
Aerodromo de Torremocha	40.60347	-1.26583		0
Aeroclub El Salobral - Valle Amblés	40.60602	-4.79028		0
Aeroporto di Salerno - Costa d'Amalfi	40.61775	14.90886	LIRI	0
Les Planes - Ulldecona	40.62036	0.48002		0
Aviosuperficie del Sole	40.62433	14.84566		0
CdV Air Ardara	40.62657	8.86651		0
Aeroporto di Alghero-Fertilia	40.63276	8.29097	LIEA	0
Aeroporti i Korçës	40.65001	20.74112	LAKO	0
Aeródromo Loring	40.66022	-3.59489		0
Aeroporto di Brindisi-Casale	40.66176	17.93977	LIBR	0
Aeródromo da Pedra da Broa	40.71916	-8.23778		0
Aeródromo Municipal Gonçalves Lobato	40.72547	-7.88703	LPVZ	0
Cengiz Topel Havaalanı	40.73387	30.08101	LTBQ	0
Αεροδρόμιο Κολχικού	40.74527	23.1227		0
Շիրակ Միջազգային Օդանավակայան	40.74844	43.85844	UDSG	0
Kocaeli Büyükşehir Belediyesi Deniz Uçağı (SEABİRD)	40.76054	29.91241		0
Valdenuño-Fernandez	40.76601	-3.35525		0
Aeroclub Città Bianca "Francesco Santoro"	40.77191	17.63885		0
Aeródromo E. Castellanos-Villacastín	40.78317	-4.45935	LEEV	0
Aeródromo de Guadalix de la Sierra	40.78475	-3.63974		0
Aviosuperficie San Teodoro	40.80213	9.65841		0
Campo volo Al Canale	40.81245	17.23309		0
Aviosuperficie di Platamona	40.81348	8.4697		0
Aerodromo de Taragudo	40.82177	-3.09347	LETD	0
Merzifon Havalimanı	40.83629	35.52499		0
Edessa Airfield	40.8413	21.82171		0
Διεθνές Αεροδρόμιο Αλεξανδρούπολης "Δημόκριτος"	40.85634	25.9558	LGAL	0
Aeródromo de Robledillo de Mohernando	40.86594	-3.24528	LERM	0
Aeroporto di Napoli Capodichino	40.88395	14.28919	LIRN	0
Aeródromo Antonio González - Fuentemilanos (Segovia)	40.88814	-4.23903	LEFM	0
Sabiha Gökçen Havalimanı (SAW)	40.89431	29.31763	LTFJ	0
Aeroporto di Olbia-Costa Smeralda	40.89935	9.51865	LIEO	0
Aeródromo de Campolara	40.89942	-4.51948	LECX	0
Aeródromo de Marugán	40.91091	-4.3711	LEIR	0
Κρατικός Αερολιμένας Καβάλας "Μέγας Αλέξανδρος"	40.91506	24.61769	LGKV	0
Campo de Vuelo de Perogordo	40.92343	-4.17322		0
Campo di volo Air Patria	40.92694	14.06183		0
Campo di Volo Valledoria	40.92981	8.81304		0
Aviosuperficie Il Nido delle Aquile	40.93918	16.49462		0
Aeropuerto de Salamanca	40.95129	-5.50175	LESA	0
Centro Volo Campania	40.95153	14.41188		0
Campo di volo La Quercia	40.96308	16.6331		0
Ordu Giresun Havalimanı	40.96717	38.0863	LTCB	0
Αεροδρόμιο Καβάλας - Αμυγδαλεώνα Λυδία	40.973	24.34339	LGKM	0
Aeródromo de Espinho	40.97337	-8.64385	LPIN	0
İstanbul Atatürk Havalimanı	40.97812	28.82313	LTBA	0
Αεροδρόμιο Πολυκάστρου	40.98567	22.62611		0
Trabzon Uluslararası Havalimanı	40.99443	39.79022	LTCG	0
Аеродром Логоварди	41.01832	21.42726		0
Aeródromo de Sigüenza	41.04423	-2.62724	LESZ	0
Campo di volo SkyUfita	41.04671	15.12155		0
CdV Pista Vasa	41.04685	8.99808		0
Ստեփանավան	41.04878	44.33865	UDLS	0
Aviosuperficie Ali sul Castello	41.06355	16.28086		0
Aviosuperficie Delta Club Napoli	41.06566	13.962		0
Campo di Volo La Smeraldina	41.06689	9.43168		0
Multi Enerji Hava Kampüsü	41.06842	27.35638		0
Aeródromo Calzada de Valdunciel	41.07492	-5.72944	LEUN	0
Aeródromo de Entre-os-Rios	41.07571	-8.27173		0
Πεδίο Προσγείωσης "Εμμανουήλ Παππάς"	41.08364	23.58944		0
Campo de Voo Urros	41.08663	-7.01342		0
İstanbul Hezarfen Havaalanı	41.10344	28.54941	LTBW	0
FlyClub Sant'Agata	41.10472	14.45476		0
Aviosuperficie Falcone	41.10505	15.87635		0
Aeródromo de Hiendelaencina	41.1057	-2.98852	LEEN	0
Komotini	41.11042	25.32112		0
Aeródromo de Arcones	41.1142	-3.73406		0
Aeroporto di Capua	41.1171	14.17679	LIAU	0
Αεροδιάδρομος Νέου Ζυγού	41.11792	24.91749		0
Σιταγροί	41.12743	24.01398		0
Aeroporto di Bari-Palese	41.13689	16.75418	LIBD	0
Tekirdağ Çorlu Atatürk Havalimanı	41.14212	27.91681	LTBU	0
Campo di volo Rains	41.14568	14.33864		0
Aeroport de Reus	41.14708	1.16846	LERS	0
Аеродром Српци	41.15155	21.40714		0
Aviosuperficie La Selva	41.15451	14.21045		0
Aviosuperficie Volturno Fly	41.15775	14.36489		0
Aeroporto di Benevento Generale Nicola Collarile	41.17831	14.7476	LIRO	0
Rize-Artvin Havalimanı	41.17933	40.85024	LTFO	0
Меѓународен аеродром "Св. Апостол Павле" - Охрид	41.17953	20.74207	LWOH	0
Aeródromo de Santo Tomé del Puerto	41.20322	-3.59311	LETP	0
Πεδίο Προσγείωσης Χορτερού	41.22473	23.36357		0
Campo de vuelo de Caspe	41.22872	-0.08573		0
Pista da Corvachã	41.23217	-7.97688		0
Campo di volo "Umberto Nobile"	41.2357	13.82082		0
Alats Club Bellvei-Santa Oliva	41.24442	1.56357		0
Aeroporto Francisco Sá Carneiro	41.24883	-8.67819	LPPR	0
Aero Club Alt Camp de Vallmoll	41.24994	1.24102		0
Samsun Çarşamba Havalimanı	41.25627	36.56341	LTFH	0
Aviosuperficie “Umberto Nobile”	41.26328	13.78372		0
Аеродром Демир Капија (Радња)	41.26687	22.18807		0
Aeródromo Municipal de Vila Real	41.27427	-7.72041	LPVR	0
İstanbul Havalimanı	41.27525	28.7521	LTFM	0
Aeródromo Municipal da Maia	41.27882	-8.51699	LPVL	0
Aeroport Josep Tarradellas Barcelona-el Prat	41.29686	2.08269	LEBL	0
Kastamonu Havalimanı	41.31434	33.79679	LTAL	0
Volo Amiclae	41.31468	13.34568		0
Piedimonte Matese	41.32382	14.36362		0
A.S. Flying Club Sabaudia	41.3335	13.02114	LISB	0
Аеродром Прилеп (Мало Коњари)	41.33389	21.44707		0
Campo di volo "Fly and Go"	41.34626	15.52602		0
A/S Pegaso Club 2000	41.35739	13.14887		0
Aero Club ULM del Penedès	41.36794	1.76724		0
Aeròdrom Municipal El Pla de Santa María	41.37133	1.30372		0
Aeródromo de Alcazarén	41.37166	-4.69615		0
Campo di volo Pontinia Eagles	41.37302	13.13649		0
Avio Pontina Club	41.3812	13.18101		0
Aérodromo de Mogadouro	41.39621	-6.68351	LPMU	0
Aeródromo de La Nava	41.41158	-3.44837	LECA	0
Aeroporti Ndërkombëtar i Tiranës Nënë Tereza	41.41397	19.7196	LATI	0
A/S Condor	41.41603	12.97885		0
Аеродром Прилеп (Долнени)	41.4291	21.40177		0
Aeroporto di Foggia "Gino Lisa"	41.43323	15.53455	LIBF	0
Aeródromo de Laundos	41.44829	-8.70898		0
Петрич	41.44898	23.2166		0
CdV Volo Molise	41.45947	14.5376		0
Aviosuperficie ARMA	41.46407	12.74593		0
Aeródromo de Corvejón y Quemados	41.46648	-4.71309	LEOA	0
Aeródromo de Mirandela	41.46799	-7.22738	LPMI	0
Divinangelo	41.47027	13.02576		0
Base Aerea Molise	41.47421	14.53735		0
ბოლნისი სასწავლო საპარაშუტო აეროდრომი	41.48523	44.53348		0
Aeroporto di Aquino	41.49238	13.71929	LIAQ	0
Figari - Sud Corse	41.50343	9.09786	LFKF	0
Çaycuma Havaalanı	41.50403	32.08844	LTAS	0
Campo Volo Ali Nettuno	41.50442	12.7033		0
Ondokuz Mayıs Havaalanı	41.51067	36.11929	LTFI	0
Campo di volo UFO	41.51237	13.28347		0
Аеродром Неготино	41.51796	22.08784		0
Aeròdrom de Sabadell	41.52185	2.10504	LELL	0
Aeródromo Beatriz Cantos Matilla	41.5311	-4.92345	LETC	0
Pegaso Flying Club	41.5426	13.36955		0
A/S Fly Center	41.54763	12.67069		0
Аеродром Градско	41.55252	21.94919		0
Campo Di Volo Giovanni Zaccini	41.56015	13.34436		0
Aeròdrom d'Igualada-Òdena General Vives	41.58463	1.65264	LEIG	0
Aeródromo de Braga	41.58642	-8.44528	LPBR	0
Летище Кърджали	41.5994	25.384		0
Aeródromo de Castejón de Monegros	41.60785	-0.21859	LECJ	0
ბათუმის საერთაშორისო აეროპორტი	41.60933	41.60031	UGSB	0
Aeròdrom de la Serra	41.61247	0.85374		0
ЯЗОВИР СТУДЕН КЛАДЕНЕЦ	41.63026	25.48078	LBSK	0
Aviosuperficie del Gargano	41.63434	15.76575		0
A/S Alicocco	41.65462	13.22661		0
Aérodrome de Tavaria - Propriano	41.66007	8.88959	LFKO	0
Aeropuerto de Zaragoza	41.66297	-1.04876	LEZG	0
თბილისის საერთაშორისო აეროპორტი	41.66855	44.95467	UGTB	0
Campo di volo "Il Grifo"	41.67159	13.27902		0
Aviosuperficie Artena	41.6734	12.84486		0
Aviosuperficie "Amici del Volo"	41.67778	13.74312		0
Aeròdrom La Segarra	41.68148	1.4137		0
Aeródromo de Vivinera-Alcañices	41.68306	-6.30863		0
Aeròdrom de Cervera	41.68701	1.25065		0
Camp de vol de Palafolls	41.68703	2.74805		0
Aeropuerto de Valladolid	41.7066	-4.85158	LEVD	0
Delta Club Città dei Papi	41.7164	13.09452		0
Aeródromo Municipal de Chaves	41.72195	-7.46328	LPCH	0
Aeroport Lleida-Alguaire	41.72816	0.53529	LEDA	0
Aerodromo "Alcolea de Cinca"	41.7352	0.10688		0
Aeròdrom de Calaf - Sallavinera	41.74482	1.55739	LECF	0
Club Aeronautic Catalunya	41.75227	2.6091		0
Спортски аеродром „Сушево“	41.75975	22.14773	LWST	0
Aeròdrom Barcelona-Bages	41.76519	1.86267	LEMS	0
Aviosuperficie Valmontone	41.7653	12.86476		0
Aeròdrom del Pla de Bages	41.77736	1.89022		0
Aeródromo Torozos	41.78497	-4.86462	LETZ	0
Aeròdrom Moià 2 - Les Umbertes	41.787	2.13044		0
Aeródromo Club Ultraligeros Villanueva Gállego	41.78835	-0.85175	LEWG	0
Campo di volo Apricena Fly	41.79737	15.4193		0
Аеродром Штип	41.79865	22.10922		0
Aeroporto di Roma-Ciampino	41.79926	12.59274	LIRA	0
Camp de Vol Prat de la Plana - Moià	41.80036	2.11273		0
Campo di Volo Aeromodellistico Campo di Merlo	41.80633	12.37184		0
Aeroporto di Roma-Fiumicino	41.81508	12.25076	LIRF	0
Райкова могила	41.81541	26.30406		0
Aeródromo de Garray	41.82065	-2.47556	LEGY	0
Aeródromo El Carrascal	41.82483	-4.89378	LEVB	0
Аеродром Пеширово	41.82802	21.98634		0
Campo di Volo Aeromodellistico Ponte Galeria	41.83546	12.33281		0
Мустрак	41.84	26.30972		0
Aeródromo de Támega	41.84055	-7.42808		0
Aeródromo de Binéfar	41.85393	0.25501	LEBF	0
Aeródromo Municipal de Bragança	41.85727	-6.70721	LPBG	0
Base de Bomberos del Amogable	41.86161	-2.94978		0
Летище Хасково Малево	41.87181	25.60451	LBMV	0
Campo di Volo Cinque Miglia	41.87917	14.01055		0
Aviosuperficie Fly Roma	41.8845	12.71769		0
AvioCaipoli Nino Petrini	41.89093	12.78485		0
Aviosuperficie Giardini di Corcolle	41.90046	12.74182		0
Aeroport de Girona - Costa Brava	41.9073	2.76256	LEGE	0
Campo volo Flylab	41.91131	15.81098		0
Aviosuperficie Roma Est	41.91495	12.76821		0
ნატახტრის აეროდრომი	41.92127	44.71457	UGSA	0
Aéroport Napoléon Bonaparte	41.92152	8.79833	LFKJ	0
Aeródromo de Fontioso	41.9334	-3.78456		0
AvioLC	41.93525	15.02388		0
Campo volo Aerdomus	41.9421	12.14014		0
Camp de vol d'Osona-Folgueroles	41.95249	2.30721		0
Aeroporto di Roma-Urbe	41.95305	12.49892	LIRU	0
Aeródromo de Navianos de Valverde «El Raso»	41.95927	-5.8347		0
Aeródromo de Tardienta - Monegros	41.95977	-0.54162		0
Меѓународен аеродром Скопје	41.96171	21.62022	LWSK	0
Pista de Ultraleves do Cerval	41.97298	-8.6746		0
Camp de vol de Tiurana	41.97376	1.25868		0
CdV Molise Ultravolo A.S.	41.97575	15.01974		0
Бивша 4 ИАБ Узунджово	41.97884	25.59645	LBHS	0
Camp de vol La Puieda	41.98811	2.25573		0
Sangermano-ACLI	41.99111	12.13779		0
Barbastro	41.99407	0.09211		0
Aeròdrom de Pals	42.00728	3.15263		0
Летище Асеновград	42.0097	24.92571		0
Aeròdrom de Llabià	42.0121	3.08937		0
Sinop Havaalanı	42.01808	35.07571	LTCM	0
Aviosuperficie Monti della Tolfa	42.01877	11.98277		0
Aeròdrom d'Àger	42.02161	0.74869		0
Aeródromo de Benabarre	42.02244	0.48154	LENA	0
Aeròdrom de Foixà	42.02951	2.99028		0
Aeroclub ULM L'Estartit Costa Brava	42.03092	3.17944		0
Aeroporti Ndërkombëtar i Kukësit Zayed	42.0351	20.41498	LAKU	0
Aeródromo Gurrea de Gállego	42.0355	-0.74693		0
Горски извор	42.03583	25.40833	LBGI	0
Aérodrome de Ghisonaccia - Alzitone	42.05142	9.40085	LFKG	0
A/S Celano	42.05169	13.55835		0
CdV Mantoni	42.05235	12.56664		0
Аеродром Стенковец	42.05925	21.38822	LWSN	0
Летище Пловдив	42.06808	24.85294	LBPD	0
Aviosuperficie Anguillara Sabazia	42.0722	12.26296		0
Конуш	42.07262	25.05318		0
Aeropuerto Huesca-Pirineos	42.07728	-0.32018	LEHC	0
Camp de vol d'Avià	42.07747	1.84026		0
A/S Il Pratone	42.09403	13.04224		0
Aeródromo de Rosinos de la Requejada	42.09852	-6.52657	LESI	0
Aeródromo de Antela	42.10444	-7.71217		0
Aviosuperficie Corfinio Airfield	42.10964	13.84208		0
Aeródromo de Tudela Aguasalada	42.10994	-1.68887		0
СЛ Тополовград	42.11315	26.3829		0
Campo di volo Fly Sabina	42.11657	12.70816		0
Aviosuperficie Roma Nord	42.11965	12.60407		0
A/S Avio Celsetta	42.12194	12.36029		0
Aviosuperficie Easy Fly	42.12652	12.60835		0
Aviosuperficie Pantano	42.13254	12.62698		0
Aeródromo de Madrigalejo Del Monte	42.13419	-3.73161	LEJO	0
Airsport Viladamat	42.14295	3.05114		0
Aviosuperficie Fiano Romano	42.14444	12.63125		0
Associazione Sportiva Volo Vasto	42.15556	14.69978		0
Аеродром Куманово	42.15726	21.69495		0
Alerre Airfield	42.16713	-0.47842		0
ქუთაისის საერთაშორისო აეროპორტი	42.17778	42.47996	UGKO	0
Цалапица	42.18876	24.53594	LBTS	0
A/S Umiltà	42.19259	12.33167		0
Campo di volo S. Giorgio	42.19276	11.72456		0
Aeròdrom privat Besalú Beuda	42.21154	2.70911		0
CCA Белозем	42.21415	25.05864		0
Air Belozem	42.21656	25.06519	LBZM	0
Войсил (Бенковски)	42.21831	24.63919		0
Aviosuperficie Vallicella di Sutri	42.21854	12.24826		0
Campo di volo Delta Top	42.22414	11.7951		0
Aeròdrom de Tapioles	42.22569	2.61662		0
Aviosuperficie Alituscia	42.22692	12.11983		0
Пищигово	42.23073	24.4383		0
Юнаците	42.23184	24.24484		0
Aeròdrom d'Ordis	42.23253	2.88626		0
Aeródromo da Chaira	42.23283	-7.6448		0
Aeroporto de Vigo	42.23292	-8.62847	LEVX	0
Aviosuperficie di Nepi	42.24636	12.30771		0
Летище Приморско	42.25938	27.70429	LBPR	0
Aeròdrom d'Empuriabrava	42.26029	3.10957	LEAP	0
Летателна площадка "Марица"	42.26521	24.72096	LBMA	0
Campo de vuelo Villoldo	42.26544	-4.64731		0
Паничарево	42.27653	22.99085	LBPN	0
Стряма	42.28146	24.86675		0
Campo volo Collerotondo	42.28879	13.74541		0
Aérodrome de Corte	42.29148	9.18912	LFKT	0
Писта Раковски	42.29321	24.94645		0
Летище Черногорово	42.29458	24.4442		0
Съединение	42.2976	24.55559		0
Aviosuperficie L'Aquila	42.30054	13.51806		0
Летище Крайници	42.30814	23.24676	LBSP	0
Долна Баня	42.30913	23.81904	LBDB	0
Aviosuperficie "La Porta delle Aquile"	42.31513	14.00043		0
Даскал Атанасово	42.32139	25.89361	LBDA	0
Овчеполци	42.32278	24.41949		0
Верен	42.33263	25.16952		0
Aeródromo Los Oteros	42.33286	-5.4512	LEOS	0
Неделево	42.33902	24.60951		0
Aeroport Andorra - la Seu d'Urgell	42.34103	1.40909	LESU	0
Santa María del Páramo	42.34439	-5.80351		0
LB18 (Z07O)	42.34591	26.57974		0
La Fonfría	42.34618	-2.91132		0
Aeródromo Coscojuela de Sobrarbe	42.34684	0.18695		0
Aeropuerto de Burgos	42.35765	-3.61902	LEBG	0
Aerodrom Podgorica	42.35956	19.25037	LYPG	0
Campo di volo "Easy Flyte Maremma"	42.3628	11.65662		0
Белчин	42.3747	23.39273	LBBB	0
Летище Стара Загора	42.37777	25.65741	LBSZ	0
Aeroporto di L'Aquila-Parchi	42.37955	13.30981	LIAP	0
A/S Santa Bruna	42.38287	12.34415		0
Aeròdrom de la Cerdanya	42.38706	1.86338	LECD	0
SSA ZELENIKOVO	42.39258	25.07867		0
Zagortsi Airstrip	42.40146	27.07032		0
Aerodrom Tivat	42.40372	18.72462	LYTV	0
CdV Selva Nera	42.40668	11.39784		0
A/S Tuscania	42.41064	11.89859		0
SSA BEGOVO	42.41266	24.80492		0
Ихтиман	42.42174	23.76762	LBHT	0
Aerodrom Špiro Mugoša	42.42207	19.29136	LYPO	0
Aerodromo de Sesma	42.42489	-2.02644		0
Aeroporto di Rieti Giuseppe Ciuffelli	42.42597	12.85087	LIQN	0
A/S Rieti Vallesanta	42.42722	12.80522		0
Aeroporto internazionale d'Abruzzo Pasquale Liberi	42.43129	14.18244	LIBP	0
Aeródromo do Cadaval	42.43211	-7.49182		0
A/S Aviosoriano	42.43362	12.29218		0
София Уест	42.44301	22.98344	LBSW	0
Летище Старо Железаре	42.44773	24.66393		0
Aeródromo Villamarco ULM	42.45125	-5.28553	LEVL	0
Aeropuerto de Logroño-Agoncillo	42.46076	-2.31976	LERJ	0
Aeródromo de Beariz	42.46135	-8.33948	LEBI	0
Омарчево	42.46778	26.14417		0
Altisurface Hippopotame	42.47399	2.04904		0
Aeródromo de San Torcuato	42.47512	-2.87326	LESN	0
Aeroclub Elice	42.49105	13.99524		0
Campo di volo Francesco Cantelmo	42.49129	11.80133		0
Aviosuperficie Costa d'Argento	42.49502	11.23877		0
Chozas de Abajo	42.49632	-5.6815	LEZS	0
Campo de Vuelo Astorga	42.50494	-6.02759	LEAT	0
CdV Flying Buttero	42.51775	11.31841		0
Base de aviones La Cerra	42.52135	-4.85585		0
Aeródromo Castejón de Sos	42.52593	0.48096		0
ამბროლაურის აეროპორტი	42.5271	43.13516	UGAM	0
Aéroport de Calvi Sainte-Catherine	42.52989	8.79222	LFKC	0
CdV Palazzone di Narni	42.53657	12.55375		0
Летище Стряма	42.5377	24.82819	LBST	0
Aérodrome de Mont-Louis La-Quillane	42.54283	2.12052	LFNQ	0
Aeródromo das Lamas	42.54684	-7.51902	LENF	0
aérodrome de Llauro	42.55019	2.73082		0
Aéroport international de Bastia-Poretta	42.55462	9.4823	LFKB	0
Zračna luka Ruđer Bošković	42.56242	18.26598	LDDU	0
Aeródromo de Sangüesa	42.56698	-1.28935		0
Aeródromo de Santa Cilia-Los Pirineos	42.5692	-0.72778	LECI	0
Летище Бургас	42.57024	27.51529	LBBG	0
Aviosuperficie Alvaro Leonardi	42.57243	12.58465	LIAA	0
Aeroporti Ndërkombëtar i Prishtinës "Adem Jashari"	42.57429	21.03317	BKPR	0
Base ULM St Luc	42.57562	2.81662		0
Aeródromo de Godos	42.5782	-8.69712		0
Altisurface du Mont LLaret Roc d'Aude	42.58028	2.02554		0
Kalvacha Airfield	42.58659	25.42651	LBKL	0
Aeropuerto de León	42.59055	-5.6444	LELN	0
Aeródromo de Herrera de Pisuerga	42.59262	-4.28964	LERP	0
Зимница	42.60056	26.63361		0
Altisurface du Coste del Palm	42.60833	2.01111		0
Tsageri Airport	42.62884	42.75248		0
Aeródromo de La Vid de Bureba	42.63252	-3.31175	LEDB	0
Летище Лесново	42.63356	23.65023	LBLS	0
Altisurface du Clos de Legua	42.65417	2.03889		0
Летище Московец	42.65839	24.68383		0
Lumbier	42.66477	-1.30354	LEUM	0
Altisurface du Col de la Marrano	42.6657	2.16471		0
ССА Айтос	42.67693	27.25564		0
Base ULM du Mas Sarda	42.68136	2.65232		0
Campo di Volo Acquasparta	42.68289	12.55326		0
Aeródromo de Prádanos de Ojeda	42.69098	-4.34894		0
Брезник	42.69331	22.89656	LBBR	0
Летище „Васил Левски“ - София	42.69548	23.41779	LBSF	0
Campo di volo Pica	42.69667	13.9174		0
Aeródromo de Treviño	42.72176	-2.67872		0
Слънчев бряг	42.72653	27.62461	LBSB	0
Campo volo Costa del Monte	42.73319	13.89165		0
Aviosuperficie Torre Alfina	42.73968	11.9839		0
Aéroport de Perpignan - Rivesaltes Méditerranée	42.74283	2.86952	LFMP	0
Base ULM de Torreilles	42.7463	3.01573		0
CdV Santa Rita	42.75654	13.01633		0
Лозарево	42.75759	26.90026		0
Aeroporto di Marina di Campo	42.76131	10.23966	LIRJ	0
Altisurface de Coumely	42.7625	0.02222		0
Helipuerto Forestal de La Lora	42.76961	-3.95353	LEDE	0
Iruñea-Noain aireportua	42.77103	-1.64592	LEPP	0
Aerodrom Kapino polje	42.77365	18.91508	LYNK	0
Aviosuperficie Terra del Sole	42.77553	11.15727		0
Altisurface d'Ustou	42.78352	1.22477		0
Altisurface de Cap De Pouy	42.78472	0.545		0
Villa Selva Airpark	42.79225	13.75161		0
Altisurface de Pene de Soulit	42.79278	0.4625		0
Altiport 007 de Peyresourde Balestas	42.79655	0.43613	LFIP	0
Aérodrome de Bagnères de Luchon	42.80047	0.60062	LFCB	0
Base Hydro-ULM La Salanque Latécoère	42.80184	2.9952		0
Aircountry	42.80655	13.78489		0
Avio Club Val Vibrata	42.80988	13.84681		0
1 ИАБ Доброславци	42.81255	23.29996		0
Air Galamus - Base ULM de Saint-Paul de Fenouillet	42.82056	2.49664		1
Ororbia	42.8225	-1.73458		0
Ali Libere	42.82995	12.68392		0
Altisurface de Honteyde	42.83722	0.50222		0
Altiport de Bacanères	42.83825	0.65892		0
Aerodrom Berane	42.83962	19.86233	LYBR	0
Aviosuperficie Punta Ala	42.84064	10.81912		0
Aviosuperficie Delfina	42.84229	12.73312		0
Сливница	42.84408	23.01435	LBSA	0
Aeródromo de Cillamayor	42.85129	-4.27749	LEUC	0
Altisurface Uls Melles	42.85194	0.84889		0
Aviosuperficie dei Monti Martani	42.85714	12.47298		0
Аҟәатәи жәларбжьаратәи аҳаирбаӷәаза	42.85749	41.12946		0
Altisurface de Cirès	42.86306	0.51528		0
Altisurface de la Plagne-Bouirex	42.86894	1.13539		0
Avioclub Pantalla	42.87132	12.38457		0
Aeródromo de Zalduendo	42.87388	-2.33749		0
Gasteizko aireportua	42.88314	-2.72755	LEVT	0
CdV Montefalco	42.88545	12.69337		0
Altisurface de Ferrère Batmale	42.88833	0.49889		0
Aviosuperficie del Sagrantino	42.88995	12.53311		0
Aviosuperficie Tronto	42.89005	13.87096		0
Altisurface Quatre Veziaux	42.89398	0.29884		0
Altisurface de Castillon de la Laquette	42.89597	0.10086		0
Aeroporto de Santiago - Rosalía de Castro	42.89769	-8.41749	LEST	0
Altisurface d'Aleu	42.9004	1.27525		0
Aérodrome de Puivert	42.91039	2.0559	LFNW	0
Altisurface du Plateau de Monhaillat	42.91151	0.12799		0
Aviosuperficie Aliscarlino	42.91213	10.81622	LIQY	0
Aeroporto di Foligno "Giorgio Franceschi"	42.93233	12.71141	LIAF	0
Драгановци	42.94342	25.16877	LBDR	0
Летище Алфа-Метал	42.94931	25.35731	LBAM	0
Altiport de Cabaliros	42.95254	-0.13315		0
Base Aérea Las Navas	42.95305	-3.47402		0
Aeródromo de Fresno de Losa	42.95351	-3.15214		0
Campo di Volo Chiusi	42.97316	11.94635		0
CdV "Peter Pan"	42.97366	12.37233		0
Aeródromo da Fervenza	42.9825	-9.00538	LEMZ	0
Campo di volo Vivoli	42.99262	10.80633		0
Altisurface d'Hautacam	42.99387	-0.01257		0
Аеродром Бојник	42.99749	21.72201		0
Aérodrome de Saint-Girons - Antichan	43.00803	1.10354	LFCG	0
Aviosuperficie Borgo Castelvecchio	43.01245	11.73385		0
Campo de Vuelo de Oteo	43.01684	-3.3144		0
Спортски аеродром Мира	43.01967	21.93195	LYLE	0
Campo di Volo Campiglia	43.01977	10.59461		0
Altisurface du Vallon du Bergons	43.02042	-0.17864		0
Altisurface de Girosp	43.02163	0.77939		0
Aviosuperficie Club Ibis	43.02228	10.6116		0
Campo di volo Santa Maria Rossa	43.02347	12.38808		0
Aviosuperficie Il Gabbiano	43.05183	10.55201		0
მესტიის თამარ მეფის სახელობის აეროპორტი	43.05493	42.75004	UGMS	0
Avios. Panicarola	43.06597	12.09986		0
Aérodrome de Cier-de-Rivière	43.06804	0.6305		0
Altisurface d'Artigues	43.07299	-0.00241		0
Владикавказ	43.07384	44.58763		0
Aviosuperficie Massimo Costa	43.09023	10.55779		0
Aérodrome de Pamiers - Les Pujols	43.09063	1.69845	LFDJ	0
Aéroport de Toulon-Hyères	43.09623	6.14986	LFTH	0
Aeroporto Internazionale dell'Umbria - Perugia "San Francesco d'Assisi"	43.09833	12.50935	LIRZ	0
Aeródromo de Castriz	43.10233	-8.76214		0
Aviosuperficie Cesare Rossi	43.10332	13.5583		0
Aérodrome de Saint-Gaudens-Montréjeau	43.1069	0.61915	LFIM	0
Aeródromo de Rozas	43.11596	-7.46756	LERO	0
Aérodrome d'Ascary-Aramits	43.12068	-0.74115		0
CdV Ciannocio	43.12136	11.92051		0
CdV Molinella	43.12176	12.20601		0
Aviosuperficie Trasimeno	43.13448	12.03135		0
Летище Горна Оряховица	43.14953	25.70865	LBGO	0
Altisurface de Balesta Nature	43.15268	0.9946		0
Aérodrome d'Oloron-Herrère	43.16366	-0.56152	LFCO	0
Base Hydro-ULM de La Ciotat	43.17379	5.64139		0
Aérodrome de Lézignan-Corbières	43.17383	2.73375	LFMZ	0
Campo Volo Aviovitombola	43.17619	11.79623		0
Campo de vuelo de ultraligeros Camaleño-Artañín	43.1781	-4.67491		0
Aeródromo de Reboira	43.1782	-7.04945		0
Aérodrome de Beaugaillard	43.17914	1.95155		0
Aéroport International de Tarbes-Lourdes-Pyrénées	43.17927	-0.00304	LFBT	0
Седьмое Небо	43.18144	40.30073		0
Sportski aerodrom Hvar	43.18166	16.6332	LDSH	0
Aviosuperficie Club Chiusdino	43.19024	11.14748		0
Aérodrome de Narbonne	43.19347	3.05169	LFNN	0
Aérodrome de Cazères - Palaminy	43.20044	1.04796	LFJH	0
Aérodrome privé de Villeneuve du Latou	43.20309	1.41813		0
Владикавказ — Беслан	43.20463	44.60757	URMO	0
Aéroport International Saint-Tropez - La Môle	43.20595	6.4818	LFTZ	0
Баховица	43.20611	24.65556	LBBA	0
Aviosuperficie Valdichiana	43.21399	11.82328		0
Aérodrome de Tarbes - Laloubère	43.21548	0.07795	LFDT	0
Aéroport de Carcassonne-Salvaza	43.21602	2.30652	LFMK	0
Campo volo Condor Man	43.22477	13.32979		0
Aérodrome privé du Magasin	43.2265	2.58675		0
Aviosuperficie del Fermano	43.22704	13.74277	LINF	0
Летище Варна	43.23393	27.82432	LBWN	0
Селскостопанско летище	43.23648	27.04566		0
Aérodrome de Boeil-Bezing	43.24514	-0.21374		0
altisurface de Marmouzet	43.24599	1.23134		0
Aérodrome de Cuers-Pierrefeu	43.24696	6.12364	LFTF	0
Дойренци	43.25015	24.8384		0
Aérodrome du Castellet	43.25228	5.78469	LFMQ	0
Враца	43.25548	23.53355	LBVR	0
Aeroporto di Siena-Ampugnano	43.25562	11.25501	LIQS	0
Campo di Volo "Ali del Chienti"	43.26007	13.51773		0
A/S Ali Umbre	43.27033	12.74246		0
Слатина	43.27196	24.73942		0
Base Hydro-ULM de St Tropez	43.27511	6.61155		0
Aérodrome de Castelnau Magnoac	43.27793	0.51851	LFDQ	0
Međunarodna zračna luka Mostar	43.28189	17.8463	LQMO	0
Zračna luka Brač	43.28431	16.67839	LDSB	0
Бивше летище	43.28634	26.94091		0
Aérodrome de Ponson-Dessus	43.29501	-0.0636		0
Agriturismo "Podere Santa Apollonia"	43.29706	11.90705		0
Aeroporto da Coruña	43.30029	-8.37894	LECO	0
Лозен	43.30172	25.86241		0
Bilboko aireportua	43.30173	-2.9151	LEBB	0
Летище Търговище	43.30666	26.70115	LBTG	0
Бохот	43.30714	24.69177	LBBO	0
Aérodrome de Castelnaudary-Villeneuve	43.31047	1.92166	LFMW	0
Магас	43.3193	45.01281	URMS	0
CdV Aligubbio	43.32011	12.57262		0
Aéroport de Béziers - Cap d'Agde en Languedoc	43.32273	3.35427	LFMU	0
Aérodrome de Limbardier	43.32572	3.18546		0
Campo Volo Grillo	43.32584	11.56179		0
Aérodrome de Sadournin	43.32597	0.41509		0
12 АТБ Каменец	43.32722	25.00333		0
Aviosuperficie Serristori	43.33317	11.85733	LIQQ	0
Градище	43.33398	26.85425	LBGD	0
Aeródromu de Tinéu - Aeródromu de la Curiscada	43.33463	-6.37694		0
Aérodrome d'Itxassou	43.33624	-1.42364	LFIX	0
Аеродром Константин Велики Ниш	43.33634	21.85468	LYNI	0
Aviosuperficie Francesco Rossi	43.33966	12.82689		0
Aérodrome de Chélan	43.34169	0.53018		0
Aérodrome de Manent-Montane	43.34702	0.61106		0
Aviosuperficie Sant'Illuminato	43.3553	12.21834	LIAL	0
CdV Bonsciano - Aviosuperficie	43.35584	12.19372		0
Donostiako aireportua	43.35654	-1.79085	LESO	0
Попово	43.36008	26.23895		0
Aviosuperficie Sant'Anna	43.36535	13.45816		0
Летище Левски	43.36944	25.14916		0
Койнаре	43.37105	24.13044		0
Aviosuperficie Mensanello	43.37358	11.12336		0
Криводол	43.37472	23.51036		0
Aérodrome de Rabastens de Bigorre	43.37809	0.1619		0
Aéroport de Pau Pyrénées	43.37914	-0.4202	LFBP	0
aérodrome de L'Isle-en-Dodon	43.38192	0.85266		0
Монтана	43.38262	23.2632	LBMO	0
Aérodrome de Sarriac-Bigorre	43.38272	0.13378		0
Cóbreces	43.39129	-4.20334		0
Селскостопанско летище	43.40321	25.8523		0
Масларево	43.40588	25.47397		0
Aérodrome de la Montagne Noire	43.40881	1.98883	LFMG	0
Гривица	43.41496	24.73241	LBGR	0
Aérodrome de Molas	43.41658	0.75397		0
Flyclub Montefano	43.42063	13.39933		0
Летище Балчик	43.4229	28.18228	LBWB	0
Aérodrome de Lasclaveries	43.42573	-0.28617	LFJV	0
Aeropuerto de Santander-Seve Ballesteros	43.42694	-3.8205	LEXJ	0
Aeródromo de La Morgal	43.43086	-5.82657	LEMR	0
Hydrosurface ULM Saint-Ferréol	43.43734	2.02731		0
Aéroport de Marseille Provence	43.43756	5.21359	LFML	0
Aérodrome de Saint-Félix Lauragais	43.43846	1.90844		0
Aérodrome de Simorre-le-Puntous	43.43926	0.74671		0
Aviosuperficie Madonna di Loreto	43.44116	13.56989		0
Бреница	43.44153	24.14037		0
Base ULM de Larreule	43.44213	0.03988		0
Сочи	43.44395	39.94245	URSS	0
Aérodrome de Maslacq	43.44614	-0.69474		0
A/S La Filanda	43.44647	11.67395		0
Беджене	43.44765	27.27668		0
Campo di Volo Pietralunga	43.44969	12.40136		0
Aérodrome de Muret - Lherm	43.44987	1.26458	LFBR	0
Marignane-Berre	43.44996	5.21693	LFTB	0
Aérodrome de Sabonnères	43.45486	1.07539		0
Благоево	43.4554	26.43171	LBBL	0
Aeroporto di Arezzo-Molin Bianco	43.45591	11.84765	LIQB	0
Aeromodélisme	43.4624	1.27312		0
Бяла	43.46348	25.71161	LBBQ	0
Aéroport de Biarritz-Pays Basque	43.46919	-1.52312	LFBZ	0
Aérodrome de Berdoues	43.47113	0.38976		0
Aérodrome de Sauveterre	43.4742	0.07807		0
Соколово	43.47562	28.10355		0
Base U.L.M. de Pourrières	43.47983	5.71063		0
Aérodrome de Revel-Montgey	43.48024	1.97787	LFIR	0
Aviosuperficie di Titta	43.4912	12.2428		0
Могилище	43.49156	28.352		0
Ерден	43.49917	23.30472	LBRD	0
Aérodrome de Gelard	43.50279	0.19521		0
Base ULM de Brue-Ariac	43.50402	5.91515		0
Aérodrome d'Aix-les-Milles	43.50559	5.36686	LFMA	0
Селскостопанско летище Стефаново	43.50634	27.84595		0
Aérodrome de Came	43.51002	-1.10331		0
Aerolight Marche (Delta Club Jesi)	43.51236	13.19119		0
Нальчик	43.51313	43.63729	URMN	0
Aviosuperficie Aero Club Valdarno S.C.U.V.	43.52969	11.47277		0
Староселци	43.53151	24.29679		0
Aérodrome de Berre La-Fare	43.53499	5.18006	LFNR	0
Aviosuperficie del Borro	43.53715	11.70571		0
Zračna luka Sveti Jeronim	43.5397	16.29959	LDSP	0
2 ИАБ Габровница	43.54444	23.2725		0
Aéroport Toulouse-Francazal	43.54497	1.36663	LFBF	0
Кнежа	43.546	24.09469		0
Aéroport de Cannes-Mandelieu	43.54793	6.95499	LFMD	0
Подем	43.54833	24.59028		0
Aeródromo de Vilaframil	43.55236	-7.0886	LEVF	0
Никола Козлево	43.55336	27.22282		0
Aeroclub Arnao	43.5535	-7.01676		0
Aviosuperficie Pratello	43.554	10.75311		0
Aéroport de Castres-Mazamet	43.55622	2.29081	LFCK	0
A/S Sansepolcro Palazzolo Avio	43.56034	12.1566	LIQF	0
Aeropuerto de Asturias	43.5616	-6.03307	LEAS	0
Аеродром Росуље	43.56223	21.38161	LYKS	0
Base Hydro-ULM Juan Les Pins	43.56662	7.10165		0
Aérodrome de Malaussanne	43.56885	-0.47684		0
Altiport de Bassoues	43.57825	0.26853		0
Aéroport de Montpellier - Méditerranée	43.57984	3.96662	LFMT	0
Славовица	43.58124	24.44716		0
Ставерци	43.58355	24.27597		0
Джулюница	43.58546	25.61493		0
Летище „Езерец“	43.59205	28.50658		0
Aviosuperficie Valdera	43.59215	10.69608	LIAT	0
CdV "Il Gruccione"	43.60549	10.41176		0
Aérodrome de Mas-Nouguier	43.6063	3.28475		0
Две Могили	43.60648	25.89092	LBDM	0
Aérodrome de Montpellier - Candillargues	43.61032	4.07019	LFNG	0
Aérodrome Toulouse Bourg-Saint-Bernard	43.6105	1.72673	LFIT	0
Doyrantsi Airstrip	43.61052	27.15411		0
Aérodrome de Fayence	43.6115	6.69715	LFMF	0
Аеродром Трстеник	43.61374	21.0302	LYTR	0
Aeroporto "Raffaello Sanzio" di Ancona-Falconara	43.61723	13.3625	LIPY	0
Крушовене	43.62201	24.37807		0
Кишпек	43.62395	43.57816		0
Aviosuperficie Collesalvetti	43.62892	10.48232		0
Aéroport de Toulouse-Blagnac	43.62996	1.36362	LFBO	0
Орляк	43.63442	27.39633		0
Aérodrome de Bédarieux-La-Tour-sur-Orb	43.63942	3.14545	LFNX	0
Saint-Suffren	43.64494	5.31262		0
Медовница	43.64788	22.79726		0
Старо селище	43.65028	26.75417	LBSE	0
Селановци	43.65487	24.01078		0
Aérodrome de Salon-Eyguières	43.65718	5.01036	LFNE	0
Селскостопанско летище Брест	43.65929	24.59853		0
Aéroport de Nice-Côte d'Azur	43.65984	7.21516	LFMN	0
Селскостопанско летище	43.66284	26.42185		0
Въбел	43.66382	24.91322		0
Браничево	43.66578	27.10079		0
Тръстеник	43.66595	25.86669		0
Aérodrome d'En-Lébé	43.66798	0.91624		0
Aéroport Auch-Gers	43.6839	0.60158	LFDH	0
Aeroporto internazionale Galileo Galilei	43.68479	10.39542	LIRP	0
Altisurface de Pampelonne	43.68514	6.13565		0
Aérodrome de Dax-Seyresse	43.68841	-1.06989	LFBY	0
Летище Русе	43.69298	26.05738	LBRS	0
Острово	43.69387	26.57996		0
Aviosuperficie Tuscany Flight	43.6954	10.80583		0
Sportski aerodrom Sinj	43.70068	16.67129	LDSS	0
Aviosuperficie Valcesano	43.70073	13.07388		0
Aérodrome d'Aire-sur-l'Adour	43.70856	-0.24732	LFDA	0
Aviosuperficie Rotocenter	43.71512	10.74409		0
Нова Камена	43.72107	27.3121		0
Lyaskovo Airstrip	43.72418	27.69084		0
Aviosuperficie Empoli	43.72489	10.98211		0
CCA Щръклево	43.72694	26.0499		0
Бъзън	43.72846	26.11939	LBBZ	0
Спортски аеродром	43.7315	20.71803	LYKA	0
Aérodrome de Mauvezin-Monplaisir	43.73688	0.86543		0
Aérodrome de Vinon-sur-Verdon	43.73905	5.78469	LFNF	0
Завет	43.74444	26.66142		0
CdV Le Prata	43.74552	10.40462		0
Aviosuperficie Privata Fucecchio	43.75144	10.80738		0
Campo volo Albatros	43.7547	12.95428		0
Aéroport de Nîmes-Grande Provence Méditerranée	43.75854	4.41543	LFTW	0
Aérodrome de Buzet sur Tarn	43.76815	1.60426		0
Aérodrome de Graulhet-Montdragon	43.76867	2.00985	LFCQ	0
Aérodrome de Nogaro	43.7704	-0.03694	LFCN	0
Aérodrome du Mazet de Romanin	43.77049	4.89454	LFNZ	1
Aérodrome de Sainte-Croix sur Verdon	43.77881	6.15945		0
Altisurface de Cipières Alpes d'Azur	43.7793	6.86463		0
Vama Veche Airstrip	43.78252	28.50127		0
Campo di volo Delta Team Lucca	43.78408	10.60277		0
Кубрат	43.78688	26.51561		0
Aerodrom "Stipe Krišto" - Livno	43.79065	16.8938	LQLV	1
Aérodrome de Clos-Mignon	43.79535	1.44967		0
Aérodrome de Saint-Martin-de-Londres	43.79949	3.78126	LFNL	0
Ancien Aérodrome de Soustons	43.80566	-1.25626		0
Aeroporto Firenze Amerigo Vespucci	43.80918	11.20244	LIRQ	0
Аеродром Морава	43.81825	20.58593	LYKV	0
Campo di volo Ca' Virginia	43.81886	12.67744		0
Aérodrome de Herm	43.82211	-1.10426		0
Aérodrome de Saint-Affrique - Belmont	43.82404	2.74534	LFIF	0
Aeroporto di Fano	43.82418	13.02565	LIDF	0
Međunarodni aerodrom Sarajevo	43.82539	18.32936	LQSA	0
Aeroporto di Lucca-Tassignano	43.82555	10.57794	LIQL	0
Aérodrome d'Albi Castelvert	43.82973	2.12129		0
Aérodrome du Grand Luberon	43.85299	5.5499		0
Base ULM de Saint Clément	43.85313	5.83612		0
Aérodrome de Nîmes-Courbessac	43.85389	4.41479	LFME	0
Aérodrome de Nadesse	43.85401	1.18605		0
Спортски аеродром „Давидовац”	43.86631	21.48689	LYPN	0
Aérodrome du col de Lècques	43.86661	6.46397		0
Aérodrome de Puimoisson	43.86839	6.16439	LFTP	0
Aviosuperficie Delta Condor	43.86872	10.30224		0
Aviosuperficie Il Pinguino	43.87144	10.94662		0
Ульяновское	43.88185	44.07357		0
Aérodrome de Gaillac - Lisle-sur-Tarn	43.88332	1.87428	LFDG	0
Letilište Kreševo	43.88674	18.06724	LQKR	0
Aérodrome de Bretagne d'Armagnac	43.89213	0.14545		0
Аеродром Чачак	43.89798	20.43482	LYCA	0
Аеродром Поникве	43.89808	19.69903	LYUZ	0
Base Hydro-ULM de Rivières	43.90178	1.97205		0
Aéroport Avignon Provence	43.90654	4.90107	LFMV	0
Aérodrome de Condom - Valence-sur-Baïse	43.90955	0.3852	LFID	0
Aérodrome Albi Le Séquestre	43.91425	2.11078	LFCI	0
Aérodrome de Rion des Landes	43.9145	-0.951	LFIL	0
Зольская	43.92163	43.3486		0
Aerodromul Costinești	43.92694	28.62794		0
Аеродром Ћуприја	43.94074	21.40901	LYCU	0
БЕЛИЦА	43.94249	26.65921		0
Кисловодск	43.94839	42.62773		0
Aviosuperficie Torraccia	43.95008	12.5109	LIKD	0
Renzo Storai	43.96522	11.45801		0
Кайнарджа	43.96928	27.47023	LBKJ	0
Летелиште „Барутана”	43.97659	21.23016	LYJA	0
Aeroportul Internațional "Alexandru Podgoreanu" Tuzla	43.9847	28.60978	LRTZ	0
Aeroporto dei marmi	43.98601	10.14398	LILQ	0
Aviosuperficie La Collina	43.98728	11.3888		0
Aérodrome de Millau Larzac	43.98965	3.18268	LFCM	0
Aérodrome d'Avignon-Pujaut	43.99592	4.75488	LFNT	0
Эдиссия	43.99868	44.56296		0
Campo Volo Achille	43.99906	12.108		0
Aérodrome de Tornac	44.01159	3.96334		0
Аеродром Бор	44.01883	22.13668	LYBO	0
Aeroporto internazionale Federico Fellini	44.01938	12.61086	LIPR	0
Sportski aerodrom "Kenan Jusufbašić"	44.02527	18.09729	LQVI	0
Aérodrome Morin - Védrines	44.02558	1.37895	LFDB	0
Aérodrome de Carpentras	44.02743	5.08469	LFNH	0
Aviosuperficie Santarcangelo	44.03078	12.4273		0
Аеродром Прањани	44.03592	20.17827	LYPJ	0
Новопавловск	44.04291	43.54695		0
Aeroporto Clemente Panero	44.04854	8.12838	LIMG	0
Base ULM Dupriou	44.05101	-0.23155		0
Горнозаводское	44.05658	43.93845		0
ССА Калипетрово	44.05805	27.25649		0
Aérodrome de Château-Arnoux - Saint-Auban	44.05912	5.99072	LFMX	0
Ессентуки	44.06203	42.83061		0
Aérodrome d'Alès Cévennes	44.06943	4.14188	LFMS	0
Letilište Nišići	44.06944	18.50897	LQNI	0
Altiport de Banon	44.07123	5.63934		0
Aérodrome d'Uzès	44.08229	4.39336	LFNU	0
Незлобная	44.08562	43.40624		0
Aeroporto di Sarzana-Luni	44.08626	9.98574	LIQW	0
Aérodrome de Castelsarrasin-Moissac	44.08627	1.1274	LFCX	0
Base Hydro-ULM de Villefranche de Panat	44.0948	2.69828		0
Zračna luka Zadar	44.09984	15.34441	LDZD	0
Altisurface de Valberg	44.10676	6.93965		0
Псебай	44.11115	40.81871		0
Altisurface de Thorame-Haute Les Serres 2	44.115	6.53861		0
Altisurface de Thorame-Haute Les Serres	44.12305	6.56		0
Kragujevac	44.12859	20.8529	LYKG	0
Урухская	44.13668	43.7028		0
CdV Settecrociari	44.13737	12.19072		0
Altisurface de Thorame-Haute Chamatte	44.13972	6.54833		0
Aérodrome de Mimizan	44.14685	-1.16598	LFCZ	0
Aérodrome d'Agen-La Garenne	44.17396	0.59271	LFBA	0
Aérodrome de Cassagnes-Bégonhès	44.1779	2.51145	LFIG	0
Aérodrome d'Orange Plan de Dieu	44.17956	4.92266	LFPR	0
Aérodrome de Caussade-Septfonds	44.1797	1.59743		0
Колтуновский	44.19118	43.80617		0
Aeroporto Luigi Ridolfi	44.19479	12.07047	LIPK	0
Campo di Volo Beverino	44.19706	9.80694		0
Aerodrom Comana	44.20037	26.1395		0
Base Hydro-ULM du barrage de Pareloup	44.20903	2.72472		0
Aérodrome de Caylus	44.2226	1.73256		0
Grădiştea	44.22481	26.12127	LRBA	0
Base ULM de Brassac	44.22555	0.97844		0
Минеральные Воды	44.2261	43.08288	URMM	0
CdV AliVara	44.22747	9.71992		0
Пригородное	44.23202	42.10872		0
Горькая Балка	44.23802	44.00839		0
Aérodrome de La Grand'Combe	44.24331	4.01113	LFTN	0
Александрийская	44.25604	43.23973		0
Aerodromul Luica	44.26203	26.65212		0
Александрийская-2	44.28157	43.30074		0
Aérodrome Florac-Sainte-Énimie	44.28542	3.4608	LFNO	0
Aeroclubul Balta-Verde	44.28584	23.79154	LRCW	0
Aérodrome de Sisteron-Vaumeilh	44.28664	5.93042	LFNS	0
CdV Casalfiumanese	44.28966	11.62563		0
Campo di volo Ali Soccorso	44.29126	12.02529		0
Аеродром Ваљево	44.29825	20.02157	LYVA	0
Aérodrome de Bouloc	44.30675	1.08139		0
Отказное	44.31237	43.9369		0
Altisurface de Clamensane	44.31515	6.07248		0
Aeroportul Internațional Craiova	44.31876	23.88724	LRCV	0
Aeroporto “Giulio Paolucci”	44.32049	10.83104	LIDP	0
Aérodrome de La Motte-du-Caire	44.3235	6.03084		0
Aviosuperficie "Ennio Tarantola"	44.32353	12.30781		0
Campo di volo Aerlight Faenza	44.33488	11.92971		0
Aérodrome de Valréas - Visan	44.3362	4.90711	LFNV	0
Aérodrome de Sembas	44.33753	0.64936		0
Aérodrome de Seyne-les-Alpes	44.34347	6.37146		0
Aérodrome de Cahors-Lalbenque	44.35235	1.47588	LFCC	0
Аеродром Рудине	44.35298	20.95831	LYSP	0
Base Hydravions "Latecoere"	44.35416	-1.16715	LFHB	0
Aerodromul Clinceni	44.36074	25.93215	LRCN	0
Aeroportul Internațional „Mihail Kogălniceanu” Constanța	44.36085	28.48323	LRCK	0
Aeroporto Gastone Novelli	44.36266	12.2243	LIDR	0
Aérodrome de Montaigu-de-Quercy-Couloussac	44.36414	1.08653		0
Altisurface de Colombe-d'Eyguians	44.36516	5.78679		0
Aérodrome de Montpezat d'Agenais	44.36567	0.49082		0
Aérodrome de Montaigu-de-Quercy-Valprionde	44.3668	1.08927		0
Aérodrome de Biscarrosse Parentis	44.36682	-1.13623	LFBS	0
Aérodrome de Villefranche de Rouergue	44.36898	2.02696	LFCV	0
Siliștea-Gumești Air Base	44.36973	24.9836		0
Aerodromul Predeşti	44.37402	23.61825		0
CdV Valerio Glorialanza	44.37663	9.28943		0
Отрадная	44.38344	41.48919		0
Aérodrome de Barcelonnette - Saint-Pons	44.38706	6.60823	LFMR	1
Правокумское	44.39069	43.99353		0
Aviosuperficie Alpi Marittime	44.39135	7.72617		0
Aérodrome de Pierrelatte	44.39669	4.71573	LFHD	0
Aeroporto Francesco Baracca	44.39763	11.85497	LIDG	0
Campo di Volo Cavola	44.39814	10.53589		0
Aérodrome de Villeneuve sur Lot	44.39907	0.75955	LFCW	0
Aérodrome de Tremons	44.40729	0.89183		0
Aéroport Rodez-Aveyron	44.40768	2.48195	LFCR	0
Campo di Volo San Dalmazio	44.4125	10.84361		0
Aeroporto Internazionale di Genova - Cristoforo Colombo	44.41299	8.84303	LIMJ	0
A/S Vraglia	44.41318	11.74698		0
A/S Giancarlo Filippi	44.41321	7.81111		0
Altisurface du Grand-Terrus	44.4221	5.6435		0
A/S Caraglio	44.42342	7.45838		0
Варениковское	44.43197	44.3609		0
Bosio Guido	44.43425	7.63218		0
Sportski aerodrom Ciljuge	44.43638	18.68612	LQCG	0
Зеленокумск 2	44.44343	43.74412		0
Aérodrome de Ruoms	44.44391	4.33251	LFHF	0
Aérodrome de Gap - Tallard	44.45468	6.0381	LFNA	0
Aérodrome de Serres - la Bâtie-Montsaléon	44.45518	5.72737	LFTM	0
Sportski aerodrom Jegin Lug - Tuzla	44.4578	18.8083	LQJL	0
Aérodrome de Fumel-Montayral	44.45924	1.00925	LFDX	0
Međunarodni aerodrom Tuzla	44.46254	18.72377	LQTZ	0
Aérodrome de Bazas-Cazats	44.4626	-0.18734		0
CdV Gli Aironi	44.46287	11.7899		0
CdV Albareto / Borgotaro	44.46593	9.7182		0
Aviosuperficie Guglielmo Zamboni	44.474	11.54198	LIKO	0
Зеленокумск	44.48238	43.75814		0
Aerodromul Vânătorii Mici	44.49118	25.58565		0
CdV Valsamoggia-Braglie	44.4948	11.10395		0
Volo Club Arcobaleno	44.49698	11.24395		0
Altiport de La Motte-Chalancon	44.49741	5.40378	LFJE	0
Campo di Volo Beltrutto	44.49802	7.7236		0
Aérodrome de Marmande - Virazeil	44.49937	0.19974	LFDM	0
Aeroportul Internațional București-Băneasa „Aurel Vlaicu”	44.50031	26.10334	LRBS	0
Avio Club LYRA34	44.50107	11.94358		0
Aérodrome de Mende-Brenoux	44.50204	3.53235	LFNB	0
Campo volo Country Fly	44.50318	7.82162		0
Архиповское	44.50396	44.21164		0
Campo di Volo Ali della Libertà	44.51484	11.09944		0
Aérodrome d'Aspres-sur-Buëch	44.51598	5.73853	LFNJ	0
Aeroporto di Bologna "Guglielmo Marconi"	44.53449	11.28794	LIPE	0
Altisurface de Faucon	44.53772	5.30901		0
AMICI CON LE ALI	44.54349	11.14691		0
Aérodrome d'Aubenas Ardèche méridionale	44.54625	4.36953	LFHO	0
Aeroporto di Cuneo-Levaldigi	44.54731	7.62245	LIMZ	0
Юхарина Балка	44.54824	33.48983		0
Altisurface de Bellegarde-en-Diois	44.55362	5.43852		0
Aérodrome de La Réole-Floudès	44.56689	-0.05714	LFDR	0
Aerodrom Mali Lošinj	44.56698	14.39321	LDLO	0
Aeroportul Internațional Henri Coandă - Otopeni (OTP)	44.56835	26.10238	LROP	0
CdV Delta Culture Club	44.5708	11.45251		0
Aviosuperficie Sassuolo	44.5717	10.78038		0
Геленджик — Бухта	44.57798	38.02275		0
Aerodrom Ciocănești	44.58006	25.85477		0
Aerodrom Drobeta Turnu Severin	44.58023	22.84385		0
Aérodrome de Montélimar - Ancône	44.5805	4.73847	LFLQ	0
Aérodrome de La-Brousse-Golinhac	44.5809	2.59135		0
Геленджик	44.58193	38.01623	URKG	0
Campo di Volo Alifilanti	44.58256	11.92276		0
Aérodrome de Segalas	44.59111	0.55602		0
Aérodrome d'Arcachon-La Teste de Buch	44.59479	-1.11352	LFCH	0
A/S Molinella	44.59944	11.65739		0
Altisurface Notre-Dame-des-Neiges-Abbaye	44.60113	3.92808		0
Aerodomul Gagu	44.61056	26.26146		0
Aviosuperficie Reno Air Club	44.61325	11.3244		0
Aérodrome de Cabanac et Villagrains	44.61414	-0.57669		0
Aérdrome de Lamourache-Nord	44.6222	0.19389		0
Aerodrom Unije	44.62859	14.24161	LDPN	0
Aérodrome de Sainte-Foy	44.62949	-0.15679		0
Aeroporto Modena/Marzaglia	44.63134	10.80872	LIPM	0
Altiport du Bez	44.63443	4.04675		0
CdV · Aviosuperficie di Rivaltella	44.64002	10.5911		0
Аеродром Смедерево	44.64321	20.96246	LYSD	0
Октябрьский	44.64874	40.22269		0
Campo di Volo Club Deltasport	44.65353	10.99163		0
Campo di volo Sant'Anna di Saluzzo	44.65803	7.45629		0
Aérodrome de Saint-Pierre	44.66705	-0.21946		0
Altisurface de Saint-Étienne-en-Dévoluy	44.66758	5.90464		0
A/S Rubbiano	44.67114	10.06005		0
Aérodrome Figeac - Livernon	44.67255	1.78628	LFCF	0
Aviosuperficie di Acqui Terme	44.67616	8.50216		0
CdV Malabaila	44.67765	7.81916		0
Letilište “Dragon” Bijeljina	44.67767	19.12988	LQDZ	0
Campo di Volo “Top Gun”	44.68234	10.56834		0
Aviosuperficie Castellazzo	44.68413	10.73989		0
Campo volo Il Verginese	44.69102	11.76205		0
Aérodrome d'Aubenasson	44.6946	5.1505	LFJF	0
Aviosuperficie Cascina Valentino	44.69617	7.40245		0
Aeroporto Tricolore Ferdinando Bonazzi	44.69766	10.66375	LIDE	0
Aérodrome de Bordeaux-Léognan-Saucats	44.69878	-0.59666	LFCS	0
Zvonimir Rain Glider Airfield	44.69929	15.78055	LDZP	0
Aérodrome de Castillonnès	44.69936	0.63786		0
Aérodrome de Mont-Dauphin - Saint-Crépin	44.70103	6.59905	LFNC	0
Campo di Volo Campogalliano	44.70211	10.8537		0
Aérodrome de Langogne - Lespéron	44.70376	3.88465	LFHL	0
CdV AvioDelta	44.70464	10.25052		0
Aerodromul Alexeni	44.70501	26.72257		0
Бахчисарай (Медовая)	44.71198	33.83178		0
Летелиште Прогар	44.7232	20.17483		0
Campo di volo Mantovana	44.72834	8.5956		0
Aérodrome de Saint-Julien	44.72892	0.44667		0
Aviosuperficie di Francavilla	44.73041	8.73067		0
Аеродром Костолац	44.73433	21.16163	LYKT	0
Campo di Volo Sant'Elia	44.74412	7.70958		0
campo di Volo Ass.Sp. Phoenix	44.74714	11.34157		0
Белореченск	44.75137	39.93168		0
Aérodrome d'Andernos	44.75475	-1.06462	LFCD	0
Aviosuperficie Boglietto "Dino Rizzoglio" a. s. d.	44.75799	8.18346		0
Aérodrome de Beaumont	44.76635	0.72465		0
Altisurface de Graissac-le-Faula	44.77125	2.78792		0
Campo di Volo Willy il Coyote	44.77191	10.83197		0
Campo volo Ondalba	44.77612	7.87933		0
Высокий	44.77702	40.89975		0
Родниковская	44.77765	40.70877		0
CdV Il Laghetto	44.77785	8.13015		0
Aeroporto di Novi Ligure	44.77972	8.78766	LIMR	0
Aérodrome de Belvès Saint-Pardoux	44.78244	0.95328	LFIB	0
Șirna	44.78442	25.98164	LRPH	0
Aeroporto di Prati Vecchi d'Aguscello	44.7907	11.67222	LIDV	0
Aérodrome de Sarlat Domme	44.79144	1.24621	LFDS	0
Aérodrome privé du château de Montmeilleur	44.794	5.76454	LFKK	0
Ilfoveni	44.79453	25.58898		0
Aerodrom Topoloveni	44.79662	25.08966		0
Sportski aerodrom Golubić	44.79669	15.90449	LQBI	0
CdV I Quattro Cantoni	44.80262	11.13827		0
Лесная	44.80348	38.93225		0
Altisurface de Mens	44.80513	5.75405		0
Aeroporto di Ferrara-San Luca	44.80944	11.61217	LIPF	0
Новоалексеевская	44.80965	40.91261		0
Aerodromul Geamăna	44.81748	24.89771	LRPT	0
Аеродром Никола Тесла Београд	44.81823	20.30881	LYBE	0
Aéroport de Bergerac-Dordogne-Périgord	44.82511	0.5188	LFBE	0
Aeroporto di Parma "Giuseppe Verdi"	44.82655	10.29616	LIMP	0
CdV Campore	44.82779	10.01032		0
Богатић	44.82797	19.49953		0
Aéroport de Bordeaux-Mérignac	44.82937	-0.71551	LFBD	0
Aérodrome de Loupiac	44.83117	1.47463		0
CdV "San Felice"	44.83228	11.12063		0
Aviosuperficie Valle Gaffaro	44.83351	12.23163		0
Aeroporto di Carpi-Budrione	44.83361	10.87084	LIDU	0
A/S Merlo Romano	44.83404	7.36419		0
Aérodrome de Lacave le Frau	44.84203	1.58849		0
Altisurface de Notre-Dame-de-la-Salette	44.84226	5.96269		0
Aérodrome de Fenestres	44.8432	3.18842		0
Aérodrome de Saint-Médard de Presque	44.84322	1.83091		0
Aerodrom Medulin	44.84324	13.90511	LDPM	0
Падинское	44.84483	43.18298		0
Zračno pristanište Otočac	44.84562	15.28801	LDRO	0
Sportski aerodrom Brčko - Brod	44.84635	18.76127		0
Campo di Volo San Sisto	44.84717	10.50572		0
Sportski aerodrom Zalužani	44.8482	17.22283	LQBZ	0
CdV Pellicano	44.84852	7.56233		0
Aviosuperficie Tabularia	44.84976	10.566		0
Aérodrome de Sainte-Foy la Grande	44.85177	0.17525	LFDF	0
Altisurface du col de Bacchus	44.85328	5.1691		0
ПАНХ	44.85472	38.6402		0
Афипский (Свободный)	44.8548	38.8224		0
Аэродром Будённовск (Покойное)	44.8582	44.1829		0
Campo di volo Scortichino	44.85893	11.35349		0
Campo di volo Andrea Bozzo	44.86367	7.40708		0
Курганинск	44.86424	40.62515		0
CORTINA DI ALSENO	44.86694	9.93704		0
Aérodrome de Bordeaux-Yvrac	44.87519	-0.48187	LFDY	0
Аеродром 13. мај	44.87648	20.30528	LYZP	0
Aérodrome de Lalinde	44.88042	0.74489		0
Прогресс	44.88113	40.23243		0
Campo di Volo Ploia	44.88323	8.78107		0
CdV L'Elika	44.88327	7.56062		0
Aeroparco Pomì	44.88727	10.1584		0
Aviosuperficie Astigiana	44.88822	8.35522		0
Aérodrome de Peyrillac	44.88973	1.41663		0
Altisurface de la Taillade	44.89115	2.95632		0
Aéroport d'Aurillac	44.89137	2.42214	LFLW	0
Aérodrome de Thérondels-Douzalbats	44.89317	2.71702		0
Zračna luka Pula	44.89556	13.92267	LDPL	0
Aérodrome du Puech	44.90032	3.10662		0
Аеродром Панчево	44.90067	20.63983	LYPA	0
Иваненковский партизанский аэродром	44.90153	34.34662		0
Aérodrome de Pressignac-Vicq-Rebeyrotte	44.9032	0.74763		0
Campo volo “Val Triversa”	44.90714	8.03429		0
Aerodrom Gorice	44.91275	18.73672	LQGO	0
Бывший аэродром Заводское	44.91569	34.06162	URFW	0
Левокумское	44.91803	44.68227		0
Aérodrome de Liorac sur Louyre	44.91868	0.64551		0
Aérodrome de Valence-Chabeuil	44.92188	4.96931	LFLU	0
Altisurface de Monestier-de-Clermont-les-Verd	44.92405	5.61205		0
Aeroporto Massimo Bovone	44.92535	8.62623	LILA	0
Aerodromul "George Valentin Bibescu" - Strejnicu	44.92547	25.96161	LRPW	0
Аеродром Бела Црква	44.92556	21.37102	LYBC	0
Aérodrome de Calviac	44.92652	2.06827		0
CdV Banda Bassotti	44.92657	11.05151		0
Верхний Егорлык	44.92994	41.82179		0
Аеродром Војка Нова Пазова	44.93379	20.17385		0
Ultralight Airfield Alessandria	44.93685	8.74855		0
A/S Cumiana	44.93764	7.43026		0
Аеродром Лисичји Јарак	44.9386	20.44531	LYBJ	0
Aviosuperficie Cascina Riccarda	44.93869	8.86587		0
Энем	44.93997	38.92883		0
Međunarodni aerodrom Banja Luka	44.94284	17.29997	LQBK	0
Aérodrome d'Eyrignac	44.94328	1.31191		0
Казачья	44.94338	41.6626		0
Aérodrome des Landes	44.94427	1.64648		0
Энем	44.94513	38.93527		0
Aviosuperficie Stella	44.95103	11.62665		0
Aeroporto Voghera-Rivanazzano	44.95287	9.01626	LILH	0
Avio Club Corzeto	44.96184	10.18457		0
CdV Felonica	44.96612	11.35411		0
Aérodrome de Saint-Crépin-et-Carlucet	44.96681	1.25126		0
Ali del Po	44.97232	10.29406		0
Ultralight Airfield Agazzano	44.97353	9.47894		0
Aérodrome de Libourne - Artigues-de-Lussac	44.98409	-0.1371	LFDI	0
Aérodrome de Sainte-Hélène	44.98433	-0.90995		0
Dunavățu de Jos Aerodrome	44.98587	29.21318		0
Рязанская	44.99043	39.59104		0
Aerodrom Urije	44.99256	16.73734	LQPD	0
CdV La Torretta	44.99344	10.05978		0
Altisurface Dôme de la Lauze	44.99861	6.24583		0
Гостагаевская	44.99886	37.48181		0
Aviosuperficie Aeroclub Piacenza	44.999	9.58213		0
Campo di volo La Fenice	45.00057	10.71671		0
Altisurface de l'Alpe du Grand Serre	45.0013	5.83543		0
Aerodrom Barza Târgu-Jiu	45.0017	23.33436		0
Михайловское	45.00183	38.52396		0
Анапа — Витязево	45.00264	37.34804	URKA	0
Варнавинское	45.00705	38.21249		0
Аэродром Гора Клементьева	45.01287	35.24693		0
CdV Cianpioppo	45.01583	10.50965		0
CdV VolareUnPo	45.01646	10.10015		0
Коктебель Северный - Феодосия	45.02138	35.21225		0
Aviosuperficie di Castelnuovo Don Bosco	45.02398	7.96691	LILF	0
Campo di Volo Valtidone	45.02486	9.43533		0
Aérodrome de Saint-Jean-en-Royans	45.02647	5.30924	LFKE	0
CdV Ali Piacenza	45.03034	9.60549		0
Мингрельская	45.03245	38.38842		0
Campo Volo Corte Bariani	45.03323	11.72428		0
Campo di volo AliLafer	45.03363	9.78964		0
Краснодар — Пашковский	45.03374	39.17317	URKK	0
Aviosuperficie Rovigo - Aeroclub Rovigo Luciano Baldi	45.0349	11.82352		0
Altisurface de la Crête de Brouffiers	45.03779	5.87978		0
Аеродром Велики Радинци	45.03821	19.66139	LYSM	0
Международный аэропорт Симферополь	45.0383	33.98128	UKFF	0
Aéroport de Brive-Souillac	45.04	1.48467	LFSL	0
Армавир — Красная Поляна	45.05013	41.09493		0
ПАНХ	45.05468	37.8576		0
Cab Club Montiglio	45.05738	8.06854		0
Новокубанск	45.05866	40.95803		0
CdV Perliera	45.06111	11.62515		0
Aeroportul Internațional „Delta Dunării” Tulcea	45.0631	28.71438	LRTC	0
Aérodrome de Romans - Saint-Paul	45.06369	5.09978	LFHE	0
A/S Mezzana Bigli	45.06473	8.83286		0
Altisurface de La Bergerie	45.06688	5.96585		0
Aerodrom Bănești	45.06761	25.80612		0
Фёдоровская	45.06912	38.48135		0
Аэродром Чкаловский	45.07318	35.20347		0
Saint-Flour Coltines	45.07399	2.99181	LFHQ	0
Уляп	45.07867	39.96366		0
Aérodrome de Lagleygeolle	45.08016	1.67362		0
Aérodrome du Puy-Loudes	45.08057	3.76296	LFHP	0
Прочноокопская	45.0807	41.12946		0
CdV Il Pioniero	45.08376	11.66121		0
Елизаветинская	45.08528	38.80531		0
Aviosuperficie di Cà Negra	45.08545	12.16144	LIDC	0
Aeroporto di Torino-Aeritalia	45.0855	7.60148	LIMA	0
Адагум	45.08728	37.74856		0
Altisurface du Col de Sarenne	45.0875	6.14583		0
Altiport de l'Alpe d'Huez	45.0876	6.08355	LFHU	0
Campo di Volo Isolono	45.09099	9.66611		0
Campo di Volo Mezzana Casati	45.09847	9.73561		0
Aviosuperficie città di Curtatone - San Silvestro	45.10175	10.74929		0
Aérodrome de Condat sur Vézère	45.10401	1.21512		0
Aérodrome de Mazeyrat	45.1089	3.50275		0
Старомарьевская	45.10985	42.23906		0
Aeroporto Francesco Cappa	45.11048	8.4565	LILM	0
Ставрополь — Шпаковское	45.11101	42.11349	URMT	0
CdV Valsusa	45.11264	7.28799		0
CdV Privato Curtatone	45.11275	10.70302		0
Тенгинский	45.11381	40.02491		0
Campo di volo Fiorano Wings	45.11955	9.70732		0
Altisurface de Valloire - Bonnenuit	45.12114	6.41888		0
Pianezza - Campo volo Musinè	45.12477	7.52158		0
Aviosuperficie La Speziana	45.1284	9.36002		0
Aeroporto di Legnago	45.13006	11.29315	LIDL	0
Campo di Volo Rovigo Est	45.13158	11.97934		0
CdV "Gli Acquilotti"	45.13809	12.2343		0
Zračna luka Vrsar	45.14146	13.62916	LDPV	0
Марьянская	45.14428	38.70312		0
Међународни аеродром Вршац	45.14616	21.3085	LYVR	0
CdV L'Airone	45.15307	8.65526		0
Русская	45.15616	41.81167		0
Campo volo Cavaliere d'Italia	45.15638	12.11039		0
Sportski aerodrom Jelas	45.15705	17.98734	LDOR	0
Вршачки Ритови	45.15905	21.18582		0
Aerodromul Ianca	45.15929	27.42798	LRIC	0
Altisurface du Glacier de la Barbarate	45.16056	6.13889		0
Степной	45.16178	41.22325		0
Altisurface du Glacier de l'Étendard	45.1625	6.16667		0
Aviosuperficie Nogara	45.16543	11.03519		0
Altisurface du Col de Belledonne	45.16697	5.9866		0
Aeroporto di Cremona Migliaro	45.1677	10.00326	LILR	0
Campo di volo Bigarello	45.17074	10.92926		0
Campo di volo Mantova Nord	45.17229	10.85829		0
Aérodrome de Lagarde-Enval	45.17713	1.80264		0
Ranč Ramarin	45.17845	18.1797		0
Aviosuperficie "Dominio di Bagnoli"	45.1847	11.85766	LION	0
Campo di Volo Luciano Borgonovi	45.18615	9.0452		0
Altisurface de Praz Sauge et Pré Vernay	45.18889	6.25306		0
CdV Sturaro	45.19581	12.06889		0
Тител	45.19624	20.2798		0
Aérodrome de Périgueux-Bassillac	45.19731	0.81608	LFBX	0
Aérodrome de Lesparre- Saint-Laurent-Médoc	45.19732	-0.88361	LFDU	0
Aeroporto di Torino	45.20059	7.65115	LIMF	0
A/S Colli Euganei	45.20263	11.79401		0
Грачёвка	45.20348	42.43416		0
Славянск-на-Кубани	45.20651	38.08683		0
Котсебу	45.214	40.91923		0
Пелагиада	45.21434	41.97968		0
Zračna luka Rijeka	45.21659	14.57105	LDRI	0
Aviosuperficie Vigarolo	45.21794	9.46631		0
Aérodrome de Grenoble Le Versoud	45.21817	5.84723	LFLG	0
Poreč-Škagacer Airfield	45.21842	13.61007		0
Aviosuperficie "La Ceriella"	45.22013	8.6598		0
Евпаторийский авиационный ремонтный завод	45.22248	33.37855	UKFV	0
CdV Da Domenico	45.23236	11.79767		0
Aérodrome de Ribérac-Tourette	45.23874	0.26599	LFIK	0
CdV Roverbella	45.2394	10.88976		0
Altisurface de la Pointe de l'Ouillon	45.24083	6.21437		0
Воронежская	45.24147	39.55745		0
Aviosuperficie di Montagnana "Gianlino Baschirotto"	45.24592	11.42571		0
Белевцы	45.24888	39.07938		0
CdV Aliveneto	45.25071	11.03751		0
Ивановская	45.25152	38.43263		0
Aérodrome de Saint-Rambert-d'Albon	45.25219	4.82544	LFLR	0
Campo di volo Carolina	45.25382	7.8988		0
Aérodrome de Sollières Sardières	45.25388	6.80133	LFKD	0
Новотитаровская — Азимут	45.25671	38.91944		0
Altisurface de Montaud	45.25819	5.55439		0
Геймановская	45.25997	40.1857		0
Silvia-Giovanni	45.26172	10.53568		0
Мирный	45.26179	38.33142		0
Aérodrome de Chalais	45.26777	0.01768	LFIH	0
Aviosuperficie Il Falco	45.26868	7.95119		0
Финогеновский	45.27007	39.99538		0
Aérodrome de Montendre-Marcillac	45.27357	-0.45396	LFDC	0
Aviosuperficie Massalengo	45.27552	9.4834		0
Рыздвяный	45.27659	41.8237		0
Усть-Лабинск	45.27679	39.67313		0
Отрадо-Ольгинское	45.27734	40.92656		0
Aviosuperficie Air Classic	45.28839	8.79995		0
Aviosuperficie Privata Cornegliano	45.28865	9.49183		0
CdV La Fattoria	45.29149	12.07497		0
Суворовская	45.29233	39.44701		0
Campo di volo Pellizario	45.29267	10.44591		0
CdV Azzanello	45.29381	9.92039		0
Учебный автодром	45.2961	38.23184		0
Комсомольский	45.29614	40.67435		0
Табаско	45.29799	33.35499		0
Аэроклуб Кубань Пластуновская	45.3019	39.29548		0
Темрюк	45.30202	37.3186		0
Aeroporto Carlo Del Prete	45.30981	8.4183	LILI	0
A/S Pegasus 2000	45.31127	7.66538		0
Club Volo Pegaso	45.31746	12.05548		0
Centro volo ulm Scaligero	45.31764	10.70877		0
Aérodrome de Brioude Beaumont	45.32069	3.36172	LFHR	0
Венцы (Заря)	45.3227	40.81171		0
CdV Padova Sud	45.32429	11.87272		0
CdV La Tomasina	45.32837	8.79741		0
A/S Vigevano	45.33511	8.82422		0
Совхоз Кубань	45.3354	40.40945		0
Аеродром Ечка	45.33994	20.45335	LYZR	0
CdV Medole	45.34055	10.48084		0
Андреевская	45.34279	38.69901		0
Aviosuperficie Moncucco- Vische	45.34474	7.91929	LIVV	0
CdV Gianni Cerutti	45.34946	8.64642		0
Aérodrome de Belzagot	45.35703	0.1095		0
CdV "Ultraleggeri del Canavese"	45.35896	7.71905		0
Campo di Volo Zagavia	45.36001	10.65697		0
Ладожская	45.36039	39.95566		0
Aéroport de Grenoble Alpes Isère	45.3624	5.33001	LFLS	0
Aviosuperficie Rosangeles	45.3629	9.01702		0
Старонижестеблиевский	45.36534	38.40635		0
Aerial Club Vădeni	45.36548	27.93894		0
Бачки Јарак	45.36555	19.8876		0
Полтавский	45.36782	38.27956		0
Аэропорт Керчь	45.37235	36.40408	UKFK	0
CdV Pranovi	45.37332	12.03804		0
Протичка	45.37469	38.10743		0
Aérodrome de Saint-Rémy-de-Maurienne	45.37666	6.27699	LFKR	0
Aérodrome de Vendays-Montalivet	45.37915	-1.11719	LFIV	0
Zračna luka Grobničko polje	45.37927	14.50449	LDRG	0
Aviosuperficie JFK di Dovera	45.3803	9.53645		0
Аеродром Ченеј	45.38567	19.83396	LYNS	0
Sportski aerodrom Vukovar	45.38606	18.96263	LDOB	0
Altisurface de la Jasserie	45.38911	4.57909		0
Міжнародний аеропорт "Ізмаїл"	45.39202	28.80779	UKOI	0
CdV Blue Devil	45.39227	10.12844		0
Aviosuperficie "Base Bravo"	45.39251	11.69271		0
Campo di Volo "Le Streghe"	45.39456	8.7068		0
Aeroporto di Padova "Gino Allegri"	45.39556	11.84754	LIPU	0
Aeroporto Valerio Catullo di Verona-Villafranca	45.39655	10.88738	LIPX	0
Altiport de Courchevel	45.39709	6.63503	LFLJ	0
Gigi tre Osei	45.39829	10.16306		0
Благодатное	45.40736	42.56405		0
Altiport de Méribel	45.4077	6.57806	LFKX	0
Campo Volo dei Navigli	45.41402	8.89698		0
Campo di Volo "Le Panizze"	45.41937	10.55712		0
Banat Airport Caransebeș	45.41999	22.25245	LRCS	0
Aérodrome d'Egletons	45.42064	2.06783	LFDE	0
Раздольная	45.42133	39.53613		0
Altisurface du Glacier de la Grande Motte	45.425	6.89444		0
Aeroporto Brescia Montichiari	45.42794	10.33062	LIPO	0
Aeroporto di Venezia-Lido "Giovanni Nicelli"	45.42907	12.38875	LIPV	0
CdV "Cà Quinta"	45.43275	11.38337		0
Campo di Volo Aeroteam	45.43628	8.57706		0
Punto Volo Torlino	45.43799	9.60755		0
CdV Flying Tigers	45.44171	7.93597		0
Aviosuperficie di Montegaldella	45.44336	11.65154		0
Aeroporto di Milano-Linate	45.44435	9.27057	LIML	0
Восточный	45.44492	40.25878		0
Новобейсугская	45.44861	39.85493		0
Volo Club Milano	45.44931	8.99861		0
Altisurface vers le Col du Palet	45.45056	6.88333		0
Sportsko uzletište Mlinski Kamen	45.45607	16.27173		0
Кілія	45.45658	29.2888	UKOJ	0
Campo volo di Castel Caladan	45.46121	9.57676		0
Zračna luka Osijek	45.46189	18.81458	LDOS	0
Aérodrome de Vienne-Reventin	45.46252	4.8286	LFHH	0
Altiport de la Tovière	45.46563	6.93269		0
Aerodrom Sisak	45.46604	16.48606	LDZS	0
Aérodrome de la Rochebeaucourt-Argentine	45.46761	0.38612		0
Zračno pristanište Lipik - Mali Gaj	45.47215	17.00658		0
Letališče Portorož / Aeroporto Portorose	45.47256	13.61531	LJPZ	0
Aeroporto di Verona-Boscomantico	45.47308	10.92829	LIPN	0
Aviosuperficie Santa Lucia	45.48327	9.95354		0
Крупской	45.48369	38.44577		0
Aérodrome de Jonzac Neulles	45.48629	-0.42784	LFCJ	0
A/S Ivrea Montalto Dora	45.487	7.84371		0
Altisurface du Glacier de la Chiaupe	45.49167	6.775		0
Aérodrome Saint-Chamond L'Horme	45.49219	4.53463	LFHG	0
Aviosuperficie di Pradelle	45.49351	10.12219		0
Aérodrome de Soulac-sur-Mer	45.49363	-1.08318	LFDK	0
Aeroporto di Biella-Cerrione	45.49494	8.1025	LILE	0
Aviosuperficie Casaleggio	45.49569	8.5252		0
Нижняя Терновка	45.49611	42.29911		0
Pista privata Arcadia	45.50084	10.78897		0
Ловлинская	45.50143	40.23482		0
Aeroporto Marco Polo di Venezia	45.50375	12.34993	LIPZ	0
Красноармейский Городок	45.5046	38.13769		0
Zračno pristanište Badljevina - Pakrac	45.50546	17.17799		0
Scuola volo Caravaggio	45.50691	9.66834		0
Aérodrome d'Issoire-Le-Broc	45.51384	3.26596	LFHA	0
Aérodrome de Saint-Jean-d'Avelanne	45.51569	5.67896	LFKH	0
Sorlini L.	45.51571	10.46531		0
Aérodrome d'Ambert-Le-Poyet	45.51633	3.74485	LFHT	0
Aviosuperficie Bedizzole	45.51737	10.44809		0
CdV Corry's	45.52027	10.37946		0
Поповичская	45.5237	38.66972		0
Voloder	45.52715	16.64618		0
Campo Volo "I Gufi"	45.5319	8.20111		0
Air Folies Casorezzo	45.53311	8.90085		0
Aérodrome d'Ussel-Thalamy	45.53525	2.42417	LFCU	0
Aeroporto di Milano-Bresso	45.53979	9.20213	LIMB	0
Aéroport de Saint-Étienne-Loire	45.5404	4.29522	LFMH	0
Osječki sportski aerodrom	45.54254	18.63379	LDOC	0
CdV Rovasenda	45.54452	8.27915		0
CdV Cerreto Castello	45.5481	8.16165		0
Чебургольская	45.54825	38.10304		0
Aviosuperficie Baialupo	45.55119	9.50791		0
Aérodrome de Javerlhac	45.55326	0.558		0
Дядьковская	45.55591	39.22531		0
Aérodrome de La Tour du Pin - Cessieu	45.55632	5.38647	LFKP	0
Aerodom Daruvar Blagorodovac	45.55916	17.03348	LDVD	0
Aérodrome de Chambéry Challes-les-Eaux	45.56071	5.97668	LFLE	0
Aérodrome d'Augignac	45.56293	0.70461		0
Aerodrom Piatra Craiului	45.56449	25.39844		0
Aviosuperficie Caposile	45.56538	12.57691	LIKI	0
Суворове	45.56595	29.03447	UKOZ	0
Новониколаевская	45.56637	38.349		0
Plateforme ULM du Masgaudeix	45.56648	1.39988		1
Aérodrome de Pons Avy	45.5665	-0.51372	LFCP	0
Campo Volo Groane Cesare Bianchi	45.56663	9.11035		0
Верний	45.56771	41.24089		0
Владичень	45.56925	28.59092		0
Vzletišče Ula Novi Lazi	45.56997	14.85771		0
Aerodrom Daruvar	45.58515	17.21164	LDVR	0
Altisurface de Pérols sur Vézère	45.58696	2.013		0
Vzletišče Prilozje - Metlika	45.58991	15.26036		0
Радуга	45.59234	40.91962		0
Campo di Volo "Banana"	45.59754	12.30756		0
Aviosuperficie di Gattinara	45.60474	8.32371		0
Aérodrome de Saint-Galmier	45.60615	4.3041	LFKM	0
Campo di Volo Le Tartarughe Volanti	45.60868	9.48699		0
Club Volo Al Mare, Alicaorle	45.61174	12.81442	LIKE	0
Новомалороссийская	45.6159	39.89001		0
Aerodrom Pisarovina	45.61776	15.79512	LDZR	0
Aérodrome d'Albertville - Général Pierre Delachenal	45.62617	6.32788	LFKA	0
Aeroporto internazionale Milano Malpensa "Silvio Berlusconi"	45.62997	8.72542	LIMC	0
Aérodrome de Royan-Médis	45.63175	-0.97341	LFCY	0
Aérodrome de Saint-Même-les-Carrières	45.63212	-0.15713		0
CdV La Canonica	45.63485	12.34097		0
Aéroport Chambéry Savoie	45.63775	5.88105	LFLB	0
Aviosuperficie Cogliate	45.63922	9.06509		0
CdV Mazarack	45.63929	12.94419		0
Дмитриевская	45.64013	40.75704		0
Base ULM de Frontonas	45.6436	5.18272		0
Letjelište Buševec	45.64762	16.12489	LDZB	0
Topolje (closed)	45.64906	16.36121		0
Aeroporto di Treviso-Sant'Angelo	45.64907	12.19286	LIPH	0
Aérodrome de Lyon - Corbas	45.65288	4.91546	LFHJ	0
Aerodromul Buziaș	45.65383	21.57887		0
Base ULM Saint-Julien / Sancy	45.66097	2.67334		0
Новокорсунская	45.66309	39.17407		0
CdV Ali Venete	45.66688	11.80688		0
Aeroporto internazionale il Caravaggio di Bergamo-Orio al Serio	45.67089	9.70735	LIME	0
Aeroporto di Thiene "Arturo Ferrarin"	45.67848	11.49584	LIDH	0
Aerodrom Prejmer Corona Pista 3	45.68067	25.74529		0
Col du Béal	45.68101	3.78881		0
Letališče Divača	45.68315	14.00284	LJDI	0
Aérodrome de Morestel	45.68664	5.45239	LFHI	0
Aérodrome de Belley - Peyrieu	45.6942	5.69049	LFKY	0
Campo di volo Agriturismo OASI	45.69617	8.82697		0
Pratinfiore	45.69646	8.8311		0
Aérodrome de Saintes-Thénac	45.6973	-0.636	LFXB	0
Aerodrom Prejmer	45.69767	25.77972		0
Кукушкино	45.69805	33.36243		0
Aviosuperficie Luciano Narder	45.69945	12.54308	LIDW	0
Skydive Venice	45.70019	12.76395	LIVS	0
Aerodrom Ghimbav	45.70062	25.53003		0
Aerocampo Prosecco	45.7033	13.75913		0
Ипатово	45.70341	42.8861		0
Airstrip Sânmihaiu German	45.70345	21.0517		0
Aeroportul Internațional Brașov	45.7062	25.52348	LRBV	0
Aérodrome de Feurs - Chambéon	45.70658	4.19637	LFLZ	0
Campo Volo Cascina Landa	45.70675	8.61863		0
Aérodrome René Dambon	45.7078	2.03389		0
Campo Volo Il Picchio	45.70853	8.59313		0
Aérodrome de Lyon Brindas	45.71064	4.69754	LFKL	0
Aeroporto di Vergiate	45.71303	8.70354	LILG	0
Березанская	45.71457	39.4499		0
Zračno pristanište Ivanić	45.71937	16.34303	LDZI	0
Aeroporto di Valbrembo "Sergio Aldo Capoferri"	45.72068	9.59492	LILV	0
Aerodromul Sânpetru-Brașov	45.72216	25.63646	LRSP	0
Аеродром Сомбор	45.72222	19.05816	LYSO	0
Aéroport Lyon Saint-Exupéry	45.72453	5.08733	LFLL	0
Aéroport de Lyon-Bron	45.728	4.94219	LFLY	0
Aéroport d'Angoulême Cognac	45.72901	0.21963	LFBU	0
USS Čađavica	45.73049	17.85027		0
Poljoprivredno letjelište Mirkovac	45.73101	18.78847		0
Славное	45.73286	33.21038		0
Aerodrom Măgura	45.73854	24.16381	LRCD	0
Aeroporto regionale della Valle d'Aosta / Aéroport régional de la Vallée d'Aoste	45.73877	7.36869	LIMW	0
Campo Volo Châtelair	45.74	7.4803		0
Zračna luka Franjo Tuđman	45.74058	16.06522	LDZA	0
Aviosuperficie Parco Livenza	45.7409	12.70485		0
Aviosuperficie Cassola	45.74142	11.80643		0
Vzletišče Andoljšek - Ribnica	45.7435	14.71311		0
Aviosuperficie Arca	45.74354	11.83666		0
Залесный	45.74509	42.28079		0
Аэродром "Красная Нива"	45.74711	39.0862		0
Altiporto di Meggiana	45.74727	8.04139		0
Aviosuperficie Montebelluna	45.74842	12.0572		0
Čazma - Grabovnica	45.74974	16.66345	LDZC	0
Letališče Postojna	45.75129	14.19526	LJPO	0
A/S Alla Colombara	45.75292	11.69239		0
Campo di Volo Asolo Flight	45.75803	11.89583		0
Campo di Volo "Ali del Montello"	45.76125	12.1631		0
CdV KONG	45.76221	9.44562		0
Aviosuperficie Piancada	45.76438	13.07354		0
Zračno pristanište Lučko	45.76783	15.84917	LDZL	0
Аеродром Кикинда	45.76809	20.41777	LYKI	0
Aérodrome de La Rochette Sauvagnat	45.76831	2.60259		0
Aeroporto di Alzate Brianza	45.76954	9.16277	LILB	0
Campo di volo Albatros	45.77056	12.24449		0
Campo di volo San Marco Volo	45.77103	11.9962		0
Vzletišče Cerknica - Marof	45.77775	14.38818		0
Aviosuperficie "Marc Ingegno"	45.77849	8.2691		0
Aviosuperficie Grave di Papadopoli	45.78477	12.31586		0
Aéroport de Clermont-Ferrand Auvergne	45.78558	3.17294	LFLC	0
Zračno pristanište Nova Rača	45.78699	16.96387		0
Aeroportul Internațional Sibiu	45.78716	24.08664	LRSB	0
Червоноармійське	45.79175	28.72499		0
Aerodromul Alexanderfeld	45.79464	28.42283		0
Letališče Novo mesto-Prečna	45.80164	15.10476	LJNM	0
Аэродром "Отважный"	45.80789	39.82281		0
Aeroporto di Calcinate del Pesce "Paolo Contri"	45.80934	8.76956	LILC	0
Aeroportul Internațional Timișoara - Traian Vuia	45.80983	21.33797	LRTR	0
Base Hydro-ULM Rhône Lavours	45.81039	5.7824		0
Батуринская	45.81087	39.39024		0
Idroscalo Internazionale di Como	45.81459	9.07038	LILY	0
Skydive Iseo	45.81514	10.09552		0
Aviosuperficie Pravisdomini	45.82213	12.68316		0
Балковская	45.82252	39.72877		0
Новоджерелиевская	45.82276	38.72261		0
Altiport de Megève	45.82278	6.64942	LFHM	0
Aerodrom Zvekovac	45.82299	16.49984	LDZE	0
Aérodrome Albert Baron	45.824	-1.07709	LFJI	0
Trieste Airport	45.82614	13.46775	LIPQ	0
Campo Volo Pasiano	45.83243	12.59354		0
Altiporto di Chamois	45.8336	7.61777		0
Переясловская	45.83388	39.07745		0
Campo volo Cordovado	45.83709	12.89257		0
Aviosuperficie Francesco Baracca	45.83923	12.19398		0
Aeroportul Internațional Cahul	45.84382	28.26384	LUCH	0
Aerodrom Virovitica	45.84423	17.3267		0
Becicherecu Mic Airfield	45.84468	21.02985		0
Altisurface du Dôme du Goûter	45.84583	6.85		0
Курганное	45.85141	33.70888		0
CdV Butterfly 2	45.85349	12.45628		0
Задунаївка	45.85524	29.11962		0
Campo volo di Vallecamonica	45.85554	10.14701		0
Zračno pristanište Bjelovar	45.8609	16.83546	LDZJ	0
Štakorovec (closed)	45.8619	16.30356		0
Aéroport International de Limoges-Bellegarde	45.86296	1.18235	LFBL	0
Aerodromul Săulești	45.86378	22.96507	LRDV	0
Campo Volo Pajaro Loco	45.86815	12.79172		0
Base Hydro-ULM privée de Bourcefranc	45.86902	-1.12708		0
Aérodrome de Pérouges - Meximieux	45.87153	5.1851	LFHC	0
Aeroporto Romeo Sartori	45.88576	11.51574	LIDA	0
Vzletišče Mihalovec Dobova	45.88671	15.65098		0
Aviosuperficie Blue Silos	45.88717	12.62791		0
Терновская	45.88791	40.3728		0
Letališče Ajdovščina	45.88921	13.8874	LJAJ	0
Aéroport de Rochefort - Charente-Maritime	45.88986	-0.98229	LFDN	0
Altisurface du Glacier du Tacul	45.89167	6.9375		0
Ex Aviosuperficie "Umberto Mascioni"	45.89884	8.72137		0
Aérodrome de Saint-Junien	45.90215	0.91852	LFBJ	0
Aeroporto Duca d'Aosta	45.90685	13.60058	LIPG	0
Altisurface du Glacier de Talèfre	45.90833	6.98333		0
Aérodrome de Villefranche - Tarare	45.9185	4.63517	LFHV	0
Base ULM de la Ferme du Fleuret	45.92129	-0.41503		0
Associazione Sportiva Al Ranch	45.92351	13.03557		0
Agroturismo Turus	45.92366	13.54026		0
Дивное	45.92439	43.39565		0
Красноперекопск	45.925	33.8663		0
Aéroport Annecy Haute-Savoie Mont Blanc	45.92909	6.09918	LFLP	0
Aviosuperficie Ultralight Friuli	45.93084	13.3615		0
Аэродром Ольгинская	45.93835	38.39991		0
Aerodromul Drașov	45.94162	23.76068		0
Altisurface du Glacier d'Argentière	45.94167	7.0		0
Vzletišče Šentvid pri Stični	45.94391	14.85086		0
Campo Volo Chiasiellis	45.94486	13.20858		0
Sportski aerodrom Pitomača	45.94624	17.28376		0
Altisurface de Saint-Roch Mayères	45.95018	6.5861		1
Aeroporto Francesco Baracca	45.95326	12.81733	LIDK	0
Аэродром "Средний Челбас"	45.95546	39.63789		0
Aérodrome de Saint-Pierre-d'Oléron	45.95877	-1.31173	LFDP	0
Aérodrome de Saint-Priest des Champs	45.9599	2.74933		0
Les Ailes Oléronaises	45.96011	-1.31671		0
Aérodrome de Corbonod-Seyssel	45.96153	5.81755		0
Fibiș Airstrip	45.96196	21.45735		0
Aérodrome de Saint-Jean-d'Angély - Saint-Denis-du-Pin	45.96458	-0.52379	LFIY	0
Aviosuperficie AS77	45.96526	13.20204		0
Aérodrome de Saint-Maurice	45.96563	0.73936		0
Campo di Volo Flysyntesis	45.9683	13.23546		0
Vzletišče Podpeč	45.97385	14.41557		0
Campo volo SG Fly Evolution S.r.l	45.98199	13.30705		0
Altisurface du Glacier du Tour	45.98333	7.0		0
Al Casale volo Friuli	45.98492	12.92364		0
Aérodrome d'Ambérieu	45.98581	5.33231	LFXA	0
Pécs–Pogány repülőtér	45.98703	18.24209	LHPP	0
Altisurface du Glacier du Trient	45.99089	7.0226	LSYX	0
Aviocampo La Comina	45.99178	12.65041	LIKL	0
Аэродром Рисовое	45.9955	33.68083		0
Aviosuperficie Megolo	45.99621	8.30346		0
Ravnice Airfield	45.99683	17.20573		0
Аэродром Почётное	46.00075	33.78311		0
Aeroporto di Lugano-Agno	46.00479	8.91057	LSZA	0
Vzletišče Hude Ravne - Dole pri Litiji	46.00871	15.03802		0
Campo di volo Santa Giustina (Balbido)	46.00895	10.82998		0
Aerodrom Zabok-Gubaševo	46.0128	15.85947	LDZK	0
Campo volo A.S.D.Flylibel	46.01445	9.36682		0
Altisurface du Col de Cenise	46.02083	6.45		0
Aeroporto di Trento "Gianni Caproni"	46.0219	11.12561	LIDT	0
Аеродром Суботица	46.02281	19.70502	LYSU	0
Аэродром "Средние Челбасы"	46.02944	39.11938		0
Кулевча	46.03143	29.96958		0
Aeroporto di Udine-Campoformido	46.03181	13.1877	LIPD	0
Aeroportul Ceadîr-Lunga (închis)	46.03487	28.8521	LUCL	0
Altiport de Corlier	46.04029	5.49457	LFJD	0
Vzletišče Sostro	46.04315	14.61531		0
Сарата	46.0509	29.68251		0
Aérodrome de Berneuil	46.05103	1.1013		0
Aérodrome de Roanne	46.05474	4.00184	LFLO	0
Campo volo Cividale	46.05684	13.42677		0
Altisurface du Glacier de Prasfleuri	46.06429	7.35432		0
Aviosuperficie San Mauro - Fly & Joy	46.06837	13.36884		0
Каневская	46.07705	38.8721		0
A/S San Felice	46.08472	12.12138		0
CdV Fant'Air	46.08501	12.06896		0
Лазурне	46.08508	32.50569		0
Аэродром "Крыловская"	46.08553	39.30175		0
Бородинская	46.09293	38.23308		0
Amicii Dabija Airfield	46.09891	27.54247		0
Киевка	46.10406	42.92704		0
Aérodrome de Gajoubert	46.12182	0.85689		0
Altiport de Croix de Coeur	46.12318	7.23387	LSYQ	0
Bellegarde Vouvray	46.12339	5.80526	LFHN	0
Vzletišče Imeno - Podčetrtek	46.12668	15.60364		0
Польове	46.12866	30.24459	UKOQ	0
Aérodrome d'Availles-Limouzine	46.12873	0.6958		0
Aérodrome de Bellac	46.12968	1.07791		0
Миколаївка-Новоросійська	46.13111	29.87452		0
Скадовськ	46.13122	32.89874	UKOS	0
Campo Volo Always	46.13346	13.27799		0
Aviosuperficie di Masera	46.13395	8.30628		0
Жуковское	46.13553	41.30872		0
Aérodrome de Belleville - Villié-Morgon	46.14093	4.71363	LFHW	0
Vzletišče Zagorje ob Savi	46.14247	14.99854		0
Bajai repülőtér	46.14836	19.04243	LHBJ	0
Привілля	46.15079	33.40944		0
Bácsbokod repülőtér	46.15218	19.15044	LHBO	0
Tignes	46.15423	12.34773		0
Aeroporto di Sondrio Caiolo	46.15442	9.7949	LILO	0
Aeroporto di Locarno	46.16218	8.87971	LSZL	0
Aeroporto di Belluno	46.16612	12.24883	LIDB	0
Aérodrome d'Évaux	46.16922	2.43151		0
Aérodrome de Vichy-Charmeil	46.17113	3.40223	LFLV	0
Aeroportul Internațional Arad	46.17548	21.25907	LRAR	0
Aérodrome de Guéret Saint-Laurent	46.17566	1.95291	LFCE	0
Aéroport de La Rochelle - Île de Ré	46.17759	-1.19672	LFBH	0
Aeroportul Baimaclia (abondanat)	46.17992	28.38264		0
Червоний Чабан	46.18117	33.59342		0
Campo volo Agriturismo Sasso d'Oro	46.18154	12.82229		0
Aérodrome Marcel Bruchon	46.19269	6.26918	LFLI	0
Vzletišče Kamnik - Duplica	46.19739	14.58126		0
Altisurface de Morzine-Avoriaz	46.19773	6.76409		0
Песчанокопское	46.20149	41.15777		0
Aérodrome de Bourg-Ceyzériat	46.20194	5.28927	LFHS	0
Центральный	46.20312	40.83244		0
Сандата	46.20927	41.61526		0
Новомиколаївка	46.21264	32.74305		0
Športsko uzletište Danica	46.2131	16.8369	LDVK	0
Крупский	46.2144	41.8391		0
Aéroport de Sion	46.21934	7.3288	LSGS;LSMS	0
Letališče Jožeta Pučnika Ljubljana	46.22269	14.45925	LJLJ	0
Aéroport de Montluçon - Guéret	46.22308	2.36234	LFBK	0
Aérodrome privé de Verrines sous Celles	46.22633	-0.20355		0
Бехтери	46.23223	32.29285		0
Aviosuperficie di Rivoli di Osoppo	46.2339	13.07262	LIKH	0
Campo di volo Samolaco	46.23475	9.43243		0
EX San Vittore Airport	46.23512	9.0987		0
Aéroport international de Genève	46.23772	6.10862	LSGG	0
Благодатне	46.24184	29.64641		0
Vzletišče Kaplja vas - Prebold	46.24244	15.0731		0
Szegedi repülőtér	46.24509	20.09233	LHUD	0
Letališče Celje	46.2454	15.22312	LJCL	0
Kadarkút	46.24726	17.60904	LHKT	0
Érsekcsanád Airfield	46.24941	18.92398	LHEC	0
Aerodromul Mugeni	46.24947	25.22106		0
Prekopa Airstrip	46.25017	14.99706		0
Mórahalmi mezőgazdasági repülőtér	46.25142	19.94887		0
Aérodrome de Lapalisse - Périgny	46.25303	3.58765	LFHX	0
Vzletišče Kostrivnica	46.25793	15.58387		0
Aérodrome de Bex	46.25822	6.98632	LSGB	0
Олексіївка	46.26228	32.21691		0
Aviosuperficie Passo Tonale	46.26467	10.59976		0
Aerodromul Sânsimion	46.26489	25.91543		0
Новодеревянковская	46.26988	38.72649		0
Aerodromul Charlie Bravo Șiria	46.27022	21.60692	LRCB	0
Aérodrome de Couhé-Verac	46.27069	0.1884	LFDV	0
Vélisurface des Moises	46.27072	6.46325		1
Campo di Volo Termon	46.27114	11.02577		0
Gorica pri Smartnem	46.27185	15.23958		0
Новоминская	46.27745	39.04552		0
Zračno pristanište Varaždin	46.29518	16.38196	LDVA	0
Aérodrome Mâcon-Charnay	46.29522	4.79641	LFLM	0
Mezőhegyes mezőgazdasági repülőtér	46.2959	20.81492		0
Lodrino Air Base	46.29779	8.99156	LSPR	0
Flugplatz Raron	46.30372	7.8192	LSTA	0
Vzletišče Zgornje Pobrežje	46.30399	14.90509		0
Őcsényi repülőtér	46.30695	18.76577	LHOY	0
Letališče Slovenske Konjice (Loče)	46.31079	15.49113	LJSK	0
Aérodrome de Niort - Marais poitevin	46.31229	-0.40161	LFBN	0
Таврія	46.3133	32.99317		0
Campo volo Vervò	46.3138	11.1119		0
Кавалерский	46.3179	40.43769		0
Altisurface du Glacier de Tsanfleuron	46.32102	7.23114	LSYZ	0
Szatymaz Airport	46.32177	20.0541	LHST	0
Aerodrom Privat Ruck Ventilatoare	46.325	24.30857		0
Odorhei	46.32548	25.28201		0
Bovec	46.33007	13.54868	LJBO	0
Base ULM de Malafretaz	46.33416	5.14089		0
Base Hydro-ULM de Montrevel-en-Bresse	46.34526	5.14233		0
Чаплинка	46.3457	33.54634	UKOY	0
Aérodrome de Chenay	46.34658	-0.0153		0
Fazi Airstrip	46.34722	25.87357	LRLE	0
Aérodrome de Montluçon-Domerat	46.35313	2.57096	LFLT	0
Letališče Lesce	46.35716	14.17504	LJBL	0
Dombegyház mezőgazdasági repülőtér	46.36018	21.15077		0
Letjelište Nedelišće	46.36304	16.38665		0
Aérodrome de La Tranche sur Mer	46.36367	-1.42724	LFTA	0
Kiskunhalas-Füzespuszta repülőtér	46.36828	19.47893	LHKF	0
Элиста	46.37173	44.32559	URWI	0
Новый Егорлык	46.37185	41.93838		0
Hertelendy Repülőtér	46.37327	17.42804	LHKU	0
Aérodrome de Saint-Claude Pratz	46.38512	5.77115		0
Hódmezővásárhelyi repülőtér	46.3852	20.30873	LHHM	0
Kaposvár-Kaposújlak	46.38944	17.73444	LHKV	0
Zračna luka Pribislavec	46.3916	16.49962	LDVC	0
Аэродром "Ясенская"	46.39263	38.2844		0
Letališče Šoštanj (Lajše)	46.39728	15.04505	LJSO	0
Сиваське	46.3988	34.54142		0
Gite de l'aviateur	46.40256	5.04643		0
Aviosuperficie di Enemonzo	46.40452	12.88504		0
Aérodrôme de La Côte	46.40622	6.25806	LSGP	0
Vzletišče Lastovka - Prvenci	46.40696	15.95281		0
Aéroport de Saint-Yan	46.4123	4.01702	LFLN	0
Аэродром "Школьный"	46.41947	30.69585		0
Тарасівка	46.4217	33.05585		0
Брилівка	46.42461	33.18227		0
Base Hydro-ULM des Guifettes	46.42549	-1.1881		0
Športno letališče Ptuj	46.42639	15.98925	LJPT	0
Аэродром "Желтые Копани"	46.42655	38.92616		0
Міжнародний аеропорт Одеса (ODS)	46.42729	30.6753	UKOO	0
Nagykanizsai repülőtér	46.42921	16.95732	LHNK	0
Becsehely	46.43592	16.77868		0
Aérodrome du Fort-d'Aslonnes	46.43813	0.34195		0
Aérodrome de Fontenay-le-Comte	46.44138	-0.79382	LFFK	0
Асканія-Нова	46.44449	33.8868		0
Сальск-2	46.4559	41.48812		0
Aeroporto di Bolzano-Dolomiti - Flughafen Bozen-Dolomiten	46.45841	11.32634	LIPB	0
Aérodrome de Luçon-Chasnais	46.46111	-1.24142		0
Aerodrom Nădab	46.46127	21.477		0
Конезавод имени Кирова	46.46348	40.84024		0
Аэродром "Октябрьский"	46.46356	38.28753		0
Камышеватская	46.46689	37.95797		0
Aérodrome de la Forêt - Paray le Monial	46.4669	4.13402	LFGN	0
Aeroportul Internațional Târgu Mureș	46.46784	24.41267	LRTM	0
Letališče Slovenj Gradec	46.47176	15.11731	LJSG	0
Aérodrome Les Sables-d'Olonne	46.47566	-1.72499	LFOO	0
Altiporto Casera Razzo	46.47673	12.61495		0
Letališče Edvarda Rusjana Maribor	46.4784	15.68754	LJMB	0
Flugplatz Münster Aero	46.4803	8.26333	LSPU	0
Аэродром "Заря"	46.48132	38.13498		0
Aerodromul Luncani	46.48209	23.93064		0
Чкалове	46.48309	34.13731		0
Flugplatz Saanen	46.48613	7.24898	LSGK	0
Talmont Vendée Air Park	46.49407	-1.57688		0
Аеродром "Застава"	46.49501	30.62637	UKOT	0
Flugplatz St Stephan	46.49749	7.41135	LSTS	0
Székkutas mezőgazdasági repülőtér	46.50231	20.50155		0
Давидівка	46.50242	35.15771		0
Ambri Airfield	46.5125	8.68978	LSPM	0
Aérodrome de Saint-Aubin La Plaine	46.51735	-1.05067		0
Aeroportul Internațional Bacău	46.51906	26.91202	LRBC	0
Base ULM de Prissac	46.51935	1.31059		0
Новый Маныч	46.52002	41.7673		0
Aérodrome de La Tuillière	46.53143	3.1182		0
Flugplatz Ferlach - Glainach	46.53246	14.33096	LOKG	0
Engadin Airport	46.53376	9.88386	LSZS	0
Гигант	46.53417	41.37867		0
Aeroportul Sportiv Elie Carafoli	46.53441	24.53464	LRMS	0
Aérodrome de Moulins - Montbeugny	46.53562	3.42154	LFHY	0
Piste ULM de Brancion	46.54052	4.79223		0
Aéroport de Lausanne la Blécherette	46.54505	6.6173	LSGL	0
Ремонтное	46.54587	43.64569		0
Pusztaszer West	46.54626	19.96085	LHPW	0
Vzletišče Cerkvenjak-Čagona	46.54889	15.91462		0
Zweisimmen	46.5515	7.37943	LSTZ	0
Zalakarosi repülőtér	46.55151	17.15021	LHZK	0
Новая Целина	46.5529	41.06174		0
Kalocsa/Foktő	46.55293	18.94386	LHKA	0
Aérodrome de Saint-Martin des Fontaines	46.55386	-0.90093		0
Aérodrome de Tournus - Cuisery	46.56232	4.97523	LFFX	0
Vzletišče Krapje Veržej	46.57269	16.19097		0
Aviosuperficie San Genesio	46.57301	11.30816	LIGT	0
Pusztaszer repülőtér	46.5769	19.99027	LHPS	0
Aérodrome du Girouard	46.57834	-1.60552		0
Спортивний аеродром «Гідропорт»	46.57878	30.70246	UKOE	0
Аэродром "Комсомолец""	46.58046	38.22462		0
Flugplatz Nötsch	46.58079	13.62986	LOKN	0
Aérodrome de Chauvigny	46.58333	0.64272	LFDW	0
Poitiers-Biard	46.58923	0.30787	LFBI	0
Aérodrome de Montricher	46.59029	6.40099	LSTR	0
Верхнеянинский	46.59306	41.51054		0
Aérodrome d'Argenton-sur-Creuse	46.59455	1.60066	LFEG	0
Aérodrome de la Gruyère	46.59494	7.09425	LSGT	0
Vzletišče Mostje Lendava	46.59965	16.43166		0
Locher Flugfeld - Campo volo Locher	46.60246	11.37985		0
Aérodrome de Montceau-les-Mines - Pouilloux	46.60259	4.33799	LFGM	0
Аэродром "Должанская"	46.60746	37.9238		0
Szentesi repülőtér	46.61181	20.28293	LHSZ	0
Flugplatz Reichenbach	46.61362	7.67711	LSGR	0
Aérodrome de Sagy	46.61554	5.35258		0
Aérodrome du Blanc	46.6209	1.08482	LFEL	0
Vzletišče Libeliče	46.62369	14.95488		0
Letališče Murska Sobota	46.62735	16.17342	LJMS	0
Vzletišče Radenci	46.6288	16.0462		0
Flughafen Klagenfurt	46.64329	14.34181	LOWK	0
Гуляй-Борисовка	46.6436	40.15991		0
Kiskőrös Repülőtér	46.65679	19.2417	LHKI	0
Аеропорт "Лиманське"	46.6691	30.00939	UKOM	0
Aérodrome de Lons-le-Saunier - Courlaoux	46.67442	5.4695	LFGL	0
Роздольне	46.6745	33.54752		0
Міжнародний аеропорт «Херсон»	46.6764	32.50649	UKOH	0
Aérodrome de Coust Colombiers	46.67922	2.57512		0
Vzletišče Marič - Noršinci	46.68233	16.20402		0
Aerodrom Sălicea	46.68313	23.50786		0
Békéscsabai repülőtér	46.68481	21.16123	LHBC	0
Aérodrome de Brandes La Pérouille	46.69031	1.52922		0
Balatonkeresztúri repülőtér	46.69372	17.39791	LHBK	0
Михайловка	46.69473	41.00322		0
Hévíz-Balaton Airport	46.69634	17.15956	LHSM	0
Nagyszénás	46.69711	20.66528	LHNS	0
Іванівка	46.69766	34.54197		0
Aérodrome La Roche-sur-Yon les Ajoncs	46.70186	-1.37739	LFRI	0
Flugplatz Feldkirchen - Ossiacher See	46.70888	14.07672	LOKF	0
Якимівка	46.70987	35.14549		0
Aérodrome de Lurcy-Levis	46.71256	2.94564	LFJU	0
Aérodrome de l'Île-d'Yeu	46.71701	-2.39189	LFEY	0
Base ULM de Coëx La Boissière	46.72402	-1.75652		0
Аэродром "Екатериновка"	46.72461	38.76074		0
Aerodromul Lăzarea	46.72649	25.5093		0
Мечётинская	46.72698	40.41302		0
Flugplatz Toblach - Aeroporto di Dobbiaco	46.7277	12.23081	LIVD	0
Kiskunfélegyháza	46.732	19.89228	LHKH	0
Flugplatz Sankt Donat Mairist	46.74275	14.41091	LOKR	0
Приморськ	46.74395	36.32878		0
Jakabszállás Repülőtér	46.74824	19.60454	LHJK	0
Корсак	46.7508	35.63414	UKTK	0
Aérodrome de Fribourg, Ecuvillens	46.75499	7.07538	LSGE	0
Flugplatz Thun	46.75677	7.60033	LSZW	0
Кремидівка	46.75746	30.79209		0
Aérodrome d'Yverdon-les-Bains	46.76207	6.61308	LSGY	0
Aérodrome de Champagnole - Crotenay	46.76427	5.82066	LFGX	0
Flugfeld Gsiesertal - Campo volo Valle di Casies	46.76579	12.15565		0
Aerodromul Dezmir	46.77897	23.71259		0
Aérodrome de Châtellerault-Targé	46.78193	0.55126	LFCA	0
Приманычский	46.78531	41.65404		0
Balatonederics repülőtér	46.78559	17.37743		0
Aeroportul Internațional Avram Iancu Cluj	46.78618	23.68359	LRCL	0
Landeplatz Spittal	46.79274	13.48381		0
Flugplatz Lienz - Nikolsdorf	46.79881	12.8781	LOKL	0
Matkó Airport	46.80016	19.68365	LHMP	0
Zalacsány	46.80096	17.11051		0
Aerodromul Hîncești	46.80212	28.61712		0
Szarvas-Káka Repülőtér	46.80389	20.52602	LHSV	0
Каховка	46.8065	33.50188	UKVH	0
Cserszegtomaj.Hévíz	46.80855	17.19853		0
Белозёрный	46.81443	41.33218		0
Flugplatz Wolfsberg	46.81847	14.82481	LOKW	0
Aeroport Remetea	46.8188	25.40946	LRHR	0
Новый Мир	46.81995	39.40073		0
Степове	46.82109	35.03716		0
Луганский	46.82458	42.08572		0
Aérodrôme de Chalon-Champforgeuil	46.82666	4.8217	LFLH	0
Aerodromul Horești	46.83656	28.90164	LUKH	0
Дмитрівка	46.83981	36.58682		0
Aérodrome de Châteauroux-Villers	46.84089	1.62017	LFEJ	0
Новобатайская	46.84444	39.762		0
Aerodrom Zanesti	46.84469	26.55777		0
Нижні Сірогози	46.85489	34.4161		0
Донской	46.85569	40.56565		0
Головановка	46.85575	40.96631		0
Siófok-Kiliti repülőtér	46.85719	18.09639	LHSK	0
Ballószög	46.86133	19.5572	LHBL	0
Aéroport de Châteauroux-Centre	46.86389	1.73111	LFLX	0
Аэродром Тирасполь	46.86647	29.59155	LUTR	0
Tapolca repülőtér	46.86719	17.40638	LHTP	0
Aérodrome de Châteauneuf-sur-Cher	46.86868	2.37562	LFFU	0
Campo di Volo Trens	46.87369	11.47269		0
Papkutapuszta	46.87487	18.03962	LHPK	0
Aérodrome privé de Bournizeaux	46.88029	-0.28694		0
Zalaegerszeg-Andráshida repülőtér	46.8847	16.7889	LHZA	0
Aérodrome d'Issoudun - Le Fay	46.88915	2.03993	LFEK	0
Aérodrome de Beauvoir-Fromentine	46.89016	-2.08857	LFFO	0
Голубовка	46.89341	40.77274		0
Dunaújváros Repülőtér	46.89593	18.91528	LHDV	0
Aerodrom Dumbrava	46.89938	26.43326		0
Base ULM de Saint Amand sur Sèvre	46.90089	-0.80313		0
Краснюков	46.90096	40.90837		0
Szabadszállás-Balázspuszta repülőtér	46.90302	19.36477	LHSB	0
Aérodrome de Mauléon	46.90307	-0.6973	LFJB	0
Aérodrome de Pontarlier	46.90488	6.32644	LFSP	0
Flugplatz Kägiswil	46.90742	8.25279	LSPG	0
Gyomaendrőd - mezőgazdasági repülőtér	46.9113	20.76152		0
Flughafen Bern-Belp	46.91283	7.49735	LSZB	0
Aérodrome de Môtiers	46.9165	6.61511	LSTO	0
Тальники	46.92232	41.22912		0
Попов	46.92675	40.63071		0
Flugplatz Friesach - Hirt	46.92763	14.43173	LOKH	0
Aeroportul Internațional Chișinău „Eugen Doga”	46.92961	28.92897	LUKK	0
Aérodrome Montaigu - Saint-Georges	46.93146	-1.32778	LFFW	0
Широке	46.94646	34.91281		0
Aérodrome de Ville-Langy	46.9467	3.49098		0
Садове	46.94672	32.74503		0
Aérodrome de Buxeuil	46.94919	0.67004		0
Пешково	46.94944	39.34299		0
Neuchâtel-Colombier airfield	46.95784	6.86468	LSGN	0
Aérodrome de Grange-Dieu Levroux	46.95949	1.66024		0
Aerodromul Girov	46.96208	26.48497		0
Aérodrome de Thouars	46.96382	-0.15508	LFCT	0
Aérodrome d'Autun - Bellevue	46.96609	4.26328	LFQF	0
Balatonfüred, Földes Airfield	46.9685	17.84462	LHJT	0
Flugplatz Buochs	46.97444	8.39694	LSZC	0
Flugplatz Mayerhofen	46.97507	14.37082	LOKM	0
UL-Flugplatz Kirchberg	46.97637	15.7929		0
Aérodrome de Bellechasse	46.97899	7.13254	LSTB	1
Жуково-Татарский	46.98393	40.29136		0
Flughafen Graz	46.98802	15.44	LOWG	0
Рубанівка	46.99633	34.13429		0
Aérodrome Privé d'Auxey-Duresses-Domaine-Roy	46.998	4.73335		0
Aérodrome de Nevers Fourchambault	47.00257	3.11347	LFQG	0
Balatonfőkajár Repülőtér	47.00655	18.21264		0
Aérodrome de Beaune-Challanges	47.00765	4.89371	LFGF	0
Dévaványa	47.01368	20.98212		0
Flugplatz Bad Ragaz	47.01487	9.48229	LSZE	0
Aérodrome Privé de Saint-Romain	47.01634	4.69976		0
Aeroportul Internațional Oradea	47.02365	21.90299	LROD	0
Aérodrome de Loudun	47.0359	0.10043	LFDL	0
Tótvázsony Repülőtér	47.03782	17.7847		0
Совхоз имени Вильямса	47.03861	40.0014		0
Веселе	47.03865	34.91252	UKSW	0
Павловка	47.03904	39.49552		0
Aéroport de Dole-Jura	47.04173	5.42943	LFGJ	0
Сорговый	47.04583	40.35654		0
Миколаївський міжнародний аеропорт	47.05727	31.92103	UKON	0
Aéroport de Bourges	47.05974	2.37079	LFLD	0
Flugplatz Fürstenfeld	47.06184	16.08428	LOGF	0
Aerodromul Vadul lui Vodă	47.06553	29.09396	LUKV	0
Мангуш	47.07434	37.30577		0
Майорка	47.07451	42.01865		0
Сухой	47.07477	41.35342		0
Маріупольський міжнародний аеропорт	47.07566	37.45472	UKCM	0
Flugplatz Mollis	47.07901	9.0651	LSZM	0
Aérodrome de Cholet le Pontreau	47.08194	-0.87694	LFOU	0
Азов	47.08267	39.40204		0
Aérodrome de Bournan	47.08307	0.71838		0
Les Éplatures Airport	47.08414	6.79323	LSGC	0
Flugplatz Biel-Kappelen	47.09067	7.29103	LSZP	0
Мимино	47.09285	39.81505		0
Новомиколаївка	47.10012	35.70296		0
Aérodrome de Vicq sur Nahon-Echalier	47.1107	1.56511		0
Грейгове	47.12117	32.3116		0
Alba Airport	47.12693	18.49846	LHBD	0
Úrhida repülőtér	47.12868	18.31437	LHUH	0
Flugplatz Mauterndorf	47.13215	13.69599	LOSM	1
Kislőd Repülőtér	47.13355	17.64027		0
Biharkeresztes	47.13741	21.67636	LHBI	0
Aérodrome de Nuits-Saint-Georges	47.14138	4.96914	LFGZ	0
Hajmáskér repülőtér	47.1426	17.99917	LHHK	0
Szolnok-Szandaszőlős Repülőtér	47.14301	20.19221	LHSS	0
Flugfeld Punitz	47.14693	16.31658	LOGG	0
Aérodrome de Guilly	47.14817	2.59887		0
Aérodrome de Tours-Le Louroux	47.14896	0.7114	LFJT	0
Велика Лепетиха	47.14952	33.94559		0
Öskü Repülőtér	47.15152	18.08048		0
Aéroport Nantes-Atlantique	47.1519	-1.61038	LFRS	0
Aerodromul Bistrița	47.15848	24.55197	LRBN	0
Aerodrom Iași-Sud	47.15886	27.63699	LRIS	0
Cegléd	47.16274	19.87742	LHCL	0
Aerodrom Crasna	47.16792	22.85422		0
Flugplatz Unterfladnitz	47.16989	15.66398	LOGW	0
Flugplatz Schänis	47.17168	9.04022	LSZX	1
Kiskunlacháza repülőtér	47.1756	19.07082	LHKK	0
Новосадковский	47.17696	41.29857		0
Дугино	47.17943	39.42727		0
Aeroportul Internațional Iași	47.17991	27.62082	LRIA	0
Flughafen Grenchen	47.18101	7.41662	LSZG	0
Борозенське	47.1822	33.43417		0
Flugplatz Langenthal-Bleienbach	47.18314	7.74218	LSPL	0
Courtelary Aérodrome	47.1836	7.09083	LSZJ	0
Base ULM de Sermange	47.18818	5.64762		0
Flugplatz Beromünster	47.18954	8.20399	LSZO	0
Aérodrome de Vierzon Méreau	47.1942	2.06506	LFFV	0
Ольгинская	47.19795	39.95542		0
Surjány	47.20069	20.4808	LHSU	0
Flugplatz Wangen-Lachen	47.20447	8.86718	LSPV	0
Aérodrome de Besançon-La Vèze	47.20695	6.0837	LFQM	0
Aérodrome de Pouilly - Maconge	47.22077	4.55952	LFEP	0
Нова Кам'янка	47.22253	33.61484		0
Aérodrome d'Orbigny les Pallis	47.22268	1.28579		0
Flugplatz Triengen	47.22593	8.07866	LSPN	0
Арпачин	47.22666	40.1453		0
Михайлівка	47.22679	35.17866		0
Sitke	47.23447	17.02777	LHSI	0
Aérodrome privé de St Brévin les Pins	47.23633	-2.14087		0
Flugplatz Hausen am Albis	47.23847	8.51602	LSZN	0
Aérodrome de Saulieu - Liernais	47.23874	4.26446	LFEW	0
Білозерівка (Західна)	47.24485	34.59526		0
AeroClub Călărași	47.25204	28.28068		0
Білозерівка (Східна)	47.25566	34.84397		0
Михайло-Олександрівка	47.25586	30.74182		0
Aérodrome de Saumur - Saint-Florent	47.2581	-0.11528	LFOD	0
Flughafen Innsbruck	47.25977	11.34658	LOWI	0
Zirc-Tündérmajor Repülőtér	47.26059	17.83856		0
Верхній Рогачик	47.26345	34.35218		0
Inárcs repülőtér	47.26365	19.31318	LHIN	0
Flugplatz Buttwil	47.26481	8.30256	LSZU	0
Шевченково	47.26514	37.95466		0
Aérodrome de Tours-Sorigny	47.26663	0.70067	LFEN	0
Aéroport de Dijon-Bourgogne	47.26674	5.08454	LFSD	0
Мала Білозерка	47.26712	34.96327		0
Kenderesi repülőtér	47.2699	20.68767	LHKS	0
Dáka magánrepülőtér	47.27224	17.41053	LHDA	0
Aérodrome de Besançon Thise	47.2741	6.08307	LFSA	0
Білозерка-1	47.27593	34.79609		0
Szombathelyi repülőtér	47.27871	16.62722	LHSY	0
Зоря	47.27986	31.2736		0
Aérodrome de La Baule-Escoublac	47.28633	-2.34699	LFRE	0
Volodarskoye	47.28636	37.17761		0
Aérodrome de Champlémy-Varzy	47.29078	3.36402		0
Flugplatz Zell am See	47.29139	12.79106	LOWZ	0
Pilis Repülőtér	47.30361	19.52895	LHPL	0
Золоторёвка	47.30897	41.06131		0
Tápiószentmárton	47.31193	19.77629	LHTM	0
Aéroport de Saint-Nazaire Montoir	47.3125	-2.1468	LFRZ	0
Aérodrome de Romorantin - Pruniers	47.31615	1.68971	LFYR	0
Вишневе	47.31622	35.55291		0
Щедрый	47.32208	39.44999		0
Aérodrome de Belle-Île	47.32556	-3.20165	LFEA	0
Березнегувате	47.32764	32.7571		0
Захарівка	47.33137	29.7914		0
Aérodrome d'Amboise Dierre	47.34084	0.94606	LFEF	0
Flugplatz Olten	47.34308	7.88719	LSPO	1
Tököli repülőtér	47.34606	18.97835	LHTL	0
Хімік	47.34687	35.14148	UKDW	0
Малоянисоль	47.35473	37.28939		0
Aérodrome de Cosne-sur-Loire	47.36093	2.91651	LFGH	0
Aerodromul Floreni	47.36307	25.21199	LRFL	0
Вільне	47.3641	38.04504		0
Веселинове	47.36953	31.27392		0
Бурчак	47.37604	35.33848		0
Flugplatz Speck-Fehraltorf	47.37682	8.75748	LSZK	0
Flugplatz Timmersdorf	47.3796	14.96404	LOGT	0
Покровское	47.38067	38.92571		0
Flugplatz Hohenems-Dornbirn	47.38439	9.69978	LOIH	0
Bükfürdő	47.38464	16.80297	LHBF	0
Aérodrome de Dijon-Darois	47.38478	4.9454	LFGI	0
Flugplatz Pinkafeld	47.38662	16.11351	LOGP	0
Kunmadarasi repülőtér	47.39084	20.78501	LHKM	0
Gyúrói repülőtér	47.3911	18.75701	LHGR	0
Розівка аеродром	47.3914	37.04829		0
Bressaucourt	47.39272	7.02882	LSZQ	0
Баштанка	47.39418	32.45831		0
Aérodrome d'Ancenis	47.40665	-1.17952	LFFI	0
Aérodrome de Bucey-les-Gy	47.41495	5.87181		0
Aérodrome de Gray - Saint-Adrien	47.43052	5.6184	LFEV	0
Мостове	47.43235	31.01568		0
Aéroport Tours Val de Loire	47.43435	0.72691	LFOT	0
ESRE pg csörlőpálya	47.43477	18.78068		0
Budapest Liszt Ferenc Nemzetközi Repülőtér	47.43523	19.25721	LHBP	0
Aérodrome de Jumelles	47.43592	-0.09728		0
Aérodrome de Clamecy	47.43763	3.50847	LFJC	0
Flugplatz Dittingen	47.43925	7.48981	LSPD	0
Flugplatz Birrfeld	47.44345	8.2336	LSZF	0
Bodmér-Felcsút Repülőtér	47.44489	18.55626	LHFC	0
Aérodrome de Souesmes	47.44773	2.21182		0
Budaörsi repülőtér	47.45136	18.98037	LHBS	0
Aérodrome de Fougères sur Bièvre	47.45776	1.36404		0
Flugplatz Kapfenberg	47.45788	15.33176	LOGK	0
Підлісне	47.45899	31.7904		0
Hajdúszoboszló Airfield	47.45989	21.39051	LHHO	0
Flughafen Zürich	47.46314	8.55185	LSZH	0
Злітно-посадкова смуга Анадол	47.46327	37.57842		0
Skydive Tirol	47.46379	11.95055		0
Холодный	47.4652	41.74238		0
Потапов	47.46556	41.92499		0
Пологи	47.47023	36.28841	UKDG	0
Flugplatz Reutte - Höfen	47.47091	10.69116	LOIR	0
Латоново	47.473	38.60031		0
Niederöblarn	47.47941	14.00722	LOGO	0
Aérodrome d'Aubigny-sur-Nère	47.47989	2.39264	LFEH	0
Aérodrome de Quiberon	47.48068	-3.09941	LFEQ	0
Aérodrome de Semur-en-Auxois	47.4816	4.34336	LFGQ	0
Flugplatz St. Gallen-Altenrhein	47.48539	9.56013	LSZR	0
Farkashegyi repülőtér	47.48646	18.91448	LHFH	0
Debrecen nemzetközi repülőtér	47.4888	21.61395	LHDC	0
Aérodrome de Montbéliard-Courcelles	47.48882	6.79149	LFSM	0
Trieben	47.49307	14.49506	LOGI	0
Солнечный	47.49326	42.32974		0
Платов	47.49361	39.92401	URRP	0
Pusztacsalád	47.49386	16.89848	LHPC	0
Sülysáp	47.49762	19.46037		0
Aérodrome des Bardellières	47.49812	0.43782		0
Dány	47.50077	19.50484		0
Aérodrome d'Avallon	47.50346	3.90067	LFGE	0
Flugplatz Schupfart	47.50905	7.94996	LSZI	0
Aerodromul Copalnic-Mănăștur	47.50931	23.68688		0
Sportflugplatz Sitterdorf	47.5095	9.26287	LSZV	0
Kecskéd repülőtér	47.51172	18.32858	LHKD	0
Дубенцовская	47.51176	41.46246		0
Flugplatz Hegmatten	47.51505	8.77196	LSPH	0
Base Hydro-ULM des Lacs de Bonnal	47.51792	6.36414		0
Flugplatz St. Johann	47.52051	12.44922	LOIJ	0
П'ятихатки	47.5215	35.45727		0
Щербані	47.52161	31.68746		0
Mezőgazdasági repülőtér	47.52186	20.16257		0
Flugplatz Lommis	47.5245	9.003	LSZT	0
Base UM du Domaine de Dugny	47.52607	1.18257		0
Романовский	47.52936	42.03038		0
Анастасиевка	47.53368	38.52887		0
Aérodrome Til-Châtel	47.54605	5.21333	LFET	0
Окни	47.54916	29.42919		0
Hármashatárhegyi vitorlázórepülőtér	47.5525	18.97436	LHHH	0
Agathazeller Moos	47.55488	10.27304		1
Flugplatz Lanzen-Turnau	47.55513	15.31769	LOGL	0
Aéroport d'Angers-Loire	47.55983	-0.31421	LFJR	0
Herten-Rheinfelden Flugplatz	47.56039	7.74832	EDTR	0
Flugplatz Kufstein-Langkampfen	47.56463	12.12727	LOIK	0
Новоандриановка	47.56495	39.00033		0
Aérodrome privé de Soulaire	47.56547	-0.54959		0
Новоперсиановка	47.56703	39.95782		0
Мирне	47.57167	36.14698		0
Gödöllői Repülőtér	47.57176	19.33834	LHGD	0
Flugplatz Amlikon	47.57363	9.04815	LSPA	1
Aérodrome de Chaume-et-Courchamp	47.57482	5.35207		0
Aerodrom Săcălășeni	47.57629	23.53853		0
Aérodrome de Soucelles	47.57936	-0.41228		0
Segelflugplatz Füssen	47.58312	10.6872		1
Meidl Airport Fertőszentmiklós	47.58379	16.8454	LHFM	0
Aérodrome du Quilloux	47.59969	-1.91383		0
UL-Flugplatz Wildberg	47.59971	9.74112		0
Aérodrome de Cosseneux Vouzon	47.60292	2.08668		0
EuroAirport Bâle-Mulhouse-Fribourg	47.60318	7.52505	LFSB	0
Aérodrome de Cessey-Baigneux-les-Juifs	47.60726	4.61149	LFSY	0
Dunakeszi Repülőtér	47.61325	19.14301	LHDK	0
Aérodrome de Briare-Châtillon	47.61542	2.7817	LFEI	0
Győr–Pér repülőtér	47.62642	17.80665	LHPR	0
Валер’янівка	47.62914	37.39949		0
Flugplatz Hütten-Hotzenwald	47.63289	7.94162	EDSF	1
Veresegyház sportrepülőtér	47.63755	19.25437	LHVE	0
Кумачове	47.6379	38.26476		0
Aérodrome de Vesoul-Frotey	47.63861	6.20449	LFQW	0
Вознесенськ	47.64062	31.24827		0
Segelfluggelände Bohlhof	47.65026	8.38576	EDTA	0
Aérodrome de Vouzon le Rabot	47.65615	1.98681		0
Segelflugzentrum Ohlstadt	47.65841	11.23503		0
Апостолове	47.65843	33.75258	UKVO	0
Петрівське	47.65886	37.20742		0
Aeroportul Internațional Maramureș	47.65945	23.46373	LRBM	0
Bőny	47.66684	17.78449	LHBY	0
Троїцьке	47.66937	30.29829		0
Flughafen Friedrichshafen	47.67138	9.5119	EDNY	0
Новопавлівка	47.67307	30.57712		0
Новотроїцьке	47.67313	37.57764		0
Новий Буг	47.67462	32.52467		0
Aérodrome de Blois-Le Breuil	47.67651	1.20721	LFOQ	0
Segelflugplatz LSC Schliersee	47.67764	11.96354		0
Волгодонск	47.67853	42.07452		0
Kerekharaszt	47.67917	19.64428	LHKZ	0
Ананьїв	47.6797	29.96693		0
Flugplatz Konstanz	47.68155	9.1395	EDTZ	0
Aeroportul Internațional „Ștefan cel Mare” Suceava	47.68779	26.35429	LRSV	0
Sportflugplatz Schmerlat	47.6898	8.52724	LSPF	0
Kempten-Durach	47.69097	10.33794	EDMK	0
Aérodrome de La Flèche - Thorée-les-Pins	47.69201	-0.00124	LFAL	0
Шахты	47.69788	40.28415		0
Redon Bains sur Oust	47.6987	-2.03807	LFER	0
Yelanets	47.69931	31.87187		0
Aérodrome de Belfort - Chaux	47.70024	6.83164	LFGG	0
Luftsportgruppe Isny e.V.	47.70027	10.02151		1
Aeroportul Satu Mare	47.70524	22.88581	LRSM	0
Верхня Терса	47.70704	36.07902		0
Segelfluggelände Markdorf	47.7071	9.39278		1
Flugplatz Benediktbeuern	47.71542	11.39157		1
Atkár Margit-kút	47.72286	19.90264	LHAK	0
Aéroport de Vannes - Golfe du Morbihan	47.72415	-2.7213	LFRV	0
Deutsche Alpen-Segelflugschule Unterwössen	47.73058	12.43854		1
Шолохове	47.73248	34.05731		0
Старобешево	47.73276	38.01425		0
Segelflugplatz Brannenburg	47.73902	12.11633		0
Aérodrome de Châteaubriant - Pouancé	47.7397	-1.1894	LFTQ	0
Aérodrome de Mulhouse-Habsheim	47.74199	7.43126	LFGB	0
Fertőrákos Piusz-puszta	47.74464	16.61411	LHFP	0
Segelflugplatz Wangen (Wallmusried)	47.75306	9.86522		0
Id. Rubik Ernő Repülőtér	47.75725	18.73099	LHEM	0
Борисівка	47.75742	34.5354		0
Segelflugplatz Hilzingen	47.76005	8.76674		0
Aérodrome de Sougé	47.76265	0.73881		0
Flugplatz Greiling	47.76591	11.59542		0
Балабине	47.7693	35.26068	UKDI	0
Balkány Airport	47.7718	21.81499	LHBA	0
Вугледар	47.7724	37.17699		0
Dunabogdány	47.7745	19.06285		0
Aérodrome privé de Pleucadeuc	47.78793	-2.36031		0
Flugfeld Mariazell	47.78975	15.30212	LOGM	0
Aerodrom Botoșani	47.79018	26.66043		0
Aérodrome de Saint-Sulpice-des-Landes	47.79102	-1.63805	LFSS	0
Flughafen Salzburg	47.79346	13.00368	LOWS	0
Segelflugplatz Binningen	47.79882	8.71857	EDSI	1
Старий сільськогосподарський аеродром	47.80044	31.05761		0
Flugplatz Stahringen-Wahlwies	47.80283	8.97899	EDSR	0
Білоярівка	47.81064	38.63		0
Eger Maklár Repülőtér	47.81153	20.42152	LHMR	0
Aérodrome Les Avant Gardes	47.81305	2.23573		0
Gyöngyös/Pipishegy	47.81377	19.977	LHGY	0
Chotín	47.81388	18.19447		0
Segelflugplatz Müllheim	47.82425	7.63961	EDSM	1
Flugplatz Warngau	47.82479	11.7044		0
Segelflugzentrum Königsdorf	47.82893	11.4641		0
Segelflugplatz Heiligenberg	47.83238	9.30187		0
Aeroportul Internaţional Bălţi	47.84137	27.77865	LUBL	0
Моспіне	47.84213	38.09713	UKCN	0
Flugplatz Wiener Neustadt Ost (LOAN)	47.8437	16.25961	LOAN	0
Flugplatz Blumberg	47.84371	8.56387	EDSL	0
Aérodrome de Châtillon-sur-Seine	47.84388	4.57934	LFQH	0
Flugplatz Paterzell	47.84739	11.06077	EDPZ	1
Aérodrome d'Auxerre-Branches	47.84992	3.49849	LFLA	0
Аеродром «Велико-Новоселівка»	47.8513	36.85313		0
Flugplatz Grabenstätt	47.85256	12.5506	EDJG	1
Segelflugplatz Reiselfingen	47.85299	8.37499		0
Тереховский	47.85408	40.86781		0
Flugplatz Leutkirch/Unterzeil	47.8578	10.00984	EDNL	0
Lipót, Szigetköz	47.85833	17.44719	LHLI	0
Aeroportul Internațional Mărculești	47.85975	28.21297	LUBM	0
Kamenný most	47.86264	18.6511		0
Добровол'є	47.86664	37.19966		0
Міжнародний аеропорт "Запоріжжя"	47.86938	35.31063	UKDE	0
Zivilflugplatz Micheldorf	47.87069	14.12754	LOLM	0
Aérodrome de La Cave	47.87198	2.45442		0
Парасковіївка	47.87264	37.4349		0
Максимівка	47.88693	34.25662		0
Bucovina Fly Club - Aerodrom Frătăuți	47.88748	25.89826		0
Halászi	47.89085	17.34475		0
Flugplatz Scharnstein	47.89816	13.93862	LOLC	0
Aéroport du Loiret - Orléans - Saint-Denis-de-l'Hôtel	47.89937	2.16628	LFOZ	0
Sonderlandeplatz Bremgarten	47.90121	7.62019	EDTG	0
Садки	47.90226	40.41004		0
Eger repülőtér	47.90571	20.40566	LHER	0
Pfullendorf	47.90951	9.2508	EDTP	0
Кисличувата	47.90984	34.69301	UKVC	0
Сьоме небо	47.91119	30.8266		0
Раніше був аеродром	47.91276	31.33622		0
Flugplatz Bad Waldsee-Reute	47.91476	9.71018	EDMZ	0
Новожитомир	47.91479	33.64032		0
Широке	47.91963	34.96025	UKDC	0
Flugplatz Bad Endorf	47.92679	12.28719	EDPC	0
Малая Гнилуша	47.92992	40.18762		0
Pásztó-Hasznos	47.93164	19.77129		0
Rétság-Tolmács repülőtér	47.93298	19.12213		0
Sonderlandeplatz Vogtareuth	47.94628	12.20435	EDNV	0
Aéroport Le Mans-Arnage	47.94711	0.19989	LFRM	0
Segelfluggelände Kirchzarten	47.95054	7.95656		1
Flugplatz Gmunden-Laakirchen	47.95196	13.86716	LOLU	0
Устинівка	47.95272	32.56689		0
UL-Sonderlandeplatz Sauldorf-Boll	47.95571	9.03073		0
Саур-Могила	47.95699	38.74605		0
Aérodrome de Montargis - Vimory	47.95996	2.68521	LFEM	0
Nové Zámky	47.96177	18.18429	LZNZ	0
Flugplatz Antersberg	47.96262	11.99651		1
Кам'янопіль	47.96356	31.56567		0
Flugplatz Vöslau-Kottingbrunn	47.96416	16.25877	LOAV	0
Aérodrome de Langres-Rolampont	47.96491	5.29308	LFSU	0
Вільнянськ	47.96699	35.39049		0
Покровське	47.96773	36.25074		0
Komoča	47.97052	18.0404	LZKA	0
Aéroport de Quimper-Cornouaille	47.97133	-4.17022	LFRQ	0
Aérodrome de Cossé le Vivien	47.97263	-0.91864		0
Verkehrslandeplatz Donaueschingen-Villingen	47.97393	8.52004	EDTD	0
Terpes	47.97492	20.14697	LHTE	0
Flugplatz Neuhausen ob Eck	47.97879	8.90394	EDSN	0
Aérodrome de Saint-Florentin - Chéu	47.98125	3.77555	LFGP	0
Nyíregyházi Repülőtér	47.98312	21.69104	LHNY	0
Allgäu Airport Memmingen	47.98892	10.23971	EDJA	0
Aérodrome de Joigny	47.99433	3.39428	LFGK	0
Aérodrome de Ploërmel Loyat	48.00212	-2.37883	LFRP	0
Flugplatz Tannheim	48.00918	10.09943	EDMT	0
Flugplatz Bad Wörishofen	48.01631	10.6149	EDNH	0
Мала Калинівка	48.01792	34.32201		0
Letisko Dunajská Streda - Malé Blahovo	48.02019	17.61296		0
Flugplatz Freiburg	48.02219	7.8337	EDTF	0
Васильківське	48.0236	35.60771		0
Bátonyterenyei reptér	48.02528	19.80503	LHBT	0
Segelflugplatz Bad Wörishofen	48.02668	10.60116		1
Fedémesi Siklóernyős Park	48.0276	20.16708		0
Sonderlandeplatz Bad Saulgau	48.02998	9.5059	EDTU	0
Aéroport de Laval - Entrammes	48.03214	-0.74416	LFOV	0
Загнітків	48.03519	28.9259		0
Privatflugplatz Sierning	48.03729	14.26711		0
Марфівка	48.03777	32.8099		0
Міжнародний аеропорт Кривий Ріг	48.04181	33.20738	UKDR	0
Segelflugplatz Leibertingen	48.0444	9.03118		1
Kvetoslavov	48.04501	17.34958	LZKV	0
Masníkovo	48.04539	17.47704		0
Želiezovce	48.04646	18.59664		0
Zhelanne Airfield	48.04719	37.42741		0
Sonderlandeplatz Schönberg	48.0473	12.5034	EDPK	0
Flugplatz Seitenstetten	48.05098	14.66194	LOLT	0
Aérodrome Bretagne-Atlantique	48.05256	-3.66474	LFES	0
Rusovce	48.05368	17.13327		0
Regio Airport Mengen	48.05399	9.3718	EDTM	0
Aérodrome De Châteaudun	48.05563	1.37633	LFOC	0
Aérodrome de Pontivy	48.05612	-2.92126	LFED	0
Бобринець	48.06546	32.1308		0
Flugplatz Schwenningen am Neckar	48.06565	8.57059	EDTS	0
Aérodrome de Bar-sur-Seine	48.06628	4.41238	LFFR	0
Rennes Aéroport Bretagne	48.0689	-1.73214	LFRN	0
Міжнародний аеропорт «Донецьк» імені Сергія Прокоф'єва	48.07136	37.72866	UKCC	0
Flugplatz Felling	48.07159	12.13531		0
Base ULM de Villiers	48.07438	0.64673		0
Водолей	48.07438	41.41432		0
Šurany	48.07524	18.11438	LZSY	0
Aérodrome de Chailley	48.07733	3.71242		0
Balassagyarmat Airport	48.07901	19.31702	LHBA	0
Sonderflughafen Oberpfaffenhofen	48.08331	11.28623	EDMO	0
Aérodrome de Chaumont-Semoutiers	48.08702	5.04785	LFJA	0
Airfield Spitzerberg	48.10006	16.93448	LOAS	0
Flugplatz Leutzmannsdorf	48.10303	14.95008	LOLG	0
Vienna Airport	48.10458	16.55921	LOWW	0
Підгородна	48.1054	30.87385		0
Котлярівка	48.10542	34.54261		0
Mindelheim-Mattsies	48.108	10.52501	EDMN	0
Aéroport de Colmar-Houssen	48.10883	7.35951	LFGA	0
Segelfluggelände Klippeneck	48.10957	8.76455		1
Verkehrslandeplatz Biberach a.d. Riß	48.11221	9.76374	EDMB	0
Aérodrome de Juvancourt	48.11358	4.81976	LFQX	0
Miskolc City Airport	48.12498	20.81279	LHMC	0
Plášťovce	48.12959	19.00077		0
Новопавлівка	48.13624	36.73565		0
Flugplatz Hofkirchen	48.1392	14.33553	LOLH	0
Želovce	48.14032	19.32694		0
Malý Madarás	48.14294	17.37756		0
Flugplatz Riedlingen	48.14433	9.46624		1
Світоч	48.14549	31.00878		0
Sklabiná	48.15207	19.3633		0
Aérodrome de Pithiviers	48.15539	2.18804	LFFP	0
Aérodrome de Santilly	48.15924	1.85268		0
Flugplatz Völtendorf	48.16028	15.58584	LOAD	0
Horný Jatov	48.16322	17.95738		0
Комишувате	48.16706	31.55178		0
Беляев	48.16992	41.77566		0
Letisko M. R. Štefánika	48.17081	17.21438	LZIB	0
Tekovský Hrádok	48.17123	18.54215		0
Луганка	48.17372	33.28072		0
Jesenwang	48.17422	11.12545	EDMJ	0
Aérodrome d'Andouillé le Tertre Picard	48.17724	-0.85027		0
Іскрівка	48.17877	33.35402		0
Аеродром Єнакієве	48.17957	38.20187	UKCY	0
Sportflugplatz Schwabmünchen	48.17978	10.70305	EDNS	0
Flugplatz Wels	48.18074	14.04139	LOLW	0
Airfield Rottweil	48.18626	8.72232	EDSZ	0
Sládkovičovo-Košúty Airfield	48.18924	17.63406		0
Бердычи	48.19533	37.63616		0
Aeroportul Soroca (abandonat)	48.19897	28.31206	LUSR	0
Піщанка	48.20052	28.86306		0
Орехово	48.20264	35.02243	UKYO	0
Aérodrome de Voves Viabon	48.21043	1.67602		0
Aérodrome d'Épinal - Dogneville	48.21118	6.44797	LFSE	0
Flugplatz Kirchheim	48.21216	13.34578	LOLK	0
Белая Калитва	48.21567	40.81967		0
Первомайськ-98	48.2166	30.21841		0
Flugplatz Altötting Osterwies	48.21689	12.64805		1
Dachau-Gröbenried	48.22871	11.42234	EDMD	0
Flugplatz Illertissen	48.23484	10.13582	EDMI	0
Flughafen Linz-Hörsching	48.23635	14.19102	LOWL	0
Sonderlandeplatz Oberschleißheim	48.23789	11.56089	EDNX	0
Flugplatz Kirchdorf/Inn	48.23833	12.97667	EDNK	0
Лужок	48.24032	32.09271		0
Senec Airstrip	48.24777	17.39584		0
Flugplatz Albstadt-Degerfeld	48.25012	9.064	EDSA	1
Петрівське	48.25048	35.45724		0
Сурсько-Михайлівка	48.25306	34.71		0
Kosino Spa Resort Airfield	48.25323	22.4982	UKMN	0
Dolná Strehová	48.25619	19.50496		0
Міжнародний Аеропорт Чернівці	48.26047	25.9782	UKLN	0
Hontianske Nemce	48.26196	19.009		0
Flugplatz Ampfing Waldkraiburg	48.26332	12.41318	EDNA	0
Aérodrome de Saint-Dié - Remomeix	48.26641	7.00676	LFGY	0
Sonderlandeplatz Waldmössingen	48.26658	8.51458		0
Flugplatz Altdorf-Wallburg	48.26996	7.84241	EDSW	1
Širkovce	48.27514	20.09213		0
Aérodrome de Monhoudou	48.2759	0.32572		0
Flugplatz Winzeln Schramberg	48.27951	8.42853	EDTW	0
Flugplatz Mühldorf	48.27954	12.50286	EDMY	0
Nitra	48.27964	18.13213	LZNI	0
Володимирівка	48.28424	33.44872		0
Flugplatz Schlechtenfeld	48.28446	9.6734		0
Богданівка	48.28507	35.91898		0
Segelfluggelände Hayingen	48.28535	9.46562		1
Flugplatz Weißenhorn	48.28907	10.1394	EDNW	0
Flugplatz Thannhausen	48.29048	10.44273	EDNU	0
Aérodrome de Pont-Sur-Yonne	48.29069	3.24483	LFGO	0
Prša	48.29586	19.78437		0
Segelflugplatz Linz-Ost	48.29763	14.33472	LOLO	0
Base ULM de Saint-Germain-de-la-Coudre	48.30066	0.58081		0
Вольно-Донская	48.30161	41.65447		0
ВПП "Гришино"	48.30281	37.09743		0
Косів	48.30651	25.13869		0
Єлизаветівка	48.30863	37.45339		0
Aérodrome de la Rogerie	48.3118	-0.53456		0
Sárospatak	48.31628	21.59021		0
Іршава	48.31824	23.06989		0
Rimavská Seč	48.31829	20.25023		0
Val Preaux	48.32007	0.71665		0
Ново Українка	48.32189	31.56458		0
Aéroport de Troyes en Champagne	48.32275	4.01468	LFQB	0
Aéroport d'Épinal-Mirecourt	48.32398	6.06874	LFSG	0
Гундоровский	48.33792	40.05063		0
Flugplatz Eferding	48.33947	13.98466	LOLE	0
Aérodrome de Moret-Épisy	48.34064	2.79761	LFPU	0
Flugplatz Erbach	48.3411	9.91592	EDNE	0
Lučenec	48.34128	19.73351	LZLU	0
Dubová	48.3471	17.35648	LZDV	0
Aérodrome d'Albé - Val de Villé	48.34908	7.33041		0
Aérodrome de Buno-Bonnevaux	48.34955	2.42238	LFFB	0
Жовті Води	48.35073	33.44412	UKDX	0
Flughafen München	48.35372	11.78603	EDDM	0
Новопроциков	48.35657	41.62207		0
Крижопіль	48.35874	28.86043		0
Aérodrome de Neufchâteau	48.35919	5.71776	LFFT	0
Tomášovce	48.36014	19.64297		0
Міжнародний аеропорт Дніпро	48.36137	35.10129	UKDD	0
Streda nad Bodrogom	48.36189	21.74645		0
Flughafen Lahr	48.36745	7.82667	EDTL	0
Аеродром "Федорівка"	48.36977	32.18084	UKBK	0
Bátka	48.37156	20.15324		0
Бершадь	48.37652	29.50063	UKIB	0
Babin Most	48.37815	19.93136		0
Литвиновка	48.37827	40.9314		0
Aérodrome d'Étampes-Mondésir	48.37885	2.07364	LFOX	0
Голованівськ	48.38348	30.47935		0
Чернівці (Шипинці)	48.38403	25.76725		0
Aérodrome de Joinville-Mussey	48.3852	5.14389	LFFJ	0
Segelfluggelände Farrenberg	48.38582	9.07672	EDSC	0
Čab	48.38881	18.00436		0
Aérodrome de Champrond en Gâtine	48.39362	1.057		0
Eggenfelden	48.39535	12.72148	EDME	0
Trnava-Kopánka	48.40059	17.61142		0
Flugplatz Schärding-Suben	48.40282	13.44872	LOLS	0
Яблонівка	48.40767	37.60714		0
Flugplatz Stockerau	48.40914	16.19094	LOAU	0
Segelfluggelände Eisberg	48.40933	9.44213		0
Ultraleichtflugplatz Seißen	48.41366	9.76336		0
Kráľovský Chlmec	48.41369	22.00294		0
Pliešovce	48.41862	19.14891		0
Flugplatz Ottenschlag	48.41878	15.21545	LOAA	0
Sonderlandeplatz Blaubeuren	48.41913	9.79816	EDMC	0
Tornaľa	48.41935	20.33835		0
Flugplatz Pfarrkirchen	48.42041	12.86395	EDNP	0
Flughafen Augsburg	48.42401	10.93195	EDMA	0
Flugplatz Vilsbiburg	48.42475	12.34428	EDMP	0
Aérodrome de Brienne-le-Château	48.42667	4.48034	LFFN	0
Aérodrome de Loulappe	48.43838	1.27481		0
Aérodrome de Dinan-Trélivan	48.44375	-2.10428	LFEB	0
Aérodrome d'Alençon - Valframbert	48.44519	0.10815	LFOF	0
Flugplatz Krems-Gneixendorf	48.44611	15.63432	LOAG	0
Aéroport de Brest-Bretagne	48.44788	-4.41867	LFRB	0
Offenburg Sonderlandeplatz	48.44797	7.92339	EDTO	1
Перківці	48.45012	26.67931		0
Flugplatz Spannberg	48.45054	16.74905		0
Степанівка	48.45136	37.64569		0
Boleráz - Trnava	48.45184	17.53177	LZTR	0
Moosburg auf der Kippe	48.45682	11.94157	EDPI	1
Aérodrome de Chartres-Métropole	48.4579	1.52008	LFOR	0
Segelfluggelände Übersberg	48.45863	9.29652		1
Aérodrome d'Ouessant	48.46307	-5.06452	LFEC	0
Бабкино	48.46326	44.55357		0
Злинка	48.4713	31.55448		0
Кельменці	48.47239	26.84389	UKLY	0
Flugplatz Aichach	48.47363	11.13528		1
Тишківка	48.47491	30.93631		0
Крупське	48.47543	32.042		0
Глодоси	48.47669	31.32391		0
Piste ULM "Le Cerisier"	48.4855	-0.77329		0
Flugplatz Eutingen	48.48556	8.77725	EDTE	1
Flugplatz Günzburg Donauried	48.48616	10.28301	EDMG	0
Dobrá Niva	48.48853	19.10177	LZDN	0
Аеродром «Майське»	48.49162	35.62603	UKDQ	0
Aérodrome d'Orgenoy	48.49535	2.57344		0
Jakob-Laur-Flugplatz Laichingen	48.49681	9.64011	EDPJ	0
Aérodrome de Cerny - La Ferté-Alais	48.49779	2.33716	LFFQ	0
Тарасівка	48.50185	39.15066	UKHC	0
Segelfluggelände Musbach / Freudenstadt	48.50471	8.4777		1
Aérodrome de Fontaine-Simon	48.50627	0.99107		0
Аеродром Чистопіль (Зруйнований)	48.50764	33.73399		0
Šalgovce-Orešany	48.5083	17.9225		0
Motorfluggelände Metzingen	48.50956	9.29244		0
Ludanice	48.51	18.13236		0
Veľké Ripňany	48.51033	17.95946		0
Flugplatz Landshut-Ellermühle	48.51173	12.03435	EDML	0
Segelfluggelände Roßfeld	48.51275	9.33197		1
Flugplatz Freistadt	48.51408	14.40642	LOLF	0
Aérodrome de Bailleau-Armenonville	48.51635	1.63554	LFFL	0
Верхівцеве	48.51645	34.2177		0
Flugplatz Fürstenzell	48.51793	13.3461	EDMF	0
Погорілівка	48.5256	25.99339		0
Ставчани	48.52673	25.70052		0
Flugplatz Hülben	48.52945	9.39795		0
Novosad	48.5318	21.72929		0
Segelfluggelände Haiterbach-Nagold	48.53282	8.68137		0
Sonderlandeplatz Grabenstetten	48.53592	9.43758	EDSG	0
Aéroport International Strasbourg-Entzheim	48.53887	7.62611	LFST	0
Aéroport de Saint-Brieuc-Armor	48.53898	-2.85428	LFRT	0
Aérodrome de Mortagne-au-Perche	48.53926	0.53185	LFAX	0
Veľké Kapušany	48.53986	22.06292		0
Bojná	48.54116	18.05266		0
Аеропорт Кіровоград	48.54259	32.2829	UKKG	0
Підгородне	48.54354	35.10311	UKDP	0
Aérodrome de Bagnoles - Couterne	48.54614	-0.38739	LFAO	0
Flugplatz Poltringen	48.54638	8.94694	EDSP	0
Nemčice-Topoľčany	48.54662	18.14393		0
Buzica	48.55085	21.09319		0
Aérodrome de Strasbourg Neuhof	48.55121	7.77885	LFGC	0
Коломийський аеропорт ім. Ігоря Табанюка	48.55263	25.03808	UKMK	0
Кам'янка	48.55553	35.01781	UKDA	0
Segelfluggelände Oppingen-Au	48.55687	9.82121		1
Аджамка	48.5582	32.57488		0
Flugplatz Kehl-Sundheim	48.56132	7.84341	EDSK	0
Бекетовка-2	48.56318	44.36287		0
Landeplatz Bad Ditzenbach	48.56332	9.72767	EDPB	0
Нова Прага	48.56867	32.84012		0
Sonderlandeplatz Gundelfingen	48.56872	10.35726	EDMU	0
Артемівськ	48.56914	37.9451		0
Segelflugplatz Gammelsdorf	48.57029	11.93346		0
Segelflugplatz Berneck	48.57053	9.73088		1
Hucín	48.57461	20.29135		0
Урывский	48.57526	40.18706		0
Аграрный	48.58081	41.44117		0
Aéroport de Dinard - Pleurtuit - Saint-Malo	48.58844	-2.08055	LFRD	0
Les Ailes d'Eure et Loir	48.59215	1.53706		0
Aérodrome de Lunéville - Croismare	48.59349	6.54541	LFQC	0
Aérodrome de Nancy-Azelot	48.59379	6.24061	LFEX	0
Očová	48.59501	19.26593	LZOC	0
Aérodrome de Nangis	48.59585	3.00706	LFAI	0
Veľká Ida	48.5968	21.15931		0
Aérodrome de Pont-Saint-Vincent	48.60087	6.05978	LFSV	0
Aéroport de Morlaix Ploujean	48.60289	-3.81629	LFRU	0
Drienovec	48.60786	20.9385		0
Segelflugplatz Dettingen/Teck	48.60869	9.47401		1
Aérodrome de Melun-Villaroche	48.60898	2.67163	LFPM	0
Haniska	48.60986	21.2487		0
Aérodrome du Buternay	48.61054	0.84202		0
Flugplatz Nabern/Teck	48.61279	9.4774	EDTN	0
Segelflugplatz Wächtersberg	48.61489	8.75675	EDSV	0
Kačanov	48.6155	21.8352		0
Malé Bielice	48.62047	18.32772	LZPT	0
Sonderlandeplatz Gerstetten	48.62062	10.05808	EDPT	0
Flugplatz Nortel	48.62121	9.65576	EDSO	0
Čečejovce-Seleška	48.62123	21.08267		0
Piešťany	48.62211	17.82796	LZPP	0
Олексіївка	48.62303	32.0549		0
Kalša	48.62471	21.50596		0
Дунів	48.62973	25.88725		0
Fluggelände Hahnweide	48.63078	9.42664	EDST	0
Мала Виска	48.6336	31.61477	UKGM	0
Flugplatz Giengen	48.63381	10.21626	EDNG	0
Zemplínska Teplica	48.6347	21.57677		0
Krakovany	48.63482	17.73226		0
Flugplatz Vilshofen	48.63502	13.19587	EDMV	0
Міжнародний аеропорт «Ужгород»	48.63583	22.26291	UKLU	0
Sady Trebišov	48.63689	21.75943		0
Segelfluggelände Kengelberg	48.63707	8.73207		0
Janova Lehota	48.63728	18.79723		0
Segelflugplatz Deckenpfronn	48.63732	8.81123	EDSD	1
Letisko Sliač	48.63764	19.13428	LZSL	0
Vyšná Myšľa	48.6446	21.37556		0
Segelflugplatz Hallertau	48.64953	11.59662		0
Hatalov	48.65165	21.87398		0
Нестеркин	48.65587	42.45241		0
Flugplatz Dingolfing	48.6569	12.49876	EDPD	0
Letisko Senica	48.65798	17.32936	LZSE	0
Göppingen-Bezgenriet	48.6586	9.6241	EDSE	0
Senné	48.65968	22.01411		0
Джурин	48.66106	28.28979		0
Medzinárodné letisko Košice	48.66136	21.23989	LZKZ	0
Aérodrome d'Avranches le Val-Saint-Père	48.66232	-1.40405	LFRW	0
Теплик	48.66238	29.72272		0
Letisko Rybany	48.66605	18.22823		0
Flugplatz Altlichtenwarth	48.66632	16.82529	LOAR	1
Čerín	48.67506	19.24545		1
Flugplatz Donzdorf-Messelberg	48.67768	9.84622	EDPM	0
Воропоново	48.67808	44.35923		0
Flugplatz Sonnen	48.68242	13.69403	EDPS	0
Flughafen Stuttgart	48.6885	9.22055	EDDS	0
Segelflugplatz Steinheimer Schäfhalde	48.69223	10.09904		1
Flugplatz Burgheim	48.69263	11.0333		0
Aéropôle Grand Nancy Tomblaine	48.69271	6.23023	LFSN	0
Кам'янець-Подільський	48.69552	26.61022	UKGK	0
Добровілля	48.69918	36.62792		0
Frymburk	48.69937	14.19961		0
Aérodrome de Vitry-le-François - Vauclerc	48.70274	4.68266	LFSK	0
Donauwörth-Genderkingen	48.70338	10.85247	EDMQ	0
Aérodrome de Dreux - Vernouillet	48.70576	1.36129	LFON	0
Aérodrome de Fontenay-Trésigny	48.7064	2.90303	LFPQ	0
Олександрія	48.70781	33.11656	UKKY	0
Aérodrome de Sézanne - Saint-Remy	48.70885	3.76131	LFFZ	0
Aérodrome d'Argentan	48.70958	0.00288	LFAJ	0
Бабанка	48.70989	30.41046		0
Flugplatz Ingolstadt-Manching	48.71371	11.53256	ETSI	0
Орлёнок	48.71578	44.90354		0
Aérodrome de Sarrebourg Buhl	48.71716	7.07538	LFGT	0
Kaplice	48.71871	14.44937		0
Тульчин	48.72098	28.86122		0
Aérodrome de Nancy - Malzéville	48.72429	6.20814	LFEZ	0
Aéroport de Paris-Orly	48.73006	2.3588	LFPO	0
Segelflugplatz Stillberghof	48.73064	10.83403		1
Средняя Ахтуба	48.7325	44.86242		0
Знам’янка	48.74003	32.69354		0
Segelfluggelände Neresheim	48.74141	10.32933		1
Športové Letisko Bidovce	48.74305	21.44808		0
Петриківка	48.74409	34.63593		0
Segelflugplatz Hornberg	48.7462	9.86231		1
Sonderlandeplatz Bartholomä-Amalienhof	48.74642	10.00458	EDPU	0
Letisko Prusy	48.74786	18.26302		0
Aérodrome de Flers Saint-Paul	48.74976	-0.5911	LFOG	0
Rozhanovce	48.75041	21.32899		0
Aérodrome de Paris-Saclay-Versailles	48.75166	2.10576	LFPN	0
Aérodrome de Saverne-Steinbourg	48.75324	7.425	LFQY	0
Aéroport de Lannion	48.75478	-3.47194	LFRO	0
Аеродром Луквиця	48.75561	24.27748		0
Морозівка	48.75595	27.66829		0
Aérodrome de la Ferté-Gaucher	48.75754	3.27914	LFFG	0
Аеродром "Федорівка"	48.75828	38.05447		0
Миколаївка	48.75911	35.18644		0
Aérodrome de L'Aigle-Saint-Michel	48.75924	0.65689	LFOL	0
Morovno	48.75948	18.7422		0
Excalibur City Airfield	48.76166	16.05541		0
Aero Club Esslingen Sportfluggelände	48.76205	9.33467		0
Vankovia	48.76409	17.5268		0
Prievidza	48.76611	18.58772	LZPE	0
Aérodrome de Dieuze-Guéblange	48.77458	6.71347	LFQZ	0
XCR Airport	48.7762	4.18093	LFOK	0
Verkehrslandeplatz Aalen-Elchingen	48.77806	10.26489	EDPA	0
Flughafen Karlsruhe/Baden-Baden	48.77864	8.08123	EDSB	0
Sonderlandeplatz Neuburg-Egweil	48.78222	11.21587	EDNJ	0
Волгоград — Гумрак	48.78314	44.34125	URWW	0
Segelflugplatz Malmsheim	48.78479	8.91733		1
Підвербці	48.78763	25.21687		0
Підгір'я	48.78851	24.48056	UKMG	0
Letiště Břeclav	48.79107	16.89207	LKBA	0
Sonderlandeplatz Baden-Oos	48.79194	8.18583	EDTB	0
Jasenov	48.79258	22.17962		0
Aérodrome de Haguenau	48.79478	7.81533	LFSH	0
Rohozná	48.80001	19.69144		0
Verkehrslandeplatz Heubach	48.8031	9.93012	EDTH	0
Base ULM de Batzendorf	48.80338	7.72652		0
Dlžín	48.80448	18.50672		0
Strachotice	48.80675	16.16096		0
Segelflugplatz Etting	48.81015	11.4211		0
Христинівка	48.8104	29.95012		0
Aérodrome de Saint-Cyr-l'École	48.81193	2.06856	LFPZ	0
Holíč	48.81196	17.13474	LZHL	0
Борщів	48.81264	26.02127		0
Слов'янськ (Біленьке)	48.81795	37.65217	UKCB	0
Letiště Znojmo	48.81799	16.06578	LKZN	0
Aérodrome de Lognes-Émerainville	48.82155	2.62537	LFPL	0
Flugplatz Elsenthal-Grafenau	48.82251	13.36741	EDNF	0
Гайсин	48.82628	29.33507	UKIN	0
Flugplatz Deggendorf	48.82973	12.87963	EDMW	0
Селивановская	48.82997	41.73623		0
Kecerovce	48.83355	21.40424		0
Dolná Štubňa	48.83481	18.84362		0
Aérodrome de Coulommiers - Voisins	48.83595	3.01197	LFPK	0
Біляївка	48.83681	32.33178		0
Segelflugplatz Schwann-Conweiler	48.83756	8.53936		1
Aérodrome de Chavenay-Villepreux	48.8418	1.9798	LFPX	0
Aérodrome de Beynes - Thiverval	48.84348	1.90622	LFPF	0
Мокра Калигірка	48.8469	31.20258		0
Sonderlandeplatz Bopfingen	48.84921	10.33577	EDNQ	0
Красносілля	48.85166	32.45165		0
Aérodrome de Bar-le-Duc-Les-Hauts-de-Chée	48.86737	5.1857	LFEU	0
Base ULM de La Trétoire	48.8682	3.24901		0
Letisko Vranov nad Topľou	48.86856	21.6768		0
Кримки	48.86964	32.05217		0
Landeplatz Nördlingen	48.87043	10.50569	EDNO	0
Тальне	48.87103	30.65919		0
Segelfluggelände Baldenau	48.87234	8.20914		0
Segelflugplatz Welzheim	48.87627	9.65363		0
Bliznyuki Air Base	48.877	36.55		0
Flugplatz Eichstätt	48.87719	11.18138	EDPE	0
Segelfluggelände Hienheim	48.87803	11.7603		1
Velké Pavlovice ULM	48.88068	16.82515		0
Aérodrome de Granville-Mont-Saint-Michel	48.88151	-1.5649	LFRF	0
Павлиш	48.88396	33.3356		0
Doudleby	48.88511	14.48622		0
Letiště Strážnice	48.8881	17.2957		0
Міжнародний аеропорт "Івано-Франківськ"	48.88873	24.68602	UKLI	0
Mirkovce	48.89146	21.31724		0
Михайлівка	48.89298	35.57237		0
Tužina	48.89309	18.62508		0
Aérodrome de Saint-André de L'Eure	48.89644	1.25029	LFFD	0
Aérodrome de Chelles−Le Pin	48.8965	2.60751	LFPH	0
Flugplatz Straubing-Wallmühle	48.90104	12.51634	EDMS	0
Сєвєродонецьк	48.90133	38.54397	UKCS	0
Aérodrome de Châlons - Écury-sur-Coole	48.90444	4.35034	LFQK	0
Магдалинівка	48.90875	34.93297		0
Успенка	48.91251	33.63261		0
Kramolín	48.91505	14.72627		0
Kraví Hora	48.91704	16.84132		0
Flugplatz Backnang-Heiningen	48.92	9.45215	EDSH	1
Поташ	48.9204	30.30843		0
Flugplatz Dobersberg	48.92202	15.29663	LOAB	0
Aérodrome de Meaux-Esbly	48.92537	2.8336	LFPE	0
Aérodrome de Falaise-Mont d'Eraines	48.92734	-0.14386	LFAS	0
Segelflugplatz FSC Mühlacker	48.93147	8.81532		0
Чернявщина	48.93223	35.88012		0
Aircon Miroslav	48.93231	16.34004		0
Kolonica	48.93361	22.27578		0
Miroslav	48.9346	16.30034		0
Kamenica nad Cirochou	48.936	21.99435	LZKC	0
Milotice Airstrip	48.93616	17.12434		0
Segelflugplatz Im Weitfeld	48.93635	8.97813		0
Spišská Nová Ves	48.94053	20.53458	LZSV	0
Letiště České Budějovice	48.95051	14.42235	LKCS	0
Aérodrome de Sarre-Union	48.95062	7.07884	LFQU	0
Flugplatz Oberhinkofen	48.95211	12.14752		0
Dmitrievka Airfield	48.95279	39.10715	UKCD	0
Sonderlandeplatz Griesau	48.95396	12.42096	EDPG	0
Segelfluggelände Pleidelsheim	48.95662	9.19239		1
Aéroport de Paris - Le Bourget	48.95884	2.43909	LFPB	0
Sonderlandeplatz Ellwangen	48.96114	10.2359	EDPY	0
Boleradice	48.96214	16.83176		0
Царичанка	48.96594	34.45059		0
Marbach-Rielingshausen	48.96775	9.32206		0
Hrabušice	48.96941	20.38759		0
ACP Club d'aéro modélisme	48.97042	2.21409		0
Aérodrome de Brochot	48.97678	3.37289		0
Segelfluggelände Rheinstetten	48.97722	8.3426		1
Udavské	48.9791	21.94817		0
Aéroport de Metz-Nancy-Lorraine	48.97935	6.24729	LFJL	0
ZD33 Красний Лиман (недіючий)	48.98003	37.8438		0
Letiště Kyjov	48.98005	17.12479	LKKY	0
Letiště Bánov	48.9834	17.70459		0
Klčov	48.99445	20.66469		0
Sonderlandeplatz Treuchtlingen-Bubenheim	48.99498	10.88593	EDNT	0
Dashiv	48.99574	29.45765		0
Letisko Slavnica - Dubnica nad Váhom	48.99704	18.19235	LZDB	0
Aérodrome des Mureaux	48.99791	1.94229	LFXU	0
Segelfluggelände Löchgau	49.00122	9.0847		1
Кам'янка (Юрчиха)	49.00487	32.09185		0
Aérodrome d'Épernay - Plivot	49.00571	4.08444	LFSW	0
Aéroport de Paris-Charles-de-Gaulle	49.0069	2.56256	LFPG	0
Flugplatz Völkleshofen-Lichtenberg	49.00946	9.35472	EDSX	0
Жмеринка	49.00956	28.13854		0
Košťany nad Turcom	49.01676	18.89504		0
Flugplatz Beilngries	49.02112	11.4841	EDNC	0
Aérodrome de Chambley	49.02538	5.8748	LFJY	0
Льотовище сільгосп авіації "Святогірськ"	49.02569	37.59325		0
Segelflugplatz Weißenburg-Wülzburg	49.02587	11.01841		1
Злітно-посадкова смуга Монастирище	49.02662	29.80579		0
Bojkovice Airfield	49.03018	17.81836		0
ZTN Air	49.03152	0.03599		0
Sonderlandeplatz Schweighofen	49.03168	7.99071	EDRO	0
Letiště Kunovice	49.03277	17.43987	LKKU	0
Світловодськ	49.03455	33.10128		0
Segelfluggelände Irsingen	49.03825	10.50298		0
Шпола	49.03921	31.45023		0
Letiště Hosín	49.03929	14.49096	LKHS	0
Потоки	49.04182	28.97536		0
Aérodrome d'Enghien Moisselles	49.04588	2.35322	LFFE	0
Jasná	49.04836	19.50594	LZJS	0
Boršice	49.05157	17.36763		0
Domaniža	49.05172	18.5534		0
Беляевск	49.05211	40.17634		0
Кобелячок	49.05269	33.79934		0
Dietfurt Airstrip	49.06218	11.54752		0
Segelfluggelände Greding	49.06265	11.29067		1
Sonderlandeplatz Thalmässing-Waizenhofen	49.06421	11.20871	EDPW	0
Sonderlandeplatz Dinkelsbühl-Sinbronn	49.06478	10.40129	EDND	0
Martin	49.06488	18.94981	LZMA	0
Aérodrome de Château-Thierry - Belleau	49.06658	3.35488	LFFH	0
Hláska	49.06692	14.2413		0
Копанки	49.06719	24.37572		0
Hrabice airstrip	49.06812	13.7603		0
Сутиски	49.06838	28.44549		0
Poprad-Tatry	49.0713	20.23921	LZTT	0
Звенигородка	49.07496	31.01511		0
Šarišské Michaľany	49.07571	21.1515		0
Letiště Budíškovice	49.07612	15.54484		0
Яковлівка	49.07615	36.29948		0
Ražňany	49.07851	21.09809	LZRY	0
Budkovice	49.07879	16.35669		0
Aérodrome de Mantes-Chérence	49.0803	1.68652	LFFC	0
Letiště Strunkovice	49.08252	14.07556	LKSR	0
Letisko Ružomberok	49.08438	19.36772	LZRU	0
Segelflugplatz Weipertshofen	49.08633	10.12632		1
Syrovice	49.08777	16.54085		0
Бар	49.09004	27.69219		0
Luhačovice	49.09267	17.72503	LKLU	0
Aérodrome de Pontoise - Cormeilles en Vexin	49.09353	2.03515	LFPT	0
Flugplatz Bundenthal-Rumbach	49.09379	7.79363		0
Letiště Ivančice u Brna	49.09533	16.48052		0
Letisko Mokraď	49.09643	19.73386		0
Кременчук (Потоки)	49.1016	33.54125		0
Aérodrome de Bernay-Saint-Martin	49.10217	0.56523	LFPD	0
Letisko Mlynica	49.10445	20.31864		0
Veľká Lomnica	49.1065	20.34403		0
Aérodrome du Plessis Belleville	49.10855	2.73561	LFPP	0
Gunzenhausen-Reutberg	49.11181	10.78121	EDMH	0
Першотравневе	49.11534	35.47491		0
Verkehrslandeplatz Schwäbisch Hall	49.11805	9.78325	EDTY	0
Segelfluggelände Heilbronn-Böckingen	49.12203	9.18045		1
Aérodrome Le Rozelier	49.12235	5.46858	LFGW	0
Flugplatz Schwäbisch Hall-Weckrieden	49.12343	9.78155	EDTX	0
Flugplatz Arnbruck	49.1252	12.98516	EDNB	0
Aérodrome privé de la Boissière	49.12564	0.14298		0
Аеродром "Чигирин"	49.1279	32.63519		0
Vodňany Airstrip	49.12821	14.17324		0
Dynín u Třeboně (nouzová plocha)	49.12834	14.63344		0
Aérodrome de Sarreguemines	49.1287	7.10613	LFGU	0
Kremenchuk Velyka Kokhnivka Airport	49.12979	33.47772	UKHK	0
Flugplatz Berching	49.13049	11.44342	EDNI	0
Sonderlandeplatz Bruchsal	49.13484	8.56405	EDTC	0
Військовий аеродром "Ротмістрівка"	49.13832	31.6846		0
Sonderlandeplatz Linkenheim	49.14166	8.39515	EDRI	0
Flugplatz Regensburg-Oberhub	49.14191	12.08193	EDNR	0
СтепанІвка	49.14674	28.79955		0
Ďačov	49.14717	20.94581		0
Сахновщина	49.14827	35.85165		0
Letiště Jindřichův Hradec	49.15049	14.97199	LKJH	0
Aérodrome de Doncourt-lès-Conflans	49.15099	5.93345	LFGR	0
Letiště Brno Tuřany	49.15247	16.6931	LKTB	0
Кобеляки	49.15399	34.14955		0
Недогарки	49.15988	33.28444		0
Volica	49.16378	21.91292		0
Aérodrome de Persan-Beaumont	49.16481	2.32099	LFPA	0
Landau-Ebenberg	49.17567	8.13873		0
Aéroport de Caen-Carpiquet	49.17628	-0.45648	LFRK	0
Aérodrome de Cesseville-la-Ferme-des-Moulins	49.17792	0.99397		0
Зачепилівка	49.19151	35.28258		0
Letiště Zlín	49.19778	17.51859	LKZL	0
Letiště Třebíč	49.19831	15.90295		0
Aérodrome de Lessay	49.20341	-1.50408	LFOM	0
Козельщина	49.20655	33.86822		0
Jersey Airport	49.2066	-2.19291	EGJJ	0
Aérodrome de Reims en Champagne	49.20851	4.15612	LFQA	0
Flughafen Zweibrücken	49.20937	7.39959	EDRZ	0
Segelflugplatz Cham-Janahof	49.21069	12.6602		1
Podstavenec	49.2126	21.26307		0
Flughafen Saarbrücken	49.21657	7.10953	EDDR	0
Хлистунівка	49.21878	31.40756		0
Flugplatz Nittenau-Bruck	49.22216	12.29691	EDNM	0
Градизьк	49.22485	33.1609		0
Jinošov	49.22761	16.17385		0
Segelfluggelände Baumerlenbach	49.231	9.42296		1
Žilina	49.23347	18.61353	LZZI	0
Brno-Medlánky	49.2375	16.55614	LKCM	0
Деражня	49.24018	27.44874		0
Vinnytsia Gavryshivka International Airport	49.24096	28.61446	UKWW	0
Letiště Soběslav	49.24666	14.71448	LKSO	0
Segelfluggelände Sinsheim	49.24736	8.89383	EDTK	1
Letiště Strakonice	49.25005	13.89228	LKST	0
Жашків	49.25071	30.07686		0
Saint-Cyr-la-Campagne	49.25209	1.02737		0
Теребовля	49.25519	25.64888		0
Segelfluggelände Degmarn	49.25798	9.27519		1
Антонівка	49.25828	24.18605		0
Slušovice	49.25891	17.81297		0
Веселе	49.25973	36.29169		0
Base ULM de Bonneville la Louvet	49.26357	0.37192		0
Володимирівка	49.26375	35.4924		0
Flugplatz Pirmasens-Pottschütthöhe	49.26431	7.48869	EDRP	0
Nová Včelnice	49.26768	15.07769		0
Nouzová plocha	49.26835	13.80078		0
Sonderlandeplatz Schwabach-Büchenbach	49.26838	11.00985	EDPH	0
Кегичівка	49.26862	35.78571		0
Zlín Štípa Airfield	49.27249	17.74671		0
Rabí	49.27519	13.6279		0
Base ULM de Bonneuil-en-Valois	49.27777	2.99053		0
Слобідка	49.28084	27.07065		0
Lotnisko górskie Smolnik	49.28132	22.11932		0
Sonderlandeplatz Neumarkt	49.28584	11.44424	EDPO	0
Letiště Kroměříž	49.286	17.41592	LKKM	0
Лисянка	49.28686	30.81133		0
Gundelsheim Ultraleicht	49.29059	9.17084		0
Клетский (АХР)	49.29988	43.04189		0
Letiště Vyškov	49.30066	17.02565	LKVY	0
Худяки	49.30154	32.24474		0
Flugplatz Speyer/Ludwigshafen	49.30224	8.4532	EDRY	0
Ріпки	49.30359	30.58281		0
Aérodrome d'Étrépagny	49.30481	1.63716	LFFY	0
Sportflugplatz Walldorf	49.30562	8.65856	EDGX	0
Flugplatz Saarlouis-Düren	49.31225	6.67389	EDRJ	0
Base ULM de Courseulles sur Mer	49.31391	-0.45437		0
Segelfluggelände Hermuthausen	49.31395	9.74853		1
Aérodrome de Mouy	49.31408	2.29826		0
Аеродром Волобуївка	49.31726	36.80542		0
Kamienka Hniezdne	49.31988	20.63503		0
Landeplatz Ingelfingen-Bühlhof	49.32177	9.6635	EDGI	0
Auchtweid	49.32504	8.52772	EDFX	0
Segelfluggelände Ottenberg	49.32895	11.47952		1
Flugplatz Lilienthal	49.33061	8.21356	EDRL	0
Želeč Airstrip	49.33083	14.65906		0
Денихівка	49.33178	29.81277		0
Філютка	49.33249	29.26524		0
Svidník	49.33275	21.56853	LZSK	0
Валява	49.33355	31.33777		0
Kurov	49.33801	21.14892		0
Březí Falcon	49.33888	16.23128		0
Písek-Krašovice	49.33948	14.11372		0
Letiště Komárovice	49.33966	15.67407		0
Segelfluggelände Bexbach	49.34003	7.25301	EDRX	1
Segelflugplatz Charlottenhof	49.34062	12.18501	EDPF	0
Segelfluggelände Möckmühl	49.34391	9.40086		0
Aérodrome de Soissons - Courmelles	49.34425	3.28307	LFJS	0
Herrenteich	49.3463	8.48857	EDEH	0
Фрунзівка	49.34975	33.52146		0
Segelflugplatz Schreckhof	49.3514	9.12052		0
Segelflugplatz Leuzendorf	49.35168	10.07585		1
Segelflugsportverein Haßloch/Pfalz e. V.	49.35522	8.29004		1
Šeborov jih (účelové)	49.35625	15.9264		0
Немичинці	49.35657	26.72834		0
UL plocha Borovník	49.35688	16.2455		0
Аеропорт «Хмельницький»	49.35951	26.93559	UKLH	0
Sonderlandeplatz Ansbach-Petersdorf	49.36181	10.6689	EDQF	0
Lądowisko Żernica	49.3626	22.33059		0
Kotvrdovice	49.36378	16.78532		0
Мілуватка	49.36451	38.19269		0
Aéroport de Deauville-Normandie	49.36548	0.15412	LFRG	0
Аеродром Дрогобич	49.36628	23.56843	UKMD	0
Křižanov	49.36888	16.11711	LKKA	0
Geršov (účelové letiště)	49.36977	15.88743		0
Івча	49.37051	28.021		0
Рудня	49.37293	27.53113		0
Zborov	49.37486	21.28847		0
Černovice	49.37625	14.99558		0
Ставище	49.37702	30.224		0
Мала Перещепина	49.37759	34.62077		0
Судівка	49.38176	34.30897		0
Aéroport de Rouen Vallée de Seine	49.38495	1.18029	LFOP	0
Segelflugplatz Diefflen	49.38602	6.74815		1
Segelflugplatz Post-Sportverein Nürnberg	49.38739	11.42193		1
Verkehrslandeplatz Rothenburg o.d. Tauber	49.38867	10.21813	EDFR	0
Vavrečka	49.3911	19.46712		0
Медвин	49.39186	30.72429		0
Letiště Tábor	49.39323	14.70368	LKTA	0
UL Letiště Jilmoví	49.3983	16.32169		0
Flugplatz Mosbach-Lohrbach	49.39948	9.12372	EDGM	0
Черкаси (Кліщинці)	49.40433	32.63422		0
Částkovice	49.40879	15.14376		0
Aérodrome de Villerupt	49.4106	5.88963	LFAW	0
Segelfluggelände Dannstadt	49.41123	8.34954		1
Велика Березянка	49.41192	30.53439		0
Міжнародний аеропорт "Черкаси"	49.41492	31.99896	UKKE	0
bývalé letiště Kámen	49.41787	14.99751	LKPV	0
Letiště Josefa Hubáčka Klatovy	49.41875	13.32161	LKKT	0
Letiště Jihlava	49.4207	15.63471	LKJI	0
Корсунь-Шевченківський	49.42453	31.23022	UKBH	0
Золотухівка	49.42804	35.85534		0
Нова Семенівка	49.42872	36.11599		0
Sportflugplatz Schmidgaden	49.42949	12.09823	EDPQ	0
Bývalé letiště Blatná	49.43117	13.7971		0
Aérodrome de Compiègne - Margny	49.43241	2.80226	LFAD	0
Guernsey Airport	49.43442	-2.60319	EGJB	0
Bořitov	49.4357	16.59389		0
Segelfluggelände Amberg	49.43954	11.80746		1
Flugplatz Schlierstadt	49.44265	9.36213		0
Domaželice	49.44495	17.54154		0
Szybowisko Weremień	49.44607	22.31962		0
Letiště Prostějov	49.44717	17.13559	LKPJ	0
Letiště Zbilidy	49.44816	15.44056		0
Flugplatz Marpingen	49.45249	7.03907	EDRC	0
Aéroport de Beauvais-Tillé	49.45415	2.11969	LFOB	0
Kelč Airstrip	49.45777	17.82017		0
Segelflugplatz	49.45806	9.10287		0
Lotnisko Nowy Targ	49.46306	20.05018	EPNT	0
Záhoří	49.46624	17.66553		0
Flugplatz Bad Dürkheim	49.47255	8.19661	EDRF	0
City-Airport Mannheim	49.47459	8.51377	EDFM	0
Dolní Rožínka	49.47477	16.21488		0
Segelfluggelände Kusel	49.47744	7.30955		0
Letiště Zvole Western	49.47985	16.17137		0
Segelflugplatz Fürth-Seckendorf	49.48117	10.85881		0
Aérodrome de Rethel - Perthes	49.48131	4.36286	LFAP	0
Aérodrome de Longuyon - Villette	49.48286	5.57204	LFGS	0
Карлівка	49.48349	35.06945		0
Rothenberg	49.48539	8.93602		0
Letiště Stichovice	49.4871	17.05216	LKSB	0
Погребище	49.49433	29.24135	UKWP	0
Аркадіївці	49.49447	27.14493		0
Letiště Bobrová	49.4955	16.10199		0
Albrecht-Dürer-Airport Nürnberg	49.49821	11.07775	EDDN	0
Flugplatz Fichtelbrunn	49.49833	11.6583		0
Копачівка	49.49944	26.29264		0
Руде Село	49.50652	29.72907		0
Kostelec na Hané Airstrip	49.50678	17.07671		0
Segelflugplatz Hersbruck	49.50739	11.44759		1
Поташня	49.50797	30.91295		0
Sazomín (LKSAZO)	49.50866	15.971		0
Sonderlandeplatz Bad Windsheim	49.51037	10.36655	EDQB	0
Вишневе	49.51077	37.08284		0
Flugplatz Unterschüpf	49.51584	9.66889	EDGU	0
Szybowisko Bezmiechowa	49.51721	22.40954		1
Чапаївка	49.52045	32.18111		0
Letiště Bystřice nad Pernštejnem	49.52291	16.232		0
Марківка	49.52317	39.59118		0
Решетилівка	49.52617	34.0658		0
Міжнародний аеропорт «Тернопіль»	49.52959	25.69314	UKLT	0
Кошманівка	49.53028	34.94384		0
Володарка	49.53248	29.88659		0
Aéroport Le Havre-Octeville	49.53467	0.08924	LFOH	0
Степове	49.53679	32.53407		0
Aérodrome du Havre - Saint-Romain	49.54498	0.35984	LFOY	0
Letiště Hranice	49.5457	17.70427	LKHN	0
Letovice	49.54675	16.59859		0
Антонівка	49.54873	26.794		0
Jiřičky	49.55186	15.15558		0
Самгородок	49.55404	28.81667		0
Segelflugplatz Eßweiler	49.56228	7.57983		0
Letiště Staňkov	49.56648	13.04998	LKSA	0
Flugplatz Weinheim/Bergstraße	49.56691	8.61181	EDGZ	1
Čihadlo	49.56837	16.99868		0
Хмільник	49.5684	28.01635	UKWH	0
Міжнародний аеропорт "Полтава"	49.57238	34.39538	UKHP	0
Letiště Přibyslav	49.58107	15.76226	LKPI	0
Verkehrslandeplatz Walldürn	49.58138	9.40116	EDEW	1
Verkehrslandeplatz Herzogenaurach	49.58233	10.8771	EDQH	0
Segelflugplatz Grünstadt Quirnheim	49.58607	8.13901		1
Sonderlandeplatz Neustadt/Aisch	49.58754	10.5779	EDQN	0
Letiště Olomouc	49.58898	17.20894	LKOL	0
Letiště Frýdlant nad Ostravicí	49.58931	18.37928	LKFR	0
Letiště Kejžlice (LKKEJZ)	49.59202	15.40152		0
Aérodrome de Laon - Chambry	49.59452	3.63256	LFAF	0
Letiště Havlíčkův Brod	49.59767	15.55009	LKHB	0
Aérodrome de Bolleville	49.60089	0.55227		0
Sonderlandeplatz Lauf-Lillinghof	49.60478	11.28376	EDQI	0
Flugplatz Imsweiler	49.60612	7.79409	EDRQ	0
Flugplatz Worms	49.60656	8.36886	EDFV	0
Flugplatz Hoppstädten-Weiersbach	49.61037	7.18665	EDRH	0
Корнієнки	49.61267	33.67046		0
Segelflugplatz Kell	49.6214	6.83986		1
Segelflugplatz Heppenheim	49.62207	8.62461	EDEP	0
Беркозівка	49.62311	31.23401		0
Aérodrome de Vauville	49.62322	-1.8304	LFAU	0
Семенівка	49.62393	33.21593		0
Aéroport de Luxembourg	49.62639	6.21145	ELLX	0
Aérodrome d'Yvetot Lucien Canu	49.63883	0.7291	LFYV	0
Flugplatz Hetzleser Berg	49.64197	11.16231	EDQX	0
Чорнобай	49.64553	32.40569		0
Aero Club Tauberbischofsheim e.V.	49.64838	9.63251		0
Aéroport de Cherbourg-Manche	49.64905	-1.46745	LFRC	0
Зборів	49.64948	25.20079		0
Verkehrslandeplatz Giebelstadt	49.65049	9.96511	EDQG	0
Místek	49.65199	18.34623		0
Letiště Chotěšov	49.65246	13.19001		0
Lotnisko Arłamów	49.65432	22.52098	EPAR	0
Вёшенская	49.65731	41.6995		0
Aérodrome de Sedan-Douzy	49.65854	5.03774	LFSJ	0
Адампіль	49.65866	27.68816		0
Aérodrome d'Arlon-Sterpenich	49.6623	5.88663	EBAR	0
Довгалевське	49.66847	30.31892		0
Aérodrome de Frétoy le Château	49.66929	2.96881		0
Letiště Bohuňovice	49.67059	17.29451	LKBO	0
Божкове	49.67063	34.73971		0
Aérodrome de Montdidier	49.67132	2.56874	LFAR	0
Sonderlandeplatz Ochsenfurt	49.67368	10.07111	EDGJ	0
Карапиші	49.67562	30.82677		0
Segelflugplatz Konz-Könen	49.67598	6.5424		1
Мала Вільшанка	49.67792	30.09481		0
Flugplatz Michelstadt	49.67812	8.97164	EDFO	0
Verkehrslandeplatz Weiden-Latsch	49.67848	12.117	EDQW	0
Миронівка	49.68162	31.03834		0
Lotnisko Krosno	49.68319	21.74083	EPKR	0
Letiště Chotěboř	49.68545	15.67719	LKCT	0
Chornice	49.6864	16.73083		0
Жовтневе	49.6867	34.14594		0
Letiště Trnávka	49.69157	18.16402		0
Ружин	49.69277	29.19744		0
Verkehrslandeplatz Mainbullau	49.69478	9.18231	EDFU	0
Letiště Leoše Janáčka Ostrava	49.69685	18.11079	LKMT	0
Segelflugplatz Dobenreuth	49.69722	11.14123		1
Lądowisko Lipowa	49.69775	19.09678	EPLP	0
Alderney Airport	49.70687	-2.21562	EGJA	0
Золотоноша	49.71015	32.01893		0
Сидоренко	49.71186	35.3863		0
Lądowisko Jasienna	49.71649	20.81156		0
Кантемировка	49.71792	39.89237		0
Чепелі	49.71854	28.23846		0
Flugplatz Vielbrunn	49.71918	9.08203		1
Комсомольське	49.71984	28.62583		0
Letiště Příbram	49.71998	14.10032	LKPM	0
Sedliště	49.72207	18.37492		0
Lądowisko Stara Wieś	49.72293	22.02555	EPBW	0
Letiště Letkov	49.72338	13.45284	LKPL	0
Letiště Vlašim	49.72775	14.87986	LKVL	0
Oáza Dětřichov	49.72916	17.11827		0
Flugplatz Göttschied / Idar-Oberstein	49.73224	7.33628	EDRG	0
Козятин	49.73248	28.88562	UKWO	0
Ромашки	49.73543	30.55378		0
Аеродром Ягеллон	49.73723	23.6714	UKMC	0
Letiště Benešov	49.74063	14.64443	LKBE	0
Letiště Polička	49.74107	16.25771	LKPA	0
Sonderlandeplatz Kitzingen	49.74368	10.20681	EDGY	0
Lotnisko Nowy Sącz-Łososina Dolna	49.74557	20.62427	EPNL	0
Chabeřice	49.74757	15.06424		0
Letiště Rokycany	49.75108	13.58969	LKRY	0
Lądowisko Ikar	49.75244	21.51182		0
Сквира	49.75422	29.6887		0
Ветютнев	49.75504	43.53431		0
Велика Багачка	49.75634	33.72405		0
Чапаївка	49.75942	35.01553		0
Хорол	49.76111	33.25909	UKHX	0
Flugplatz Pegnitz-Zipser Berg	49.76223	11.57431	EDQZ	0
Aérodrome de Loeuilly	49.76526	2.21558		0
Airfield Useldange	49.76816	5.96636	ELUS	0
Потік	49.77005	31.09618		0
Lotnisko Żar	49.77108	19.21891	EPZR	0
AIR Plzeň Plešnice	49.7718	13.16113		0
Оржиця	49.77591	32.69509		0
Segelflugplatz Kirn Meckenbacher Höhe	49.77603	7.52022		0
Аркадівка	49.77683	37.22724		0
Андрусівка	49.78106	35.32332		0
Aérodrome des Ardennes - Étienne Riché	49.78327	4.64657	LFQV	0
Moravský Beroun	49.78618	17.48618		0
Дорофіївка	49.79012	35.45335		0
Арчединский	49.79018	44.04647		0
Flugplatz Domberg	49.79132	7.66567	EDRS	0
Verkehrslandeplatz Burg Feuerstein	49.79376	11.13114	EDQE	0
Letiště Moravská Třebová	49.79706	16.68648	LKMK	0
Letiště Tachov	49.79767	12.70693	LKTD	0
Flugplatz Hettstadt	49.79844	9.83659	EDGH	0
Letiště Erpužice	49.80423	13.02862	LKER	0
Bielsko-Biała-Aleksandrowice	49.80504	19.00306	EPBA	0
Malá Hraštice	49.80979	14.29286		0
Міжнародний аеропорт «Львів» ім. Данила Галицького	49.81058	23.95782	UKLL	0
Letiště Zbraslavice	49.81421	15.2021	LKZB	0
Великі Орлинці	49.81424	26.92483		0
Aérodrome de Saint-Quentin - Roupy	49.81653	3.20619	LFOW	0
Schenkenturm	49.81769	9.89728	EDFW	0
Балясне	49.81776	34.38503		0
Chotěnov Airstrip	49.82418	16.19471		0
Узин	49.82469	30.38302		0
Аеродром Цунів	49.82492	23.69018	UKGC	0
Letiště Skuteč	49.82816	16.00442	LKSK	0
Старий Остропіль	49.82822	27.53585		0
Мотовилівка	49.8286	27.79134		0
Flugplatz Altfeld	49.83205	9.5378		0
Ракітне	49.83269	35.91853	UKVR	0
Lotnisko Podegrodzie	49.83271	20.41063		0
Aérodrome de Saint-Valery-Vittefleur	49.83629	0.65133	LFOS	0
Segelflugplatz Friesen	49.8375	11.04733		1
Вишневе	49.83755	34.04726		0
Segelfluggelände Reinheim	49.83961	8.85051		1
Flugplatz Oppenheim	49.84071	8.37635	EDGP	0
Flugplatz Neumagen-Dhron	49.84255	6.91706	EDRD	0
Flugplatz Erbendorf-Schweißlohe	49.8438	12.06717		1
Šumvald UL	49.84425	17.13857		0
Ланівці	49.84537	26.1166		0
Letiště Hořovice	49.84785	13.89322	LKHV	0
Мальки	49.8514	27.13983		0
Круча	49.85194	27.31771		0
August-Euler-Flugplatz	49.85369	8.58512	EDES	0
Кагарлик (Бурти)	49.85383	30.87786		0
Letiště Orlová	49.85503	18.43521		0
Flugplatz Trier-Föhren	49.86371	6.78686	EDRT	0
Flugplatz Speichersdorf	49.86409	11.78843	EDQP	0
Letiště Kříženec Planá	49.86953	12.77334		0
Aérodrome de Péronne Saint-Quentin	49.87023	3.02813	LFAG	0
Aérodrome d'Amiens-Glisy	49.8725	2.38733	LFAY	0
Segelflugplatz Tirschenreuth	49.874	12.3284		0
Litomyšl Airstrip	49.87428	16.33649		0
Aérodrome de Dieppe - Saint-Aubin	49.88426	1.08182	LFAB	0
Letiště Nechyba	49.88804	14.93776		0
Гардишівка	49.89839	28.43588	UKAR	0
Letiště Opava - Kylešovice	49.89917	17.92296		0
nouzová plocha Bezdružice	49.89971	12.96496		0
Панасівка	49.90337	25.4644		0
Богучар	49.90453	40.52426		0
ULM Vresse-sur-Semois/Orchimont	49.90625	4.93419	EBOR	0
Ровеньки	49.90785	38.94592		0
Троїцький аеродром	49.90878	38.25387		0
Česká Třebová	49.90993	16.45508		0
Sportflugplatz Langenlonsheim	49.91003	7.90808	EDEL	0
St Mary's Airport	49.9139	-6.29172	EGHE	0
Kolitzheim-Herleshof	49.91972	10.25847		0
Letiště Plasy	49.92029	13.37613	LKPS	0
Flugplatz Bamberg-Breitenau	49.92057	10.91366	EDQA	0
Міжнародний аеропорт «Харків»	49.92264	36.29105	UKHH	0
Letiště Mariánské Lázně	49.92325	12.72301	LKMR	0
Segelfluggelände Altenbachtal	49.92332	9.15728		1
Мізяки	49.92658	35.63096		0
Letiště Vysoké Mýto	49.92789	16.18612	LKVM	0
Letiště Zábřeh	49.92906	18.07041	LKZA	0
Хоцьки	49.93522	31.63553		0
Letiště Chrudim	49.93623	15.78081	LKCR	0
Letiště Podhořany	49.93878	15.54852	LKPN	0
Verkehrslandeplatz Aschaffenburg	49.93974	9.06174	EDFC	0
Горохове	49.94017	30.68462		0
Lotnisko Kaniów	49.94057	19.01952	EPKW	0
Opava	49.94065	17.98554		0
Савинці	49.94143	32.62812		0
Hahn Airport	49.94467	7.26195	EDFH	0
Hrochův Týnec u Chrudimi	49.9462	15.8954		0
Кустівці	49.9468	27.36506		0
Letiště Hať u Hlučína	49.94997	18.26463		0
Flugplatz Bitburg	49.95064	6.57097	EDRB	0
Letiště Konojedy	49.9511	14.86994		0
Goczałkowice	49.95237	18.9419		0
Lotnisko Zator	49.95864	19.40309		0
Letiště Šumperk	49.95988	17.01723	LKSU	0
Flugplatz Frankfurt-Egelsbach	49.96154	8.64071	EDFE	0
Jehnědí	49.96488	16.30992		0
Flugplatz Traben-Trarbach / Mont Royal	49.96767	7.11177	EDRM	0
Flugplatz Mainz-Finthen	49.96838	8.1484	EDFZ	0
Nannhausen	49.9699	7.47749	EDRN	0
Karlstadt-Saupurzel	49.9706	9.79147		0
Aéroport International Amiens Henry Potez	49.97069	2.69327	LFAQ	0
nouzová dráha	49.97226	13.63116		0
Коротич	49.97362	36.01791	UKEK	0
Letiště Bubovice	49.97399	14.17859	LKBU	0
Letiště ŘÍČANY	49.97444	14.65022		0
letiště Choceň	49.97733	16.18499		0
Letiště Ústí Nad Orlicí	49.97843	16.4264	LKUO	0
Бейзимівка	49.97978	28.16822		0
Aérodrome de Wiltz-Noertrange	49.98081	5.91804	ELNT	0
Александровка	49.98151	39.35958		0
Letiště Rohozec	49.98214	15.39364		0
účelové letiště Manětín	49.9825	13.22589		0
Točná	49.9855	14.42664	LKTC	0
Verkehrslandeplatz Bayreuth	49.98552	11.64054	EDQD	0
Nouzová plocha Kralovice	49.98563	13.53072		0
Фадііївка	49.99397	27.40754		0
Човно-Федорівка	49.99565	34.42086		0
Segelflugplatz Utscheid	49.99792	6.34296		1
Slobidka	50.00135	30.58716		0
Lądowisko Tarnów	50.00224	21.00383		0
Letiště Kolín	50.00239	15.17346	LKKO	0
Підлісці	50.00301	26.85413		0
Аеродром „Київ-Південний“	50.0055	30.19789	UKBD	0
Veselí u Přelouče	50.00681	15.61764		0
Lądowisko Laszki	50.00865	22.91827	EPJL	0
Buranos Aires	50.00877	14.03759		0
Великі Сорочинці	50.01003	33.8654		0
Schweinfurt-Süd	50.0112	10.24486	EDFS	0
Flugplatz Eibinger Forstwiesen	50.01796	7.89261		0
Flugplatz Haßfurt-Haßberge	50.018	10.52939	EDQT	0
Osičiny	50.01882	14.7723		0
Деркачі	50.01902	33.59381		0
Андрушівка	50.01933	28.99105		0
Segelflugplatz Tröstau	50.02062	11.92908		1
Segelfluggelände Zellhausen	50.02093	8.98317		0
Škudly	50.02187	15.52066		0
Nouzová plocha Bílov u Plas	50.02205	13.41303		0
Flughafen Frankfurt am Main	50.0244	8.54479	EDDF	0
Аеропорт «Харків-Північний»	50.0246	36.2699	UKHD	0
Котельва	50.02783	34.77377		0
Aérodrome de Saint-Hubert	50.03669	5.40488	EBSH	0
Малі Дедеркали	50.03788	26.08576		0
Panoší Újezd	50.03869	13.69699		0
Vrátkov	50.03915	14.82294		0
Flugplatz Ebern-Sendelbach	50.03982	10.8221	EDQR	0
Шевченкове	50.04418	31.73274		0
Пишне	50.0493	32.87278		0
Polpidnick Farm Airstrip	50.05818	-5.12799		0
Литвяки	50.05929	33.27815		0
Долина	50.06001	30.71824		0
Letiště Cheb	50.06649	12.4083	LKCB	0
Aérodrome d'Eu Mers Le Tréport	50.06836	1.42574	LFAE	0
Kunětice	50.06858	15.8127		0
Lotnisko Aeroklubu ROW	50.07113	18.62838	EPRG	0
Letiště Krnov	50.07481	17.69509	LKKR	0
Фоменково	50.07723	41.10193		0
Międzynarodowy Port Lotniczy im. Jana Pawła II Kraków-Balice	50.07818	19.78593	EPKK	0
Краснокутськ	50.07988	35.11531		0
Aérodrome de la Ferme de Bonavis	50.083	3.19667		0
Letiště Žamberk	50.08356	16.44343	LKZM	0
Lądowisko Kraków-Czyżyny	50.08469	19.98903	EPKC	0
Letiště Toužim	50.08684	12.95173	LKTO	0
Гавриші	50.08703	35.58673		0
Lotnisko Pobiednik Wielki	50.0878	20.20237	EPKP	0
Великий Бурлук	50.0887	37.38781		0
Барахти	50.09506	30.38338		0
Letiště Rakovník	50.09541	13.69098	LKRK	0
Перенятин	50.09723	25.35074		0
Wolica Ługowa	50.09768	21.72539		0
Bonnallack Airstrip	50.09776	-5.18582		0
Lager Hammelburg	50.09802	9.8812	EDFJ	0
Rovná Airstrip	50.10129	12.67911		0
Letiště Václava Havla Praha	50.10257	14.25608	LKPR	0
Land's End Airport	50.10271	-5.67216	EGHC	0
Корчівка	50.10301	27.95293		0
Ulmodrome de Matagne la Petite	50.10471	4.63645	EBMG	0
Rzeszów Aeroklub	50.10577	22.04375	EPRJ	0
Дівички	50.10761	31.30463	UKIV	0
Letiste Chvojenec	50.10776	15.92713		0
Zbudov u Žamberka	50.11153	16.51745		0
Port lotniczy Rzeszów-Jasionka im. Rodziny Ulmów	50.11154	22.0201	EPRZ	0
Lower Botrea	50.11346	-5.62824		0
Letiště Kladno	50.11392	14.08719	LKKL	0
Полонне	50.11897	27.45935		0
Lądowisko Strzelce Małe-Szczurowa	50.11918	20.60103		0
Ізяслав	50.11933	26.86826		0
Туринка	50.1203	24.0361		0
Letiště Letňany	50.13163	14.52576	LKLT	0
Вейделевка	50.13435	38.44944		0
Flugplatz Kulmbach	50.13449	11.45856	EDQK	0
Zell-Haidberg	50.13752	11.79657	EDNZ	0
Aérodrome de Cambrai-Niergnies	50.13829	3.26178	LFYG	0
Aérodrome d'Abbeville	50.14348	1.8304	LFOI	0
Фарбоване	50.14734	31.87993		0
Verkehrslandeplatz Lichtenfels	50.14781	11.04753	EDQL	0
Гребінка	50.15143	32.46532		0
Aérodrome de Cerfontaine	50.15215	4.38692	EBCF	0
Шепетівка	50.15658	27.16379		0
Озерне	50.15981	28.74089	UKKO	0
Letiště Milhostov	50.16293	12.46076		0
Letiště Nymburk	50.16889	15.05252		0
Lądowisko Oleszyce	50.17022	23.05747		0
Segelflugplatz Daun-Senheld	50.17594	6.85813		1
Segelfluggelände Langenselbold	50.17647	9.06505		0
Tempest Airstrip	50.17936	-5.44993		0
Hydrobase du Lac d'Heure	50.18362	4.36775	EBEH	0
Letiště Poděbrady	50.18448	15.16632		0
Комишня	50.18595	33.65233		0
Verkehrslandeplatz Gelnhausen	50.19696	9.16785	EDFG	0
Segelflugplatz Nastätten	50.19781	7.88944		0
Letiště Karlovy Vary	50.20215	12.91983	LKKV	0
Ольховатка	50.20695	37.49979		0
Flugplatz Bad Kissingen	50.21034	10.06917	EDFK	0
Borek	50.21088	14.6574		0
Вершина	50.21571	39.66603		0
Vodochody	50.21622	14.39637	LKVO	0
Letiště Slaný	50.21699	14.08796	LKSN	0
Hory	50.21705	12.77701		0
Segelflugplatz Laufenselden	50.22209	7.99923		0
Bolt Head	50.22404	-3.80164		0
Sonderlandeplatz Ottengrüner Heide	50.22621	11.73146	EDQO	0
Зіньків	50.2269	34.36345		0
Coburg-Steinrücken	50.2307	10.99531	EDQY	0
Flugplatz Aarbergen-Michelbach	50.2318	8.07789		0
Сінне	50.23612	35.59987		0
Letiště Milovice	50.23811	14.90995		0
Lotnisko Katowice - Muchowiec	50.23824	19.03354	EPKM	0
Київ (Бишів)	50.24076	29.85794	UKBY	0
Segelflugplatz Oberems	50.24132	8.39888		0
Letiště Mladá	50.24378	14.85582		0
Segelfluggelände Kronach	50.24385	11.35786		1
Lądowisko Pawłowiczki	50.24474	18.02359		0
Аеродром «Кізлівка»	50.24744	32.92703		0
Podbořany Airstrip	50.25067	13.40972		0
Letiště Hradec Králové	50.25096	15.8443	LKHK	0
Křinec Airstrip	50.2547	15.12511		0
Naunheim/Maifeld UL	50.25823	7.33217		0
Kazimierza Mała	50.26054	20.54144		0
Coburg-Brandensteinsebene	50.26269	10.99592	EDQC	0
Letiště Kněžice u Jičína	50.263	15.29741		0
Lotnisko Gliwice	50.26916	18.67219	EPGL	0
Міжнародний аеропорт "Житомир" імені Сергія Корольова	50.26965	28.74321	UKKV	0
Segelfluggelände Singhofen	50.27021	7.85369		0
Flugplatz Bad Brückenau-Oberleichtersbach	50.27166	9.82401		0
Прихідьки	50.27242	32.63896		0
Truro Aerodrome	50.27842	-5.14288	EGHY	0
Loučeň	50.27874	15.06101		0
Porthtowan Airfield	50.28504	-5.22843		0
Sonderlandeplatz Niddatal-Bönstadt	50.28546	8.8691		0
Aero Club Bad Königshofen	50.28749	10.42		0
Verkehrslandeplatz Hof-Plauen	50.28837	11.85411	EDQM	0
Flugplatz Anspach	50.28891	8.53484	EDFA	0
Лютівка	50.29089	35.83662		0
Letiště Mikulovice	50.30174	17.29698	LKMI	0
Segelflugplatz Riedelbach	50.30212	8.38519		0
Letiště Panenský Týnec	50.3058	13.93412	LKPC	0
Bad Neustadt/Saale-Grasberg	50.30629	10.22643	EDFD	0
Станіслави	50.30631	25.37465		0
Bystrzyca Kłodzka	50.30879	16.64592		0
Segelfluggelände am Kreuzberg	50.30924	10.37328		1
Aérodrome de Maubeuge - Élesmes	50.31126	4.03383	LFQJ	0
Letiště Žatec-Macerka	50.31868	13.51244	LKZD	0
Sonderlandeplatz Dauborn	50.32137	8.19444		0
Нова Василівка	50.32293	28.36123		0
Lotnisko Mielec	50.32329	21.46439	EPML	0
Aérodrome d'Arras - Roclincourt	50.32343	2.80355	LFQD	0
Letiště Sazená	50.32418	14.26058	LKSZ	0
Kozojedy	50.32501	15.3889		0
Krpy	50.32571	14.66947		0
Flugplatz Koblenz-Winningen	50.32588	7.52803	EDRK	0
Aérodrome de Valenciennes-Denain	50.32794	3.46181	LFAV	0
Березань	50.32805	31.43261		0
Perranporth Airfield	50.33126	-5.17836	EGTP	0
Letiště Jaroměř	50.33203	15.94867	LKJA	0
Тепле	50.33268	34.11977		0
Ostrov	50.33646	12.96922		0
ULModrome de Vitry-en-Artois	50.33857	2.9965		0
Flugplatz Reichelsheim	50.33858	8.88019	EDFB	0
Міжнародний аеропорт «Бориспіль»	50.34047	30.89184	UKBB	0
Лозовий Яр	50.34543	31.9769		0
Аеродром Лохвиця	50.35012	33.2955		0
Лесково	50.3502	40.73908		0
Костянтинівка	50.35132	36.05969		0
Letiště Hořice	50.35675	15.57696	LKHC	0
Bezno u Mladé Boleslavi	50.35692	14.80683		0
Аерофокс	50.35901	26.89592		0
Flugplatz Ober-Mörlen	50.3622	8.71164	EDFP	0
Letiště Nové Město	50.36389	16.1115	LKNM	0
Flugplatz Mendig	50.36402	7.31337	EDRE	0
Halwell	50.36513	-3.7069		0
Варварівка	50.36603	37.36204		0
Нечаевка	50.36769	36.59553		0
Вельбівно	50.36982	26.56498		0
Libáň	50.3712	15.20462		0
Никитовка	50.37215	38.43609		0
Lądowisko Górki	50.37269	21.29047		0
Lądowisko Tuszów Narodowy	50.37325	21.4842		0
ULM Assesse/Maillen	50.37362	4.92653	EBML	0
Аеродром Белз	50.37771	23.9648		0
Перемиль	50.38621	25.14583		0
Старосільці	50.38718	28.98245		0
Segelflugplatz LSC Nordhalben	50.39599	11.52371		1
Mladá Boleslav	50.39704	14.89576	LKMB	0
Бузова	50.39823	30.05975	UKBW	0
Segelflugplatz Nidda	50.40533	8.98778		1
Letiště Raná	50.40577	13.74999	LKRA	0
Dahlemer Binz	50.40644	6.52847	EDKV	0
Міжнародний аеропорт «Київ» (Жуляни) імені Ігоря Сікорського	50.40666	30.44944	UKKK	0
Stary Wielisław	50.40794	16.56255		0
Radovesice Airfield	50.40895	14.08385		0
Letiště Roudnice nad Labem	50.41075	14.22759	LKRO	0
Dušníky	50.41281	14.19799		0
Náchod	50.41296	16.12188		0
Letiště Dvůr Králové nad Labem	50.41434	15.83753	LKDK	0
Flugplatz Büllingen - Club Feuervogel	50.41436	6.27672	EBBN	0
Horní Počaply	50.41821	14.38433		0
Flugplatz Montabaur	50.42318	7.82705		1
Aérodrome de Berck-sur-Mer	50.42484	1.5946	LFAM	0
Flugplatz Elz	50.42694	8.00964	EDFY	0
Letiště Jičín	50.43013	15.33177	LKJC	0
Чайка	50.43049	30.30075	UKKJ	0
Слобідка	50.43115	28.2014		0
Segelsportverein Mellrichstadt	50.43221	10.28303		1
Segelfluggelände Gedern	50.43268	9.19379		0
Charvatce	50.43302	13.81112		0
Letiště Choteč	50.43389	15.53038		0
Letiště Třebihošť	50.43546	15.69312		0
Flugplatz Butzbach-Pfingstweide	50.43565	8.62129		0
Spaceport Cornwall	50.43849	-4.99707		0
Nouzová plocha Příchvoj	50.44135	15.23598		0
Cornwall Airport Newquay	50.44152	-4.99763	EGHQ	0
Segelflieger-Gemeinschaft Ostheim v.d. Rhön	50.44818	10.25234		1
Меловатка	50.44899	40.7519		0
Flugplatz Wershofen/Eifel	50.45119	6.78129	EDRV	0
Яблунівка	50.45201	32.13515		0
Aérodrome de Saint-Ghislain	50.45826	3.82002	EBSG	0
Озеряни	50.46206	26.01117		0
Берездів	50.46259	27.08258		0
Aéroport de Charleroi-Bruxelles-Sud	50.46364	4.45946	EBCI	0
Мар'янівка	50.46475	24.8329		0
Aérodrome de Lens - Bénifontaine	50.46613	2.82082	LFQL	0
Волоконовка	50.46694	37.91251		0
Štětí	50.46706	14.40266		0
Letiště Velké Poříčí	50.46789	16.20494	LKVP	0
Уїздці	50.46813	26.21787		0
Letiště Chomutov	50.47154	13.47141	LKCH	0
Kłodzko	50.47197	16.70156		0
Журавка	50.47218	32.64248		0
Залижня	50.47373	24.47352		0
Flugplatz Jossa	50.4755	9.44243	EDGF	0
St Mellion Airstrip	50.47561	-4.30842		0
Międzynarodowy Port Lotniczy Katowice im. Wojciecha Korfantego w Pyrzowicach	50.4761	19.08213	EPKT	0
Варва	50.47662	32.72957		0
Aérodrome de Spa-La Sauvenière	50.47789	5.90995	EBSP	0
Nouzové letiště Kněžmost	50.4786	15.00549		0
Elsenborn Air Base	50.48374	6.18174	EBLB	0
Будилка	50.48683	34.44334		0
Poręba	50.48757	19.3775		0
Aérodrome de Namur-Suarlée	50.48924	4.76932	EBNM	0
Huhnrain bei Poppenhausen	50.49024	9.84788		0
Тростянець	50.49139	35.00099		0
Segelflugplatz Wasserkuppe	50.49716	9.95039	EDER	1
Verkehrslandeplatz Auerbach EDOA	50.49794	12.37849	EDOA	0
Цепляево Первое	50.49923	37.29116		0
letiště Stará Paka	50.50024	15.48566		0
Bodmin Airfield	50.50044	-4.66625	EGLA	0
Segelfluggelände Hoherodskopf	50.50101	9.22135		0
St. Merryn Airfield	50.50425	-4.97824		0
Згурівка	50.50555	31.83102		0
Segelfluggelände Mönchsheide	50.50969	7.25538		1
Горохів	50.5135	24.71318		0
Гоголів	50.51515	31.04662	UKNG	0
Lądowisko Pińczów	50.51867	20.51525	EPPC	0
Le Touquet-Côte d'Opale	50.51888	1.62099	LFAT	0
Polepy	50.52039	14.27286		0
Letiště Most	50.52507	13.68303	LKMO	0
Segelflugplatz Braunfels	50.52545	8.3942		0
Litoměřice	50.52651	14.18616		0
Lotnisko Kamień Śląski	50.52825	18.08504	EPKN	0
Aérodrome de Tournai-Maubray	50.53174	3.4967	EBTY	0
Segelflugplatz Pohlheim	50.53218	8.73385		0
Flugplatz Schotten	50.53468	9.14544		0
Segelflugplatz Johannisau	50.53644	9.66097		0
Грайворон	50.53793	35.58287		0
letiště Mnichovo Hradiště	50.53947	15.00585	LKMH	0
Lomnice nad Popelkou	50.53976	15.38803		0
Verchocq Airpark	50.54112	2.03436		0
Aéroclub de Buzet	50.5427	4.38167	EBBZ	0
Flugplatz Gießen-Lützellinden	50.54381	8.59117	EDFL	0
Красная Поляна	50.54881	37.1147		0
Studenec	50.54958	15.53591		0
Aérodrome du Laboru	50.55135	5.85387	EBTX	0
Лыково	50.55208	39.80824		0
SLZ plocha Všeň	50.5553	15.094		0
Коростелівка	50.55751	28.78142		0
Bad Neuenahr-Ahrweiler	50.55832	7.1347	EDRA	0
Letiště Broumov	50.56188	16.34324	LKBR	0
Липова Долина	50.56262	33.84621		0
Flugplatz Dierdorf-Wienau	50.56584	7.65331	EDRW	0
Aéroport International de Lille - Lesquin	50.56656	3.09975	LFQQ	0
Flugplatz Gießen-Reiskirchen	50.56694	8.86972	EDGR	0
Letiště Trutnov	50.56737	15.86613		0
HeliOperations	50.56772	-2.44988	EGDP	0
Мирне	50.56792	24.93356		0
ULM Baisy-Thy	50.56823	4.43463	EBBY	0
Segelflugplatz Wetzlar-Garbenheim	50.57428	8.52725		0
Слобода	50.58768	38.65578		0
Краснобірка	50.58807	29.26446		0
Dartmoor Gliding Society	50.59189	-4.14504		0
Flugplatz Ailertchen	50.59397	7.9452	EDGA	0
Segelfluggelände Aßlarer Hütte	50.59936	8.44504		1
Segelflugplatz Gießen-Wieseck	50.60442	8.72895		0
Antonov International Airport	50.60472	30.19607	UKKM	0
Міжнародний аеропорт Рівне	50.60619	26.14314	UKLR	0
Сагуны	50.60636	39.70203		0
Користь	50.60641	27.03647		0
Aérodrome de Merville-Calonne	50.61892	2.64587	LFQT	0
Letiště Hradčany	50.61974	14.73267		0
Teplice	50.62098	13.80961		0
Irządze Airstrip	50.62249	19.7113		0
Letiště Vrchlabí	50.62412	15.64516	LKVR	0
Lotnisko Stalowa Wola-Turbia	50.62623	21.9995	EPST	0
Заболотці	50.62869	24.2317		0
Lotnisko Opole-Polska Nowa Wieś	50.6322	17.781	EPOP	0
Flugplatz Goldlauter	50.63226	10.72656	EDQS	0
RAF Davidstow	50.63476	-4.61785		0
Aéroport de Liège-Bierset	50.63823	5.44501	EBLG	0
Павлівка	50.6394	24.50602		0
Біловодське	50.64014	33.48508		0
Промінь	50.64066	25.27409		0
Ramš ULM strip	50.6417	14.5414		0
Heinz-Peinl-Flugplatz Greiz-Obergrochlitz	50.64384	12.17454	EDOT	0
Flugplatz Großrückerswalde	50.64437	13.12939	EDAG	0
Белгород	50.64531	36.59006	UUOB	0
Sandown Airfield	50.65246	-1.18201	EGHN	0
Letiště Hodkovice	50.65749	15.07711	LKHD	0
Белгород — Северная посадочная площадка	50.65767	36.53016		0
Flugplatz Hof (Westerwald)	50.66143	8.0221		0
Навчальний аеродром "Бородянка"	50.66585	29.9245	UKKB	0
аэродром Красный Яр	50.66727	44.77841		0
Segelfluggelände Hörbach	50.66806	8.26026		0
Flugplatz Pennewitz	50.66915	11.04995	EDOS	0
Segelfluggelände Eudenbach	50.6727	7.36602		1
Колишній аеродром сільгоспавіації	50.67661	29.93897		0
Flugplatz Breitscheid	50.67717	8.17008	EDGB	0
Český Dub	50.67835	14.99922		0
Bembridge Airport	50.67914	-1.10824	EGHJ	0
Срібне	50.68161	32.9284		0
Flugplatz Lauterbach	50.68354	9.4116	EDFT	0
Ряшки	50.68499	32.53677		0
Aérodrome de Lille-Marcq-en-Barœul	50.68865	3.07555	LFQO	0
Düren-Hürtgenwald Segelfluggelände	50.6937	6.41919		1
Aérodrome de Boulogne-sur-Mer - Alprech	50.6948	1.56905		0
Томаровка	50.69497	36.2901		0
Branscombe Airfield	50.69791	-3.15674		0
Воронів	50.69883	26.704	UKGW	0
Letiště Ústí nad Labem	50.69958	13.96941	LKUL	0
Flugplatz Zwickau	50.7012	12.45157	EDBI	0
Lotnisko Zamość-Mokre	50.70196	23.20189	EPZA	0
Letište Libchava	50.70316	14.49922		0
Дорогиничі	50.70561	24.6184		0
Aero Club de Hesbaye	50.70615	5.06776	EBAV	0
Siegerlandflughafen	50.70772	8.08328	EDGS	0
Plätzer	50.70893	9.73987		0
Letiště Česká Lípa	50.70916	14.56331	LKCE	0
Dorset Gliding Club	50.70989	-2.21954		0
Krzywina	50.71407	17.164		0
Бобровиця	50.72099	31.43273		0
Binstead Airfield	50.72311	-1.20457		0
Stancombe Farm Private Airstrip	50.72439	-2.63402		0
Застав'я	50.72516	25.938		0
Aérodrome de Saint-Omer-Wizernes	50.72684	2.2329	LFQN	0
Druzcov u Lípy	50.72762	14.92507		0
Lipowa	50.73297	17.4242		0
Flugplatz Rudolstadt - Groschwitz	50.73422	11.23493	EDOK	0
Exeter Airport	50.73485	-3.41381	EGTE	0
Farway Common	50.73512	-3.18134		0
Новый Оскол	50.73842	37.91498		0
Amougies	50.74042	3.48525	EBAM	0
Ломово	50.74099	36.89315		0
Homberg Ohm	50.7468	9.01908		0
Verkehrslandeplatz Chemnitz/Jahnsdorf	50.74779	12.83719	EDCJ	0
Segelflugplatz Alsfeld	50.75093	9.24808		1
Pymore Airstrip	50.75096	-2.75932		0
Пірнове	50.75313	30.68283		0
Geraardsbergen Overboelare	50.75462	3.86357	EBGG	0
Rzędów k.Turawy	50.75962	18.12882		0
Letiště Liberec	50.76856	15.02345	LKLB	0
Flugplatz Bonn-Hangelar	50.76976	7.1647	EDKB	0
Segelfluggelände Diepenlinchen	50.7702	6.28196		0
Шепель	50.77276	25.11886		0
Taw Mill	50.77648	-3.90408		0
Sonderlandeplatz für Luftsportgeräte	50.77962	11.0506		0
Vliegveld Tienen-Goetsenhoven	50.78161	4.95589	EBTN	0
Bournemouth Airport	50.78252	-1.84229	EGHH	0
Lądowisko Wyszonowice	50.78379	17.16104		0
Бехтеевка	50.78607	37.26945		0
Limburg Regional Airport	50.78652	5.19268	EBST	0
Segelflugplatz Hirzenhain	50.78803	8.39301	EDFI	0
Amöneburger Flugplatz	50.7897	8.90674		1
Segelflugplatz Langenberg	50.79424	9.56088		1
Newton Peveril	50.79487	-2.09769		0
Segelflugplatz Bottenhorn	50.79505	8.45864	EDGT	1
Гостищево	50.79564	36.67756		0
Bagber Farm Airstrip	50.7968	-2.26573		0
Lądowisko Witków	50.79686	16.11448	EPDS	0
Bognor Regis	50.80203	-0.65854		0
Ракитное	50.80935	35.85797		0
Solent Airport	50.8156	-1.20385	EGHF	0
Świdnica - Krzczonów	50.81718	16.58186	EPSS	0
Flugplatz Betzdorf-Kirchen	50.81725	7.83079	EDKI	0
Internationale Luchthaven Kortrijk-Wevelgem	50.81849	3.20797	EBKT	0
Талалаївка	50.81869	33.10457		0
Flugplatz Würselen-Aachen	50.82187	6.18411	EDKA	0
Letiště Bynovec	50.82222	14.2718		0
Бригинці	50.82624	31.13704	UKAK	0
Алексеевка	50.83157	36.22173		0
Brighton City Airport	50.83576	-0.29526	EGKA	0
Chrastava u Liberce	50.83581	14.98405		0
Segelfluggelände Eisernhardt	50.83781	8.01348		1
Острогожск	50.83796	38.9944		0
Sheepwash	50.84215	-4.16704		0
Verkehrslandeplatz Arnstadt - Alkersleben	50.84237	11.06997	EDBA	0
Flugplatz Bad Hersfeld-Johannesberg	50.84404	9.70716	EDEN	0
Westfield Farm Airstrip	50.84802	0.28222		0
Westacott Farm Airstrip	50.85005	-3.86969		0
North Hill Airfield	50.85155	-3.27484		1
Swanborough Farm Airstrip	50.85374	0.00198		0
Chřibská	50.85794	14.46717		0
Лосинівка	50.85906	31.9666		0
Аеропорт "Суми"	50.85923	34.76289	UKHS	0
Goodwood Aerodrome	50.85944	-0.76067	EGHR	0
Ічня	50.86212	32.31248		0
Dunkeswell Aerodrome	50.86224	-3.23661	EGTU	0
Костевка	50.86349	38.08342		0
Tracy Island Airstrip	50.86427	-2.91137		0
Trenchard Farm Airstrip	50.86712	-3.86404		0
Kittyhawk Aerodrome EGKF	50.86732	0.11915	EGKF	0
Flughafen Köln/Bonn	50.86787	7.14205	EDDK	0
Palmers Farm Airstrip	50.8732	0.22943		0
Marburg-Schönstadt	50.87437	8.81478	EDFN	0
Шевченкове	50.87643	29.07063		0
Melbury	50.87945	-2.61801		0
Flugplatz Gera-Leumnitz	50.8809	12.13641	EDAJ	0
Deanland Airfield	50.88096	0.15484	EGKL	0
Gminne Lądowisko w Świebodzicach	50.88198	16.31836	EPWC	0
Aérodrome de Saint-Inglevert Les Deux Caps	50.88214	1.73585	LFIS	0
Bere Farm Airstrip	50.88486	-1.15706		0
Lotnisko Częstochowa - Rudniki	50.88756	19.20314	EPRU	0
Bowerswaine Farm	50.89004	-1.98623		0
Lądowisko Krasocin	50.89809	20.12965	EPKL	0
Truleigh Manor Farm Airstrip	50.89823	-0.25328		0
Lotnisko Kielce-Masłów	50.89868	20.73183	EPKA	0
Lotnisko Jelenia Góra	50.89885	15.78409	EPJG	0
Brussels Airport	50.90093	4.4858	EBBR	0
Watchford Farm	50.90238	-3.09813		0
Flugplatz Bad Berka	50.90468	11.26046	EDOB	0
Segelfluggelände Ziegenhain	50.90471	9.24071		1
Folly Farm Airstrip	50.90609	-0.22983		0
Ringmer Glider Field	50.90765	0.10539		0
Гайове	50.91158	25.52864		0
Maastricht Aachen Airport	50.91203	5.77007	EHBK	0
Ranston	50.91512	-2.18537		0
Middle Chinnock Airstrip	50.91514	-2.73606		0
Flugplatz Jena-Schöngleina	50.91552	11.71401	EDBJ	0
Большая Халань	50.91632	37.4068		0
Lądowisko Tworzyjanów	50.92358	16.67888		0
Parham Airfield	50.92389	-0.47511		0
Чернянка	50.92695	37.8451		0
Idsworth Airstrip	50.92723	-0.95384		0
Eaglescott	50.92841	-3.99012	EGHU	0
Hünsborn	50.92863	7.89874	EDKH	0
Верхопенье	50.93041	36.36033		0
Hill Farm Airstrip	50.93434	-1.2659		0
Yeovil/Westland Aerodrome	50.93952	-2.65805	EGHG	0
Розважів	50.94001	29.66563		0
Gorrel Farm	50.9438	-4.38634		0
Lotnisko Jeżów Sudecki	50.94438	15.76245	EPJS	0
Волотово	50.9449	38.17466		0
Sonderlandeplatz Langhennersdorf	50.94781	13.25881	EDOH	0
Grimbergen Lint	50.94829	4.39252	EBGB	0
Zutendaal	50.94853	5.59056	EBSL	0
Southampton Airport	50.95139	-1.35167	EGHI	0
Bowford Farm Airstrip	50.95258	-0.39603		0
Lydd Airport	50.95611	0.93917	EGMD	0
Stoodleigh Barton	50.95727	-3.53018		0
Mirosławice	50.95871	16.77044	EPMR	0
Aéroport de Calais - Dunkerque	50.9611	1.95467	LFAC	0
Подольхи	50.96487	36.93974		0
Flugplatz Weimar	50.96504	11.40085	EDOU	0
Compton Abbas Airfield	50.96702	-2.15417	EGHA	0
Аеродром Гриценково	50.96808	34.69798	UKEG	0
Hasselt Kiewit	50.97046	5.37429	EBZH	0
Flugplatz Gotha-Ost	50.97129	10.72815	EDEG	0
Гайворон	50.9717	32.87062		0
Lower Upham Airfield	50.97266	-1.24853		0
Meonstoke Airstrip	50.97404	-1.14465		0
Belle Vue Airstrip	50.97699	-4.09726		0
Segelflugplatz Bergheim	50.97716	6.60845		1
Sonderlandeplatz Pirna-Pratzschwitz	50.97874	13.90836	EDAR	0
Flughafen Erfurt-Weimar	50.97921	10.95778	EDDE	0
Zweefvliegveld Schinveld	50.98062	6.0017		1
Leipzig-Altenburg Airport	50.98343	12.50837	EDAC	0
Henstridge Airfield	50.98542	-2.35585	EGHS	0
Тихотин	50.9884	25.06558		0
Roughay Farm Airfield	50.98926	-1.25378		0
Flugplatz Eisenach-Kindel	50.99276	10.48044	EDGE	0
Оленівка	50.99358	25.25682		0
Segelflugplatz Lindlar	50.99649	7.37607		1
Березне	50.99876	26.70571		0
Соколине (н/д)	50.99993	34.60845		0
Sonderlandeplatz Schameder	51.00042	8.31086	EDGQ	0
Fowler's Field Airstrip	51.00046	-0.4445		0
Hadfold Farm Airstrip	51.00146	-0.46204		0
Heywood Farm Airstrip	51.00378	-3.24139		0
Носівка	51.00401	31.50581		0
Witherenden	51.00459	0.62147		0
Прибірськ	51.0071	29.97825		0
sportovní letiště Lipová	51.00873	14.34386		0
Flugplatz Kurtekotten	51.01483	7.00647	EDKL	0
Vliegveld Genk Zwartberg	51.015	5.52579	EBZW	0
South Longwood Farm Airstrip	51.01884	-1.26396		0
Spire View Airstrip	51.02098	-1.86044		0
Турійськ	51.02255	24.6186		0
Danehill Airstrip	51.02632	-0.01187		0
Jackrells Farm	51.0324	-0.33016		0
Мокрець	51.03248	24.36108		0
Verkehrslandeplatz Allendorf Eder	51.03487	8.68085	EDFQ	0
Sparr Farm Airstrip	51.0362	-0.51143		0
Oaklands Farm Airstrip	51.03961	-0.33112		0
Aérodrome de Dunkerque-les-Moeres	51.04061	2.54914	LFAK	0
West Tisted Airfield	51.04731	-1.05697		0
Chelworth House Airstrip	51.04893	0.01379		0
Bergneustadt - Auf dem Dümpel	51.05209	7.70683	EDKF	0
Lower Durston Airstrip	51.05214	-3.00574		0
Gutchpool Farm	51.05729	-2.2335		0
Lądowisko Operacyjne "Baryt"	51.05826	16.01329		0
Chilsfold Farm	51.06004	-0.59362		0
Flugplatz Mosenberg	51.06302	9.41955	EDEM	1
Wilków Średzki	51.06434	16.6979		0
Bossington Airstrip	51.07659	-1.53858		0
Segelflugplatz Gustorfer Höhe - Ferdi Schulze Gelände	51.07746	6.54787		1
Glebe Farm Airstrip (Somerset)	51.07897	-3.28571		0
Lotnisko Chełm-Depułtycze	51.08232	23.43761	EPCD	0
Segelfluggelände Dornberg	51.08545	9.91943		1
Голоби	51.08616	24.97499		0
Hamilton Farm Airfield	51.09281	0.89114		0
Harringe Airstrip	51.09284	0.98897		0
UL-Flugplatz "Auf der Schaufel"	51.0939	9.14787		0
Tiffenden Airstrip	51.09411	0.7396		0
Marsh Court Manor Airstrip	51.09687	-1.49581		0
Old Sarum Airfield	51.09901	-1.78379	EGLS	0
Sonderlandeplatz Meinerzhagen	51.09968	7.59901	EDKZ	0
Segelflugplatz Wanlo-Niersquell	51.10083	6.39371		1
Middlezoy Aerodrome	51.10261	-2.9061		0
Аеродром "Хороше озеро"	51.10329	32.29416		0
Port Lotniczy Wrocław	51.10374	16.88383	EPWR	0
Westonzoyland	51.10615	-2.91338		0
Pent Farm Airstrip	51.10938	1.05304		0
Чемер	51.115	31.14832	UKAC	0
Dunsfold Aerodrome	51.11534	-0.53098	EGTD	0
Таловая-1	51.11638	40.75241		0
Baynards Park Airstrip	51.1183	-0.44219		0
Vliegveld Leopoldsburg Beverlo	51.1198	5.30057	EBLE	0
Колки	51.11983	25.6974		0
Бобров	51.12057	39.97856		0
Давыдовка	51.12389	39.425		0
Flugplatz Wipperfürth-Neye	51.1245	7.37193	EDKN	0
Lower Withial Farm	51.12532	-2.59659		0
Gleitschirm Flugplatz Teuchern (Startplatz West)	51.12566	11.99561		0
Піски	51.12659	32.67778		0
Barton Ashes Airstrip	51.12685	-1.3748		0
Gleitschirm Flugplatz Teuchern (Startplatz Ost)	51.12835	12.01194		0
Bath Wilts & N Dorset Gliding Club	51.12909	-2.2461		0
Sonderlandeplatz Langensalza	51.1299	10.62226	EDEB	0
Glebe Farm Airstrip	51.13327	-2.03495		0
Flughafen Dresden	51.13429	13.76929	EDDC	0
Chilbolton Airfield	51.13719	-1.41937		0
Segelflugplatz Langenfeld	51.14059	6.98536		1
Fridd Farm Airstrip	51.14227	0.75854		0
Ursel Air Base	51.14475	3.47447	EBUL	0
Alkham-Chalksole Green Farm Airstrip	51.14488	1.20813		0
Winkwood Farm Airstrip	51.1449	-0.66509		0
Flugplatz Attendorn-Finnentrop	51.1462	7.93764	EDKU	0
Rydinghurst Farm Airstrip	51.14669	-0.52559		0
Deptford Airstrip	51.1476	-1.971		0
Frensham	51.15059	-0.80822		0
Vallance Byways	51.1519	-0.21291		0
London Gatwick Airport	51.15409	-0.1884	EGKK	0
Lashenden (Headcorn) Airfield	51.15635	0.64191	EGKH	0
Segelflugplatz Eschwege Stauffenbühl	51.15919	10.04797		1
Verkehrslandeplatz Görlitz	51.15949	14.95049	EDBX	0
Flugplatz Schmallenberg-Rennefeld	51.16128	8.26327	EDKR	0
Deptford "Farm" airstrip	51.16246	-1.97636		0
Lundy Airstrip	51.17045	-4.67098		0
Manor House Farm Airstrip	51.17679	-1.62158		0
Old Hay	51.17876	0.42562		0
Aeroclub Keiheuvel	51.18085	5.22137	EBKH	0
Lasham Airfield	51.18443	-1.03289	EGHL	0
Inglenook Farm Airstrip	51.18567	1.31571		0
Clipgate Farm	51.18711	1.15336		0
Flugplatz Hessisch Lichtenau	51.18856	9.74209		1
Internationale Luchthaven Antwerpen	51.18897	4.46314	EBAW	0
Barhams Mill Farm Airstrip	51.18977	0.68683		0
Laddingford	51.19092	0.41282		0
East Haxted Farm Airfield	51.191	0.04386		0
Flugplatz Bautzen - Lětanišćo Budyšin	51.19149	14.51996	EDAB	0
Plettenberg-Hüinghausen	51.19198	7.79115	EDKP	0
В'язове	51.1946	33.37011		0
Popham Airfield	51.19645	-1.23537	EGHP	0
Flugplatz Sömmerda-Dermsdorf	51.1977	11.19175	EDBS	0
Internationale luchthaven Oostende–Brugge	51.20034	2.87401	EBOS	0
Bad Bibra	51.20196	11.49817		0
Rankins Farm Airstrip	51.20493	0.51172		0
Ripple Airstrip	51.20493	1.36685		0
Буринь	51.20507	33.88846		0
Lotnisko Wrocław-Szymanów	51.2065	16.99773	EPWS	0
Thruxton Aerodrome	51.20831	-1.60039	EGHO	0
Суджа	51.21184	35.34794		0
Sonderlandeplatz Mühlhausen	51.21309	10.54946	EDEQ	0
Flugplatz Böhlen	51.21467	12.36641	EDOE	0
Wieluń-Olewin	51.21474	18.63222		0
Redhill Aerodrome	51.21543	-0.14033	EGKR	0
Аеродром "Борзна"	51.21582	32.4574	UKRB	0
Segelfluggelände Radevormwald-Leye	51.21602	7.38247		1
Segelflugplatz Edermünde-Grifte	51.22097	9.44774		1
Lotnisko Radawiec	51.2216	22.39674	EPLR	0
Segelflugplatz Waldeck	51.22671	9.05617		1
Пісочне	51.2276	25.12567		0
Народичі	51.2312	29.07163		0
Flughafen Düsseldorf Mönchengladbach	51.23125	6.50143	EDLN	0
Crockham Hill - Orchard House Airstrip	51.23296	0.07973		0
Lądowisko Świdnik	51.23309	22.69099	EPSL	0
Port Lotniczy Lublin	51.23856	22.71659	EPLB	0
Конотоп	51.24118	33.14941	UKBF	0
Netheravon Airfield	51.24625	-1.75809	EGDN	0
Flugplatz Laucha/Dorndorf	51.24665	11.69204	EDBL	1
Flugplatz Korbach	51.25293	8.87472	EDGK	0
Kempen Airport	51.25537	5.6024	EHBD	0
Lądowisko Końskie-Komaszyce	51.25538	20.47135	EPKD	0
Zweefvliegveld Axel	51.25543	3.89101		1
Zuienkerke ULM	51.25563	3.13754	EBZU	0
Lądowisko Golędzinów	51.26272	16.92184		0
Красне	51.26309	31.24732	UKRO	0
Mendip Gliding Club	51.26314	-2.73405		0
Segelfluggelände Düsseldorf-Wolfsaap	51.26361	6.85614		1
Flugplatz Obermehler-Schlotheim	51.26717	10.63532	EDCO	0
Edington Airstrip	51.26799	-2.10179		0
Vliegveld Malle	51.26988	4.76485	EBZR	0
Segelflugplatz Klix	51.27348	14.50642	EDCI	0
Farnborough Airport	51.27603	-0.77609	EGLF	0
Titsey Airstrip	51.27619	0.02771		0
Shear Down Farm Airstrip	51.27719	-1.18798		0
Хряськ	51.28012	25.87197		0
Düsseldorf Airport	51.2871	6.76838	EDDL	0
Свидин	51.2879	24.46499		0
Walkeridge Farm Airstrip	51.29223	-1.24824		0
Verkehrslandeplatz Riesa-Göhlis	51.29322	13.35717	EDAU	0
Flugplatz Oschatz	51.29573	13.07941	EDOQ	0
Flugplatz Kamenz	51.29589	14.12496	EDCM	0
Flugplatz Werdohl-Küntrop	51.29728	7.81765	EDKW	0
Sportflugplatz Meiersberg	51.29973	6.95633		1
Segelflugplatz Riesa-Canitz	51.30231	13.22865		0
Meschede-Schüren	51.30302	8.23831	EDKM	0
Hoevenen	51.3056	4.38752	EBHN	0
Wolfhagen-Graner Berg	51.30654	9.17554	EDGW	0
Landeplatz Hagen Hof-Wahl	51.30738	7.42662		0
Verkehrslandeplatz Großenhain	51.30763	13.55284	EDAK	0
Manor Farm	51.30782	-1.67353		0
Brown Shutters Farm	51.31228	-2.31101		0
Flugplatz Altena-Hegenscheid	51.31263	7.70435	EDKD	1
Котово	51.31468	38.00907		0
White Ox Mead Airstrip	51.3198	-2.40104		0
Kępno - Kliny	51.32205	17.97273		0
Blackbushe Airport	51.3239	-0.84777	EGLK	0
Старый Оскол	51.3292	37.76929		0
London Biggin Hill Airport	51.3302	0.03279	EGKB	0
Lydeway Field	51.33114	-1.92901		0
Farthing Corner/Stoneacre Farm Airfield	51.33237	0.60013	EGMF	0
Ultraleicht-Fluggelände Kreuzebra	51.33262	10.25527		0
Flugplatz Grefrath-Niershorst	51.3338	6.35953	EDLF	0
Dębno Airstrip	51.33465	16.51762		0
Борщёво	51.33517	39.04511		0
Romney Street Airstrip	51.33549	0.22226		0
Rushett Farm Airstrip	51.33699	-0.31409		0
Maypole Airfield	51.3375	1.15551		0
Stanton Farm Airstrip	51.33876	-1.87336		0
Clutton Hill	51.3414	-2.52244		0
Rivar Hill Airfield	51.34147	-1.54189		0
Скулин	51.3438	24.91772		0
Аеродром "Вересоч"	51.3453	31.77856	UKRH	0
Manston Airport	51.34654	1.34509	EGMH	0
Fairoaks Airport	51.3481	-0.55889	EGTF	0
Flugplatz Witzenhausen-Burgberg	51.35016	9.82502		1
Rochester Airport	51.35223	0.50531	EGTO	0
Путивль	51.35466	33.91609		0
Konopnica	51.36018	18.82206	EPZK	0
Venlo Eindhoven Zweefvliegclub	51.36281	6.21559		1
Flugplatz Merseburg	51.3636	11.94167	EDAM	0
Craysmarsh	51.36365	-2.09086		0
Flugplatz Rothenburg/Görlitz	51.36372	14.95409	EDBR	0
Flugsportvereinigung Kassel-Zierenberg e.V.	51.36572	9.33721		1
Flugplatz Bad Frankenhausen	51.3727	11.1438	EDOF	0
Sportflugplatz Mengeringhausen	51.37523	8.9833	EDVG	0
Flugplatz Allstedt	51.3801	11.44739	EDBT	0
Андріївка	51.38266	31.00326		0
Norton Malreward Airstrip	51.38283	-2.56842		0
Bristol Airport	51.38307	-2.71866	EGGD	0
Lotnisko Piotrków Trybunalski - Bujny	51.38329	19.68828	EPPT	0
Brimpton Airfield	51.38362	-1.17161	EGLP	0
Sonderlandeplatz Krefeld-Egelsberg	51.38508	6.58708	EDLK	0
Zschorna UL	51.38616	12.82095		0
Port Lotniczy Warszawa-Radom	51.38876	21.21495	EPRA	0
Clench Common	51.39014	-1.73236		0
New Farm Airfield	51.3913	-2.67713		0
Oeventrop Ruhrwiesen	51.39584	8.14797		1
Чернігів (Количівка)	51.39615	31.2961		0
Flugplatz Taucha "Schwarzer Berg"	51.39632	12.53686	EDCT	0
Cardiff Airport	51.39786	-3.34382	EGFF	0
Bełchatów-Kałduny	51.40217	19.37831	EPBE	0
Flugplatz Brilon (Thülener Bruch)	51.40239	8.6421	EDKO	0
Flughafen Essen-Mülheim	51.40278	6.93805	EDLE	0
RAF Eastchurch Airfield	51.40302	0.84637		0
Saint Athan Airport	51.40436	-3.43233	EGSY	0
Colthrop Manor Farm Airstrip	51.40458	-1.22794		0
Аеропорт "Шестовиця"	51.40553	31.15775		0
Flugplatz Eichsfeld	51.40781	10.14619	EDHD	0
Saltford (Avon Lane) Airfield	51.41075	-2.44737		0
Wadswick Strip	51.41082	-2.22033		0
Hopkiln Farm Airstrip	51.41128	-0.9977		0
Линея	51.41371	30.87586		0
Селома	51.41946	42.50638		0
Flughafen Kassel	51.41959	9.39224	EDVK	0
Flughafen Leipzig/Halle	51.42105	12.23654	EDDP	0
Аеродром "Куликівка"	51.42331	31.60148	UKRK	0
Lotnisko Lubin	51.42333	16.19535	EPLU	0
Manton	51.42365	-1.77067		0
Theale-Englefield Airstrip	51.42628	-1.11146		0
Крушинець	51.42843	24.03631		0
Segelfluggelände Letmathe-Rheinermark	51.42926	7.64377		1
Yatesbury	51.43123	-1.91085		0
Lądowisko Majory	51.4316	18.05835		0
Radley Farm Airstrip	51.43359	-1.46755		0
Segelflugplatz Iserlohn-Sümmern	51.43595	7.7001	EDKS	1
Flugplatz Hain-Sondershausen	51.43798	10.77196		0
Стара Вижівка	51.4447	24.45908		0
Stoke Airfield	51.44488	0.63242		0
Flugplatz Nardt - Lětanišćo Narć	51.45085	14.20104	EDAT	0
Eindhoven Airport	51.45178	5.37789	EHEH	0
Segelflugplatz Menden-Barge	51.45927	7.83531		1
Garston Farm Airstrip	51.4602	-2.30211		0
Lotnisko Gozdnica	51.4606	15.10586		0
Agrar- und Modellflugfeld Zwochau	51.46339	12.23996		0
Segelflugplatz Dehausen	51.4636	9.04905		1
Горохово	51.46389	33.50215		0
London Heathrow Airport	51.46775	-0.45477	EGLL	0
Гремячье	51.4712	38.97516		0
Segelflugplatz Hengsen-Opherdicke	51.47269	7.6455		1
Rookery Farm Microlight Strip	51.47306	-2.40427		0
Radom-Piastów	51.47944	21.10921	EPRP	0
Membury Airfield	51.48024	-1.56238		0
Langley House Airstrip	51.48283	-2.10134		0
Flugplatz Arnsberg-Menden	51.48394	7.89852	EDLA	0
Flugplatz Schwarzheide-Schipkau	51.48775	13.87968	EDBZ	0
Старый Лещин	51.48781	36.88637		0
Szklarka Przygodzicka	51.48815	17.79504		0
Haw Farm Airstrip	51.49106	-1.2141		0
Segelflugplatz Nordhausen	51.49251	10.83659	EDAO	1
Draycot Farm Aerodrome	51.49309	-1.74369		0
Manor Farm Airstrip	51.49552	-1.48149		0
Lower Upham Aerodrome	51.49755	-1.70291		0
Segelflugplatz am Heinberg	51.49781	9.08715		1
Agrar-Flugplatz Brodau	51.49804	12.32987		0
White Waltham Airfield	51.4994	-0.77342	EGLM	0
London City Airport	51.50427	0.054	EGLC	0
Midden Zeeland	51.51284	3.73113	EHMZ	0
Flughafen Dortmund	51.51702	7.61313	EDLW	0
Мена	51.52452	32.28981		0
Хохольский	51.52797	38.82518		0
Damyns Hall Aerodrome	51.52894	0.24496	EGML	0
Flugplatz Kamp-Lintfort	51.52942	6.53617	EDLC	0
Gerpins Farm	51.53149	0.23137		0
UL-Flugplatz Hohenstein	51.53363	10.57891		0
Agrar-Flugplatz Laußig	51.53563	12.64236		0
Segelfluggelände Der Dingel	51.53644	9.38014		1
Thurrock Airfield	51.53714	0.36782	EGMT	0
Segelflugplatz Büren	51.54276	8.5811		1
Flugplatz Oberrißdorf	51.54285	11.59521	EDUO	0
Frogland Cross Airfield	51.54495	-2.52322		0
Дубечно	51.54499	24.40839		0
Old Park Farm Airstrip	51.54731	-3.71665		0
Нуйно	51.54792	24.87985		0
Badminton Airstrip	51.54864	-2.303		0
Flugplatz Falkenberg-Lönnewitz	51.54892	13.2315	EDUF	0
Волосківці	51.5509	31.98823		0
Wassersonderlandeplatz Sedlitzer See	51.55229	14.10628	EDUY	0
Flugplatz Halle-Oppin	51.55259	12.05354	EDAQ	0
Breda International Airport	51.55449	4.54733	EHSE	0
Короп	51.5547	32.93406		0
Хохол	51.55573	38.71132		0
Barnards Farm	51.56388	0.35493		0
The Chase Airstrip	51.56799	-2.3871		0
Кролевець	51.56861	33.3363		0
Barling Airstrip	51.56924	0.79538		0
London Southend Airport	51.57017	0.69246	EGMC	0
Barling Magna Airstrip	51.57063	0.77875		0
Flugplatz Torgau-Beilrode	51.5709	13.05116	EDOG	0
Вязноватовка	51.57113	38.50163		0
Lotmead Farm Airstrip	51.57274	-1.71289		0
Flugplatz Spremberg-Welzow	51.57556	14.13694	EDCY	0
Soest-Bad Sassendorf	51.5786	8.21511	EDLZ	0
Roitzschjora Airport	51.58002	12.4955	EDAW	0
Петрик	51.58458	36.20985		0
Парус	51.587	39.4897		0
Denham Aerodrome	51.58884	-0.51364	EGLD	0
EPLD Lądowisko Ldzań	51.58955	19.25418	EPLD	0
Segelfluggelände Kamen-Heeren	51.59043	7.70982		1
Flugplatz Renneritz	51.59385	12.22934	EDOX	1
Luxter Farm Private Airstrip	51.59597	-0.89286		0
Мохнатин (Н/Д)	51.59659	31.02957		0
Chase Farm	51.59685	0.39493		0
Малые Алабухи	51.5986	42.11115		0
Charlton Park Estate Airstrip	51.59891	-2.07753		0
Flughafen Weeze/Niederrhein	51.60306	6.14308	EDLV	0
Swansea Airport	51.60412	-4.06894	EGFH	0
Sandhill Farm Airfield	51.60518	-1.674		0
Wycombe Air Park	51.60962	-0.80732	EGTB	0
Flugplatz Hölleberg	51.61101	9.39854	EDVL	0
Пагоннае	51.61151	29.98084		0
Paderborn/Lippstadt	51.61447	8.61748	EDLP	0
Rawicz Airstrip	51.61523	16.90393		0
Flugplatz Schwarze Heide	51.61557	6.86194	EDLD	0
Segelflugplatz Lünen-Lippeweiden	51.61688	7.50083		1
Тим	51.62072	37.14777		0
Заболоття	51.62128	24.21739		0
Park Farm Airstrip	51.62193	-2.98623		0
Clonakilty Airstrip	51.6263	-8.916		0
Lotnisko Nowe Miasto nad Pilicą	51.62726	20.53943	EPNM	0
Балашов (Репное)	51.62835	43.15135	UWSW	0
Bowldown Farm Airstrip	51.62913	-2.24127		0
Oaksey Park Airfield	51.63234	-2.01438	EGTW	0
Flugplatz Aue/Hattorf	51.63323	10.25431		0
Flugplatz Finsterwalde-Heinrichsruh	51.63613	13.67205	EDAS	0
Airfield Gerbstedt	51.63683	11.61495		0
Jenkins Farm Airstrip	51.64011	0.20249		0
Ратне	51.64304	24.52669		0
Flugplatz Marl-Loemühle	51.64757	7.16388	EDLM	0
Landmead Farm Airstrip	51.6491	-1.37244		0
Stapleford Aerodrome	51.65272	0.15525	EGSG	0
Рышково	51.6533	36.18417		0
NPAS Lippitts Hill	51.65371	0.01727		0
Elstree Aerodrome	51.65639	-0.32693	EGTR	0
Flugplatz Wesel-Römerwardt	51.66116	6.59784	EDLX	0
Segelfluggelände Dorsten	51.66199	6.98529		1
Sonderlandeplatz Uslar	51.66207	9.60501	EDVD	0
Drayton St Leonard	51.6645	-1.12639		0
Orange Grove Barn Airstrip	51.66794	-2.19605		0
Cotswold Airport	51.66861	-2.05817	EGBP	0
Stow Maries Aerodrome	51.6696	0.62998		0
Inglesham Private Airstrip	51.66993	-1.71574		0
Bronkow Airport	51.67158	13.95989	EDBQ	1
New Model Farm Airstrip	51.67412	-0.48969		0
Chalgrove Airfield	51.67659	-1.08548	EGLJ	0
Bantry Aerodrome	51.67728	-9.4867	EIBN	0
Глухів	51.68314	33.87148		0
Vliegveld Nistelrode	51.68321	5.54886		0
Verkehrslandeplatz Neuhausen	51.68448	14.42344	EDAP	0
South Cerney	51.68773	-1.91906	EGCY	0
Paderborn-Haxterberg	51.68867	8.77493	EDLR	0
Woolaston	51.68972	-2.59789		0
Flugplatz Hamm-Lippewiesen	51.68973	7.81466	EDLH	0
Flugplatz Goch-Asperden	51.69093	6.10331	EDLG	0
Tillingham Airstrip	51.69287	0.87277		0
Ostrów Wielkopolski-Michałków	51.7006	17.84751	EPOM	0
London Colney Airfield	51.70589	-0.27603		0
Aston Down Airfield	51.70626	-2.13387		0
Flugplatz Northeim	51.70652	10.03922	EDVN	0
Vliegveld Haamstede	51.7072	3.71516		1
Піски	51.70785	32.15925		0
Галків	51.71013	30.80009		0
Segelfluggelände Weper	51.71247	9.80334		1
Pembrey Airport	51.71373	-4.31063	EGFP	0
Bristol & Gloucestershire Gliding Club	51.71486	-2.28444		1
Ріпки	51.71545	31.135	UKRV	0
South Wales Gliding Club	51.71942	-2.85021		0
Port Lotniczy Łódź im. Władysława Reymonta	51.72096	19.3935	EPLL	0
North Weald Airfield	51.72208	0.15213	EGSX	0
Flugplatz Köthen	51.72386	11.95005	EDCK	0
Чернавка	51.72483	40.34211		0
Plaistows airfield	51.72793	-0.38011		0
Willingale	51.72836	0.28678		0
Slay Barn private airstrip	51.73076	-1.14407		0
Segelfluggelände Sultmer-Berg	51.73129	9.99159		0
Кучинівка	51.73264	31.88087		0
Kemeys Commander Airstrip	51.73505	-2.93441		0
Enniskeane Airfield	51.73716	-8.86189		0
Anniesfield II Microlight Airfield	51.73898	0.74227		0
Flugplatz Ballenstedt-Quedlinburg	51.74347	11.22819	EDCB	0
Rosemarket	51.74526	-4.96423		0
Rhigos Airfield	51.74549	-3.58804		0
Курск	51.75237	36.29665	UUOK	0
Тупичів	51.75797	31.47408		0
Marianka	51.75852	14.7385		0
Авдіївка	51.76309	32.77015		0
Любешів	51.76453	25.4791		0
Flugplatz Aschersleben	51.76602	11.49811	EDCQ	0
Backstable Airstrip	51.772	-0.90998		0
Baileys Farm Airstrip	51.77868	-1.01907		0
Verkehrslandeplatz Borkenberge	51.77875	7.28844	EDLB	0
Rendcomb Airfield	51.7826	-1.95193		0
Oakley Microlight	51.78328	-1.07436		0
Clacton Airfield	51.78482	1.12995	EGSQ	0
Zweefvliegveld Malden	51.78593	5.87873		1
Coleman Green	51.79181	-0.27495		0
Abergavenny Airstrip	51.79453	-2.9938		0
Calcot Peak	51.79471	-1.83493		0
Przyborów	51.80181	15.80312		0
High Easter Airfield	51.80622	0.34115		0
Велика Глуша	51.80642	25.00573		0
Flugplatz Höxter-Holzminden	51.80712	9.37804	EDVI	0
Hunsdon	51.80789	0.07096		0
Brzeziny	51.80805	19.73845		0
Ventfield Farm Airstrip	51.80884	-1.15524		0
Касторное	51.81235	38.08245		0
Воронеж	51.81429	39.22872	UUOO	0
Segelflugplatz Palmersward	51.82222	6.27371		1
Flugplatz Oelde-Bergeler	51.83012	8.17872	EDLU	0
Flugplatz Dessau	51.83222	12.1842	EDAD	0
Cheddington Airstrip	51.83273	-0.67057		0
Haverfordwest Airport	51.83312	-4.96104	EGFE	0
Lotnisko Leszno - Strzyżewice	51.83505	16.52384	EPLS	0
Верхняя Хава	51.83647	39.89717		0
Хава	51.83674	39.89367		0
Oxford Airport	51.8371	-1.32166	EGTK	0
Spence	51.8391	-2.59124		0
Cork Airport	51.84179	-8.48819	EICK	0
Segelflugplatz Vinsebeck	51.8448	9.01476		1
Oaklands Farm	51.84713	-1.43972		0
Kingstanding Airfield	51.84771	-1.5439		0
High Cross Airstrip	51.84841	-0.00746		0
Bad Gandersheim	51.85163	10.02417	EDVA	0
Flugplatz Borken-Hoxfeld	51.85306	6.81549	EDLY	0
Magdeburg Cochstedt	51.85602	11.4166	EDBC	0
Cornbury House Airstrip	51.85755	-1.49693		0
Эртиль	51.86774	40.79396		0
London Gliding Club	51.86874	-0.54719		0
МАПП Бачівськ	51.87417	34.31593		0
Lądowisko Grójec-Słomczyn	51.87506	20.93479	EPGS	0
Kukały	51.87532	21.00292	EPKU	0
Over Farm Airstrip	51.87622	-2.28238		0
Horsey Island	51.87641	1.23115		0
London Luton Airport	51.87804	-0.37014	EGGW	0
Lądowisko Żyrów	51.88055	20.96528		0
Lądowisko Wilga	51.88167	21.36531		0
Llangarron Private Airstrip	51.88223	-2.70145		0
Park Farm	51.88228	-0.60719		0
Benington	51.88291	-0.12367		0
Rayne Hall Farm	51.88598	0.5201		0
Skierniewice-Psary	51.88604	20.325		0
London Stansted Airport	51.88697	0.24293	EGSS	0
Wolves Hall Airstrip	51.88735	1.12657		0
Gloucestershire Airport	51.89275	-2.1681	EGBJ	0
Andrewsfield	51.89587	0.4503	EGSL	0
Старі Боровичі	51.89652	31.82984	UKRS	0
Oehna	51.90035	13.05474	EDBO	0
Flugplatz Reinsdorf	51.90052	13.19818	EDOD	0
Lądowisko Grabowiec	51.9012	15.27064		0
Segelfluggelände Sassberg	51.90246	10.70052		1
Pear Tree Farm	51.90314	-1.07608		0
Hitchin (Rush Green)	51.90428	-0.24844		0
Segelfluggelände Bollrich	51.905	10.46213		0
Holmbeck Farm Airfield	51.9103	-0.72867		0
Блистовка	51.91129	32.98635		0
Bernwood Farm Airstrip	51.9119	-0.93553		0
Great Oakley Airfield	51.91227	1.18178		0
Nadolna Airfield	51.91327	19.85636		0
Earls Colne Airfield	51.9144	0.6825	EGSR	0
Blomberg-Borkhausen	51.91696	9.10911	EDVF	0
Bicester Aerodrome	51.91732	-1.1308		0
Skierniewice-Trzcianna (EPNK)	51.92665	20.26899	EPNK	0
Enstone Aerodrome	51.929	-1.42812	EGTN	0
Flugplatz Oerlinghausen	51.9313	8.66549	EDLO	0
Flugplatz Beelen	51.93169	8.08161	EDLQ	0
Былы аэрадром Невель	51.93698	25.89824		0
Lądowisko Krężce	51.9387	20.09043		0
Wormingford Glider Field	51.93944	0.79296		0
Flugplatz Detmold	51.9395	8.90534	EDLJ	0
Wincentów 2	51.93956	21.1488		0
Graveley Airstrip	51.94027	-0.20322		0
Flugplatz Münster-Telgte	51.94433	7.77363	EDLT	0
Sonderlandeplatz Kleinmühlingen	51.94765	11.76887	EDOM	0
Перелюб	51.94801	32.31419		0
Cottered	51.9481	-0.09819		0
Flugplatz Ithwiesen	51.95024	9.66456	EDVT	0
Lądowisko Sobienie Szlacheckie	51.95255	21.35331	EPSJ	0
Rotterdam The Hague Airport	51.9557	4.44072	EHRD	0
Lądowisko Księginki	51.95634	17.07558		0
Каверье	51.95968	38.9168		0
Flugplatz Bielefeld	51.96525	8.54362	EDLI	0
Flugplatz Hameln-Pyrmont	51.9678	9.29293	EDVW	0
Nayland	51.97449	0.84989		0
Lotnisko Zielona Góra-Przylep	51.97891	15.46428	EPZP	0
Talgarth Glider Field	51.98085	-3.20647		0
Аэропорт Мазыр	51.98318	29.16272	XMGM	0
Finmere	51.98497	-1.05574		0
Croughton Manor Farm Airstrip	51.98789	-1.20718		0
Міхалін	51.98863	23.90717		0
Stones Farm	51.98916	0.65789		0
Lotnisko Sportowe Gubin	51.99179	14.73199		0
Sonderlandeplatz Altes Lager	51.99424	12.97564		0
Blooms Farm Airstrip	51.99431	0.55665		0
Мясцовы аэрадром	51.995	24.71341		0
Nuthampstead	51.99529	0.07014		0
Flugplatz Stadtlohn-Vreden	51.99565	6.84228	EDLS	0
Flugplatz Schönebeck-Zackmünde	51.99808	11.78983	EDOZ	0
Sonderlandeplatz Zerbst	51.99959	12.14909	EDUZ	0
Berrow	52.00092	-2.35687		0
Ledbury	52.0019	-2.47416		0
Іванине	52.0036	32.6466		0
Radwell Lodge Airstrip	52.00518	-0.21549		0
Thornborough Grounds	52.00574	-0.93566		0
Audley End Airstrip	52.00826	0.2232		0
Hook Norton Airstrip	52.00936	-1.48985		0
Crosbie Field Microlight Airstrip	52.01296	0.7475		0
Haywood Farm Microlight Strip	52.01366	-2.75677		0
Raydon Wings Airstrip	52.01794	1.00812		0
Meppershall	52.01984	-0.35806		0
Newnham	52.01986	-0.16778		0
Segelflugplatz Hellenhagen	52.02611	9.56276		1
Broadmeadow Airstrip	52.02636	-2.76467		0
Wola Krakowiańska 2	52.02659	20.81115		0
Wola Krakowiańska 1	52.02722	20.8071		0
Андріївка	52.02748	31.54918		0
Усмань — Шаршки	52.02823	39.65625		0
Hinton-in-the-Hedges Airfield	52.02933	-1.20742		0
Salzgitter-Schäferstuhl	52.03062	10.36283	EDVJ	0
Waits Farm Airstrip	52.03424	0.64042		0
Hulcote Farm Airstrip	52.03653	-0.61817		0
Zalesie	52.03799	20.67887		0
Turweston Airport	52.03884	-1.10208	EGBT	0
Segelfluggelände Oschersleben	52.0393	11.20305	EDOL	1
Ridgewell Airfield	52.04789	0.55572		0
Kołbiel-Skorupy	52.05561	21.4286		0
Nationaal Zweefvliegcentrum Terlet	52.05575	5.92486	EHTL	0
Segelflugplatz "An den Sieben Bergen"	52.0579	9.81078		1
Nieborów-Bobrowniki	52.06574	20.03227		0
Lądowisko Kiełczynek	52.06723	17.2242		0
Cuckoo Tye Farm	52.06822	0.7362		0
Milden	52.06975	0.85706		0
Silverstone Heliport	52.07008	-1.0129	EGBV	0
Cranfield Airport	52.07213	-0.61735	EGTC	0
Verkehrslandeplatz Magdeburg City	52.07517	11.62704	EDBM	0
Elmsett Airport	52.07587	0.97779	EGST	0
Lądowisko Gassy	52.07623	21.18774		0
Pentlow Airstrip	52.07749	0.62378		0
Bycross Farm Airstrip	52.07794	-2.90744		0
Segelflugplatz Bisperode-West	52.07874	9.47595		1
Fowlmere Airfield	52.07939	0.06162	EGMA	0
Walendów	52.0805	20.85308		0
Добрянка	52.08188	31.12058	UKRD	0
Segelflugplatz Wesseln	52.08381	10.01792		1
Edgehill Gliding Club	52.08434	-1.47357		0
Old Warden Airfield	52.0849	-0.31842	EGTH	0
Hardwicke	52.0851	-3.06247		0
Croft Farm Airstrip	52.08539	-2.13616		0
Duxford	52.09382	0.13117	EGSU	0
Brickwall Farm Airstrip	52.09393	0.53236		0
Whitehill Farm	52.09705	0.01645		0
Banbury Airfield	52.1021	-1.38317		0
Rathcoole Aerodrome	52.10541	-8.98337	EIRT	0
Woodlow Farm Private Airstrip	52.10595	-2.45439		0
Cardington Airstrip	52.10611	-0.41837		0
Аэрапорт Брэст	52.10893	23.89195	UMBB	0
West Wales Airport (Aberporth)	52.11587	-4.55974	EGFA	0
Lądowisko Żodyń	52.11607	15.97728		0
Lane Farm	52.11633	-3.1949		0
Baranów	52.12162	20.48054		0
Top Farm Airfield	52.12254	-0.11763		0
Niden Manor Farm Airstrip	52.12557	-1.17013		0
Sandy Airfield	52.12934	-0.31372		0
Lavenham Airstrip	52.13301	0.77379		0
Zweefvliegterrein Soesterberg	52.13364	5.26636		0
Flughafen Münster/Osnabrück	52.13412	7.68377	EDDG	0
Debach Airfield	52.13413	1.26596		0
Дмитриев-Льговский	52.1348	35.11095		0
Große Wiese Wolfenbüttel	52.13744	10.56929		1
Bidford Gliding Club	52.13848	-1.85074		0
Port lotniczy Zielona Góra-Babimost	52.1387	15.79811	EPZG	0
Sonderlandeplatz Lüsse	52.14127	12.66659	EDOJ	0
Смяч	52.1454	33.23108		0
Segelfluggelände Borghorst-Füchten	52.15068	7.45295		1
Stoke Bruerne	52.15371	-0.92815		0
Галева	52.1552	26.12759		0
UL-Flugplatz Metelen	52.15929	7.24114		0
Green Farm Airstrip	52.16009	-1.54817		0
Woonton Airstrip	52.16206	-2.94559		0
Lotnisko Chopina	52.16309	20.96362	EPWA	0
Alscot Park	52.16464	-1.6854		0
Nowe Tarnowo	52.16494	16.76524		0
Громашовка	52.16539	35.43912		0
Little Gransden	52.16541	-0.15223	EGMJ	0
Monewden	52.16809	1.26025		0
Segelfluggelände Am Salzgittersee	52.16875	10.31578		1
Rattlesden Gliding Club	52.17113	0.87118		0
Crowfield	52.17246	1.11041	EGSO	0
Armshold Farm Airstrip	52.17443	-0.0201		0
Wickhambrook Airstrip	52.17516	0.53691		0
Flugplatz Rinteln	52.17531	9.05279	EDVR	0
New Farm Airfield	52.17574	-0.83		0
Preston Capes Airfield	52.17809	-1.17614		0
Flugplatz Hildesheim	52.17918	9.94608	EDVM	0
Kerry Airport	52.1808	-9.52451	EIKY	0
Gransden Lodge Airfield	52.18109	-0.1158		1
Waterford Airport	52.18735	-7.08664	EIWF	0
Vliegveld Hilversum	52.19153	5.14605	EHHV	0
Зернове	52.19283	33.99929		0
Wellesbourne Airfield	52.19284	-1.61446	EGBW	0
Verkehrslandeplatz Eisenhüttenstadt	52.19566	14.58596	EDAE	0
Семенівка	52.19639	32.54438	UKKS	0
Dobrosułów	52.19893	15.12669		0
Rectory Farm Airstrip	52.1997	-0.1942		0
Segelflugplatz Melle	52.20059	8.38067	EDXG	0
Glebe Farm Airstrip	52.20071	-1.36455		0
Пятилетка	52.20291	38.29979		0
Cambridge City Airport	52.20437	0.17596	EGSC	0
Flugplatz Schönhagen	52.20612	13.15981	EDAZ	0
Easton Maudit	52.21362	-0.70141		0
Green Acres Airstrip	52.21378	-3.06983		0
Парахонск	52.21383	26.42665		0
Княгинино	52.21431	34.40223		0
Lądowisko Rysie	52.22053	21.47366		0
Flugplatz Porta Westfalica	52.22197	8.86048	EDVY	0
Grove Field Airstrip	52.229	-1.61853		0
Mendlesham Airstrip	52.22967	1.12828		0
Bedford Aerodrome	52.23367	-0.44149	EGBF	0
Segelflugplatz "Rote Wiese"	52.23393	10.97833		1
Poplars Farm Airstrip	52.2346	-1.42067		0
Stratford on Avon Gliding Club	52.23549	-1.71779		0
Newmarket Heath Airfield	52.23555	0.35023	EGSW	0
Lotnisko Kąkolewo	52.2356	16.24328	EPPG	0
Sowiniec	52.23641	16.88716		0
Newnham Grounds	52.23762	-1.14166		0
Сергіївське	52.24066	32.89064		0
Імянін	52.24071	24.88936		0
Vliegveld Teuge	52.24239	6.05118	EHTE	0
Flugplatz Burg	52.2426	11.85694	EDBG	0
Little Staughton Airfield	52.243	-0.36337		0
Sochaczew-Rybno	52.24366	20.12659	EPRS	0
Shobdon Aerodrome	52.24369	-2.88071	EGBS	0
Segelflugplatz Bückeburg-Weinberg	52.25169	9.01259		1
Great Ashfield Airfield	52.25584	0.93361		0
Tower Farm	52.25937	-0.65562		0
Shelsley-Beauchamp Airstrip	52.2602	-2.39192		0
Little Haugh Hall Private Airstrip	52.26028	0.85031		0
Sackville Farm	52.26265	-0.48615		0
Lotnisko Warszawa-Babice	52.26487	20.90823	EPBC	0
Main Hall Farm Airfield	52.27177	-0.06875		0
Mostki	52.27189	15.36973		0
Whilton Airstrip	52.27486	-1.07567		0
Клишино	52.27562	35.26843		0
Vliegveld Twente	52.2763	6.88975	EHTW	0
Rheine-Eschendorf	52.27654	7.49266	EDXE	0
Аэрадром сельскагаспадарчай авіяцыі	52.28119	23.51517		0
Elan Valley Airstrip	52.28452	-3.53961		0
Flugplatz Atterheide	52.28683	7.96983	EDWO	0
Droitwich	52.28957	-2.13361		0
Exning	52.29017	0.36983		0
Rheine Bentlage Airfield	52.29124	7.38719	ETHE	0
Ultraleichtflugplatz der Deisterflieger e.V.	52.2942	9.37733		0
Zweefvliegveld Langeveld	52.2978	4.51056	EHLV	1
ILAS Airfield Taghmon	52.29792	-6.68155	EIIF	0
Hanley William	52.2991	-2.46982		0
Sywell Aerodrome	52.30574	-0.79097	EGBK	0
Калабино	52.30733	38.80961		0
Flugplatz Saarmund	52.30742	13.10057	EDCS	0
Horham Airstrip	52.30931	1.22564		0
Stow Longa	52.31454	-0.36111		0
Pitsford	52.31525	-0.87222		0
Forschungsflughafen Braunschweig-Wolfsburg	52.31916	10.55926	EDVE	0
Lądowisko Konin-Kazimierz Biskupi	52.31928	18.16483	EPKB	0
Lądowisko Ręczaje	52.31976	21.32483		0
Lądowisko Żerniki	52.32116	17.04117	EPZE	0
Lądowisko Rzepin	52.32218	14.8107		0
Peine Glindbruch-Kippe	52.32395	10.18155	EDVP	0
Luchthaven Schiphol	52.32678	4.75777	EHAM	0
Wexford Lakeview Airfield	52.32687	-6.68068		0
Kingfisher's Bridge	52.33051	0.26813		0
Stoney Lane	52.332	-1.99333		0
Mitchells Farm	52.33739	0.18288		0
Hold Farm Airstrip	52.34292	-0.78274		0
Hinderclay Meadows	52.34453	0.97634		0
Wortham Airstrip	52.34547	1.06489		0
Ardfert Airstrip	52.34613	-9.76247		0
Flugplatz Bohmte	52.35157	8.3273	EDXD	0
Little Chase Farm	52.35732	-1.62094		0
Little Down Farm Airstrip	52.36155	-2.54578		0
Lądowisko Poznań-Zborowo	52.36202	16.63872	EPZB	0
Аэрадром сельскагаспадарчай авіяцыі	52.36206	23.54416		0
Flughafen Berlin Brandenburg	52.36577	13.49691	EDDB	0
Keyston	52.36752	-0.47791		0
Wold Lodge Airstrip	52.36822	-0.63354		0
Coventry Airport	52.36999	-1.47818	EGBE	0
Bedwell Hey Farm Airstrip	52.37279	0.22476		0
Knettishall Airstrip	52.37569	0.88313		0
Laurel Farm Airstrip	52.37788	1.30874		0
Flugplatz Achmer	52.37825	7.91361	EDXA	0
Lotnisko Powidz	52.38011	17.85304	EPPW	0
Ballyboe Airstrip	52.3861	-7.61854		0
Sutton Meadows	52.38648	0.0606		0
Grove Farm Airstrip	52.38707	1.25623		0
Abbeyfeale Airfield	52.39576	-9.34127		0
Pound Green Airfield	52.40341	-2.35456		0
Hemploe Farm Strip	52.40421	-1.0734		0
Rothwell Airstrip	52.41156	-0.79003		0
Камянец	52.41377	23.79618	UMNT	0
Ballyvaloo Airstrip	52.41444	-6.36306		0
Międzyrzecz 2	52.42013	15.58032		0
Port Lotniczy Poznań-Ławica im. Henryka Wieniawskiego	52.42055	16.82749	EPPO	0
Woodwalton Private Airstrip	52.42111	-0.2486		0
Lark Engine Farmhouse	52.42268	0.37768		0
Стебаево	52.42814	39.28759		0
Nene Valley Gliding Club	52.43219	-0.14743		1
Грязи	52.43454	39.90159		0
Beccles Airfield	52.43537	1.61868	EGSM	0
Lotnisko Poznań-Kobylnica	52.43542	17.04547	EPPK	0
Flugplatz Brandenburg/Mühlenfeld	52.43567	12.59069	EDBE	1
Husbands Bosworth airfield	52.43932	-1.04191		0
Lotnisko Roszczep	52.44046	21.32428	EPVA	0
UL-Flugplatz Katensen	52.44116	10.16613		0
Międzyrzecz 1	52.44132	15.62046		0
Малая Сердоба	52.44598	44.961		0
Tibenham Priory Farm	52.44928	1.12987		0
Port Lotniczy Warszawa-Modlin	52.45169	20.65061	EPMO	0
Church Farm Airstrip	52.45324	1.50233		0
Birmingham Airport	52.45438	-1.7469	EGBB	0
Lelystad Airport	52.45495	5.51514	EHLE	0
Tibenham Airfield	52.45669	1.15536		0
Flugplatz Nordhorn-Lingen	52.45822	7.18279	EDWN	0
Flughafen Hannover-Langenhagen	52.46146	9.68012	EDDV	0
Marston Trussell airstrip	52.4627	-0.99451		0
Борщово	52.46499	33.15986		0
Lyveden Gliding	52.46532	-0.57481		1
Vliegveld Salland	52.46707	6.33211		1
Peterborough Conington	52.46804	-0.25041	EGSF	0
Fethard Airstrip	52.47171	-7.7346		0
Camp Farm Airstrip	52.47289	-1.44687		0
Bitteswell Farm Airstrip	52.4739	-1.20667		0
Folwark-Piaski	52.47985	17.7679		0
Viners Airstrip	52.48082	-1.34425		0
Sonderlandeplatz Eggersdorf	52.48178	14.08795	EDCE	1
Bakersfield	52.48495	-0.61803		0
Chatteris	52.48763	0.0891		0
Long Stratton	52.48815	1.21652		0
Flugplatz Damme	52.48833	8.18529	EDWC	0
Bruntingthorpe Proving Ground	52.4898	-1.13327		0
Old Buckenham Airfield	52.49996	1.05867	EGSV	0
Ditton Priors	52.50358	-2.56256		0
Deenethorpe	52.50627	-0.58901		0
Claybrooke Farm	52.50779	-1.28075		0
Seething Airfield	52.51106	1.41741	EGSJ	0
Wateringhill Farm Airstrip	52.51182	0.18317		0
White Fen Farm Airstrip	52.51564	-0.0054		0
Morriscastle Airstrip	52.51583	-6.26386		0
Wolverhampton Halfpenny Green Airport	52.51724	-2.26161	EGBO	0
Midland Gliding Club	52.51823	-2.8796		0
Lądowisko Lubikowo	52.52373	15.7248		0
Segelflugplatz Wilsche	52.52383	10.46273	EDVQ	0
Аэрапорт Гомель	52.52652	31.01572	UMGG	0
Furze Farm Airstrip	52.52728	-0.3584		0
Flugplatz Gardelegen	52.52953	11.35023	EDOC	1
Lądowisko Poznań-Bednary	52.53455	17.21703	EPPB	0
Segelfluggelände "Großes Moor"	52.53601	10.01936		1
Southery Airstrip	52.53851	0.3839		0
Eerste Zaanse Zweefvlieg Club	52.53875	4.6268		1
Manor Farm Airstrip	52.54141	-0.86475		0
Sibson Aerodrome	52.55644	-0.38942	EGSP	0
Spanhoe	52.55823	-0.62037		0
Płock-Kostrogaj	52.56217	19.72023	EPPL	0
Pond Farm Airstrip	52.56291	1.45222		0
Segelflugplatz Stüde	52.56389	10.68481		0
Стародуб	52.56806	32.80096		0
Charity Farm Airstrip	52.56915	-1.61291		0
Ballinvally Farm Airstrip	52.57129	-6.3177		0
Lotnisko Chrcynno	52.57263	20.87168	EPNC	0
Verkehrslandeplatz Strausberg	52.58049	13.91502	EDAY	0
Stoke Golding	52.58076	-1.42842		0
Flugplatz Diepholz-Dümmerland	52.58168	8.34828		0
Пружаны	52.58209	24.37978	UMNV	0
Milton	52.58332	-0.32972		0
Lotnisko Kruszyn	52.58343	19.01276	EPWK	0
Mill Farm Airstrip	52.58368	-2.63797		0
Boughton	52.58438	0.5153		0
Chalin 1 Airstrip	52.58502	16.03374		0
Boughton North	52.59087	0.51653		0
Lickfinn Airstrip	52.59135	-7.64344		0
Segelfluggelände Oppershausen	52.59525	10.22305		1
Старый Вышков	52.5961	31.66631		0
Brittas House	52.60391	-8.41759		0
Sibson	52.60588	-1.46199		0
Leicester Airport	52.60782	-1.03177	EGBG	0
Sieraków-Lutomek Airfield	52.60866	16.15035	EPSP	0
Talybont	52.61241	-4.07504		0
Flugplatz Neuhardenberg	52.61417	14.23895	EDON	0
Новые Бобовичи	52.61709	31.71249		0
Segelfluggelände Ummern	52.61963	10.41002		1
Kiełpin	52.62053	15.20084	EPFG	0
Wharf Farm	52.62731	-1.41841		0
Welshpool Airport	52.62895	-3.15307	EGCW	0
Shipdham Airfield	52.6294	0.92806	EGSA	0
Jubilee Farm	52.6308	0.06435		0
Verkehrslandeplatz Stendal-Borstel	52.63192	11.82184	EDOV	0
Flugplatz Werneuchen	52.63218	13.76866	EDBW	0
Zdziar-Łopatki Airfield	52.6355	20.07005	EPZL	0
Lodge Farm Airstrip	52.63674	-1.39027		0
Телегино	52.637	38.40048		0
Warrens Airstrip	52.63992	-6.29883		0
Shenstone Hall Farm Airstrip	52.6409	-1.82324		0
Marshland Airfield	52.64157	0.2931	EGSI	0
Gowran Airstrip	52.64266	-7.12042		0
Twycross (Gopsall House)	52.64319	-1.47177		0
Николаевка	52.64814	40.98897		0
Flugplatz Stechow-Ferchesar	52.65012	12.48652	EDUA	0
Kilkenny Airport	52.65105	-7.29979	EIKK	0
Shacklewell Lodge Farm	52.65246	-0.57099		0
Flugplatz Bienenfarm	52.65913	12.74699	EDOI	0
Кромы	52.65926	35.83495		0
Luftsportverein Quakenbrück	52.66351	7.93133		1
Coonagh	52.66619	-8.68202	EICN	0
Lądowisko Milewo	52.66653	20.42779	EPMX	0
Lądowisko Oborniki Słonawy	52.66811	16.77068		0
Shifnal	52.66839	-2.39914		0
Forest Farm	52.66921	-3.02993		0
Segelfluggelände Berliner Heide	52.66973	10.37029		1
Segelfluggelände Celle-Scheuen	52.67008	10.08848		1
Cottage Farm Airstrip	52.67043	-1.52194		0
Lądowisko Witnica	52.67343	14.86925		0
Fisherwick Airfield	52.67392	-1.72353		0
Катичи	52.67489	31.78332		0
Norwich Airport	52.67648	1.2815	EGSH	0
Bucharzewo Airstrip	52.67846	16.11214		0
De Voorst	52.68454	5.91123	EHDV	0
Celle-Arloh	52.68748	10.11187	EDVC	0
Ranksborough Farm Airstrip	52.68915	-0.77532		0
Jaryszewo	52.69162	16.60799		0
Ulim	52.69356	15.21591	EPGU	0
Shannon Airport	52.70004	-8.92447	EINN	0
Lądowisko Cieszkowo	52.70035	20.27785		0
Breidden	52.70217	-3.09234		0
Клепачы	52.70379	24.37813		0
Липецк	52.70381	39.53157	UUOL	0
Felthorpe Airfield	52.70546	1.19462		0
Sittles Airfield	52.70713	-1.75006		0
Klietz/Scharlibbe	52.709	12.07226	EDCL	0
Crowland	52.70955	-0.13967		0
Otherton	52.70956	-2.09197		0
Sportflugplatz Holzbalge	52.71033	9.16211	EDXI	0
Sonderlandeplatz Brunsiek	52.71229	9.87293		0
Leśna Baza Lotnicza im. Janusza Kacprowskiego w Lipkach Wielkich	52.71718	15.51346		0
Ludham Airfield	52.71835	1.55163		0
East Winch	52.72374	0.52419		0
Vliegveld Hoogeveen	52.73155	6.51805	EHHO	0
Grangewood	52.73251	-1.58238		0
Mitton Micro Base	52.73259	-2.1835		0
Swanton Morley	52.7348	0.96201		0
Lower Grounds Farm Airstrip	52.73717	-2.60274		0
Fenland Airfield	52.73923	-0.03098	EGCL	0
Flugplatz Stölln/Rhinow	52.73938	12.39058	EDOR	0
Eye Kettleby Airstrip	52.7406	-0.90632		0
Смуглянка	52.74285	39.38199		0
Northorpe Fen Airstrip	52.74548	-0.34234		0
Заря	52.75193	41.73055		0
Найтоповичи	52.75208	32.67948		0
Григорьевка	52.75858	43.61924		0
Valley Farm Airstrip	52.76207	-2.1264		0
Wysoka	52.76278	15.0043		0
Flugplatz Hodenhagen	52.76397	9.61	EDVH	0
Lądowisko Różanki	52.77242	15.30647		0
Great Massingham	52.77887	0.67639		0
Black Spring Farm Airstrip	52.78052	-0.52795		0
Horse Leys Farm Airstrip	52.78536	-1.09666		0
Czyże	52.78621	23.43097	EPCH	0
Verkehrslandeplatz Fehrbellin	52.79292	12.76045	EDBF	0
Wymeswold Airstrip	52.79518	-1.07645		0
Lądowisko Trzebicz Nowy	52.79942	15.7943	EPTN	0
Flugplatz Dankern/Haren	52.80266	7.16149		0
Childs Ercall	52.80283	-2.50196		0
Annowo	52.80312	17.88006		0
Sandford Hall Airstrip	52.80456	-2.99079		0
Holly Hill Farm Airstrip	52.80619	0.95844		0
Тамбов — Донское	52.8062	41.48255	UUOT	0
Llanbedr Airfield	52.80629	-4.125	EGFD	0
Lotnisko Aeroklubu Kujawskiego	52.8064	18.2847	EPIN	0
The Forge Airstrip	52.8102	-8.13746		0
Erinagh Airfield	52.81087	-8.28443	EIER	0
Segelfluggelände Hoya	52.81188	9.16344	EDHY	1
Wingland Airfield	52.8138	0.1149		0
Tatenhill Airfield	52.81418	-1.76549	EGBM	0
Vliegveld Middenmeer	52.81508	5.02126	EHMM	0
Лаврово	52.81647	36.01126		0
Abbots Bromley (Yeatshall Farm)	52.81773	-1.9002		0
Riding Bank Farm Airstrip	52.82055	-1.44655		0
Sonderlandeplatz Segeletz	52.82693	12.54169	EDAI	0
Flugplatz Klein Gartz	52.82736	11.31632		1
Blue Tile Farm Airstrip	52.82752	1.00357		0
Seighford Airfield	52.82785	-2.20435		0
Verkehrslandeplatz Eberswalde-Finow	52.82793	13.70496	EDAV	0
East Midlands Airport	52.82811	-1.33221	EGNX	0
Buckminster Gliding Club	52.82891	-0.71433		0
Sleap Airfield	52.83336	-2.77056	EGCV	0
Pencraig Airstrip	52.83452	-3.42		0
Lotnisko Ostrów Mazowiecka- Grądy	52.83695	21.77669	EPGY	0
Spanish Point Airfield	52.84606	-9.41513	EISP	0
Rhoshirwaun	52.84746	-4.68163		0
Hacketstown Aerodrome	52.85694	-6.54853	EIHN	0
Derby Airfield	52.85973	-1.6157	EGBD	0
Little Snoring Airfield	52.85995	0.90323		0
Decoy Farm Airstrip	52.86557	-0.30699		0
Killamaster Airstrip	52.86655	-6.81025		0
Пугачёвка	52.88338	36.20461		0
Walsrode-Luisenhöhe	52.88911	9.60103		1
Langar Airfield	52.89189	-0.9016		0
Longford Airstrip	52.89321	-2.53013		0
Cromer (Northrepps) Aerodrome	52.89345	1.32036		0
Maganey Airstrip	52.89877	-6.92896		0
Zweefvliegcentrum Noordkop	52.89887	5.011		1
Dinas Farm Private Airstrip	52.89975	-4.57197		0
Herburtowo	52.90222	16.13001		0
Narew 2	52.90585	23.54594	EPHN	0
Flugplatz Varrelbusch	52.91006	8.0435	EDWU	0
Глуск	52.91074	28.66488		0
Manor Farm	52.91261	0.95268		0
Verkehrslandeplatz Kyritz	52.91793	12.42523	EDBK	0
Brook Farm Airstrip	52.91923	-1.73757		0
Nottingham City Airport	52.91928	-1.08046	EGBN	0
Почеп	52.92239	33.55608		0
Den Helder Airport	52.92333	4.78203	EHKD	0
Borris-in-Ossory Airstrip	52.92628	-7.6527		0
Mountshannon Seaplane Base	52.93049	-8.4249	EIMS	0
Ballymoney Airfield	52.93241	-6.08221		0
Tilstock Airfield	52.93292	-2.64772	EGCT	0
Турмасово	52.93529	40.50961		0
Орёл	52.9359	36.00433		0
Burnham Airstrip	52.93791	0.77186		0
Lądowisko Chojna	52.94085	14.42106		0
Segelflugplatz Neuruppin	52.94278	12.77989		1
Myślibórz-Giżyn	52.94431	15.02756	EPMY	0
Chirk Airfield	52.94744	-3.04605		0
Weybourne	52.94782	1.1232		0
Trench Farm Airstrip	52.95208	-2.92244		0
Modellflugplatz	52.95459	7.56275		0
Segelflugplatz Surwold	52.95579	7.55643		0
Горелое	52.95767	41.46862		0
Flugplatz Verden-Scharnhorst	52.9654	9.28243	EDWV	0
Darley Moor	52.97048	-1.7484		0
Boston Aeroclub	52.97484	-0.07187		0
Hanbeck Farm Airstrip	52.97504	-0.4943		0
Park Hall Airstrip	52.98224	-1.37104		0
Flugplatz Uelzen	52.98345	10.46633	EDVU	0
Segelflugplatz Große Höhe	52.98602	8.57181		1
Lądowisko Konopki	52.98961	20.50669		0
Gay Treacy Airstrip	52.98996	-7.89223		0
Vliegveld Stadskanaal	52.99657	7.02235	EHST	0
Holly Meadow Farm Airstrip	53.0049	-1.65702		0
Flugplatz Gransee	53.00578	13.20168	EDUG	0
Glebe Farm Airstrip	53.0065	-0.69017		0
Jericho Farm	53.0103	-1.05704		0
Lądowisko Przasnysz-Sierakowo	53.01371	20.93052	EPPZ	0
Мінькаў	53.01522	29.87884	UMGI	0
Берёзовка	53.01531	33.22068		0
Flugplatz Lüchow-Rehbeck	53.01686	11.14585	EDHC	0
Аэродром "Поим"	53.0259	43.15048		0
Watnall Airfield	53.02923	-1.25591		0
Lotnisko Toruń	53.03081	18.54777	EPTO	0
Дивовка	53.03117	32.98497		0
Segelflugplatz Alte Ems	53.03162	7.30506		1
Calton Moor Airfield	53.0331	-1.83493		0
Verkehrslandeplatz Ganderkesee	53.03583	8.50624	EDWQ	0
North Wales Gliding Club	53.04323	-3.22195		0
Anwick-Old Manor Farm	53.044	-0.33279		0
Bankwood Farm Airstrip	53.04518	-0.99737		0
Flughafen Bremen	53.04534	8.78711	EDDW	0
Stradbally Airstrip	53.04541	-7.16499		0
Pennant Uchaf Airstrip	53.04587	-3.22299		0
Rypin	53.04709	19.42536		0
Weser-Wümme	53.05386	9.20826	EDWM	0
Salterford Farm Airfield	53.06174	-1.09422		0
Kilrush Airfield	53.06236	-6.85679	EIKH	0
Nantclwyd	53.06327	-3.32328		0
Aeradróm Inis Oírr	53.06447	-9.51128	EIIR	0
Ripley Airfield	53.0648	-1.38829		0
Whaley Farm Airstrip	53.0669	-0.15214		0
Flugplatz Oldenburg-Hatten	53.06841	8.31266	EDWH	0
Segelflugplatz Perleberg	53.07013	11.8187	EDUP	0
Birr Aerodrome	53.07063	-7.89739	EIBR	0
Newcastle Airfield	53.07412	-6.03992	EINC	0
Griffins Farm Airstrip	53.0773	-0.51185		0
Butterfield Farm Airstrip	53.07859	-1.40377		0
Eyne Airfield	53.08178	-7.27671		0
Averham-Rectory Farm	53.08651	-0.84859		0
Согласие	53.08658	34.92565		0
Aeradróm Inis Meáin	53.09376	-9.56855	EIMN	0
Port Lotniczy Bydgoszcz-Szwederowo	53.09823	17.97777	EPBY	0
Александровка	53.0986	44.29048		0
Lotnisko Białystok-Krywlany	53.10211	23.17383	EPBK	0
Lotnisko Bydgoszcz-Biedaszkowo	53.10288	17.95945	EPBD	0
Caernarfon Airport	53.10634	-4.33774	EGCK	0
Dairy House Farm Airfield	53.10648	-2.50371		0
Aeradróm Inis Mór	53.10665	-9.65316	EIIM	0
Аэропорт Пенза имени Виссариона Белинского	53.10972	45.02645	UWPP	0
Texel International Airport	53.11537	4.83057	EHTX	0
Limetree Airfield	53.11549	-7.24383		0
Onecoat Morridge Airstrip	53.11628	-1.94538		0
Vliegveld Drachten	53.11832	6.12868	EHDR	0
Аэродром "Кикино"	53.11961	43.82313		0
Caunton	53.11988	-0.89148		0
Groningen Airport Eelde	53.12077	6.57538	EHGG	0
Croft	53.12312	0.25226		0
Loxley Airfield	53.12771	0.0298		0
Flugplatz Rotenburg	53.12972	9.35138	EDXQ	0
East Kirkby	53.13711	0.00044		0
Lądowisko Śmiłowo	53.14494	16.88192	EPPS	0
Segelfluggelände Höpen	53.14766	9.79616		1
Cae Mawr Tyddyn Hen	53.15767	-4.23509		0
Beeches Farm Airstrip	53.15941	-0.72544		0
Benfield	53.16147	-7.26737	EIBF	0
Flugplatz Barßel	53.16375	7.79519	EDXL	0
Ashcroft	53.16435	-2.5723	EGCR	0
Curragh Camp Racecourse Airstrip	53.1651	-6.84504		0
Lądowisko Piła	53.16894	16.71286	EPPI	0
O'Loughlin Airstrip	53.1702	-7.01893		0
Camus Airstrip	53.17146	-8.11334		0
South Hykeham	53.17229	-0.6041		0
Skegness (Ingoldmells) Aerodrome	53.1743	0.3278	EGNI	0
Gowran Grange Aerodrome	53.17667	-6.63599	EIGN	0
Hawarden Airport	53.17963	-2.97358	EGNR	0
Pritzwalk-Sommersberg	53.18019	12.18486	EDBU	0
Northfield Farm Airstrip	53.18717	0.03176		0
Zieleń Airstrip	53.18856	18.96139	EPZI	0
Grange Farm Private Airstrip	53.19479	-0.80808		0
Segelflugplatz Kammermark	53.19677	12.16429		1
Windsor Farm Airstrip	53.19739	0.03793		0
Доўск	53.19756	30.43646		0
Bucknall	53.20004	-0.25339		0
Sonderlandeplatz Lauenbrück	53.20743	9.57466	EDHU	0
Fern Farm Airstrip	53.2075	-2.25263		0
Vliegveld Oostwold	53.20871	7.03411	EHOW	0
Segelflugplatz Rostrup	53.21026	7.98858		1
Бабруйскі аэраклуб	53.21027	29.1292	UMNS	0
Lleweni Parc Glyndwr Soaring Club	53.21044	-3.38555		0
Segelfluggelände Osterholz-Scharmbeck	53.21387	8.81044		0
Брянск	53.21423	34.17887	UUBP	0
Богословка	53.21639	44.83191		0
Ashley's Field	53.21916	0.27218		0
Segelflugplatz Wittstock/Berlinchen	53.2295	12.56694		1
Krynice Kolonia	53.23	23.04444		0
Aerphort Chonamara	53.2306	-9.46839	EICA	0
Carr Farm Airstrip	53.2331	-0.73129		0
Darlton Gliding Club	53.24582	-0.85904		0
Craughwell Airstrip	53.24587	-8.68783		0
Flugplatz Lüneburg	53.24825	10.45825	EDHG	0
Clonbullogue Airfield	53.25009	-7.12298	EICL	0
Segelfluggelände Tarmstedt	53.25071	9.10906		0
Allenwood Airstrip	53.26787	-6.83893		0
Чаплыгин	53.26835	39.95719		0
Bryngwyn Bach Airfield	53.26985	-3.35581		0
Millicent Airfield	53.27181	-6.68599		0
Flugplatz Leer-Papenburg	53.27186	7.44197	EDWF	0
Lądowisko Wlewsk	53.27545	19.76057		0
Страшевичи	53.2778	33.90841		0
Retford Gamston Airport	53.2806	-0.95139	EGNE	0
Rhedyn Coch Farm Airstrip	53.28336	-3.36687		0
Headon Airfield	53.28389	-0.87378		0
Szorce	53.28543	22.67429		0
Sonderlandeplatz Hüttenbusch	53.28634	8.94857	EDXU	0
Flugplatz Westerstede-Felde	53.28854	7.9298	EDWX	0
Spollens Airstrip	53.29394	-7.52478		0
Lotnisko Watorowo	53.29851	18.41539	EPWT	0
Galway Airport	53.30051	-8.94092	EICM	0
Forwood Farm	53.30356	-0.85024		0
Coal Aston	53.30461	-1.42889	EGCA	0
Müritz Airpark	53.30497	12.75169	EDAX	0
Derbyshire and Lancashire Gliding Club	53.30534	-1.72964		1
Strubby Glider Field	53.30797	0.16756		1
Strubby North Airfield	53.31103	0.17302	EGCG	0
Grove Farm	53.31405	-0.86627		0
Highfield Farm Airstrip	53.31671	-0.07235		0
Netherthorpe Airfield	53.31689	-1.19674	EGNF	0
Wickenby Aerodrome	53.31726	-0.34766	EGNW	0
Stow	53.32157	-0.67814		0
Flugplatz Wiefelstede-Conneforde	53.32162	8.07366	EDWP	0
Segelfluggelände Holtorfsloh	53.32247	10.07402		0
North Reston Hall Farm	53.32567	0.07169		0
Arley Airstrip	53.33316	-2.5167		0
Sonderlandeplatz Karlshöfen	53.33366	9.02841	EDWK	0
Liverpool John Lennon Airport	53.33577	-2.85023	EGGP	0
Segelfluggelände Wenzendorf	53.3375	9.77915		1
Бежица	53.34068	34.23377		0
Hawksview	53.34222	-2.5253		0
Manchester Airport	53.35032	-2.27988	EGCC	0
Weston Airport	53.35222	-6.49288	EIWT	0
Lądowisko Robakowo	53.35427	18.66706		0
Louth	53.35799	0.03262		0
Flugplatz Neustadt-Glewe	53.36103	11.61287	EDAN	0
Lotnisko "Brody"	53.36117	23.13331		0
West Burton Airstrip	53.36245	-0.82942		0
Eastfield Farm Airstrip	53.365	0.12069		0
Тургенево	53.36648	37.28836	UUWX	0
Lymm Dam	53.36884	-2.47641		0
Flugplatz Holste-Hellingst	53.37495	8.85024		1
Sturgate Airfield	53.3811	-0.68528	EGCS	0
Segelflugplatz Neu Gülze	53.3811	10.80381		1
Flugplatz Emden	53.39018	7.22764	EDWE	0
Lotnisko Szczecin-Dąbie	53.39231	14.63055	EPSD	0
Lotnisko Białousy	53.40536	23.2289		0
Мядзвядка	53.4069	26.36791		0
Warrington Airstrip	53.40909	-2.50855		0
Segelflugplatz Bohlenbergerfeld	53.41819	7.90426		0
Luftsportverein Parchim e. V.	53.42117	11.80722		0
Willow Farm	53.42186	-0.91015		0
Dolly's Grove	53.42237	-6.54622	EIDG	0
Dublin Airport	53.42833	-6.26791	EIDW	0
Brookfield Farm Airstrip	53.42868	-0.34768		0
Kenyon Hall Farm Microlight Airstrip	53.44418	-2.57371		0
Taggarts Airstrip	53.44878	-7.04775		0
Ameland Airport Ballum	53.45104	5.67891	EHAL	0
Milltownpass Airfield	53.45226	-7.23744		0
Kenyon Hall Farm Airstrip	53.45408	-2.58118		0
Segelflugplatz Fischbek	53.45563	9.83032		1
Manchester Barton Aerodrome	53.47107	-2.39114	EGCB	0
Аэропорт Ольхи	53.47561	37.24056		0
Port lotniczy Olsztyn-Mazury	53.48123	20.93477	EPSY	0
Segelfluggelände Aurich-Brockzetel	53.48127	7.65097		0
Haxey	53.49248	-0.81436		0
Hibaldstow Airfield	53.49784	-0.51968		0
North Cotes	53.49822	0.06263		0
JadeWeserAirport	53.50139	8.05291	EDWI	0
Ballyboughal Airfield	53.50583	-6.23779	EIBB	0
Flugplatz Pasewalk	53.50725	13.94881	EDCV	0
Bryn Gates Airfield	53.51284	-2.62588		0
Segelflugplatz Boberg	53.51517	10.14453		1
Lądowisko Czaplinek-Broczyno	53.51902	16.2832		0
Dorans Airstrip	53.51975	-7.67958		0
Lotnisko Grudziądz-Lisie Kąty	53.52416	18.84758	EPGI	0
Debrzno	53.52481	17.25783		0
Pacółtowo	53.53144	20.15403		0
Low Hill Farm Airstrip	53.53452	-0.68486		0
Flugplatz Hamburg-Finkenwerder	53.53556	9.83224	EDHI	0
Ince Airstrip	53.53598	-3.03113		0
Adamstown Airfield	53.53705	-6.73207		0
Flugplatz Blexen	53.53793	8.53798	EDWT	0
Clifden Airfield	53.5418	-10.08368	EICD	0
Trevet	53.54381	-6.53367	EITT	0
Craddenstown Airfield	53.54401	-7.06057		0
Турэц	53.54462	26.30231		0
Sandtoft Airfield	53.55979	-0.85916	EGCF	0
Flugplatz Stade	53.56056	9.50004	EDHS	0
Овсорок	53.56115	34.72423		0
Lindens Farm Airstrip	53.56187	-0.20429		0
Малое Пичаево	53.56675	41.76398		0
Waren/Vielist	53.56801	12.6517	EDOW	1
Sonderlandeplatz Kührstedt	53.56827	8.78911	EDXZ	0
DOL Debrzno (Słupia)	53.5715	17.26224		0
Humberside Airport	53.5736	-0.34948	EGNJ	0
Trim Airfield	53.57478	-6.73758	EITM	0
Lądowisko Borne Sulinowo	53.57577	16.52794		0
Lotnisko Lasów Państwowych	53.57594	18.48414		0
Segelflugplatz Grambeker Heide	53.58324	10.69857		1
Port Lotniczy Szczecin-Goleniów im. NSZZ "Solidarność"	53.58427	14.90205	EPSC	0
Abbeyshrule Aerodrome	53.59236	-7.64299	EIAB	0
Wilcze Laski	53.59444	16.72406		0
Flugplatz Borkum	53.59583	6.7121	EDWR	0
Аэрапорт Гродна	53.5978	24.0502	UMMG	0
Шчучын	53.59943	24.76531		0
Flughafen Neubrandenburg-Trollenhagen	53.60441	13.30571	EDBN	0
Lotnisko Gryźliny	53.60887	20.34829	EPGR	0
Askern-Church Farm	53.61025	-1.13403		0
Drahimek	53.61442	16.18598		0
Flugplatz Pinnow	53.61601	11.56193	EDBP	1
Inishbofin Airfield	53.61938	-10.21116	EIIB	0
Huddersfield (Crosland Moor)	53.62058	-1.83204		0
Snug Beag Airfield	53.62819	-7.01079	EISB	0
Walton Wood	53.62969	-1.26424		0
Flugplatz Norden-Norddeich	53.63355	7.19048	EDWS	0
Караліно	53.6339	23.73675	UMNG	0
Hamburg Airport Helmut Schmidt	53.63634	9.98281	EDDH	0
Ballyboy Airfield	53.63793	-6.88013	EIMH	0
Flugplatz Uetersen/Heist	53.64718	9.7028	EDHE	0
Whites Airstrip	53.66343	-8.6348		0
Lądowisko Babięta	53.66823	21.25467	EPBB	0
Chełmżyca	53.67049	19.46115		0
Lądowisko Kamionka	53.67648	18.63031		0
Bridge Cottage Airstrip	53.67905	-1.10141		0
Chojnice	53.68031	17.53277		0
Flugplatz Juist	53.68166	7.05565	EDWJ	0
Carr Valley	53.68843	-2.79649		0
Laytown Airstrip	53.69135	-6.26939		0
Navan Airfield	53.69607	-6.65525	EIHH	0
Flugplatz Ahrenlohe	53.69999	9.74122	EDHO	0
Вадинск	53.70481	43.03593		0
Flugplatz Harle	53.70608	7.82019	EDXP	0
Flugplatz Norderney	53.7073	7.22818	EDWY	0
Dowth Hall Airstrip	53.70905	-6.43803		0
Lotnisko Rostki	53.70972	21.90972		0
Hollym	53.71008	0.03803		0
Hollym (Cliff Top)	53.7151	0.05068		0
Lądowisko Stary Kamień	53.72431	19.20513		0
Flugplatz Baltrum	53.72485	7.37315	EDWZ	0
Аэродром Сараи	53.72654	40.98104		0
Rytel-Uboga	53.73984	17.82839		0
Flugplatz Langeoog	53.74248	7.49693	EDWL	0
Warton Aerodrome	53.74404	-2.88631	EGNO	0
Higher Barn Farm Airstrip	53.74509	-2.60408		0
Сула	53.74834	26.86574		0
Burn Gliding Club	53.74951	-1.09769		0
Granard Airfield	53.75797	-7.53251		0
Софьинка	53.76812	38.65315		0
Flugplatz Nordholz-Spieka	53.76839	8.642	EDXN	0
Брошенный сельский аэродром	53.77105	33.07165		0
Аэродром Назарьево	53.7713	41.23375		0
Mount Airey	53.77232	-0.57594		0
Lotnisko Dajtki	53.77282	20.41363	EPOD	0
Blackpool Airport	53.77306	-3.03021	EGNH	0
Flugplatz Wangerooge	53.78522	7.91837	EDWG	0
Cliffe	53.7858	-0.99984		0
Sherburn Aero Club	53.7867	-1.21585	EGCJ	0
Garforth	53.7908	-1.3561		0
Аэродром Ухолово	53.79592	40.45323		0
Lough Sheelin Airfield	53.79643	-7.28456		0
Garton Field	53.79655	-0.09115		0
Breighton	53.80258	-0.91701		0
Güstrow Flugplatz	53.80318	12.22992	EDCU	1
Зарэчча	53.80334	31.01339		0
Flughafen Lübeck-Blankensee	53.80458	10.71713	EDHL	0
Ełk-Makosieje	53.80712	22.54127	EPEK	0
Oxenhope	53.81374	-1.93267		0
Birchwoord Lodge Airstrip	53.81834	-1.01203		0
Lotnisko w Sąpolnie	53.82513	17.35188		0
Mrągowo	53.82515	21.31824	EPMG	0
Verkehrslandeplatz Anklam	53.83238	13.66964	EDCA	0
Leeds East Airport	53.8367	-1.19327	EGCM	0
Mrągowo-Nikutowo	53.83904	21.29739		0
Redmoor Farm	53.84041	-0.97192		0
St Michaels	53.85167	-2.79307		0
Ballyjamesduff Airstrip	53.8645	-7.21497		0
Leeds Bradford Airport	53.8667	-1.66014	EGNM	0
Melrose Farm	53.86843	-0.83795		0
Аэродром Лесная Поляна	53.87815	41.65028		0
Flughafen Heringsdorf	53.87854	14.15195	EDAH	0
Tibohine Airfield	53.88398	-8.48836	EITB	0
Chipping Airfield	53.88436	-2.6204		0
Нацыянальны аэрапорт «Мінск»	53.88763	28.03971	UMMS	0
Ballyvarry Airstrip	53.89291	-9.12263		0
Gilrudding Grange Airstrip	53.89362	-1.06764		0
Brook Farm	53.89743	-2.90284		0
Linley Hill (Beverley)	53.89855	-0.36205	EGNY	0
Шарик	53.9013	42.10821		0
Аэродром Кораблино	53.90425	40.01434		0
Ireland West Airport Knock	53.91171	-8.81893	EIKN	0
Flugplatz Hartenholm	53.91483	10.0356	EDHM	0
Flugplatz Wismar	53.91494	11.5016	EDCW	0
Ліпкі	53.91731	27.70787	UMMI	0
Rostock-Laage Airport	53.91913	12.28015	ETNL	0
Flugplatz Tutow	53.92041	13.21977	EDUW	0
Elvington	53.92382	-0.98813		0
Pocklington Airfield	53.92642	-0.79463		0
Tarn Farm Airfield	53.93388	-2.84365		0
Нова-Пашкова	53.94528	30.24091	UMNM	0
Rufforth West	53.94783	-1.1873		0
Lotnisko Borsk	53.95053	17.94776	EPBO	0
Rufforth East	53.95188	-1.17562		0
Магілёў	53.95519	30.09433	UMOO	0
Аэродром Сапожок	53.96446	40.68355		0
Cockerham Dropzone	53.9656	-2.83068		0
Flugplatz Wahlstedt	53.96911	10.22001	EDHW	0
Flugplatz Schmoldow	53.9738	13.34334	EDBY	1
Flugplatz St. Michaelisdonn	53.97886	9.14472	EDXM	0
Full Sutton Flying Centre	53.98048	-0.86358	EGNU	0
Kikity	53.98268	20.87701	EPKI	0
Giże	53.98309	22.40203	EPGE	0
Hungriger Wolf	53.99344	9.57308	EDHF	0
Смалявічы	53.99657	28.06853		0
Mazury Residence	54.00602	21.81926	EPGM	0
Lądowisko Linowiec	54.00816	18.50065	EPLI	0
Druskininkų aerodromas	54.01507	23.94419	EYDR	0
Dejguny	54.02138	21.59514		0
Чарніцкі	54.02209	28.26834		0
Аэродром Грязное	54.02741	39.10501		0
Аэрадром Кісялі	54.02826	26.92498		0
Lough Conn Airfield	54.04412	-9.21572		0
Lotnisko Kętrzyn-Wilamowo	54.04794	21.42958	EPKE	0
Аэродром Щацк	54.05002	41.73066		0
Derryogue	54.05232	-6.02922		0
Crossmaglen Airstrip	54.0625	-6.5593		0
Segelfluggelände Aukrug	54.06477	9.79872		1
Karlino Airstrip	54.06496	15.81367	EPVK	0
Flugplatz Sierksdorf/Hof Altona	54.06701	10.74208	EDXT	0
Lotnisko Suwałki im. gen. bryg. pil. Witolda Urbanowicza	54.07305	22.89365	EPSU	0
Bożykowo	54.07323	21.83374		0
Flugplatz Neumünster	54.07787	9.94234	EDHN	0
Flugplatz Zweedorf	54.08185	11.64911	EDCR	0
Isle of Man Airport	54.08274	-4.62391	EGNS	0
Ballina Airfield	54.08907	-9.16093		0
Aughrim Airstrip	54.09356	-6.04568		0
Bunnyconnellan Airstrip	54.09445	-9.03473		0
Сівіца	54.1041	28.57805	UMSP	0
Eddsfield Airfield	54.11156	-0.46117		0
Изосимовка	54.11383	43.75933		0
Хатенки	54.12152	35.7334	UUFH	0
Lotnisko Orneta - Lądowisko	54.12669	20.08812		0
Octon Airstrip	54.12761	-0.4303		0
Walney Aerodrome	54.12865	-3.26318	EGNL	0
Korne	54.13092	17.8462	EPKO	0
Crossmolina Airfield	54.13444	-9.36473		0
Lotnisko Radzieje Mazury Air Camp	54.13559	21.59889	EPRD	0
Lotnisko Elbląg	54.14089	19.42188	EPEL	0
Moor Farm Airstrip	54.14229	-0.54942		0
Newry Airstrip	54.14446	-6.31402		0
Аэродром Просандеевка	54.14942	41.67409		0
Flugplatz Heide-Büsum	54.15318	8.90161	EDXB	0
Flugplatz Peenemünde	54.15903	13.77116	EDCP	0
Flugplatz Purkshof	54.16219	12.24747	EDCX	0
Cark	54.16449	-2.96103		0
Baxby	54.16992	-1.22557		0
Аэродром Соболево	54.17856	40.03697		0
Mount Rule Farm Airstrip	54.1821	-4.51645		0
Аэродром Красный Союз	54.1842	41.0746		0
Flugplatz Helgoland-Düne	54.18546	7.91487	EDXH	0
Lodge Field House Airstrip	54.19402	-1.06658		0
Аэродром Михайлов	54.1965	38.98308		0
Bagicz k/Kołobrzegu	54.19993	15.68561	EPKG	0
Ings Farm Airstrip	54.20459	-0.61615		0
Bagby Airfield	54.21193	-1.29263	EGNG	0
Mullagrass	54.21646	-6.40138		0
Rendsburg-Schachtholm	54.22067	9.60076	EDXR	0
Aeradróm Béal an Mhuirthead	54.22274	-10.0309	EIBT	0
Yorkshire Gliding Club Airfield	54.23066	-1.21114		1
Wombleton	54.23092	-0.97271		0
Аўсянка	54.2313	30.77433		0
Аэродром Моринское	54.2328	41.82126		0
Площадка "Перемышль"	54.24413	36.10817		0
Sportflugplatz Grube	54.24431	11.02288	EDHB	0
Хажова	54.2508	26.87182	UMOV	1
Felixkirk	54.25194	-1.29497		0
Rathfriland Airstrip	54.253	-6.2291		0
Lądowisko wodne Mielno	54.25804	16.07438	EPXM	0
Аэродром Рыдома	54.26094	37.25671	XUBZ	0
Аэродром Крутицы	54.27543	40.81658	UUJK	0
Zawiszyn	54.27776	22.538	EPZW	0
Sligo Airport	54.27964	-8.59869	EISG	0
Wathstones Farm Airstrip	54.28961	-1.44707		0
Горкі	54.30052	30.94846		0
Redrock Airstrip	54.30269	-6.58579		0
Verkehrslandeplatz St. Peter Ording	54.30904	8.68664	EDXO	0
Fadmoor	54.30972	-0.97229		0
Field House Farm Airstrip	54.32681	-0.68386		0
Loughbrickland Airstrip	54.32683	-6.29186		0
Slieve Croob Airfield	54.32999	-5.94554		0
Аэродром	54.33269	41.50194		0
Flugplatz Stralsund	54.33574	13.0474	EDBV	0
Аэродром Михалково	54.33827	39.96974		0
Аэродром Захарово	54.3391	39.27125		0
Ostseeflughafen Stralsund-Barth	54.33956	12.71032	EDBH	0
Сасово	54.35736	41.98089	UUBG	0
Andreas-Ballavoddan House	54.35742	-4.43878		0
Trakėnų aerodromas	54.36579	23.16799		0
Новое Зубарёво	54.3672	43.94079		0
Woodview Airstrip	54.37035	-6.5917		0
Andreas Airfield	54.37142	-4.42391		0
Port Lotniczy Gdańsk im. Lecha Wałęsy	54.37617	18.4729	EPGD	0
Flughafen Kiel-Holtenau	54.37979	10.14471	EDHK	0
Аэродром Венев	54.37988	38.23916		0
Flugplatz Rügen	54.38394	13.32539	EDCG	0
Tandragee Airstrip	54.38566	-6.40003		0
Sławno	54.39293	16.68227		0
Enniskillen Airport	54.39749	-7.65114	EGAB	0
Lotnisko Słupsk-Krępa	54.40924	17.09803	EPSK	0
Alytaus aerodromas	54.41465	24.05775	EYAL	0
Flugplatz Schleswig-Kropp	54.42553	9.54192	EDXC	1
Явас	54.43329	42.84722		0
Аэродром Гавриловское	54.43549	41.83264		0
Балбасава	54.4397	30.29585	UMIO	0
Lądowisko Słupsk-Pałowo	54.44638	16.81782		0
Sonderlandeplatz Fehmarn-Neujellingsdorf	54.45595	11.10961		0
Tarsan Lan Microlight Field	54.45775	-6.43727		0
Croft Airstrip	54.45797	-1.56035		0
Egton	54.46065	-0.74443		0
Аэродром Орешково	54.4686	36.07138		0
Ravensworth Private Airstrip	54.46888	-1.78758		0
Аэродром Панино	54.47551	40.31659		0
Paluknio aerodromas	54.48306	24.99222	EYVP	0
Протасово	54.49378	39.93111		0
Rūdiškių aerodromas	54.49592	24.71815	EYRD	0
Бывший аэродром	54.50499	36.7585		0
Teesside International Airport	54.50931	-1.42747	EGNV	0
Flugplatz Husum-Schwesing	54.50972	9.13764	EDXJ	0
Стрельня	54.51357	20.61737	UMKS	0
Altamuskin	54.52232	-7.08386		0
Flugplatz Pellworm	54.5364	8.68017	EDHP	0
Хламово	54.53992	31.80855		0
Аэродром Кадом	54.54066	42.45801		0
Медовое	54.54269	20.33827	UMKE	0
Аэропорт Калуга	54.54888	36.37263	UUBC	0
Турлатово	54.55518	39.85147	UUWR	0
Старая (не дзеючая) узлётна-пасадачная паласа	54.55998	26.44099		0
Keturvalakių aerodromas	54.57032	23.15654		0
Staindrop Airstrip	54.57041	-1.79256		0
Carrickmore Flying School	54.57237	-7.0435		0
Newtownards Aerodrome	54.58162	-5.69025	EGAD	0
Yearby Airstrip	54.58424	-1.07112		0
Мерлино	54.58625	31.56625	UUBJ	0
Щелканово	54.58823	35.43625		0
Калинаево	54.58896	37.84613		0
Пителино	54.59209	41.81461		0
Ельники	54.60723	43.83906		0
George Best Belfast City Airport	54.62022	-5.86996	EGAC	0
Langford Lodge	54.6231	-6.3	EGAL	0
Пахомово	54.62576	37.58148	UUDP	0
Темников	54.62692	43.2376		0
Сонино	54.63162	37.36755	UUDC	0
UL-Gelände Bredstedt	54.63287	8.98527		0
Tarptautinis Vilniaus oro uostas	54.63488	25.28759	EYVI	0
Troutbeck Airfield	54.6401	-2.9459		0
Alvito aerodromas	54.6503	22.93487		0
Пурдошки	54.65156	43.52473		0
Pociūnų aerodromas	54.65226	24.05884	EYPR	0
Belfast International Airport	54.65278	-6.2153	EGAA	0
Борское	54.65301	20.9938		0
Berrier Airfield	54.65621	-2.93473		0
Sasnavos aerodromas	54.6631	23.4539	EYMM	0
Kyviškių aerodromas	54.66757	25.51638	EYVK	0
Аэродром Рыбацкая Деревня	54.67476	39.78372		0
Flugplatz Wyk auf Föhr	54.68601	8.53185	EDXY	0
Fishburn	54.68702	-1.45851		0
Vilkaviškio aerodromas	54.68809	23.00131		0
Вальдау (Посадочная площадка)	54.69204	20.74626		0
Skelling Farm Airfield	54.69792	-2.5842		0
Lolland Falster Lufthavn	54.69875	11.43977	EKMB	0
Lądowisko Jastarnia	54.71114	18.64338	EPJA	0
аэропорт Девау	54.72512	20.57011		0
Glassonby Airfield	54.73823	-2.65217		0
Подгорное	54.74093	20.72622		0
Смоленск — Южный	54.7452	32.06529	UUBS	0
Аэродром Лыткино	54.75373	37.04044	UUFL	0
Теньгушево	54.7556	42.6788		0
Peterlee (Shotton) Airfield	54.7664	-1.38253		0
Аэродром Пилькаллен	54.76653	22.4666		0
Orupgaard Flyveplads	54.76901	11.94943		0
Аэродром Ермишь	54.77005	42.20602		0
Flugplatz Flensburg-Schäferhaus	54.77227	9.37914	EDXF	0
Аэродром Бетино	54.77336	41.46422		0
Drumavish Airstrip	54.788	-7.72487		0
Большое Грызлово	54.78837	37.646		0
Flugplatz Leck	54.79324	8.96089	EDXK	0
Blackhill Airstrip	54.80422	-6.75569		0
Kazlų Rūdos aerodromas	54.8056	23.5331	EYKR	0
Озеры	54.81517	38.62892		0
Carnowen Airstrip	54.82319	-7.62995		0
Griškabūdžio (Bliuviškių) aerodromas	54.83026	23.19635		0
Ruskey Airstrip	54.84053	-7.65471		0
Finn Valley	54.84653	-7.65855		0
Dunnyvadden	54.84873	-6.20697		0
Wigtown Airfield	54.84977	-4.45014		0
Ærø Flyveplads	54.85263	10.45735	EKAE	0
Клементьево	54.8625	39.03841		0
High Flatts Farm Airstrip	54.86855	-1.59402		0
Kruså-Padborg Flyveplads	54.87032	9.27932	EKPB	0
Аэродром Ганькино	54.87041	39.38054	UUMQ	0
Дракино	54.87148	37.26227		0
Турово	54.87594	37.84676		0
S. Dariaus ir S. Girėno aerodromas	54.88	23.88167	EYKS	0
Kirkbride Airfield	54.88197	-3.20511		0
Аэродром Ступино	54.88752	38.14605	UUMI	0
Dunnamanagh Airstrip	54.8895	-7.2664		0
Калининград (Храброво)	54.88985	20.59957	UMKK	0
Вадимовка	54.89089	20.21549		0
Вознесенское	54.89454	42.81699	UWGV	0
Segelfluggelände Aventoft	54.89618	8.8206		1
Castle Kennedy	54.89824	-4.93301		0
Михеево	54.90326	35.88176		0
Slemish Airfield	54.90356	-6.13519		0
Аэродром Луховицы (Третьяково)	54.90602	39.02573	UUMT	0
Аэродром Бор	54.90757	36.98695		0
Flughafen Sylt	54.91102	8.34081	EDXW	0
Жилино	54.91896	21.90985		0
Аэродром Ильясово	54.92789	38.81182	UUCI	0
Tønder Flyveplads	54.92919	8.84019	EKTD	0
Northumbria Gliding Club	54.93348	-1.84674		0
Carlisle Lake District Airport	54.93846	-2.80869	EGNC	0
Аэроклуб Медынь	54.94617	35.85261		0
Dumfries and District Gliding Club	54.94705	-3.74066		0
Letterkenny Airfield	54.95149	-7.67308	EILT	0
Аэродром Белоомут	54.95173	39.29622	UUCB	0
Миус	54.95465	43.3107		0
Аэродром Елатьма	54.95887	41.72907		0
Sønderborg Lufthavn	54.96252	9.79307	EKSB	0
Kauno tarptautinis oro uostas	54.96449	24.08659	EYKA	0
Koster Vig Flyveplads	54.96452	12.19812	EKMN	0
Аэродром «Новинки»	54.97916	37.6583		0
Wild Geese Skydiving Centre	54.98824	-6.64391		0
Russell's field	54.98959	-7.73801		0
Jonavos aerodromas	55.01137	24.36319	EYRU	0
Tåsinge / Elvira Madigan Airport	55.01593	10.5631	EKST	0
авиационный комплекс "Кудиново"	55.02452	36.24511	UUWK	0
Vejrø Flyveplads	55.0266	11.35107	EKVO	0
Аэродром Биорки	55.03306	38.57468		0
Newcastle International Airport	55.03858	-1.69252	EGNT	0
Аэродром Коверское	55.03862	41.58617		0
City of Derry Airport	55.04191	-7.16315	EGAE	0
Aerfort Dhún na nGall	55.04444	-8.34123	EIDL	0
Glenswinton Airfield	55.04717	-4.03222		0
RAF Spadeadam	55.05	-2.55	EGOM	0
Causeway Airfield	55.05636	-6.58802		0
Bornholms Lufthavn	55.06485	14.76019	EKRN	0
Торбеево	55.06635	37.88344	UUCT	0
Аэродром Волосово	55.06728	37.45308		0
Bjørnø Flyveplads	55.0676	10.24376		0
Елизарьево	55.07339	43.33625		0
Аэродром Заячья Поляна	55.07363	38.26383		0
Nordborg Flyveplads	55.07505	9.75378	EKNB	0
Sønderjysk Flyveklub	55.07923	9.29881		0
Аэродром Паново	55.0826	38.63282		0
Аэродром Малино	55.08324	38.14508		0
аэродром Коробчеево (Аэроград)	55.09166	38.92396		0
Аэродром Прицеп	55.09839	38.00034		0
Аэродром Сергиевское	55.1021	38.87309		0
Molėtų aerodromas	55.1128	25.3364	EYMO	0
Jurbarko Aerodromas	55.11819	22.76558	EYJB	0
Аэрапорт Віцебск (Усходні)	55.12766	30.34798	UMII	0
Аэродром Сельниково	55.13	39.14645	UUMD	0
Naukaimio aerodromas	55.13137	22.96445		0
Bellarena	55.13956	-6.96863		0
Азёркі	55.14475	26.83091	UMMK	0
Castlerock	55.15823	-6.79154		0
Кукавячына	55.15925	29.98368	UMNI	0
"Parke" Airstrip	55.16211	-7.7116		0
Навасёлкі	55.16289	26.99965		0
Ушачы	55.19326	28.65221		0
Янино	55.20623	39.41812	UUCQ	0
Аэродром Северка	55.20638	38.67944	UUML	0
Slikių aerodromas	55.20817	24.06943		0
Якушкино	55.20917	33.87614		0
Næstved Flyveplads	55.21091	11.71759		0
Ewesley Airstrip	55.22078	-1.92558		0
Vojens Lufthavn	55.22137	9.2911	EKSP	0
Tauragės Aerodromas	55.23201	22.15007	EYTR	0
Ignalinos aerodromas	55.24487	26.17495	EYIG	0
Vøjstrup Svæveflyveplads	55.24847	10.20183	EKFS	1
Kongsted Flyveplads	55.25124	12.065	EKKS	0
Сукліна	55.25159	27.92115		0
Gėluvos aerodromas	55.25404	23.51484		0
Аэродром Лысцево	55.27038	38.42738		0
Eshott Airfield	55.27698	-1.72132		0
Sulkendrup Flyveplads	55.28367	10.71398		0
Аэродром Верея	55.28854	36.11546		0
Kilkerran	55.29868	-4.67405		0
Haderslev Flyveplads	55.30149	9.52554	EKHV	0
Дмитровский Погост	55.30476	39.82892		0
Воскресенск	55.30761	38.59678		0
Kėdainių aerodromas	55.31165	23.95754	EYKD	0
Athey's Moor Airfield	55.31643	-1.78484		0
Rolfsted Flyveplads	55.3254	10.58166	EKRO	0
Nidos aerodromas	55.32732	21.04638	EYNI	0
Šilutės aerodromas	55.3369	21.5306	EYSI	0
Korsør Flyveplads	55.33715	11.24153	EKKO	0
Aversi	55.34319	11.83264		0
New Grimmet Farm	55.36132	-4.64294		0
аэрадром Відзы	55.37879	26.62602		0
Аэродром Морозово	55.38065	38.3716		0
Söderslätts flygfält	55.39186	13.02201	ESTT	0
Домодедово	55.40866	37.90948	UUDD	0
Полацкі аэрадром	55.41358	28.74838		0
Revninge Flyveplads	55.41905	10.67133		0
Аэродром Бронницы	55.4217	38.22923		0
Ringsted Flyveplads	55.42623	11.80834	EKRS	0
Kolding Lufthavn	55.43567	9.33071	EKVD	0
Campbeltown Airport	55.43722	-5.67987	EGEC	0
Midtsjællands Svæveflyveklub	55.452	11.64351	EKSL	1
Аэродром Шувое	55.459	39.037		0
Stonehill Farm Airstrip	55.46699	-3.84533		0
Народное Небо	55.47037	36.16555		0
Hans Christian Andersen Airport	55.47543	10.32705	EKOD	0
Charlton Mires Airstrip	55.47889	-1.72619		0
Utenos aerodromas	55.48854	25.71809	EYUT	0
Pečiulių aerodromas	55.4936	25.19492		0
Аэроград Можайский	55.49947	36.21295	UUWH	0
Glasgow Prestwick Airport	55.50217	-4.59484	EGPK	0
Klebonai Airstrip	55.50751	24.41479		0
Остафьево	55.51224	37.50707	UUMO	0
Esbjerg Lufthavn	55.52572	8.55507	EKEB	0
Malmö Airport	55.53622	13.37057	ESMS	0
Midlem	55.54028	-2.7421		0
Tomelilla Airfield	55.54304	14.00603	ESTO	0
Bogense Flyveplads	55.54307	10.03239		0
Жуковский	55.54979	38.15454	UUBW	0
Gørlev Flyveplads	55.55188	11.19741	EKGO	0
Gesten Svæveflyveplads	55.552	9.18605	EKGE	1
Holsted Flyveplads	55.56196	8.93652		0
Мячково	55.56258	37.98388		0
Ėriškiai Airstrip	55.57675	24.26939		0
Tølløse Flyveklub	55.58151	11.7591	EKTO	1
Roskilde Lufthavn	55.58581	12.1271	EKRK	0
Milfield Airfield (Borders Gliding Club)	55.589	-2.0873		0
Pociūnų Aerodromas	55.59152	23.96661		0
Sjöbo/Sövde Airport	55.59594	13.67491	ESMI	0
Bistrampolio aerodromas	55.59597	24.36418		0
Парадром Муром	55.59657	41.9901		0
Аэропорт Внуково	55.59956	37.26684	UUWW	0
Upitėnai Airstrip	55.60306	21.62339		0
Varde Flyveplads	55.60848	8.44071	EKVA	0
Københavns Lufthavn	55.60927	12.63793	EKCH	0
Rojūnų aerodromas	55.6108	24.2208	EYRO	0
Vestjysk Svæveflyveklub	55.63199	8.7548	EKBH	1
Gigha	55.65534	-5.75506	EGEJ	0
Staffanstorp Bjällerup	55.65831	13.26769		0
Аэродром Ватулино	55.66196	36.13416	UUMW	0
Nether Huntlywood Airfield	55.6773	-2.60875		0
Strathaven Airfield	55.68035	-4.11307		0
Islay Airport	55.68269	-6.25941	EGPI	0
København Vandflyveplads	55.69119	12.60009	EKCC	0
Kalundborg Flyveplads	55.70007	11.25104	EKKL	0
Charterhall Airfield (RAF Charterhall)	55.7076	-2.3785		0
Panevėžio aerodromas	55.70867	24.34647	EYPN	0
Klaipėdos aerodromas	55.71221	21.24092	EYKL	0
Бывалино	55.72824	38.74613		0
Holbæk Flyveplads	55.7339	11.60374	EKHK	0
Billund Airport	55.73989	9.15853	EKBI	0
Šeduvos aerodromas	55.7464	23.8047	EYSE	0
Winfield Aerodrome (RAF Winfield/Horndean)	55.74966	-2.16434		0
Zarasų aerodromas	55.75231	26.26252	EYZA	0
Endelave Flyveplads	55.75653	10.24888	EKEL	0
Bute	55.75678	-5.04796		0
Rårup Flyveplads	55.77756	9.94136	EKRA	0
Kvarnhem Flygfält	55.80065	13.6221		0
Filskov Flyveplads	55.81416	9.04917		0
Frederikssund Syd Flyveplads	55.81509	12.08191		0
Įstros aerodromas	55.82815	24.35787	EYPI	0
Ølgod/Vallund	55.83341	8.55287		0
Белая	55.83613	44.43664		0
Аэродром Монино	55.83786	38.17537		0
Eslövs flygplats	55.84876	13.32788	ESME	0
Frederiksund Nord	55.85267	12.07271		0
Aukštelkų aerodromas	55.86309	23.62719		0
Glasgow Airport	55.87058	-4.43517	EGPF	0
Gørløse Svæveflyvecenter	55.88445	12.22568	EKGL	1
Samsø Flyveplads	55.88992	10.61438	EKSS	0
Grīvas lidlauks	55.89154	26.45797	EVBA	0
Freerslev Flyveplads	55.89932	12.2446	EKFR	0
Hammer Svæveflyveplads	55.9074	9.44843	EKHM	1
Kartenos aerodromas	55.9203	21.5672	EYKT	0
Kristianstad Österlen Airport	55.92139	14.08918	ESMK	0
Kupiskio aerodromas	55.92459	24.95455	EYKP	0
Kirkliai Airstrip	55.92511	22.59592		0
Elsesminde Airfield	55.93818	10.23767		0
Grønholt Flyveplads	55.9411	12.38159	EKGH	0
Daugavpils Starptautiskā Lidosta	55.94336	26.66719	EVDA	0
Brædstrup Flyveplads	55.9437	9.65288	EKBR	0
Sønder Felding Flyveplads	55.94612	8.7453		0
Enoch Thulins flygplats	55.94644	12.87039	ESML	0
Sølager flyveplads	55.94996	11.92506		0
Edinburgh Airport	55.95008	-3.36147	EGPH	0
Rokiškio aerodromas	55.97251	25.60359	EYRK	0
Palangos tarptautinis oro uostas	55.97275	21.09533	EYPA	0
Cumbernauld Airport	55.97457	-3.97579	EGPG	0
Шереметьево	55.97609	37.38805	UUEE	0
Kalno aerodromas	55.9842	24.34528		0
Annisse Flyveplads	55.98502	12.2148	EKHE	0
Telšių aerodromas	55.9864	22.2878	EYTL	0
Stauning Lufthavn	55.99157	8.35468	EKVJ	0
Kågeröd flygfält	55.99483	13.05118	ESMJ	0
East Fortune Airfield	56.00046	-2.73497		0
Fasterholt Hanggliding & Paragliding Center	56.00355	9.09422		1
Svæveflyvecenter Arnborg	56.01056	9.01503	EKAB	1
Cameron House Seaplane Terminal	56.01404	-4.60593		0
Ejstruphede Flyveplads	56.02109	8.69106		1
Черноголовка	56.02294	38.32789	UUMC	0
Троица	56.03725	43.55829		0
Līksnas lidlauks	56.04286	26.369		0
Суховка	56.05062	40.75861		0
Solbjerg Flyveplads	56.05717	10.08124		0
Colonsay Airport	56.05766	-6.24314	EGEY	0
Ličiūnų aerodromas	56.06163	24.54474		0
Barysių aerodromas	56.06989	23.55979	EYSB	0
Bjedstrup Flyveplads	56.07122	9.86736		0
Ljungbyheds flygplats	56.08293	13.2029	ESTL	0
Кстово-Восточный	56.09386	44.22457		0
Аэродром Нудоль	56.09662	36.5539	UUCN	0
Аэродром Алферьево	56.10244	35.87655		0
Spjald Flyveplads	56.10299	8.51469	EKSD	0
Christianshede Flyveplads	56.10448	9.39291	EKCR	1
Коросткино	56.10893	35.44378		0
Luss Seaplane Terminal	56.12093	-4.65018		0
Богородск	56.12144	43.54181		0
Владимир (Семязино)	56.12712	40.31506		0
Hässleholms flygplats	56.13218	13.87912	ESFA	0
Аэродром Щекино	56.13421	36.71193		1
Паустово	56.13527	42.17313		0
Чаглава	56.14082	44.00104		0
Орловка	56.14312	34.98819	UUTO	0
Easter Poldar Farm	56.14747	-4.1854		0
Бурцево (Доскино)	56.15148	43.70023	UWGQ	0
Aarhus Vandflyveplads	56.15181	10.25051	EKAC	0
Аэродром Киржач	56.15535	38.83009		0
Гурбан-3	56.17395	37.55988		0
Biržų aerodromas	56.17597	24.76105	EYBI	0
True Svæveflyvebane	56.17911	10.07748	EKAS	1
Сновицы	56.18136	40.33038	UUIS	0
Fife Airport	56.18342	-3.22041	EGPJ	0
Höganäs flygplats	56.18456	12.57555	ESMH	0
Herning Flyveplads	56.1858	9.04217	EKHG	0
Охлопково	56.19068	43.08403		0
Scottish Gliding Centre	56.19192	-3.32859		1
Balado Park Airfield	56.21779	-3.45739		0
Бабино	56.2192	43.59728	UWGI	0
Нижний Новгород (Стригино)	56.22928	43.78501	UWGG	0
Mažeikių J. Kumpikevičiaus aerodromas	56.23046	22.25511	EYMA	0
Батюшково	56.23544	37.55443		0
Аэродром Доброград	56.23857	41.23943	UUIG	0
Vārkavas lidlauks	56.23903	26.53244		0
Medinių aerodromas	56.23963	24.60071		0
Вихрево	56.24049	38.15914	UUCW	0
Akmenės aerodromas	56.24251	22.73427	EYNA	0
Kiemėnai	56.24362	24.32193		0
Ronneby Airport	56.269	15.26941	ESDF	0
Kingsmuir	56.26916	-2.75081		0
Grønbæk flyveplads	56.27098	9.62525		0
Zasas lidlauks	56.27296	26.03479		0
Слободка	56.2767	38.92479		0
Аэродром Кольчугино	56.282	39.473		0
Ängelholm-Helsingborg Airport	56.29698	12.85468	ESTA	0
Naujosios Akmenės aerodromas	56.30109	22.87952		0
Aarhus Lufthavn	56.30491	10.62079	EKAH	0
Holstebro Flyveklub	56.30591	8.58632		0
Павловское	56.31037	40.4811	UUIP	0
Midtjylland Karup Airport	56.31117	9.12177	EKKA	0
Strathallan Airfield	56.32531	-3.7493		0
Дарьино	56.33369	38.63951	UUID	0
Rožupes lidlauks	56.35126	26.33526		0
Захарино	56.35813	30.21263		0
Напругово	56.36006	36.84386		0
East Lochlane Farm	56.36785	-3.87227		0
Аэродром Вышеславское	56.36812	40.26664		0
Аэропорт Великие Луки	56.3812	30.60603	ULOL	0
Kilfinichen Airstrip	56.38648	-6.05542		0
Fagerhult	56.38778	13.47056	ESMF	0
Lindtorp Flyvecenter	56.3961	8.44378	EKHO	0
Аэродром Крапивье	56.39733	40.33669		0
Аэродром Небылое	56.40172	39.95862	UUIN	0
Biržu lidlauks	56.40475	25.79567		0
Vaiņodes lidlauks	56.40654	21.88693	EVFA	0
Каменово	56.40942	40.97783		0
Viborg Flyveplads	56.41098	9.41076	EKVB	0
Козино	56.41178	43.76214		0
Pilsrundāles lauku lidlauks	56.42202	23.97632		0
Stabulnieku lidlauks	56.42311	26.72869		0
Priekules lidlauks	56.42951	21.57874		0
Perth Airport	56.44027	-3.37147	EGPT	0
Grenaa Flyveplads	56.44141	10.93001	EKGR	0
Старово	56.44577	37.84247		0
Dundee Airport	56.45281	-3.02606	EGPN	0
Oban Airport	56.4639	-5.40173	EGEO	0
Penkules lidlauks	56.47463	23.19032		0
Минино	56.48684	36.62387		0
Аэродром Весь	56.49164	40.3821		0
Port-Adhair Thiriodh	56.50046	-6.86958	EGPU	0
Lemvig flyveplads	56.50428	8.31179	EKLV	0
Randers Flyveplads	56.50616	10.03728	EKRD	0
Strēlnieku lidlauks	56.50816	24.0767		0
Старица	56.51234	34.97197		0
Mežāres lidlauks	56.51534	26.25738		0
Glenforsa Airfield	56.51671	-5.9137		0
Starptautiskā lidosta "Liepāja"	56.51782	21.09479	EVLA	0
Истомино	56.52317	43.47835		0
Тургиново	56.52572	35.96449		0
Jēkabpils lidlauks	56.53667	25.89092	EVKA	0
Филисово	56.53856	38.07689		0
Zaļenieku lidlauks	56.54606	23.53343		0
Skive Lufthavn	56.55061	9.17209	EKSV	0
Estruplund flyveplads	56.55787	10.35885		0
Adamovas lidlauks	56.56639	27.34788		0
Älmhults flygfält	56.57257	14.16891	ESMU	0
Ekeryd - Ekelanda Flygfält	56.59543	13.49251		0
Coll Airport	56.6018	-6.61778	EGEL	0
Кузнецовка	56.61834	34.51532		0
Аэродром "Конаково"	56.63411	36.88709		0
Dricānu lidlauks	56.66339	27.17646		0
M-Sola	56.66436	24.90332		0
Skrundas lidlauks	56.68338	21.99824		0
Kalmar Flygplats	56.6877	16.28315	ESMQ	0
Halmstads Flygplats	56.69113	12.81609	ESMT	0
Aizputes lidlauks	56.69723	21.62937		0
Anholt Flyveplads	56.69832	11.5558	EKAT	0
Saraiķi airstrip	56.69878	21.0626		0
Брембола	56.70902	38.99954		0
Гидроаэродром "Дубна"	56.71407	37.06161	UUDB	0
Cīravas lidlauks	56.73832	21.35996	EVIA	0
Талдом (Журавли)	56.7398	37.60422	UUET	0
Скоморохово (в стадии развития)	56.74974	35.04546		0
Malnava	56.76673	27.71346		0
Юрьевское	56.78062	36.2849		0
Madlienas lidlauks	56.79185	25.12285		0
Борки (Кимры)	56.79931	37.33144	UUEI	0
Degumnieki	56.80435	26.77099		0
Никитино	56.806	37.69		0
Федоровка	56.80772	37.24341		0
Ikšķiles lidlauks	56.81657	24.52539	EVPA	0
Morsø Flyveplads	56.82461	8.7857	EKNM	0
Fur Flyveplads	56.82488	8.98761	EKFU	0
Vasku lidlauks	56.83645	23.02074		0
Vesthimmerlands Flyveplads	56.84524	9.45836	EKVH	0
Slampes lidlauks	56.8466	23.267		0
Богородецкое (недействующий)	56.85047	34.62325		0
Praulienas lidlauks	56.8516	26.31555		0
Borgholm / Borglanda	56.86306	16.65611	ESMB	0
Gudenieku lidlauks	56.90333	21.63967		0
Аэропорт Змеёво	56.91184	35.93325	UUBN	0
Gātciema lidlauks	56.9212	23.64144		0
RIX Rīgas lidosta	56.92233	23.97242	EVRA	0
Alvesta Airfield	56.92554	14.54195		0
Växjö Småland Airport	56.92858	14.7287	ESMX	0
Иваново (Южный)	56.94129	40.93317	UUBI	0
Lidosta "Jūrmala"	56.94304	23.22363	EVJA	0
Feringe flygfält	56.95028	13.92167	ESMG	0
Ильинский аэродром	56.95979	39.78244		0
Ясюниха	56.96384	41.07013		0
Falkenberg-Morup flygfält	56.96852	12.38747	ESGF	0
Matkules lidlauks	56.97251	22.63374		0
Spilve	56.98661	24.07999	EVRS	0
Емилово	56.99183	27.91374		0
Никулино	56.99965	29.81591		0
Port-adhair Barraigh	57.02501	-7.44752	EGPR	0
Кувшиново	57.0283	34.22674		0
Фатьяново	57.0409	38.93082		0
Netherley Airstrip	57.05224	-2.26494		0
Sandvik Airport	57.06485	16.86135	ESFS	0
Крючково	57.0672	35.51075		0
Thisted Lufthavn	57.06951	8.70456	EKTS	0
Aboyne Airfield	57.07494	-2.84075		0
Aalborg Lufthavn	57.08588	9.86828	EKYT	0
Ашево	57.09346	29.72124		0
Ādažu lidlauks	57.09923	24.26525	EVAD	0
Cairngorm Gliding Club	57.10241	-3.89143	EGZL	0
Staru lidlauks	57.10327	26.73347		0
Glen Quoich Estate	57.11249	-5.27185		0
Залесье	57.12091	33.20602		0
Varberg Getterön flygfält	57.12427	12.22861	ESGV	0
Glendoe Estate Airstrip	57.12762	-4.67034		0
Smålandsstenar flygfält	57.16861	13.44	ESMY	0
Dzērbenes lidlauks	57.16943	25.67698		0
Aberdeen International Airport	57.20223	-2.19909	EGPD	0
Raganas lidlauks	57.20304	24.75515		0
Заборовье	57.21747	28.30184		0
Nordjyllands Ultra Light Flyveklub	57.24781	9.94086		0
Broadford Airstrip	57.25315	-5.82769	EGEI	0
Talsu lidlauks	57.25445	22.56563	EVTE	0
Anderstorp flygfält	57.2642	13.5994	ESMP	0
Læsø Flyveplads	57.27664	11.00047	EKLS	0
Pittodrie House Airfield	57.30911	-2.48812		0
Insch	57.31096	-2.64882		0
Whiterashes	57.31912	-2.24876		0
Агат	57.31912	39.82057	UUQA	0
Cēsu vecais lidlauks	57.32097	25.32207		0
Byxelkrok/Ölanda	57.32873	17.04991	ESMZ	0
Lidlauks "Cēsis"	57.32887	25.31937	EVCA	0
Plockton Airstrip	57.33537	-5.67317		0
Palsmanes lidlauks	57.34055	26.16705		0
Sæby Flyveplads	57.34554	10.40873	EKSA	0
Oskarshamns flygplats	57.35194	16.49833	ESMO	0
Ventspils starptautiskā lidosta	57.35777	21.54411	EVVA	0
Киверичи (Запад)	57.36338	36.57286		0
Old Meldrum	57.39088	-2.38875		0
Hatton	57.40675	-1.91157		0
Lubes lidlauks	57.44042	22.58436		0
Grotūža lidlauks	57.44074	25.87566		0
Fjärås flygfält	57.44343	12.16449		0
Öresten flygplats	57.44528	12.64889	ESGM	0
Port Adhair Bheinn na Faoghla	57.48111	-7.36204	EGPL	0
Limbažu lidlauks	57.48544	24.67174	EVLI	0
Dundagas lidlauks	57.49911	22.40133		0
Sindal Lufthavn I/S	57.50411	10.22918	EKSN	0
Татарское	57.51559	40.92007		0
Longside Airfield	57.51688	-1.86446	EGPS	0
Hultsfreds flygplats	57.52624	15.82208	ESSF	0
Žocenes lidlauks	57.5326	22.6991		0
Inverness Airport	57.54317	-4.0477	EGPE	0
Plāņu lidlauks	57.55808	25.83782		0
Valmieras lidlauks	57.55874	25.4447		0
Международный аэропорт Ярославль (Туношна)	57.56045	40.15683	UUDL	0
Easter Nether Cabra Farm Airstrip	57.56056	-2.0301		0
Achnasheen Airstrip	57.57084	-5.18884		0
Бывший аэродром	57.58189	28.08142		0
Easterton	57.58714	-3.31184		0
Culbokie Ultralight	57.5873	-4.31514		0
Knockbain Farm	57.5893	-4.46716		0
Segelflygfält Ödestugu	57.60202	14.28573		1
Varstu lennuväli	57.63349	26.6713	EEVU	0
Аэродром "Черская"	57.63447	28.22394		0
Карачиха	57.65084	39.7582		0
Newhall Mains Airstrip	57.66178	-4.18907		0
Göteborg Landvetter Airport	57.66303	12.28449	ESGG	0
Visby flygplats	57.66516	18.34479	ESSV	0
Boyndie Airstrip	57.66727	-2.62803		0
Ränneslätt flygfält	57.6706	14.943	ESMC	0
Borås flygplats	57.69604	12.84596	ESGE	0
Изборск	57.71552	27.70344		0
Сорокино	57.72534	28.23711		0
Аэропорт Ярославль (Левцово)	57.72797	40.05002		0
Дора	57.73382	38.66506		0
Easter Airfield	57.75354	-3.94279		0
Jönköping flygplats	57.76014	14.06861	ESGJ	0
Alojas lidlauks	57.77426	24.88644	EVAL	0
Säve Flygplats	57.77451	11.8776	ESGP	0
Västerviks Flygplats	57.77837	16.52539	ESSW	0
Aэропорт Псков	57.78162	28.38806	ULOO	0
Ruhnu lennuväli	57.78621	23.26102	EERU	0
Karķu lidlauks	57.78669	25.60346		0
Некрасово	57.78767	40.84236		0
Кострома (Сокеркино)	57.79958	41.01918	UUBA	0
Kylarrick House Airstrip	57.8172	-4.174		0
Antsla lennuväli	57.82638	26.49264	EEAA	0
Ballone Castle Airstrip	57.83257	-3.80957		0
Bunge flygfält	57.85	19.03833	ESVB	0
Hornlanda Flygfält	57.86451	15.84339		0
Dornoch Airfield	57.86883	-4.02329		0
Timmele flygfält	57.87428	13.43062		0
не действующий	57.88785	43.78064		0
Горки	57.9052	29.39191		0
Ridali lennuväli	57.93947	26.97871	EERI	0
Rödene Flygfält	57.9494	12.57588	ESGI	0
Tõutsi lennuväli	57.95057	26.47749	EETI	0
Валдай-Авиа	57.95955	33.23682	ULNA	0
Аэропорт Старая Русса	57.96046	31.38148	ULNR	0
Kattleberg flygplats	57.97884	12.14347		0
Аэродром "Кстово"	57.99978	38.84042		0
Herrljunga flygfält	58.03262	13.10778	ESGH	0
Vårgårda Flygfält	58.0396	12.78719	ESGO	0
Взморье	58.08233	38.42321		0
Riidaja lennuväli	58.08523	25.90532	EERD	0
Visingsö	58.09808	14.40733	ESSI	0
Farsund lufthavn, Lista	58.10049	6.62744	ENLI	0
Староселье	58.10308	38.92756		0
Karksi lennuväli	58.11741	25.55246	EEKI	0
Славный	58.13076	31.21371		0
Esgrene Airfield	58.13201	11.77509		0
Ålleberg flygfält	58.13472	13.6025	ESGC	0
Середка	58.14114	28.20256	ULOR	0
Kihnu lennuväli	58.14738	23.99905	EEKU	0
Falköpings flygplats	58.17	13.58778	ESGK	0
Backamo Flygfält	58.17773	11.97319	ESGA	0
Bämmelsheds flygplats	58.19264	13.99828	ESGD	0
Kristiansand lufthavn Kjevik	58.20414	8.08448	ENCN	0
Roomassaare vesilennukite terminal	58.21414	22.50913		0
Port Adhair Steòrnabhaigh	58.21441	-6.32912	EGPO	0
Kuressaare lennujaam	58.2344	22.5114	EEKE	0
Lennundusmuuseum	58.29051	26.76805	EELM	0
Tartu Ülenurme lennujaam	58.30868	26.68411	EETU	0
Trollhättan-Vänersborgs flygplats	58.31801	12.34439	ESGT	0
Viljandi lennuväli	58.34763	25.49469	EEVI	0
Rörkärr Flygfält	58.36778	11.77528	ESGU	0
Борки	58.37124	31.04308		0
Окуловский авиационно-технический клуб	58.37434	33.3128		0
Linköping City Airport	58.40521	15.68366	ESSL	0
Pärnu lennujaam	58.42003	24.47302	EEPU	0
Stegeborg flygfält	58.43333	16.605	ESVE	0
Боровичи	58.43734	33.87657		0
Skövde flygplats	58.45611	13.97278	ESGR	0
Wick Airport	58.4585	-3.09284	EGPC	0
Lidköping-Hovby flygplats	58.4655	13.1744	ESGL	0
Råda flygbas	58.49806	13.05472	ESFR	0
Уверь	58.51374	34.61172		0
Arendal lufthavn, Gullknapp	58.51856	8.70877	ENGK	0
Brännebrona flygfält	58.57433	13.6121	ESGN	0
Norrköping Flygplats	58.58735	16.24987	ESSP	0
Аэродром Пестово	58.60952	35.77687	ULNP	0
Кречевицы	58.62367	31.38233		0
Fjällbacka Anra flygfält	58.6302	11.31414	ESTF	0
Сельскохозяйственный аэродром	58.67219	29.96166		0
Луга (Смычково)	58.6804	30.04087		0
Skeie flyplass	58.69626	5.54557		0
Finspångs flygfält	58.73344	15.60326		0
Гдов	58.73468	27.83341		0
Stockholm-Skavsta flygplats	58.79256	16.90517	ESKN	0
Любытино	58.80259	33.37309	ULNL	0
Teenuse-Saare lennuväli	58.81064	24.18691	EETS	0
Flotta Isle Airstrip	58.82613	-3.14328		0
Nurmsi lennuväli	58.86493	25.73219	EENI	0
Stavanger lufthavn, Sola	58.88084	5.62825	ENZV	0
Lamb Holm	58.88763	-2.89169		0
Troslanda flygfält	58.89791	17.49997		0
Хвойная	58.89866	34.56773		0
Kirkwall Airport	58.95751	-2.89889	EGPA	0
Laxå Flygplats	58.97896	14.6658	ESSH	0
Vormsi lennuväli	58.98516	23.25137	EEVO	0
Rapla lennuväli	58.98556	24.72495	EERA	0
Kärdla lennujaam	58.98856	22.833	EEKA	0
Katrineholm flygplats	59.01677	16.22223	ESVK	0
Strömstad Flygfält	59.01728	11.34115	ESGS	0
Paslepa lennuväli	59.01779	23.48534	EEPA	0
Lyckholmi lennuväli	59.02211	23.57756	EELU	0
Valle flyplass, Åraksøyne	59.03153	7.55475	ENVE	0
Nolby Flygfält	59.08564	12.95017	ESGY	0
Vängsö Flygfält	59.10116	17.21393	ESSZ	0
Degerfors-Grenlanda Airfield	59.10286	14.29924		0
Stronsay Airport	59.15501	-2.64157	EGER	0
Kose lennuväli	59.16755	25.07087	EEKO	0
Sandefjord lufthavn, Torp	59.18453	10.25805	ENTO	0
Skien lufthavn, Geiteryggen	59.18455	9.56777	ENSN	0
Eday Airport	59.19165	-2.77239	EGED	0
Torsnes Airfield	59.19556	11.06389		0
Fyresdal Airfield	59.2	8.08667	ENFY	0
Aespa lennuväli	59.20485	24.61098	EEAE	0
Örebro Airport	59.22318	15.03825	ESOE	0
Кедрово	59.22814	39.61347		0
Чудово	59.23974	31.26873		0
Aruvalla Airfield	59.23981	25.0176		0
Кузнецово	59.24597	29.94241	ULSO	0
Sanday Airport	59.25027	-2.57646	EGES	0
Международный аэропорт Череповец	59.27786	38.02321	ULWC	0
Аэропорт Вологда	59.2814	39.94095	ULWW	0
Lunde flystripe Nome	59.2981	9.13273	ENLU	1
Tønsberg Flyplass, Jarlsberg	59.29838	10.36919	ENJB	0
Труфаново	59.31026	39.84785		0
Jõhvi lennuväli	59.32609	27.39306	EEJI	0
Skå-Edeby flygfält	59.34273	17.73918	ESSE	0
Karlskoga	59.34444	14.49472	ESKK	0
Haugesund Lufthavn, Karmøy	59.34501	5.20797	ENHD	0
Eskilstuna/Kjula	59.34994	16.70493	ESSU	0
Westray Airport	59.35083	-2.95016	EGEW	0
Papa Westray Airport	59.35121	-2.8987	EGEP	0
Stockholm-Bromma flygplats	59.35453	17.94041	ESSB	0
Humala lennuväli	59.35801	24.37907	EEHA	0
Rakvere lennuväli	59.36428	26.35499	EERE	0
North Ronaldsay Airport	59.36719	-2.43479	EGEN	0
Ekeby flygfält	59.38224	16.44605	ESSC	0
Ястребино	59.38562	28.93024		0
Arboga flygplats	59.38886	15.91905	ESQO	0
Narva lennuväli	59.38946	28.11131	EENA	0
Rakkestad flyplass	59.39723	11.34693	ENRK	0
Кусино	59.40216	31.81555		0
Jägala lennuväli	59.406	25.26658		0
Большая Вруда	59.40671	29.21692		0
Большой Луцк	59.41271	28.57863		0
Tallinna lennujaam	59.4144	24.84092	EETN	0
Karlstad Airport	59.44403	13.33678	ESOK	0
Täby Sjöflygklubb	59.44805	18.13621		0
Frölunda flygfält	59.45717	17.70749		0
Сиворицы	59.475	30.0		0
Гурлево	59.47725	28.89666		0
Сиворицы-2	59.4871	29.98755	ULSY	0
Bykle Seaplane Base	59.52736	7.35809		0
Köping/Gålby flygfält	59.52767	15.96942	ESVQ	0
Fair Isle Airfield	59.53479	-1.6284	EGEF	0
Vallentuna flygfält	59.54179	18.03866		0
Notodden flyplass	59.56473	9.21474	ENNO	0
Johannisbergs flygfält	59.57794	16.50337	ESSX	0
Lindholmen flygfält	59.58614	18.16269		0
Stockholm-Västerås Flygplats	59.5896	16.63206	ESOW	0
Корпикюля	59.60489	30.27278	ULSK	0
Местаново	59.60544	29.27276	ULSF	0
Krigsflygfält sexton	59.60833	13.91222	ESSM	0
Сельцо	59.61751	29.54261	ULSC	0
Stockholm-Arlanda flygplats	59.64674	17.94518	ESSA	0
Куммолово	59.6547	28.99355		0
Глажево	59.66032	32.10707		0
Spydeberg mikroflyplass	59.6645	11.12056		0
Arvika/Westlanda	59.6762	12.63796	ESKV	0
Trøgstad private Airfield	59.68387	11.29527		0
Ski flyplass	59.70714	10.88284	ENSI	0
Ропша	59.71189	29.80618		0
Vassunda flygfält	59.72177	17.71994		0
Гостилицы	59.72313	29.64134	ULSG	0
Mellingeholms flygplats	59.73278	18.69639	ESSN	0
Långtora flygfält	59.74722	17.145	ESVL	1
Hokksund flyplass	59.75994	9.91958	ENHS	0
Горелово	59.76984	30.07678		0
Stord lufthamn	59.79221	5.34111	ENSO	0
Munkfors flygfält	59.79818	13.49095	ESKO	0
Пулково	59.80172	30.26037	ULLI	0
Путилово	59.83618	31.47979	ULSW	0
Hangon lentokenttä	59.84843	23.08562	EFHN	0
Sunne/Holmby	59.86107	13.11295	ESKU	0
Hällefors Airfield	59.8674	14.4239	ESVH	0
Манушкино	59.87204	30.80323	ULSM	0
Sumburgh Airport	59.87711	-1.29384	EGPB	0
Lier flyplass	59.88419	10.28008		0
Kilen Sjøflyklubb	59.89282	10.59617		0
Oslo sjøflyplass, Fornebu	59.89352	10.63323		0
Salanda	59.89513	16.63015		0
Sundbro flygfält	59.92278	17.53667	ESKC	0
Kjeller Flyplass	59.96975	11.03702	ENKJ	0
Аэродром Белозерск	60.015	37.75659		0
Бычье поле	60.01509	29.70327		0
Haga flystripe	60.02075	11.38207		0
Щеглово	60.02181	30.78491	ULSV	0
Hagfors Airport	60.02235	13.57831	ESOH	0
Горская	60.03336	30.01539		0
Torbacka flygfält	60.07908	24.17187	EFTO	0
Ludvika Flygplats	60.08546	15.09371	ESSG	0
Genbölen lentokenttä	60.0869	22.5219	EFGE	0
Norbergs flygfält	60.10748	15.95015		0
Mariehamns flyplats	60.12172	19.89783	EFMA	0
Foula Airfield	60.1231	-2.05407		0
Lunda Flygfält	60.13359	18.10424	ESKA	0
Gulli flystripe	60.13392	11.45325		0
Ekshärad flygfält	60.15472	13.52861	ESKH	0
Torsby Airport	60.15703	12.99176	ESST	0
Gimo gräsfält	60.17962	18.19544		0
Maarud flystripe	60.17984	11.56467		0
Avesta flygplats	60.18028	16.12278	ESVA	0
Os Flyplass, Vaksinen	60.19149	5.42095	ENUL	0
Tingwall Airport	60.19213	-1.24446	EGET	0
Oslo lufthavn, Gardermoen	60.19782	11.09919	ENGM	0
Hønefoss flyplass, Eggemoen	60.21447	10.31743	ENEG	0
Hedemora Flygfält	60.23891	15.98529		0
Kumlinge flygfält	60.2458	20.8037	EFKG	0
Gjerstad gård flystripe	60.25739	11.75107		0
Озеро Красногвардейское	60.268	29.23405	ULSZ	0
Тарасово (недействующий)	60.27292	29.27848		0
Stockholms Fallskärmsklubb	60.28585	17.42697	ESKG	0
Bergen lufthavn, Flesland	60.29654	5.22888	ENBR	0
Papa Stour Airstrip	60.3217	-1.69306		0
Helsinki-Vantaan lentoasema	60.3218	24.94451	EFHK	0
Örnlanda	60.32916	15.78226		0
Nummelan lentokenttä	60.33293	24.29604	EFNU	0
Norra Upplands Flygklubb Tierp	60.35277	17.41833	ESKT	0
Whalsay Airstrip	60.37652	-0.92736	EGEH	0
Sandviken Seaplane Base	60.40805	5.32065		0
Geilo Airport, Dagali	60.41719	8.51141	ENDI	0
Borlänge flygplats	60.42163	15.51153	ESSD	0
Out Skerries Airfield	60.4251	-0.74872		0
Kiikalan lentokenttä	60.46229	23.65196	EFIK	0
Сарозеро	60.46355	34.74425		0
Helsinki-East Aerodrome	60.4804	26.59278	EFPR	0
Аэропорт Тарногский Городок	60.50347	43.60129		0
Turun lentoasema	60.51343	22.26334	EFTU	0
Savikon pienlentokenttä	60.51961	24.83288	EFNS	0
Himmelslätta flygfält	60.55085	15.08097	ESVG	0
Finnskoga/Backa flygplats	60.55339	13.10276		0
Dala-Järna flygfält	60.55611	14.37722	ESKD	0
Mäntsälän lentoasema	60.57184	25.50709	EFMN	0
Kymin lentokenttä	60.57536	26.89385	EFKY	0
Storvik-Lemstanäs flygfält	60.58658	16.58647	ESOL	0
Gävle-Sandviken flygplats	60.59321	16.95333	ESSK	0
Fetlar	60.60342	-0.87264		0
Бурный	60.61112	30.47615	ULSJ	0
Bøverbru Flyplass, Vestre Toten	60.63785	10.67729	ENBB	0
Bømoen Flyplass	60.6392	6.50139	ENBM	0
Hyvinkään lentokenttä	60.65311	24.88189	EFHV	0
Haslemoen	60.65351	11.91035		0
Skinnlanda flygplats	60.6589	13.72794	ESVM	0
Wredebyn lentokenttä	60.66382	26.74619	EFWB	0
Reinsvoll flyplass	60.67294	10.56603	ENRV	0
Громово	60.71322	30.11344		0
Räyskälän lentokenttä	60.74551	24.11594	EFRY	0
Unst Airport	60.7476	-0.85325	EGPW	0
Husodden flystripe	60.74786	10.24		0
Ummeljoki KW	60.75732	26.73431		0
ESVS Siljansnäs	60.785	14.82722	ESVS	0
Gol Airport, Klanten	60.78986	9.05374	ENKL	0
Forssan lentokenttä	60.80325	23.65073	EFFO	0
Hamar flyplass, Stafsberg	60.81813	11.06761	ENHA	0
Dokka Thomlevold Airport	60.83351	9.92084	ENDO	0
Oripään lentokenttä	60.87479	22.74289	EFOP	0
Starmoen flyplass, Elverum	60.877	11.67411	ENSM	0
Dalsøyra/Rumpene	60.92859	5.15878		0
Mora Siljans flygplats	60.95809	14.50834	ESKM	0
Ольховец	60.9719	34.13931		0
Strandefjorden Seaplane Base	60.98332	9.23544		0
Fagernes Lufthavn, Leirin	61.0104	9.29422	ENFG	0
Аэропорт Вытегра	61.03143	36.43829		0
Вельский аэропорт	61.03932	42.10293		0
Tuulikki-Vampulan lentokenttä	61.03956	22.59156	EFVP	0
Lappeenrannan lentoasema	61.04518	28.14484	EFLP	0
Selänpään lentokenttä	61.06128	26.79758	EFSE	0
Mesnali Flyplass	61.08328	10.68643	ENFH	0
Euran lentokenttä	61.11663	22.19954	EFEU	0
Lahti-Vesivehmaan lentokenttä	61.14433	25.6883	EFLA	0
Sogndal lufthamn	61.15593	7.13567	ENSG	0
Sälen Trysil Airport	61.16502	12.83262	ESKS	0
Orsa Flygfält	61.19083	14.71738	ESNR	0
Rekikoski Airfield	61.20681	22.89212		0
Älvdalens flygklubb	61.21379	14.0445		0
Trysil Flyplass	61.23181	12.26622	ENTS	0
Piikajärven lentokenttä	61.24575	22.19069	EFPI	0
Immolan lentokenttä	61.25229	28.90308	EFIM	0
Østre Æra flyplass	61.25782	11.66982	ENAE	0
Söderhamns flygplats	61.26139	17.09833	ESNY	0
Söderhamn - Mohed flygfält	61.29111	16.84639	ESUM	0
Ljørdalen Flyplass	61.35297	12.75653		0
Bollnäs	61.35512	16.33646		0
Edsby Flygplats	61.38694	15.83333	ESUY	0
Førde lufthamn, Bringeland	61.39152	5.75998	ENBL	0
Tampere-Pirkkalan lentoasema	61.41408	23.60225	EFTP	0
Porin lentoasema	61.46073	21.79913	EFPO	0
Wadahl flystripe	61.50104	9.79509		0
Каргополь	61.51081	38.90445	ULAR	0
Arbrå Airport	61.5125	16.3725	ESUB	0
Ringebu Airfield, Frya	61.54544	10.06159	ENRI	0
Pistohiekan liitolentopaikka	61.56775	28.01261		1
Florø lufthamn	61.583	5.01864	ENFL	0
Mikkelin lentoasema	61.6868	27.20188	EFMI	0
Hämeenkyrön lentokenttä	61.68956	23.07422	EFHM	0
Atna Flyplass	61.72589	10.8422		0
Punkaharjun lentokenttä	61.72787	29.39373	EFPN	0
Сортавала	61.73758	30.67183	ULPW	0
Салменица	61.74609	33.12253		0
Hudiksvalls flygplats	61.76783	17.08164	ESNH	0
Teiskon lentokenttä	61.77334	24.0268	EFTS	0
Jämijärven lentokenttä	61.77634	22.71	EFJM	0
Ljusdal Airfield	61.81708	16.00422	ESUL	0
Аэропорт Пудож	61.8229	36.57688		0
Sandane lufthamn, Anda	61.83014	6.10816	ENSD	0
Пески	61.83308	34.29743	ULPP	0
Sølenstua flyplass	61.83613	11.72588		0
Hallin lentoasema	61.85575	24.78619	EFHA	0
Гидроаэродром «Эссойла»	61.86125	33.21311		0
Idre flygplats	61.86972	12.68944	ESUE	0
Петрозаводск	61.88723	34.14809	ULPB	0
Savonlinnan lentoasema	61.94322	28.9459	EFSA	0
Parkanon lentokenttä	62.01527	23.05818		0
Mänttä-Sassin lentokenttä	62.02845	24.66662		0
Härjedalen Sveg Airport	62.0476	14.42196	ESND	0
Vágar Airport	62.06402	-7.27616	EKVG	0
Rantasalmen lentopaikka	62.06663	28.35735	EFRN	0
Folldal Grimsmoe Airfield	62.11706	10.10958	ENGN	0
Шенкурский аэропорт	62.11734	42.89837		0
Kiteen lentokenttä	62.16668	30.07479	EFIT	0
Varkauden lentokenttä	62.17464	27.86485	EFVR	0
Ørsta/Volda lufthamn, Hovden	62.17904	6.07065	ENOV	0
Baggböle Airstrip	62.19081	17.26866		0
Hjerkinn flyplass	62.19552	9.63765		0
Ovansjö	62.23492	17.38409		0
Bjorli Airfield	62.235	8.24667	ENLB	0
Tynset Flyplass	62.25589	10.66965	ENTY	0
Pieksämäen lentokenttä	62.26527	27.0024	EFPK	0
Nummijärven Lenttokenttä	62.30778	22.51479		0
Ilvesjoki UL	62.32359	22.69186	EFIJ	0
Bänkås Hoppfält	62.38909	17.45281		0
Jyväskylän lentoasema	62.39931	25.67682	EFJY	0
Stöde / Prästbordet flygfält	62.40815	16.53109		0
Hedlanda flygplats	62.41045	13.74483	ESNC	0
Пяльма	62.44986	35.85371		0
Kauhajoen lentokenttä	62.46417	22.3924	EFKJ	0
Ähtärin kevytlentopaikka	62.51356	24.06871		0
Sundsvall Timrå Airport	62.528	17.44238	ESNN	0
Alavuden lentokenttä	62.55461	23.5673	EFAL	0
Ålesund lufthavn, Vigra	62.56035	6.11051	ENAL	0
Tälje Airfield	62.56528	15.83472	ESUJ	0
Røros lufthavn	62.57884	11.34541	ENRO	0
Myran Flygplats	62.63235	17.98243	ESUH	0
Oppdal flyplass, Fagerhaug	62.65106	9.8545	ENOP	0
Sunndalsøra	62.65658	8.68123	ENSU	0
Joensuun lentoasema	62.6582	29.61936	EFJO	0
Seinäjoen lentoasema	62.69079	22.83627	EFSI	0
Molde lufthavn	62.74544	7.26758	ENML	0
Aukra flyplass, Gossen	62.835	6.83		0
Soinin lentokenttä	62.86183	24.16522		0
Tallåsen flygfält	62.87396	17.35913		0
Menkijärven lentokenttä	62.9467	23.5189	EFME	0
Överlanda	62.95734	18.04616		0
Kuopion lentoasema	63.00556	27.79763	EFKU	0
Fiske Airfield	63.01245	9.04668		0
Oviken Airport	63.03874	14.00073	ESUO	0
Höga Kusten Airport	63.04959	17.76658	ESNK	0
Vaasan lentoasema	63.05205	21.75809	EFVA	0
Gravvold Airfield	63.05472	8.71417		0
Orrlanda	63.09283	14.44145		0
Kristiansund lufthavn, Kvernberget	63.11258	7.82885	ENKB	0
Kauhavan lentokenttä	63.11972	23.05617	EFKA	0
Optands flygfält	63.12732	14.80789	ESNM	0
Kivijärven lentokenttä	63.12756	25.12167	EFKV	0
Sollefteå-Långsele Airfield	63.17111	16.98556	ESNB	0
Åre Östersund Airport	63.19414	14.50241	ESNZ	0
Åviken Fly Camp	63.21234	18.74966	ESNF	0
Åre Molanda Flygplats	63.32677	13.42075		0
Mellansel Airfield	63.39194	18.32056	ESUI	0
Sulkaharjun lentokenttä	63.398	24.03105	EFVT	0
Lapinlahden lentopaikka	63.39955	27.47844	EFLL	1
Örnsköldsvik Airport	63.40972	18.98894	ESNO	0
Víkurflugvöllur	63.42238	-18.88789	BIVI	0
Vestmannaeyjaflugvöllur	63.42545	-20.27632	BIVM	0
Rautavaaran lentokeskus	63.42651	28.12383	EFRA	1
Trondheim lufthavn, Værnes	63.45473	10.91005	ENVA	0
Ramsele Airfield	63.49028	16.48361	ESUR	0
Lieksa-Nurmes lentokenttä	63.51196	29.62905	EFLN	0
Bakkaflugvöllur	63.55645	-20.14014	BIBA	0
Frosta Airstrip	63.61335	10.76058		0
Kubbe Air Base	63.6325	17.936		0
Iisalmi Partalan lentokenttä	63.6329	27.12358	EFII	1
BI74 Traðarland	63.67995	-20.26229		0
Frøya flyplass, Flatval	63.70299	8.76403	ENFA	0
Kiuruveden lentokenttä	63.70426	26.6168	EFRV	0
Múlakotsflugvöllur	63.71455	-19.88097		0
Karleby-Jakobstad flygplats	63.71924	23.13889	EFKK	0
Pyhäsalmen lentokenttä	63.72964	25.93111	EFPY	0
Hallviken Airfield	63.73857	15.45999	ESNA	0
Аэропорт Сегежа	63.75906	34.28311	ULPS	0
Kolåsens flygfält	63.76423	12.90921		0
Umeå Airport	63.7904	20.28392	ESNU	0
Kirkjubæjarklaustur	63.79218	-18.0094	BIKL	0
BI50 Stórabót	63.80196	-20.25334		0
BI07 Litli Oddi	63.81933	-20.37604		0
Helluflugvöllur	63.83507	-20.37672	BIHL	0
Gunnarsholt	63.85236	-20.26589	BIGH	0
Módelflugvöllur	63.85498	-21.12366		0
Ålåsens flygfält	63.8657	14.60811		0
Flykälens flygfält	63.86719	15.03848		0
Fagurhólsmýrarflugvöllur	63.87466	-16.64242	BIFM	0
Аэропорт ОНЕГА	63.9093	38.12128	ULAO	0
Finlanda Flygfält Rossön	63.91189	16.32289		0
RAF Kaldaðarnes	63.9279	-21.17188		0
Selfossflugvöllur	63.92885	-21.04071	BISF	0
Arnarvöllur	63.94745	-22.44333		0
Hallbäcks Paramotorflygplats	63.96582	20.29364		0
Keflavíkurflugvöllur	63.98455	-22.62598	BIKF	0
Kärsämäen lentokenttä	63.9892	25.7436	EFKR	0
Аэропорт Карпогоры	64.01119	44.4568		0
Gaundalen	64.01694	12.68222		0
BIVN Vatnsnes	64.03293	-20.65137		0
Ylivieskan lentokenttä	64.0542	24.72134	EFYL	0
Hólakot	64.05958	-20.34427	BIHO	0
Sandskeiðsflugvöllur	64.06017	-21.57004	BISS	0
Haapaveden lentokenttä	64.10991	25.51119	EFHP	0
Hólmsheiði	64.11207	-21.7048		0
Kuhmon lentokenttä	64.11412	29.43462	EFKH	0
Reykjavíkurflugvöllur	64.12938	-21.94377	BIRK	0
Flúðir	64.14471	-20.32665	BIFL	0
Åsele flygfält	64.15792	17.27557	ESUS	0
Tungubakkaflugvöllur	64.18171	-21.70738	BIMS	0
Grønnøra	64.18297	12.17019	ENGS	0
BI10 Leirvogsvatn	64.19836	-21.47801		0
Sindrason Domestic	64.20855	-20.34179		0
Kalajoen lentokenttä	64.22861	23.82639	EFKO	0
BI21 Stíflidalsvatn	64.24264	-21.31085		0
Dorotea flygfält	64.26457	16.48994		0
Vindeln	64.26768	19.6188		0
Kajaanin lentoasema	64.28313	27.69551	EFKI	0
Hornafjarðarflugvöllur	64.29576	-15.22733	BIHN	0
Пурнема	64.3854	37.44123	ULBM	0
Grong Airfield, Bjørgan	64.39702	12.33911		0
Аэропорт Васьково имени И. И. Черевичного	64.44131	40.42149		0
Уйма	64.46937	40.83859		0
Namsos lufthavn	64.47219	11.57686	ENNM	0
Frostlanda flygfält	64.48205	14.1045		0
Vaalan lentokenttä	64.50204	26.75658	EFVL	0
Lycksele flygplats	64.54977	18.71389	ESNL	0
Kárastaðaflugvöllur	64.57238	-21.89852		0
Vilhelmina Airport	64.57914	16.83318	ESNV	0
Архангельск (Талаги)	64.59947	40.71935	ULAA	0
Аэропорт Костомукша	64.61828	30.6873		0
Skellefteå flygplats	64.62414	21.07998	ESNS	0
Stóri-Kroppur	64.63226	-21.49053	BISR	0
Raahe-Pattijoki lentokenttä	64.68834	24.6952	EFRH	0
Húsafellsflugvöllur	64.69982	-20.8921	BIHZ	0
Breiðdalsflugvöllur	64.78954	-14.03819	BIBV	0
Suomussalmen lentokenttä	64.8219	28.70749	EFSU	0
Rørvik lufthavn	64.83701	11.14316	ENRM	0
Nyholm Flygfält	64.86937	20.44866		0
Яреньга	64.88436	37.90942		0
Ahmosuon lentopaikka	64.89467	25.7524	EFAH	0
Rifsflugvöllur	64.911	-23.81339	BIRF	0
Oulun lentoasema	64.93141	25.35055	EFOU	0
Fáskrúðsfjarðarflugvöllur	64.93167	-14.04735	BIFF	0
Letnyaya Zolotitsa	64.95517	36.82305	ULBZ	0
Storuman/Gunnarns flygplats	64.96086	17.69654	ESUD	0
Hailuoto	64.96957	24.70357	EFHL	0
Лопшеньга	64.98091	37.69471		0
Grundarfjarðarflugvöllur	64.99327	-23.22008	BIGF	0
Аэропорт Соловки	65.03023	35.72915		0
Stykkishólmsflugvöllur	65.05909	-22.76402	BIST	0
Búðardalsflugvöllur	65.07463	-21.80218	BIBR	0
Fällfors	65.11249	20.75585		0
Norðfjarðarflugvöllur	65.132	-13.74622	BINF	0
Аэропорт Калевала	65.20974	31.13394	ULPK	0
Malå flygfält	65.21482	18.6811		0
Egilsstaðaflugvöllur	65.28276	-14.4017	BIEG	0
Iin lentokenttä	65.30118	25.41574	EFML	0
Gargnäs Airfield	65.30528	17.97556	ESUG	0
Taivalkoski	65.34774	28.34182		0
Möðrudalur	65.38434	-15.90494	BI55	0
Piteå Airport	65.39721	21.25981	ESNP	0
Pudasjärven lentokenttä	65.40205	26.96108	EFPU	0
Svenningdal flystripe	65.44293	13.40762		0
Reykhólaflugvöllur	65.45171	-22.21016	BIRE	0
Brønnøysund lufthavn, Brønnøy	65.45876	12.21308	ENBN	0
Melgerðismelar Airport	65.48278	-18.16982	BIMM	0
Storberg	65.48813	18.92687		0
Borgarfjörður eystri	65.51688	-13.81568	BIBF	0
Luleå Airport	65.54783	22.11365	ESPA	0
Patreksfjarðarflugvöllur	65.55562	-23.96416	BIPA	0
Arvidsjaurs flygplats	65.59209	19.27661	ESNX	0
Hattfjelldal Airfield	65.5947	13.9892	ENHT	0
Pålsträsket	65.63892	21.23069		0
Bíldudalsflugvöllur	65.64154	-23.54618	BIBD	0
Älvsbyn Airfield	65.64491	21.06026	ESUV	0
Blönduóssflugvöllur	65.64532	-20.28748	BIBL	0
Mývatnsflugvöllur	65.65595	-16.91899	BIRL	0
Akureyrarflugvöllur	65.65649	-18.07108	BIAR	0
Верхняя Золотица	65.68596	40.3618	ULBW	0
Hólmavíkurflugvöllur	65.70472	-21.69691	BIHK	0
Vopnafjarðarflugvöllur	65.7203	-14.85092	BIVO	0
Alexandersflugvöllur	65.73254	-19.57521	BIKR	0
Kemi-Tornion lentoasema	65.78195	24.58903	EFKE	0
Mosjøen lufthavn	65.78354	13.21574	ENMS	0
Hemavan Tärnaby Airport	65.80578	15.08302	ESUT	0
Hedenbasen	65.8383	21.4688	ESPJ	0
Þingeyrarflugvöllur	65.87014	-23.55985	BITE	0
Аэропорт Мезень	65.87891	44.21449		0
Suddesjaur	65.91335	19.1643		0
Húsavíkurflugvöllur	65.9539	-17.42455	BIHU	0
Sandnessjøen lufthavn	65.95822	12.4708	ENST	0
Ranuan lentokenttä	65.97597	26.36496	EFRU	0
Kuusamon lentoasema	65.98792	29.24011	EFKS	0
Gjögursflugvöllur	65.99545	-21.32688	BIGJ	0
Bakkafjörður	66.01814	-14.82399		0
Аэропорт Долгощелье	66.05424	43.4261		0
Ísafjarðarflugvöllur	66.05798	-23.13464	BIIS	0
Чаваньга	66.11395	37.73487		0
Siglufjarðarflugvöllur	66.1373	-18.90987	BISI	0
Kokhedsfältet	66.15049	21.03525		0
Þórshafnarflugvöllur	66.21851	-15.33362	BITN	0
Kópaskersflugvöllur	66.31158	-16.46452	BIKP	0
Mo i Rana lufthavn	66.3637	14.30134	ENRA	0
Койда	66.378	42.558		0
Raufarhafnarflugvöllur	66.40562	-15.92607	BIRG	0
Варзуга	66.41177	36.59409	ULMB	0
Punkt 227	66.43461	20.63477		0
Сосновка	66.50217	40.57621		0
Överkalix flygfält	66.52966	22.35769	ESNE	0
Grímseyjarflugvöllur	66.54641	-18.01703	BIGR	0
Rovaniemen lentoasema	66.56425	25.82973	EFRO	0
Умба	66.69656	34.38508	ULMA	0
Kemijärven lentokenttä	66.71265	27.15688	EFKM	0
Satter	66.88023	21.91066		0
Porjus flygfält	66.96329	19.83322		0
Чижа	67.0845	44.37055		0
Rognan Flyplass	67.09877	15.41051	ENRG	0
Поной	67.11058	41.10659	ULMO	0
Каневка	67.12134	39.71692		0
Gällivare Lapland Airport	67.13238	20.81575	ESNG	0
Pajala flygplats	67.24409	23.07724	ESUP	0
Bodø lufthavn - Bådådjo girddesalljo	67.26437	14.35656	ENBO	0
Tjautjasjaure flygfält	67.32757	20.74398		0
Краснощелье	67.34786	37.07674	ULMX	0
Sodankylän lentoasema	67.39446	26.62	EFSO	0
Хибины	67.46321	33.58193	ULMK	0
Røst lufthavn	67.52621	12.10119	ENRS	0
Ковдор	67.53346	30.61935		0
Кировск	67.57701	33.58039		0
Aavahelukan lentokenttä	67.60403	23.97139	EFAA	0
Kittilän lentoasema	67.70032	24.84926	EFKT	0
Kalixfors flygfält	67.76495	20.25601	ESUK	0
Kiruna flygplats	67.82035	20.33455	ESNQ	0
Шойна	67.87003	44.15282		0
Engeløy	67.96762	14.99471	ENEN	0
Гремиха	67.98691	39.83297		0
Ловозеро	68.02061	35.00298	ULML	0
Гремиха (ниж.)	68.03138	39.53379		0
Vuotson lentokenttä	68.0866	27.12375	EFVU	0
Pokan lentokenttä	68.15026	25.82962	EFPA	0
Leknes lufthavn	68.15287	13.60939	ENLK	0
Svolvær lufthavn, Helle	68.24171	14.66753	ENSH	0
Ballangen flyplass	68.33486	16.82657		0
Enontekiön lentoasema	68.35959	23.42584	EFET	0
Кица (Тайбола)	68.50794	33.28865		0
Stokmarknes lufthavn	68.58077	15.02184	ENSK	0
Ivalon lentoasema	68.60635	27.40919	EFIV	0
Martiniiskonpalon lentokenttä	68.6603	25.7029	EFMP	0
Мурманск	68.78094	32.75211	ULMM	0
Мурмаши	68.80642	32.80465		0
Salangen Airfield, Elvenes	68.87359	17.98419	ENLV	0
Kilpisjärvi Seaplane Mooring	69.00107	20.89697		0
Guovdageainnu girdišillju	69.0402	23.03518	ENKA	0
Bardufoss lufthavn	69.05492	18.53872	ENDU	0
Andøya lufthavn, Andenes	69.29164	16.13155	ENAN	0
Gárggoluoppal	69.32973	23.96986		0
Vuottašjávri sjøflyplass	69.34898	24.01949		0
Máze	69.42019	23.62895		0
Maggi beach	69.45733	25.46085		0
Ravnastua	69.52731	24.95613		0
Nedre Mollisjok	69.52902	24.39215		0
Iešjávri	69.64518	24.31826		0
Tromsø lufthavn, Langnes	69.68199	18.91662	ENTC	0
Kirkenes lufthavn	69.72317	29.89299	ENKR	0
Sørkjosen lufthavn	69.78748	20.9579	ENSR	0
Gairasmoen	69.95882	24.96381		0
Alta lufthavn	69.97727	23.36583	ENAT	0
Vadsø lufthavn	70.06489	29.84677	ENVD	0
Lakselv lufthavn, Banak	70.06724	24.96246	ENNA	0
Golnes flystripe	70.0867	30.01248		0
Villmobakken	70.21216	19.62351		0
Masjok	70.26321	28.15425		0
Veslemoen flystripe	70.29002	24.11027		0
Kunes flystripe	70.34115	26.49619		0
Vardø lufthavn	70.35514	31.04498	ENSS	0
Hasvik lufthavn	70.48657	22.1405	ENHK	0
Båtsfjord lufthavn	70.59974	29.69156	ENBS	0
Hammerfest flyplass	70.67965	23.66781	ENHF	0
Mittarfik Nerlerit Inaat	70.74142	-22.64859	BGCO	0
Berlevåg lufthavn	70.87147	29.03043	ENBV	0
Kjøllefjord	70.94051	27.34879		0
Honningsvåg lufthavn	71.0093	25.98462	ENHV	0
Mehamn lufthavn	71.02964	27.82596	ENMH	0
Slettnes flystripe	71.07875	28.22618		0
