name	lat	lon	icao
Αβδού - Απογείωση Αλεξιπτώτου Πλαγιάς	35.21907	25.43194	
Σίσι - Απογείωση	35.31672	25.53904	
paragliding start point	35.38563	33.74936	
Βαρύπετρο Χανίων - Απογείωση	35.45131	23.97539	
Φαλάσαρνα - Απογείωση Αλεξιπτώτου Πλαγιάς	35.48287	23.59381	
Parapente Vejer	36.24753	-5.97335	
Μόντε Σμιθ - Απογείωση	36.43198	28.20517	
Yamaç Paraşütü Başlangıç ​​Alanı 1900M - Güney	36.52959	29.18307	
Yamaç Paraşütü Başlangıç ​​Alanı 1900M - Kuzey	36.53008	29.18121	
Yamaç Paraşütü Başlangıç ​​Alanı 1800M	36.53741	29.17155	
Yamaç Paraşütü Başlangıç ​​Alanı 1700M	36.53904	29.16968	
Fly With Ata	36.54462	29.12537	
Yamaç Paraşütü Başlangıç ​​Alanı 1200M	36.54908	29.15557	
Paragliding Takeoff2	36.56625	31.97884	
Takeoff 680	36.57629	31.97097	
Despegue La Herradura	36.73085	-3.73436	
Despegue Otívar	36.8337	-3.70214	
Ronda la Vieja	36.83851	-5.23842	
Σαϊδόνα - Απογείωση Αλεξιπτώτου Πλαγιάς	36.88264	22.28987	
Poniente	36.8948	-5.41588	
Levante SW	36.89811	-5.39421	
Levante SE	36.89843	-5.39322	
Montellano	37.0055	-5.54602	
Βέργα - Απογείωση Αλεξιπτώτου Πλαγιάς	37.00669	22.17768	
Montellano	37.00722	-5.54201	
Zona de despegue de Poniente	37.13127	-4.18485	
Zona de despegue de Poniente	37.13268	-4.1839	
Zona de despegue de Levante	37.14947	-4.1491	
Despegue Alfacar	37.25914	-3.56147	
Despegue Alfacar	37.25929	-3.56149	
Αρτεμίσιο - Απογείωση	37.63273	22.53713	
Ζώνη Ελεύθερης Πτήσης Αναβύσσου	37.72962	23.93788	
Centro de vuelo Siete Pilillas	37.75221	-3.64611	
Βγέθι - Απογείωση	37.79977	24.07048	
Αγία Μαρίνα (Σαρωνίδα) - Απογείωση Αλεξιπτώτου Πλαγιάς	37.81058	23.85517	
Despegue de Alhama	37.86298	-1.42621	
Σκιαδάς - Απογείωση	37.87407	21.69792	
VolarInsieme	37.88	15.30727	
Paragliding launch Dynamit	37.9406	29.14338	
Καλέντζι - Απογείωση	37.94492	21.76673	
Σαντομέρι - Απογείωση Αλεξιπτώτου Πλαγιάς	37.97819	21.57295	
Καλάβρυτα (Βόρεια) - Απογείωση Αλεξιπτώτου Πλαγιάς	38.00798	22.11674	
Καλάβρυτα (Νότια) - Απογείωση Αλεξιπτώτου Πλαγιάς	38.00926	22.1218	
Καλούσι - Απογείωση	38.04069	21.79657	
Κανδήλι - Απογείωση Αλεξιπτώτου Πλαγιάς	38.06433	23.37536	
Χαλανδρίτσα - Απογείωση	38.13803	21.78204	
Πούντα Διακοπτό - Απογείωση Αλεξιπτώτου Πλαγιάς	38.16391	22.21676	
Ομπλός - Απογείωση Αλεξιπτώτου Πλαγιάς	38.179	21.76692	
Κιθαιρώνας Κορυφή - Απογείωση Αλεξιπτώτου Πλαγιάς	38.1844	23.24951	
Κιαθαιρώνας - Απογείωση Αλεξιπτώτου Πλαγιάς	38.20721	23.25265	
Santa Pola - Área de Salto de Parapente	38.21975	-0.51557	
ΠαναχαΙκό 1100μ - Απογείωση Αλεξιπτώτου Πλαγιάς	38.22512	21.83107	
Αυλώνα - Απογείωση	38.24424	23.67489	
Bozdağ Yamaç Paraşütü Pisti	38.30072	28.04498	
Μύρτος - Απογείωση	38.34142	20.54249	
Myrthos North Launch	38.34607	20.5511	
Βαράσοβα - Απογείωση Αλεξιπτώτου Πλαγιάς	38.37152	21.57761	
Ύπατο - Απογείωση Αλεξιπτώτου Πλαγιάς	38.40175	23.40142	
Κεραίες Δεσφίνας - Απογείωση Αλεξιπτώτου Πλαγιάς	38.43283	22.47571	
Ρέτσινα - Απογείωση Αλεξιπτώτου Πλαγιάς	38.4329	21.40205	
Rampa de voo livre	38.46227	-9.19259	
Δελφοί - Απογείωση Αλεξιπτώτου Πλαγιάς	38.48507	22.47543	
Despegue Parapente Palomaret	38.48621	-0.6752	
Αγία Τριάδα - Απογείωση	38.48836	22.31562	
Σταυρός Αράχωβας - Απογείωση Αλεξιπτώτου Πλαγιάς	38.49294	22.55108	
Αγία Ευθυμία - Απογείωση Αλεξιπτώτου Πλαγιάς	38.49484	22.33849	
Πετροχώρι - Απογείωση	38.54523	21.64604	
Στράνωμα - Απογείωση Αλεξιπτώτου Πλαγιάς	38.55068	21.76449	
Παλαιοκαρυά - Απογείωση Αλεξιπτώτου Πλαγιάς	38.61854	21.56357	
Αμφίκλεια - Απογείωση Αλεξιπτώτου Πλαγιάς	38.62396	22.57108	
Παραβόλα - Απογείωση	38.63219	21.52506	
Παλαιοκαρυά Υψηλή - Απογείωση Αλεξιπτώτου Πλαγιάς	38.64302	21.57101	
Βλαχέρνα Αγρινίου - Απογείωση Αλεξιπτώτου Πλαγιάς	38.65461	21.39727	
Mehmet Şafak Yaşam Parkı	38.68497	35.5415	
Καλαμίτσι - Απογείωση Αλεξιπτώτου Πλαγιάς	38.75248	20.60365	
Exanthia Startplatz Paragliding	38.75812	20.61661	
Εξάνθεια - Απογείωση Αλεξιπτώτου Πλαγιάς	38.75814	20.61621	
Βόνιτσα Προφήτης Ηλίας - Απογείωση Αλεξιπτώτου Πλαγιάς	38.89966	20.93528	
Καρπενήσι Βελούχι- Απογείωση Αλεξιπτώτου Πλαγιάς	38.93261	21.80744	
Εμπεσός - Απογείωση Αλεξιπτώτου Πλαγιάς "Ιωακείμ Σκόνδρας"	39.00352	21.33025	
Rampa de vôo livre	39.0173	-9.22659	
Rampa de vôo livre	39.01775	-9.22641	
Χανόπουλο - Απογείωση Αλεξιπτώτου Πλαγιάς	39.20245	20.94799	
Πάργα - Απογείωση Αλεξιπτώτου Πλαγιάς	39.3007	20.38963	
Μαργαρίτι - Απογείωση	39.3746	20.44067	
Σαρακήνος - Απογείωση	39.39828	22.95507	
Ελληνόπυργος - Απογείωση Αλεξιπτώτου Πλαγιάς	39.4096	21.73023	
Decollo Buggerru	39.41087	8.42544	
Μουζάκι - Απογείωση Αλεξιπτώτου Πλαγιάς	39.4259	21.63585	
Βραχωνάς (Σύβοτα) - Απογείωση Αλεξιπτώτου Πλαγιάς	39.43303	20.2662	
Παραμυθιά - Απογείωση Αλεξιπτώτου Πλαγιάς	39.4582	20.54817	
Zona de Parapente	39.52181	-9.13379	
Zona de Parapentes	39.5225	-9.13182	
Άη Γόρδης - Απογείωση Αλεξιπτώτου Πλαγιάς	39.53885	19.85831	
Escola de vol Skyline	39.57872	3.12842	
Λοφος εκπαιδευσης παραπεντε	39.5812	20.8731	
Κοντόγιαλος - Απογείωση Αλεξιπτώτου Πλαγιάς	39.58351	19.82463	
Λιγκιάδες - Απογείωση Αλεξιπτώτου Πλαγιάς	39.69208	20.91092	
Τρουμπέτας - Απογείωση Αλεξιπτώτου Πλαγιάς	39.70928	19.75052	
Μετέωρα - Απογείωση Αλεξιπτώτου Πλαγιάς	39.70977	21.63679	
Μιτσικέλι - Απογείωση Αλεξιπτώτου Πλαγιάς	39.71703	20.89607	
Despegue Parapente Villar del Arzobispo	39.72635	-0.85133	
Μέγα Γρεμό - Απογείωση Αλεξιπτώτου Πλαγιάς	39.72998	19.8661	
Πεδίο Απογείωσης Παραπέντε	39.73271	20.73048	
Μονή Περίβλεπτου - Απογείωση Αλεξιπτώτου Πλαγιάς	39.76625	20.79407	
Περίβλεπτος - Απογείωση Αλεξιπτώτου Πλαγιάς	39.77175	20.796	
Συκούριο - Απογείωση	39.79167	22.61168	
C Tepesi Kalkış Pisti	39.81083	30.1141	
Ασπράγγελοι - Απογείωση Αλεξιπτώτου Πλαγιάς	39.82073	20.72416	
Ελασσόνα - Απογείωση	39.89579	22.14843	
Δεσκάτη (Βόρεια) - Απογείωση Αλεξιπτώτου Πλαγιάς	39.94719	21.76035	
Δεσκάτη (Νότια) - Απογείωση Αλεξιπτώτου Πλαγιάς	39.9538	21.78649	
Άγιος Παντελεήμονας - Απογείωση Αλεξιπτώτου Πλαγιάς	39.98836	22.56972	
Magan	39.99072	-3.90318	
Καλύβια - Απογείωση Αλεξιπτώτου Πλαγιάς	40.02367	22.27802	
Όλυμπος ΚΕΟΑΧ - Απογείωση Αλεξιπτώτου Πλαγιάς	40.02959	22.30812	
Χώρος Απογείωσης Αεραθλημάτων Κόνιτσας	40.06094	20.75763	
Gardunha Sul	40.06603	-7.50735	
Αφροδίτη - Απογείωση	40.10927	22.47904	
Fadıllı Yamaçparaşütü Atlama Alanı	40.1449	28.72363	
Fadıllı Yamaçparaşütü İniş Alanı	40.15379	28.71823	
SkySports Albania	40.16805	19.58579	
Σέρβια - Απογείωση Αλεξιπτώτου Πλαγιάς	40.17085	22.03238	
Pista de parapente da Serra da Fraga/Alveite Grande	40.22146	-8.21954	
Nefeli	40.23102	22.25049	
Pedro Bernardo - Despegue Este	40.25254	-4.88775	
Pedro Bernardo - Despegue Oeste	40.25672	-4.90546	
Paragliding	40.26817	29.23394	
Paragliding launch Gürsu 2	40.26818	29.23395	
Βελβεντό - Απογείωση Αλεξιπτώτου Πλαγιάς	40.27315	22.11659	
Monte Bardia Paragliding Take-Off	40.2754	9.59451	
Mt. Hatis Paraglding take-off site	40.29625	44.69772	
Γαλατινή - Απογείωση Αλεξιπτώτου Πλαγιάς	40.31307	21.53001	
Shashica paragliding takeoff	40.41043	19.50707	
Pista da Azinha	40.4308	-7.45558	
Προφήτης - Απογείωση Αλεξιπτώτου Πλαγιάς	40.4867	23.17247	
Madrid Fly	40.50553	-3.88826	
Zona de descolagem de Voo Livre	40.53298	-7.44579	
Rampa de descolagem de parapente	40.55368	-8.17883	
Νυμφαίο - Απογείωση Αλεξιπτώτου Πλαγιάς	40.64026	21.49685	
Περαία - Απογείωση Αλεξιπτώτου Πλαγιάς	40.75324	21.82964	
Άρνισσα - Απογείωση Αλεξιπτώτου Πλαγιάς	40.76613	21.82442	
Έδεσσα - Απογείωση	40.79446	22.04523	
Eco Tourismo	40.83594	21.14034	
Άγιος Αθανάσιος - Απογείωση Αλεξιπτώτου Πλαγιάς	40.84048	21.7813	
Parapente La Muela - Alarilla	40.845	-3.11078	
Κερασιές - Απογείωση Αλεξιπτώτου Πλαγιάς	40.87412	21.7968	
Cross Country Parapendio	40.88074	8.78591	
Полетување Галичица	40.95474	20.81213	
Полетување Галичица	40.95743	20.81447	
Πρόμαχοι - Απογείωση	41.03909	21.98489	
Παναγία (Κεφαλάρι) - Απογείωση	41.05331	24.28668	
Полетување Велестово	41.09218	20.8348	
Τοξότες - Απογείωση Αλεξιπτώτου Πλαγιάς	41.11701	24.75001	
Χιονοχώρι - Απογείωση	41.12246	23.64707	
Descolagem de Parapente da Serra do Reboredo	41.16569	-7.03725	
Κορύλοβος (Νοτια) - Απογείωση Αλεξιπτώτου Πλαγιάς	41.16612	24.16634	
Κορύλοβος (Ανατολικά) - Απογείωση Αλεξιπτώτου Πλαγιάς	41.1692	24.17368	
Πύργοι - Απογείωση	41.2248	23.99154	
Decollo Deltaplani e Parapendio	41.22999	15.26529	
Krusevo - Mechkin Kamen East	41.34362	21.25688	
Parapente	41.3568	1.2251	
Zonë Fluturimi	41.36936	19.90394	
Take off paragliding	41.45948	13.22925	
Pista di decollo parapendio VoloLibero Cassino	41.54706	13.81215	
Decollo parapendio Norma	41.5912	12.95711	
Rampa de vôo livre de Parapente de Caldelas	41.65874	-8.35909	
BCN Parapent	41.66361	1.63458	
Decollo Deltaplani	41.67669	15.5813	
Zona di decollo	41.67678	15.58194	
Decollo San Donato	41.73353	13.77247	
Turó de l'Home take off	41.77507	2.43631	
Takeoff Seronne	41.84877	13.09004	
Pista de Parapente	41.87985	-7.72086	
Area di decollo per parapendio di Monteripoli	41.94108	12.80715	
Parapent Entrenúvols	42.0174	0.74433	
San-bastiano	42.02105	8.75512	
Sortida intermitja de parapent	42.03563	0.73616	
Punta-isa	42.04144	9.02098	
Sortida de Parapent i Ala Delta	42.04655	0.74574	
Parapent la Segona Maria	42.07537	1.79724	
Camp d'aterratge parapent - Cal Foubes	42.08374	1.82178	
Parapent la Primera Maria	42.08902	1.81389	
Bellmunt	42.09986	2.2936	
Vizzavona	42.10339	9.10676	
Parapent la Figuerassa	42.12165	1.82355	
Partenza parapendio	42.19277	13.90784	
Paragliding Takeoff Spot	42.22371	23.13769	
Paragliding Take Off	42.22904	20.8339	
Ostrogan Paragliding Takeoff Spot	42.22979	23.1864	
Vuelo a Vela Fontefría	42.23809	-8.31451	
Chapelle santa brigida - a punta	42.24088	9.44149	
Chapelle santa brigida - a punta	42.24104	9.44166	
Chapelle santa brigida - a punta	42.24158	9.44118	
Decollo Monte Soratte	42.24552	12.50182	
Calacuccia - bocca-a-sforssi	42.30996	9.04488	
La Scubiccia	42.32919	9.47466	
Loarre	42.33251	-0.60904	
Panettone	42.3447	13.78478	
Lozzi - alturaghja	42.3561	8.96908	
Puigmal - cotze	42.40084	1.91384	
Puigmal - Pic d'Estaques	42.41194	1.94538	
Céret - Fontfrede	42.45009	2.76447	
Cerbere pic galline	42.45145	3.14955	
Cerbere - pic de joan - sud est	42.45319	3.13562	
Cerbere - pic de joan - est	42.45463	3.13634	
Céret - Col de la Brousse	42.45864	2.76766	
Paragliding Club ADRIAFLY	42.487	18.56851	
Vol'Aime	42.50037	2.01353	
Batere - corsavy	42.50458	2.54835	
Mauroux	42.51028	1.98951	
Pista di Decollo Parapendii e Deltaplani - Poggio Bustone - Collinette	42.51472	12.88312	
Sorède - Puig Alt	42.5149	2.97326	
Despegue de Castejón-Rials	42.5242	0.49985	
Despegue de Chía	42.52589	0.46916	
Despegue de Castejón-Liri	42.53362	0.55233	
Salvi	42.55248	8.86302	
Les angles - les pelerins	42.58856	2.02938	
Camelas - saint martin	42.62474	2.68088	
Biescas	42.63148	-0.3114	
Despegue parapente Genevilla	42.63582	-2.38932	
SkyNomad Paragliding	42.65528	24.75759	
EVO Aviation Ltd.	42.67235	23.40593	
Teghime - monti-rossi	42.67245	9.37518	
EVO Aviation Ltd.	42.67271	23.44075	
Altore Parapente Saint Florent	42.67408	9.29082	
Sommet de la Força Réal	42.72659	2.70162	
Décollage de la Crete d'Esplas	42.74334	1.5204	
Décollage de l'Esquerus	42.75854	1.51249	
Décollage de Risoul	42.76355	1.50891	
Luchon-superbagneres - la chapelle	42.7677	0.58016	
L'arrech (guzet) - pic de l'arrech	42.77105	1.3023	
Aire de décollage, Pic de l'Arrech	42.77105	1.30245	
Vallee du louron - cap de pales	42.77233	0.45125	
Ardounes	42.77801	0.37808	
Guzet	42.77805	1.30172	
Vallee du louron - restaurant altitude	42.77849	0.44336	
Les Myrtilles	42.78137	0.37889	
Forca di Presta	42.78484	13.25168	
Soaring	42.78743	0.59413	
Vicdessos - décollage orus	42.78875	1.50617	
Les Antennes	42.78921	0.47503	
Verdun - crouzille	42.79052	1.70606	
Le 400	42.79063	0.49226	
Nonza - pointe-de-solaru	42.79474	9.35174	
Virevolte	42.79628	0.40935	
Le 600	42.79806	0.48752	
Peyre mensongere	42.79843	1.23109	
Vallee du louron - ble 300	42.79881	0.39609	
Décollage Vallée du Louron - 600	42.79891	0.38207	
Vallee d'oo - du 600	42.79963	0.49009	
Vallee du louron - 500	42.80125	0.3883	
Châlet Virevolte	42.80221	0.40652	
Salidière	42.80517	0.42967	
Vallee du louron - mont	42.80518	0.43026	
Despegue de Ens	42.80553	0.33302	
Décollage Valleé du Louron - 700	42.80751	0.37671	
Roquefeuil - pic du midi nord	42.81186	1.99354	
Site de vol libre Port de Lers	42.81239	1.39336	
Massat - port de lers - courtignou	42.8124	1.39368	
Décollage du Plat d'Adet	42.81381	0.29821	
Pic lumiere - pla d'adet	42.8139	0.29946	
Roquefeuil - pech est	42.82127	1.9876	
Monts d'olmes - galinat	42.82602	1.74358	
Decollo Stribugliano Monte Aquilaia	42.84523	11.4774	
Cucugnan - chateau de queribus	42.84654	2.62377	
Montsegur - col de montsegur	42.86107	1.80604	
Col de la core	42.86256	1.10819	
Château de Peyrepertuse	42.86947	2.55984	
Paraglajsing poletište	42.87098	19.89269	
Tuchan - mont tauch - pech des faysettes	42.87227	2.69445	
Luz Aventure	42.87289	-0.00295	
Bureau des guides Luz-Saint-Sauveur	42.87314	-0.00303	
Les ailes de ginoles	42.87468	2.15145	
Bareges-tourmalet - col d'ayre	42.87686	0.0706	
Birout'ale - suaghjola	42.88298	9.34592	
Henri NOGUE	42.88696	0.03715	
Tuchan - Pech des Fayssettes	42.8914	2.69089	
Puivert	42.89206	2.06739	
Mourtis - le tuc de pan	42.8983	0.75449	
Belesta - roc de la grenouille	42.90022	1.96358	
Bareges-tourmalet - caoubere	42.90168	0.11358	
Air Aventure Pyrénées	42.90358	0.09564	
Pic de labigouer	42.90773	-0.57386	
Bareges-tourmalet	42.91114	0.14358	
Bareges-tourmalet - arrouyes 2	42.91221	0.10373	
Bareges-tourmalet - arrouyes 3	42.91478	0.10025	
Pujo de gery	42.91962	0.66747	
Bareges-tourmalet - bonida	42.91982	0.12661	
Prat d'albis	42.9218	1.58186	
Arrout - sapiniere d'arront	42.9434	1.01469	
Pic d'Anie	42.94363	-0.72025	
Char de moulis	42.95201	1.10069	
Arbas - cornudere	42.95788	0.89028	
Mail d'eygarry	42.96066	-0.6596	
Hautacam argeles-gazost - la moulata	42.96897	-0.00309	
Arbas - planot de loubat	42.97015	0.88622	
A bout d'aile comme un oiseau	42.97283	-0.19489	
Accous - 500	42.97498	-0.5613	
Ascendance	42.97592	-0.59969	
Air Attitude	42.97734	-0.60555	
Décollage intermédiaire	42.97961	-0.58033	
Accous - delta	42.98051	-0.57275	
Cazavet - cazeaux	42.98387	1.03637	
Val d'azun couraduque - le soc	42.99049	-0.19653	
Parapente Découverte	42.99156	-0.06763	
Col de la courade - niclade	42.9979	0.16818	
Didier Theil Parapente	43.00127	-0.11578	
Grange des cinq monts	43.00282	-0.43378	
Déco du Pic de Brau	43.01172	2.22593	
Le layens	43.02019	-0.64517	
Issarbe	43.02072	-0.79822	
Dausse	43.04802	0.79182	
Le mai - cap sicie - le plateau	43.05524	5.85858	
Decollo Ovest	43.05614	12.66814	
Paragliding Mestia Launch	43.06355	42.71926	
Chapelle de la madeleine	43.14764	-0.84413	
Aire de décollage Picon Roquefort	43.15966	0.99024	
Despegue del Colláu	43.16267	-5.90635	
Despegue del Nevero	43.16571	-5.90283	
Despegue de Peral	43.167	-5.9003	
La cadiere d'azur - le cube - le defends	43.19696	5.73679	
Ljubuški - Kula, paragliding poletište	43.20282	17.55529	
Décollage Gensac	43.21259	1.13116	
Pointe piazza - escalette ouest	43.22009	5.35433	
Pointe piazza - escalette sud	43.22102	5.35691	
Pointe piazza - escalette nord	43.22119	5.35429	
Marseille Parapente	43.26668	5.68421	
Cuges-les-pins - pey gros	43.27163	5.66849	
Cuges-les-Pins - Les Vigneaux	43.27229	5.69216	
Cuges-les-pins - les gypieres	43.28056	5.67003	
Cuges les pins - pierre blanche	43.28214	5.69436	
Cuges-les-pins - la tete de bourdon	43.28644	5.69777	
Baigura	43.292	-1.29207	
Чегем	43.29339	43.1641	
Парапланы на Кавказе Чегем	43.29795	43.15838	
Signes - agnis - agnis - se et sw	43.30213	5.8729	
La sainte baume - le grand vallon	43.31489	5.7095	
Argeliers	43.31533	2.8843	
Garlaban - sud	43.33077	5.55479	
Garlaban - sud est	43.33086	5.55565	
Garlaban - est	43.33088	5.55628	
Vols d'initiation en planeur	43.33538	-1.42601	
Saint-Quinis	43.35419	6.12008	
Decollo Nord	43.35533	12.77179	
Decollo Sud	43.35655	12.75071	
Decollage Est	43.41794	6.85773	
Soreze - berniquaut	43.44214	2.07402	
Piste d'envol du Roc d'Albine	43.44318	2.53485	
Despegue de parapente, San Cristovo	43.47089	-8.29828	
La capelette	43.47961	2.16313	
Despegue de Parapente, O Monte Ventoso	43.4806	-8.31782	
Despegue de Parapente, Monte Comado	43.52715	-7.17044	
La sainte victoire - pas du dinosaure	43.53139	5.5668	
La sainte victoire - pas du berger	43.53242	5.57327	
La sainte victoire - saint ser intermediaire	43.53259	5.64392	
Décollage de l'Escalette	43.53609	5.56945	
La sainte victoire - pic des mouches	43.53906	5.64452	
Vesole - la grande plaine	43.56049	2.82532	
Décollage Brenas	43.63576	3.26636	
Bargemon - table d'orientation	43.63855	6.56129	
Décollage La Merquière	43.64982	3.23011	
Gonflages parapentes	43.66932	3.35194	
Montjoux sud	43.67235	3.19565	
Montjoux O-NO	43.67262	3.19495	
Romanieres Barres Rouges	43.70219	4.98533	
Kennedy	43.70412	6.98093	
Kennedy	43.70413	6.98118	
Site de vol-libre Les Opies	43.70647	4.97725	
L'Embarnier 2	43.72289	6.94392	
L'Embarnier 1	43.72559	6.94707	
Lachens sud ecole	43.73615	6.6597	
Lachens ouest - ouest	43.73903	6.64089	
Décollage Sud Col - Parapente	43.74353	6.65197	
Lachens sud - sud - col du lachens	43.74466	6.65714	
Lachens nord - nord	43.74543	6.65306	
Despegue de Parapente	43.74716	-7.89096	
Décollage de Laï Barraï	43.75594	7.41082	
Despegue de parapente do Faroleiro	43.75998	-7.87126	
Décollage de Roquebrune Cap-Martin Mont-Gros	43.76548	7.4427	
Aiguines le puits	43.76951	6.25353	
VOYAGEURS DU CIEL	43.79623	6.94404	
Saint dionisy - st dionisy	43.79903	4.22389	
Gréolières 300	43.80051	6.95585	
Greolieres - 300	43.80055	6.95583	
Greolieres - 600	43.80916	6.96074	
Greolieres - 700	43.80994	6.95882	
Sinsans - la liquiere	43.81096	4.18115	
Décollage Delta Bleine	43.81355	6.80936	
Décollage Bleine parapente	43.81382	6.81125	
Greolieres - 1000 cheiron	43.81633	6.982	
Fourneby (déco parapente)	43.82745	6.89283	
Paragliding klub Pegaz	43.82967	16.64242	
Saint Côme	43.83513	4.19756	
Puech de dolgue	43.83872	3.90147	
Moustiers-sainte-marie - courchon	43.84301	6.23023	
Décollage du Mont Denier	43.85386	6.26702	
Sospel - lavina	43.86693	7.41358	
Décollage parapente la Séranne - Déco Roc Blanc	43.86773	3.63654	
Décollage parapente la Séranne - Déco Namibie	43.86782	3.63899	
La seranne - sud	43.86892	3.64069	
Claret - les embruscalles	43.87569	3.88677	
Pompignan claret	43.87693	3.85777	
Sospel - agaisen	43.88684	7.45466	
Параглајдинг узлетиште	43.8965	20.21738	
Параглајдинг узлетиште	43.89652	20.21361	
Saint-pancrace - le relais	43.89958	5.92094	
Sospel - monte grosso	43.9143	7.4672	
Rustrel - beausses	43.94187	5.47632	
Decollo Parapendio	43.94586	8.12473	
Haut-Les-Mains	43.9538	6.37021	
Aerogliss	43.9592	6.51037	
Cezas	43.96544	3.79581	
Парапланы на Кавказе Юца	43.97354	43.03305	
Décollage Chalvet Sud	43.97654	6.49179	
Décollage Chalvet Est	43.9769	6.49246	
Décollage du Chalvet Nord	43.97779	6.49121	
Décollage Chalvet Ouest	43.97851	6.47973	
Cap uverte	44.00592	2.1408	
Dauban - dauban	44.01054	5.65453	
Cap Découverte	44.01643	2.13295	
Saint jean - latour de durfort	44.04126	5.40351	
Grou de bane - la croix	44.04983	5.63555	
Le cousson	44.05368	6.23964	
Décollage de Gamby	44.0547	5.68276	
La colmiane - le pic	44.05807	7.21765	
Cordes saint marcel campes test	44.06379	1.97013	
Cordes saint marcel campes - cordes 2	44.06422	1.9757	
Malijai - blanchon	44.06622	6.03768	
Millau - Brunas	44.07323	3.06415	
Villevieille	44.07615	6.24115	
Décollage de la pente de la Grande	44.08267	3.10543	
Saint jean - Le Seigneur	44.08757	5.36306	
Decollo Parapendio	44.08972	7.79261	
La colmiane - veillos	44.09603	7.19059	
Cagnorina	44.09736	7.59685	
Contras - Sud	44.10017	5.71418	
Évasion Parapente	44.10324	3.08799	
Marnaves - Roc de Bartou	44.10638	1.88559	
Aire d'atterissage du Golf - Vol Libre	44.10772	3.08659	
Millau - Puncho d'Agast - Sud	44.10988	3.10322	
Millau - puncho d'agast - ouest	44.11029	3.1012	
Millau - Puncho d'Agast (nord-ouest)	44.11106	3.10209	
La Clapière Basse	44.11234	6.1973	
La Clapière Haute	44.1135	6.19873	
Fly Millau Parapente	44.1151	3.08701	
Digne-les-bains - l'andran	44.1154	6.21358	
Contras - saim buguet	44.11649	5.7236	
Antenne Bouygues	44.12158	4.27581	
Mont bouquet - sud - la verriere	44.12198	4.27861	
Mont bouquet - la vierge	44.13195	4.2855	
Saint hippolyte le graveyron	44.13259	5.07617	
Millau - pic d'Andan	44.13588	3.06264	
Sumiou	44.13827	5.8627	
Décollage vol libre (nord-est)	44.14352	1.77225	
Décollage vol libre (nord-ouest)	44.14497	1.77995	
paragliding hanggliding start place	44.15267	9.66958	
Décollage vol libre (sud)	44.15873	1.77303	
Mont ventoux sud - les cretes	44.17396	5.26437	
Mont ventoux nord	44.17426	5.27857	
décollage parapente	44.17705	3.10567	
Décollage parapente	44.18219	3.10602	
Finale Volo	44.18413	8.37289	
Saint amand nord - col nord	44.18622	5.06822	
Molard - sud	44.19028	5.91659	
Molard nord	44.19076	5.9165	
Arfuyen	44.1913	5.10195	
Rissas atérro	44.1926	5.16436	
Rissas	44.19584	5.16766	
Sederon-mevouillon : bergies - bergies - sud	44.20309	5.51041	
Aire Parapente des Baronnies	44.20318	5.51049	
Balise FFVL Séderon	44.20329	5.51053	
Sederon-mevouillon : bergies - bergies - nord	44.20372	5.51058	
Décollage du Roc des Agudes	44.20569	3.20543	
Sederon-mevouillon : buc - buc ouest	44.21306	5.47825	
Buc est - la taniere	44.2164	5.47795	
Decollo parapendio	44.21689	10.76033	
Emilia in Volo parapendio	44.22213	10.76301	
Buc Ouest - L'arbre à Jacques	44.22506	5.47329	
Montagne de Bluye Sud	44.22931	5.22624	
Montagne de Bluye Nord	44.23054	5.22783	
Sederon-mevouillon : le fort - du fort	44.23792	5.48225	
Saint-geniez - les rayes	44.24916	6.06652	
Decollo Parapendio	44.25126	8.43994	
Sederon-mevouillon : la trappe	44.25304	5.50634	
Mt San Nicolai	44.25313	9.57085	
Riva Trigoso	44.25324	9.43586	
Novis-severac le chateau	44.25734	3.11795	
Chabre - top - nord	44.29757	5.76297	
Chabre Sud 2	44.29761	5.76343	
Chabre Sud 1	44.2986	5.76673	
Décollage Col de Milmandre	44.30299	5.23614	
Chabre nord	44.30316	5.77611	
Chabre nord	44.30434	5.77926	
Décollage Col d'Ey haut	44.3093	5.28243	
Col d'Ey - principal	44.31111	5.28169	
Site de vol libre Saint-Sebastien	44.31363	4.14508	
Saint sebastien	44.31371	4.14523	
Décollage Montagne de Linceuil - La Fournache	44.31382	5.24125	
Nicole - pech de berre - sud	44.32412	0.34734	
Chabanon selonnet	44.33466	6.29559	
Chabanon selonnet	44.33524	6.29564	
Nyons - garde-grosse	44.33666	5.1542	
Decolage Les Clots	44.34815	6.30988	
Le single	44.3578	3.54028	
Compolibat	44.36699	2.20585	
Décollage Soubeyrand	44.37556	5.33314	
Ispagnac-paros	44.37662	3.51077	
Incondition'aile	44.38663	6.62233	
Penne-d'agenais	44.39054	0.82349	
Site de vol libre	44.39705	4.08295	
Décollage du Point de Vue	44.40188	6.66684	
Serre de barre - les taillades	44.402	4.07562	
Décollage du Plateau de Lachau	44.40264	6.37134	
Dormillouse	44.41173	6.38396	
Vallon pont d'arc	44.41962	4.38779	
Парапланерный старт Ласпи	44.42804	33.71361	
Vis	44.42814	18.85467	
Парапланерный старт Подгорное	44.43908	33.83216	
Décollage de Saint-Vincent-les-Forts	44.44329	6.37157	
Douelle	44.46362	1.3723	
Decollo Parapendio e Deltaplano Monte Caio	44.46411	10.16034	
Montagne de la lance - la lance sud	44.46425	5.08438	
Парапланерный старт - АйПетри	44.46531	34.0633	
Dreuilh	44.48043	1.79477	
La plogne	44.48223	1.8351	
La Mounine	44.48548	1.91969	
La Mounine	44.48659	1.9213	
La Roche	44.4873	5.03475	
Saujac	44.48748	1.89175	
Mende-sud	44.49017	3.5102	
Colombis	44.49243	6.21576	
Luzech	44.49252	1.28679	
Rachas Nord	44.50188	5.00032	
Rachas Sud	44.50197	5.01011	
Mont rachas - rachas sud	44.50207	5.00985	
Barjac	44.5021	3.41857	
Castelfranc	44.50235	1.21181	
Crayssac	44.50294	1.32112	
Decollo parapendio	44.50453	10.25966	
Montagne de ruy - ruy sud	44.50464	5.16391	
montbrun	44.50557	1.90953	
Парастарт - Фиолент	44.50626	33.50069	
Ruy South	44.50683	5.16196	
Mende-nord	44.5078	3.47789	
Ruy Nord	44.50812	5.15803	
Montagne de ruy - ruy nord	44.50821	5.15777	
Decollo parapendio	44.50853	10.27268	
montblond	44.50933	1.89356	
Montblond - montbrun	44.50935	1.8936	
Montagne d'oule sud-est	44.5097	5.83298	
Montagne d'oule ouest	44.51137	5.83156	
Старт парапланеристов "Оборонное"	44.5116	33.65673	
Mende-est	44.5151	3.45833	
Слетиште за параглајдеристе	44.51604	19.15919	
Vesc	44.5175	5.15541	
Les Orres - Costias	44.52303	6.55576	
Les Orres - Méale	44.53469	6.52984	
Décollage des Antennes Saint-Apôtre	44.54058	5.74328	
Décollage de Longeanne	44.5407	5.71289	
Saint maurice	44.56405	5.07566	
Pyla gaillouneys	44.56781	-1.23178	
Décollage du Mont Guillaume	44.5685	6.43254	
Décollage du Petit Nice	44.5731	-1.22838	
Décollage Champ Froid	44.57349	6.28065	
Décollage du Panorama	44.57691	-1.22459	
Décollage du Pyla	44.57841	-1.2217	
Décollage de Serre Michel	44.58163	6.28101	
La batie neuve	44.58406	6.2355	
Парапланерный старт Терновка	44.59702	33.72552	
Martiniana Po Takeoff	44.59895	7.33473	
Scolagarda Take Off	44.60017	7.30565	
Clamontard - luc-en-diois	44.6032	5.44124	
Tanargue - col de meyrand	44.60674	4.07613	
Lesches-en-diois - la montagne du puy	44.60907	5.542	
Site de vol libre	44.61057	4.25368	
Site de vol libre	44.61094	4.1243	
Ancelle	44.63284	6.21444	
Aire de décollage	44.63533	6.22319	
Парапланерный старт Радиогорка	44.63734	33.52592	
Décollage de Serre Buzard	44.64048	6.54537	
Roynac - col du deves	44.65761	4.93669	
Décollage de Ceillac	44.66674	6.78544	
Décollage supérieur Ceillac	44.66704	6.78714	
Aurel - clot du ciel	44.67137	5.32071	
Les richards	44.68117	6.23129	
Site de vol libre Cheynet	44.6825	4.6145	
Orcières - Décollage des marches	44.69454	6.3029	
Décollage du Cairn	44.69654	6.3053	
Orcieres - cairn ouest	44.69811	6.30444	
Aurel - butte de l'aigle	44.70372	5.31758	
Chabanet - cote du baron	44.71208	4.6019	
Site de vol libre Chabanet	44.71225	4.60353	
Décollage du Drouvet	44.71859	6.31536	
Col de Moussière	44.72095	6.64567	
Die - la croix de justin	44.74339	5.3496	
Trnavac	44.76091	15.59209	
Парапланерный старт Кача	44.76351	33.54209	
Décollage parapente de Courtet	44.77018	5.79812	
Montagne de Baise	44.77866	5.37376	
Décollage parapente de Rochassac	44.78574	5.81426	
Cote Belle	44.8032	6.7476	
Décollage des Lauzes	44.80907	6.46042	
Clos La Cime	44.81517	6.72225	
Décollage de Bouchier	44.82539	6.55828	
Парастарт Таз-Тау	44.83193	34.28428	
Décollage de Puy Aillaud (S)	44.85013	6.4782	
Décollage de Puy Aillaud (SE)	44.85018	6.47924	
Décollage des alpages	44.85262	6.45586	
Парапланерный старт Таш-Джарган	44.857	34.0789	
Décollage sommet Station Pelvoux	44.85741	6.45996	
Décollage Saint-Cyprien	44.85967	1.02056	
Colombiers	44.86928	5.9308	
Site de vol libre Serre en Don	44.87222	4.39785	
Site de vol libre: Serre en don - le bois du seigneur	44.8724	4.39799	
Le Roc Ouest	44.8735	1.45056	
Décollage de Puy Chalvin	44.87978	6.58578	
décollage des Limouches	44.89061	5.14159	
Site de Vol Libre Roches des Cuzets	44.89207	4.18486	
La Sausse	44.89796	5.22736	
Soult	44.898	1.65425	
Site de vol libre Croix de Boutières	44.89909	4.18631	
Décollage du Prorel - Croix de la Nore	44.90188	6.5872	
Léoncel déco Ouest	44.9043	5.2072	
Le serpaton ouest 500	44.90463	5.58942	
Léoncel déco Sud	44.90688	5.2054	
Le pas du Serpaton	44.91037	5.59077	
Mont Mézenc - Sommet	44.91049	4.19293	
Mont mercou	44.91157	1.58252	
Le serpaton intermedaire - ouest	44.91264	5.58484	
Mont d'Alambre	44.91444	4.15477	
Décollage Carnéjac Vol Libre	44.91675	2.49297	
Site de vol libre Mont d'Alambre	44.91731	4.15422	
01R/19L (Recueille)	44.92107	4.97174	
Jas d'oris - les fond plaines	44.92784	5.8869	
Aire d'atterissage pour parapente	44.92918	6.59539	
Decollo Roletto	44.93342	7.31091	
Chaudeyrolles	44.93591	4.19157	
Drop zone	44.93628	20.44438	
Tyrolienne - Cascade du Salin	44.93752	4.20118	
Николаевка	44.93842	33.61112	
Rochebonne - champsac	44.94697	4.40813	
Décollage des Tronchets	44.9487	6.59597	
Saint-Clément - Lachamp	44.95126	4.2594	
Парапланерный старт - Строгановка	44.95331	34.19233	
Décollage "à Dudu"	44.96161	6.5936	
Décollage du Petit Aréa	44.96206	6.57793	
Décollage "Delta"	44.96323	6.59988	
Décollage "Axesse"	44.96814	6.6017	
Pre valet la sarna - rocher de courba	44.97699	5.45363	
Vic-sur-cere - le-bruget	44.98207	2.65857	
Décollage de Vidèche	44.98481	2.8205	
Musan	44.98979	5.23569	
Decollo Parapendio San Giorgio	44.99623	7.4475	
Les 2 alpes - le diable	44.99677	6.14684	
Décollage parapente Air2alpes Été	44.99906	6.1269	
северо-восточный "Памятник"	44.99943	35.27124	
Décollage Brezons - Rocher de la Boyle	45.00472	2.81717	
Décollage de Saint Jean en Royans	45.00669	5.31726	
Восточный "Кок-Люк"	45.00718	35.20437	
Brezons - rocher de la boyle	45.00755	2.81486	
южный "Главный"	45.01244	35.24525	
Республиканский дельтапланерный клуб	45.01295	35.24621	
юго-восточный "Ложка"	45.01591	35.23588	
Côte de Jor	45.01713	1.07068	
Юго-восточный "ЦАГИ"	45.01719	35.22003	
северо-западный "Мадам Бродская"	45.01852	35.27965	
северный "Дальний"	45.02095	35.22217	
Mont Peynastre	45.02228	3.99255	
Décollage du Pas de Saint-Martin	45.02266	5.46517	
Восточный "Тёщин язык"	45.02895	35.20867	
Cote2000	45.03001	5.56758	
Laffrey - les fauries	45.03634	5.78349	
Monceaux-sur-dordogne - le temple	45.0494	1.9255	
Decollo parapendio Auberge Inferiore	45.05121	6.8413	
Decollo parapendio Auberge Superiore	45.05126	6.83439	
La denise	45.05825	3.85387	
Puy brunet - crete du plomb 2	45.0611	2.76055	
Plomb du cantal	45.06324	2.75978	
Le Tal	45.06487	2.67403	
Monceaux-sur-dordogne - bros	45.06663	1.89981	
Decollo paprapendio Trucetti	45.07622	7.34772	
Décollage de Plan Lachat	45.08135	6.44116	
Monceaux sur dordogne - puy du tour	45.08145	1.92103	
Varces - pre du four	45.08159	5.6328	
Alpe d'huez - bourg d'oisans - eclose	45.08683	6.06431	
Aubas	45.08858	1.21516	
Décollage du Belvédère	45.08948	5.59361	
Varces - plateau de saint ange	45.09599	5.64747	
AKÈNEFLY PARAPENTE	45.09757	6.06959	
Alpe d'huez - bourg d'oisans - le signal	45.09898	6.05977	
Décollage de la Dent Percée	45.09936	5.59507	
Alpe d'huez - bourg d'oisans - le signal	45.10097	6.06079	
Парастарт - Рыжая скала	45.10321	34.54778	
Chaspinhac	45.1033	3.93002	
Col de Redondet	45.10428	2.66149	
Lans-en-vercors - la 7	45.10433	5.61878	
Musine South Takeoff	45.10836	7.46537	
Место запуска воздушных шаров (аэростатов)	45.10954	34.60808	
Lavoûte-sur-loire - Chassaure - Relais	45.11235	3.91685	
Puy-mary - nord-est - pas-de-peyrol	45.11649	2.67078	
Décollage du Peuil	45.1167	5.64712	
La foret - la foret	45.1168	1.25592	
Décollage du Crêt	45.11708	5.51683	
Pas de Peyrol	45.11775	2.67013	
Décollage de l'Aigle	45.11836	5.59735	
Alpe d'huez - bourg d'oisans - 2700	45.11974	6.103	
déco de l'alevoux	45.12226	5.37908	
decollage face est tourte (parapente)	45.12286	2.67367	
Puy de la Tourte Ouest	45.12351	2.67297	
Puy-de-la-tourte-ouest	45.12529	2.6729	
Puy de la Tourte Nord Est	45.12657	2.67463	
L'Aiguille	45.12995	5.88351	
Décollage de parapente de Pré Gonthier	45.13248	5.41309	
Engolneuf	45.13299	2.78912	
La Paille	45.14375	4.62513	
Niermont Sud Ouest	45.14749	2.73205	
Niermont Est	45.14751	2.73297	
Rocher-de-laqueuille	45.14818	2.79054	
Rocher-de-laqueuille-ne	45.14843	2.79454	
Niermont Sud, Sud Est	45.14844	2.73568	
Moucherotte	45.15023	5.63726	
Paragliding takeoff	45.15438	7.18123	
Chabraire	45.15677	2.73264	
Decollage - Les Sagnes	45.15826	5.58295	
Parapente Puy Mary	45.1592	2.7057	
Decollo Parapendio Le Condotte	45.16033	6.97612	
Decollo di Guido	45.16033	7.46187	
Chabraire Nord	45.16035	2.73299	
Dienne embec	45.16119	2.77133	
Decollo normale	45.16181	7.46344	
Embec	45.16305	2.77111	
Decollo Takeshi	45.16368	7.46562	
Pierre-de-labro - nozieres	45.16897	2.79453	
Decollo Monte Rosselli (spalla)	45.17217	7.46185	
Autrans bellecombe	45.17504	5.57796	
La Lia	45.17546	5.43712	
Mont Gerbizon (E)	45.18873	4.00095	
Ca d'Asti	45.18964	7.07533	
Mont Gerbizon (NO)	45.1912	3.99124	
Col-d'aulac	45.19417	2.58723	
Colle Novalesa	45.20848	7.06897	
La Balme	45.2094	6.21071	
Roche-en-Régnier	45.21237	3.93176	
Modane - valfrejus - l'estive	45.22925	6.66555	
Tribalj	45.23954	14.68295	
Brgud	45.24115	14.19736	
Prapoutel les 7 laux - la jasse	45.24161	6.01346	
Šušnjevica	45.24213	14.19602	
Décollage FFVL de Montaud	45.24472	5.57477	
Aussois - le djoin	45.24566	6.73547	
Site de Vol Libre de Grand Tony	45.24815	4.5369	
Burdignes - grand-tony	45.24969	4.53729	
Saint-desirat - chatelet	45.25384	4.79687	
Aussois - angle bellecote	45.2539	6.73698	
Site de vol libre Chatelet	45.26652	4.78312	
Парапланерный старт	45.28298	35.52706	
Décollage montagne parapente du Col de Baure	45.28381	5.83973	
Парапланерный старт	45.28484	35.51367	
Saint-jean-de-maurienne - la balme	45.29187	6.31937	
Chalais	45.29254	5.66154	
Décollage DELTA est sud-est	45.30124	5.88368	
Site de vol libre de St-Hilaire -du-Touvet Lumbin	45.30151	5.88363	
Air et Aventure	45.30238	5.90834	
Décollage est sud-est	45.30275	5.88505	
Décollage FFVL Saint hilaire du touvet Nord	45.3068	5.8878	
Prevol Ecole de Parapente	45.30757	5.88699	
Décollage FFVL Est de Saint-Hilaire-du-Touvet	45.30833	5.88826	
École de parapente Air Alpin - Le Déco	45.30848	5.88772	
Décollage de la Dent de Crolles	45.30889	5.85466	
Décollage de la Dent de Crolles	45.30893	5.8547	
Décollage FFVL Sud de Saint-Hilaire du Touvet	45.31025	5.89069	
Saint hilaire du touvet - pravouta SE	45.31113	5.8357	
Saint hilaire du touvet - pravouta Nord	45.31165	5.83551	
Saint-hilaire - speed-riding	45.31404	5.87304	
La Grande Sure	45.32922	5.63582	
Kaštelir paraglading	45.33067	13.66804	
La Grande Sure (Jusson)	45.33468	5.69862	
Saint pierre de chartreuse - la scia - lucheron	45.34414	5.84527	
Plan des Gorges	45.37769	6.30016	
Decollo Parapendio Ciavanis	45.37883	7.35679	
La-jasserie	45.38513	4.56785	
Décollage FFVL d'Allevard - Bajin, La Chapelle Saint Christophe	45.38513	6.0386	
Décollage des Plagnes	45.38543	6.14779	
Pégase & Particule	45.38601	6.06618	
Décollage du Bochor	45.38716	6.7365	
Collet d'allevard - nid d'aigle	45.39148	6.12394	
Décollage Sud	45.39228	6.11505	
Piste blanchot - speed-riding	45.39297	6.13478	
Aire de décollage du Crêt de l'Oeillon Est	45.39364	4.61306	
Décollage de Malatrait	45.3937	6.10671	
Décollage du Mollaret	45.39452	6.312	
Courchevel - col de la loze	45.40754	6.60333	
Saint-francois-longchamp - telesiege du soleil rouge	45.41063	6.39244	
Courchevel - bouc blanc	45.4109	6.6148	
Saint-francois-longchamp - telesiege du soleil rouge	45.41131	6.39314	
Paraworld Canavese Chiesanuova Belice	45.41806	7.64204	
Courchevel - tovets	45.4187	6.63712	
Val pelouse	45.41987	6.17064	
Buzet - Raspadalica	45.42369	13.9986	
Val-d'isere - tete de solaise	45.43446	6.9902	
Saint-francois-longchamp - telesiege de la lauziere	45.44399	6.35897	
Buzet - Zavoj	45.44427	13.96516	
Courchevel - les pres	45.45592	6.65703	
Valbeleix - la roche-nite	45.46735	2.9973	
Monedieres - la fournaise	45.46784	1.85103	
Décollage du Mont Ministre	45.469	4.69315	
Monédières - la table d'orientation	45.47114	1.84244	
Site de Vol Libre de Bande Ouest	45.47145	5.77157	
Site de Vol Libre de Bande Sud	45.47314	5.77741	
Courchevel - mont jovet	45.48533	6.63914	
Décollage Puy de la Monédière	45.48589	1.83969	
Site de vol libre Chassenoud	45.49031	4.70547	
Cavallaria	45.49826	7.82786	
Decollo Felci	45.50703	7.80982	
Super-besse - le-paillaret	45.50856	2.82552	
Chamoux - champlaurent	45.51057	6.2101	
Super-besse - puy-de-chambourguet	45.51148	2.86598	
Basso	45.51317	7.80333	
Casette	45.51344	7.79694	
Trossagne	45.51913	2.98417	
Alto Cavallaria	45.52038	7.80753	
Super-besse - puy-de-la-perdrix	45.52107	2.83009	
Super-besse - puy-ferrand	45.52442	2.82575	
Le-mont-dore - puy-de-sancy	45.52846	2.81357	
Chamoux - Montendry	45.52937	6.25247	
Saurier-creste - chapelle-du-brionnet	45.5294	3.05858	
Le mont dore - la	45.53083	2.81136	
Le-mont-dore - telepherique	45.53254	2.81384	
La montagne de la plate	45.53349	2.86741	
Pic-saint-pierre	45.53451	2.98973	
Le-mont-dore - puy-de-cacadogne	45.5367	2.82846	
Decollo Buren	45.53677	10.2708	
Bourg-saint-maurice - les charmettes	45.53781	6.67244	
Le-mont-dore - puy-de-cliergue	45.54501	2.80153	
Saurier-creste - puy-de-rochecourbiere	45.54552	3.03984	
Les Ecureuils	45.54736	6.77331	
Le plan de l'ours	45.54753	6.78869	
Le Grizzly	45.54754	6.79257	
Decollo Est	45.54858	10.28597	
L'Aiguille Grive	45.54925	6.80379	
La Poudreuse	45.54927	6.7841	
Le-mont-dore - roc-de-cuzeau	45.54974	2.83089	
Aire de décollage du l'Ours- Peisey Nancroix	45.55208	6.77313	
Montlambert	45.55294	6.10491	
Saurier-creste - plateau-de-lachaux	45.553	3.06121	
Naves - lac des Bozons	45.553	6.54924	
Bourg saint maurice - vallandry	45.55971	6.7667	
Aire de décollage Arc 1800	45.56423	6.79467	
Aire de décollage Les Charmettes	45.56861	6.76306	
Puy-de-mareuilh	45.56936	2.82866	
Puy-de-l'angle	45.57284	2.83986	
Macot-la-plagne - pra plan	45.57666	6.62153	
EPiC - L'École de Parapente de Chambéry	45.58187	5.94042	
Bourg-saint-maurice - cachette	45.5827	6.80514	
La tranchee	45.58516	6.47566	
Puy de la tache	45.59201	2.8456	
Areoclub Scaligera	45.59335	10.74457	
Scuola Volo Parapendio Deltaland	45.59415	10.74468	
Les chapelles - chapelles village	45.59533	6.73496	
Le-puy-gros	45.59855	2.7897	
Décollage FFVL de Provinces	45.60173	5.80718	
L'Ébaudiaz	45.6066	6.37982	
Les chapelles - chapelle superieur - vaugelaz	45.6078	6.71192	
Darantasia	45.6162	6.76684	
Terrain d'atterissage de parapente - La Gare	45.61753	6.77347	
Terrain d'atterissage - Le Versoyen	45.62098	6.77955	
Aire de Décollage de Fort du Truc	45.62134	6.74979	
Job-ambert - le bien	45.62355	3.76056	
Verel-pragondran	45.62681	5.94625	
Puy-de-l'ouire	45.62876	2.83131	
Déco EST Saint-Sandoux	45.63026	3.11685	
Job-ambert - le-mont-chouve	45.6303	3.78184	
Le sire - sud	45.63075	5.96614	
Job-ambert - le-mont-chouve	45.63105	3.78135	
Mont semiol-sud	45.63201	3.9703	
Déco NORD Saint-Sandoux	45.63215	3.11624	
Fort du Truc	45.63339	6.7501	
Parachutisme Euro Phenix 17	45.63342	-0.97621	
Mont-semiol-nord	45.63353	3.96858	
Fort du Truc	45.63772	6.74459	
Le Cornillon	45.63794	3.75281	
La rosiere - la sevoliere	45.64402	6.85538	
Fenetre 7	45.65021	6.46601	
Puy-de-corent	45.6607	3.17755	
Smuk	45.66096	15.18087	
Décollage FFVL du Chat	45.66301	5.82136	
Decollo Monte Pirello	45.66552	10.56106	
Roche parstire	45.67126	6.59758	
Cascade de glandieu	45.67155	5.61511	
Fort du mont - le grebau	45.67831	6.4354	
Plan des languots	45.68152	6.32211	
Décollage FFVL du Belvédère du Revard	45.68325	5.97478	
Roselend - petite berge	45.68447	6.65069	
Décollage du Cormet de Roselend	45.68789	6.69462	
Angle Est	45.68957	5.98893	
Pente Ecole	45.69077	6.69216	
Sambuy 3	45.70481	6.27441	
Vzletišče Raca (Racna gora)	45.70653	14.51847	
Lempes decolare parapante	45.71719	25.6534	
Sambuy 2	45.72348	6.29896	
Sambuy	45.72859	6.30959	
Plešivica	45.73704	15.66815	
Décollage Parves-et-Nattages	45.73929	5.72804	
Montagne de parves	45.73929	5.72805	
Japetić	45.74039	15.60364	
Bisanne - sud	45.74687	6.50726	
Bisanne nord ouest	45.74717	6.50412	
Preseka	45.75046	15.64672	
Area di ripiegamento	45.75448	9.49559	
Leyrieu - les cottes	45.75855	5.27016	
Flying Puy de Dôme	45.76857	3.0033	
Décollage : Le Puy de Dôme	45.771	2.96042	
Le-puy-de-dome	45.77217	2.96372	
Décollage de parapente de Marlens	45.77733	6.33955	
Flyeo	45.77872	6.2234	
Decollo Campanara	45.77932	11.50234	
Zone de gonflage FFVL de Doussard	45.78031	6.22258	
Espace3D - Parapente	45.78125	6.20288	
Innimond - la table d'orientation	45.78488	5.59192	
Décollage FFVL deltaplane du Semnoz	45.78714	6.09407	
Semnoz-delta	45.78715	6.09401	
Les contamines montjoie - la kouzna	45.78716	6.69625	
Area decollo parapendio Bielli	45.78737	11.63589	
Decollo parapendio Bielli 1	45.78743	11.63579	
Area decollo parapendio Bielli2	45.78855	11.63754	
Decollo parapendio Bielli 2	45.78866	11.63752	
Vzletišče Slivnica	45.78883	14.40656	
Entrevernes	45.78891	6.19387	
Decollo Foraoro	45.7894	11.48403	
Megeve	45.79222	6.59913	
Decollo parapendio - deltaplano Rubbio	45.79342	11.6631	
Decollo parapendio - deltaplano Rubbio Antenne	45.79378	11.66321	
Decollage FFVL Sapenay SW Bouilloux	45.79967	5.8678	
Decollo Ceresana	45.8043	11.43859	
Décollage Parapente Semnoz	45.80476	6.09512	
Adrénaline Parapente Annecy	45.80872	6.24479	
Decollo Monte Alpo	45.80971	10.57629	
Atteraggio Abbazia	45.80991	11.75947	
Sapenay - le belvedere - delta	45.81102	5.86423	
Decollo Antenne	45.81189	11.74503	
Décollage deltaplane de Montmin	45.81343	6.24593	
Décollage Parapente FFVL du col de la Forclaz - Montmin	45.81412	6.24691	
Décollage parapente de Coche Cabane	45.81808	6.24557	
Vzletišče Brestovica	45.81903	13.62506	
Decollo Stella	45.81936	11.76348	
Décollage FFVL du Col du Sapenay	45.82204	5.86644	
Decollo Da Beppi Tappeti	45.82344	11.76885	
Pedana	45.82444	11.77128	
Decollo Casette	45.82798	11.76802	
Megeve - rochebrune	45.83238	6.61394	
Cornizzolo	45.83315	9.30196	
Decollo Col Campeggia	45.83722	11.74911	
La liouffe	45.83844	4.49523	
Décollage FFVL "la Tete du Mottey	45.84203	6.70016	
Les passagers du vent	45.84773	6.21324	
Ripair	45.84811	6.21311	
Adrénaline Parapente	45.8486	6.21314	
Les Grands Espaces	45.84866	6.21279	
Mont Boussuivre	45.85184	4.38083	
Décollage parapente FFVL de Planfait	45.85321	6.22305	
Saint-Gervais Mont-Blanc - Mont d'Arbois	45.85487	6.66964	
Décollage du Col des Frêtes	45.85635	6.24653	
Belvedere Măgura Uroiului	45.86093	23.04246	
Decollo Panettone	45.86134	11.80436	
Croix Rampau	45.86778	4.80123	
Saint gervais - mont lachat	45.86828	6.79618	
Alpe Del Caviano	45.87824	9.00824	
Saint Sorlin	45.88005	5.39868	
Saint-Sorlin - Souclin	45.88038	5.41062	
Vedetta	45.88132	11.84141	
Colombier - radiophare	45.88258	5.75664	
Vedetta 2	45.88303	11.85004	
Vzletišče Kovk	45.88664	13.95916	
Décollage de parapente du Crêt du loup	45.89094	6.45133	
La clusaz - cret du loup (ete 1er mai au 31 octobre)	45.89123	6.45171	
La clusaz - aiguille des calvaires (ete)	45.89129	6.46239	
ANNECY VOL DE PENTE	45.89197	6.11862	
Les houches - prarion Ouest	45.89447	6.75029	
Saint gervais mont blanc - mont paccard	45.89532	6.72796	
Les houches - prarion Ouest	45.8956	6.75035	
Cret-du-merle - ouvert du 1/5 au 31/10	45.89683	6.43983	
La clusaz - balme (hivers: 20 decembre au 30 avril)	45.90115	6.49468	
Chamonix - plan de l'aiguille Ouest	45.90228	6.88369	
Chamonix - Plan de l'Aiguille NE	45.90338	6.88391	
Colombier - la croix	45.90621	5.76114	
Les houches - aiguillette - merlet	45.90655	6.8125	
Decollo Deltaplani Poggio Sant'Elsa	45.91091	8.63821	
Torcieu - antenne relais	45.911	5.39736	
Décollage Tête du Planay	45.91296	6.57093	
Les houches - aiguillette - chailloud	45.91514	6.81328	
Centre de vol à voile	45.92083	4.63778	
Les houches - aiguillette - l'aiguillette	45.92128	6.80549	
Parapendio Monte Nudo	45.92208	8.67392	
Generoso Pineta	45.92377	9.0133	
Paraworld safety training	45.92387	8.97894	
Generoso Clericetti	45.92863	9.02138	
Vzletišče Čaven	45.92888	13.85852	
Décollage FFVL de Planpraz - Brévent Sud	45.93659	6.85106	
Décollage FFVL de Planpraz - Brévent NE	45.93868	6.85216	
Le chanay	45.94296	5.51167	
Decollo Capanna Bruno	45.94346	9.06559	
Décollage FFVL de Varan	45.94454	6.68179	
Kopitnik	45.94556	13.77648	
Varan - verdun	45.94691	6.68264	
Passy - Plaine Joux	45.94952	6.73953	
Décollage de Frioland	45.94985	6.70164	
Décollage parapente de Létra	45.95623	4.4908	
Mont-Lachat SW	45.95802	6.47638	
Décollage FFVL Anglettaz	45.96026	6.24139	
Décollage FFVL du Mont-Lachat	45.96039	6.47608	
Vzletišče Lijak	45.96329	13.72372	
Sighignola Launch	45.96734	8.9935	
Décollage de la Flégère	45.96833	6.87671	
Mont luisandre	45.97744	5.41844	
Décollage La Loge des Gardes	46.00469	3.79428	
Décollage La Loge des Gardes	46.00492	3.79367	
décollage FFVL "l'Arbaron"	46.00737	6.66378	
décollage FFVL "les Grands Vans"	46.01901	6.70894	
Decollo Avena Sud	46.02962	11.82638	
Decollo Avena Ovest	46.02973	11.8173	
Para&Delta Club Feltre	46.03146	11.87918	
Décollage FFVL "la Kedeusaz"	46.03154	6.67044	
Decollo Avena Est	46.03387	11.83105	
Lojé Nature - paramoteur	46.03984	0.31702	
Monte Lema	46.04004	8.83175	
Decollo VoloLiberoTrentino	46.04168	11.31702	
Monte Carza	46.04207	8.67358	
Allalinhorn	46.04607	7.89436	
Andey nord	46.04702	6.39468	
Aire de décollage du bois des Échelles	46.04839	1.44898	
Allalingrat	46.05279	7.89596	
Décollage FFVL de Samoens les Saix 1600	46.054	6.69761	
Alpage Du Catogne	46.06211	7.12325	
Alphubel	46.06292	7.86463	
Agy plane	46.07984	6.61889	
Décollage parapente de Sainte-Marie	46.08413	4.60834	
Évolène - L'Étoile	46.08642	7.48485	
Décollage Les Ruinettes	46.08921	7.25496	
Décollage Les Ruinettes	46.09026	7.25154	
Décollage Les Ruinettes Delta	46.0906	7.25164	
Croix de Saburin	46.10416	4.62344	
Ramiers	46.1074	4.61776	
Fayolle	46.10839	4.61901	
Décollage FFVL de Catray	46.11044	5.7568	
Samoens - la bourgeoise delta	46.11161	6.70787	
Arête Est Luisin	46.11373	6.98448	
Décollage FFVL La Bourgeoise	46.11498	6.71979	
Barrage De Cleuson	46.11513	7.33064	
Évolène - Béplan	46.12229	7.51393	
Grand cret	46.12651	4.58256	
Décollage FFVL des Crêts	46.13015	6.17152	
Alpage De Moiry	46.13388	7.56153	
Barrage de Moiry Contact	46.13753	7.56514	
Décollage FFVL la Charmante	46.13813	5.85606	
Décollage FFVL Mieussy Pertuiset	46.14133	6.54609	
Décollage FFVL du Poizat-Lalleyriat	46.14211	5.70556	
Décollage FFVL Mieussy Platière	46.14443	6.54756	
Puy de Gaudy	46.14534	1.88605	
Décollage FFVL de la Table d'Orientation	46.14864	6.18916	
Basset De Lona	46.14872	7.55219	
Saleve - telepherique	46.15484	6.19432	
Balavaud	46.15583	7.27888	
Décollage FFVL Boge	46.15781	5.8398	
Décollage FFVL de Port	46.15867	5.57364	
Décollage de Charmy	46.16086	5.83598	
Décollage FFVL le Bouant	46.16104	5.83911	
Décollage Est Parapente	46.16362	1.83781	
Gueret - le maupuy	46.16376	1.83773	
Becs De Bosson	46.16499	7.51448	
Antheme	46.16604	6.88672	
Barneuza	46.16752	7.6253	
Décollage FFVL du Mont Chery	46.16772	6.64665	
Arête de Sélaire	46.16821	6.91193	
Decollage FFVL Chery N	46.16889	6.64739	
Alpage de Randonnaz	46.17003	7.14996	
Vzletišče Stari vrh	46.17024	14.18042	
Gueret - le maupuy - pierres civieres - nord	46.1703	1.83021	
Paraclub de la Marche	46.17613	1.95006	
Planachaux	46.17664	6.8403	
Decollo Flyouf	46.17668	12.6763	
Pristanek Podljubin	46.17964	13.74585	
Kobala takeoff	46.18099	13.77928	
Poletište Ivanščica	46.18187	16.12741	
Vzletišče Malič	46.18216	15.20568	
Pristajališče Tolmin	46.18482	13.7222	
Signal de soi	46.18505	6.91649	
Aiguille De Mex	46.18864	6.97939	
Super morzine	46.19105	6.72231	
Pedana di decollo Giulio Ravelli	46.19331	9.38564	
Alpage Louere	46.19387	7.47989	
Vzletišče Kuk	46.19527	13.61995	
Décollage Apremont	46.1996	5.66685	
Cimetta / Cardada	46.20091	8.79148	
Mornera Paragliding takeoff	46.20572	8.98597	
Décollage Hôtel Weissshorn W	46.20704	7.61906	
Décollage Hôtel Weissshorn W	46.20797	7.61878	
Décollage Hôtel Weissshorn NW	46.20889	7.61822	
Vzletišče Srednji vrh - Matajur	46.20892	13.56556	
Augstbord	46.21043	7.77301	
Decollo Col Manzon	46.21125	12.85897	
Le Replan	46.21198	6.46295	
Décollage Loutze	46.21324	7.16386	
Décollage Auberge de Chindonne	46.21373	6.95276	
Décollage FFVL le Haut Lan	46.21483	5.81441	
Chindonne	46.21485	6.95379	
Les Cerniers	46.22034	6.9577	
Albagno	46.22284	8.95529	
Alpage De Roua	46.2236	7.62518	
Decollo parapendio monte Bernadia	46.22537	13.26367	
Decollo parapendio monte Bernadia	46.22572	13.26279	
Décollage Crêt-du-Midi Est	46.22886	7.53008	
Décollage Crêt-du-Midi Ouest	46.22931	7.52838	
Decollo Monte Valinis	46.23036	12.80683	
Decollo Conca	46.23202	12.80397	
Decollo dalla vetta Monte Valinis	46.23436	12.8002	
Vzletišče Ratitovec	46.23623	14.09404	
Decollo parapendio	46.23645	13.2375	
Decollage des Cretes	46.23894	6.49489	
Decollo Paion	46.24289	11.50319	
Les Lués	46.24575	7.05555	
Parailes	46.24617	6.9962	
Les Verneys	46.24709	7.04699	
Décollage de Bellevue	46.24949	6.90449	
Ozben - vzletišče	46.24959	13.60409	
Décollage Parapente	46.25264	5.91404	
Bec Du Corbeau	46.2538	6.86298	
Décollage Vercorin	46.25942	7.52887	
Abondance - mont grange	46.26178	6.78036	
Grajski hrib - vzletišče	46.26521	14.50141	
Decollo Garzette	46.2692	13.17411	
Décollage FFVL Chatel l'Ortaz	46.27065	6.85547	
Stol takeoff 2	46.27112	13.45909	
Stol takeoff	46.27267	13.47328	
Vzletišče Stol	46.27305	13.47334	
Decollo monte Cuarnan	46.27468	13.17591	
Vzletišče Ambrož pri Slatnerju	46.27468	14.52894	
Châtel - Morclan sous le sommet	46.27657	6.85734	
Alp De Flore	46.27809	7.29005	
Ambrož, zgornja poseka	46.28183	14.52482	
Chatel - l'ortaz	46.28303	6.84003	
Décollage FFVL de Très-le-mont	46.28552	6.48913	
Vzletišče Kamniški vrh Planjava	46.28809	14.57206	
Barboleusaz	46.29219	7.08717	
Le Couteau	46.2936	6.49901	
Vzletišče Vogar	46.2946	13.87542	
Krvavec	46.29623	14.52919	
Curnaux d'en bas	46.29658	7.02035	
Chez Marcel	46.29698	7.02382	
École Parapente Anzère	46.29704	7.39935	
Vzletišče Dobrovlje	46.29731	15.00896	
Vzletišče Velika Planina - Gradišče	46.29769	14.64327	
Anzère Les Masques	46.29789	7.38977	
Alp Di Stabverder	46.29808	9.07539	
Crozet - les deux potes	46.29879	5.98351	
Décollage La Jorette	46.30414	6.85859	
Črnava - pristanek	46.30429	14.42403	
Décollage FFVL La Chapelle d'Hermone	46.30686	6.51815	
Potoška gora takeoff	46.3122	14.45458	
Décollage Torgon Virage	46.31951	6.87986	
Décollage Roc d'Orsay	46.32056	7.06868	
Fracette	46.32068	6.86771	
Decollo Musi	46.32196	13.26462	
diablerets	46.32436	7.20744	
Senično	46.32471	14.31894	
Alp Tatz	46.32608	7.78826	
Zaplata takeoff	46.3281	14.44133	
Decollo Monte San Simeone	46.33006	13.10172	
Decollo Corno Nero	46.33074	11.46	
Mont myon - pressiat	46.33092	5.39767	
Somdoss	46.33136	10.02237	
Alamon	46.3342	6.833	
Décollage Parapente de Pelluaz	46.33805	6.71719	
La Roche	46.33924	5.65903	
Vzletišče Gozd	46.33952	14.33131	
École	46.33975	7.00302	
Arpelistock	46.34386	7.31525	
Monsard haut	46.34392	4.70743	
Aminona	46.34491	7.52723	
Varuna	46.34918	10.03725	
Alamont	46.35087	6.83349	
Kriška gora	46.35159	14.33252	
Vzletišče Kanin - Skripi	46.35217	13.48874	
Arrivée Turbo De La Tsa	46.35313	7.52026	
Décollage du Petit Mont Rond	46.35842	6.01819	
Mijoux	46.3663	6.01059	
Col de la faucille	46.36678	6.00916	
Roche-Coche - Berzé la Ville	46.36757	4.7047	
Décollage de la Vesancienne	46.36782	6.08054	
Décollage parapente de Marnex	46.36782	7.15434	
Vzletišče Golte - Planica	46.37027	14.92084	
Septmoncel	46.37097	5.89861	
Vzletišče Dobrča	46.37154	14.26229	
Belalp - Loch	46.37186	7.97517	
Riederalp West	46.37599	8.02662	
Riederalp East	46.37709	8.03067	
Fluggebiet Brig - Startplatz Riederalp	46.37728	8.03037	
Aire de Décollage le Hucel	46.3792	6.72408	
Décollage FFVL des Mémises	46.38005	6.72484	
balise pioupiou	46.38009	6.72465	
Décollage FFVL des Mémises "le Lanvanchy"	46.38122	6.72791	
Siklóernyős starthely	46.3828	17.7355	
Walighürli	46.3932	7.24106	
Grand chassaigne	46.39477	4.71938	
Décollage FFVL Le Hucel Thollon	46.39898	6.7041	
Belalp - Hohstock	46.40247	7.96512	
Heimatt	46.41435	8.1078	
Vzletišče Mežakla	46.41682	14.07211	
Décollage Parapente et deltaplane de Sonchaux	46.41801	6.95061	
Zabreška planina	46.4191	14.16347	
Les cheneviers	46.42421	5.87294	
Les Burnes	46.42931	6.13234	
Ammertenpass	46.42986	7.5289	
Siklóernyős starthely	46.43068	16.95816	
Décollage	46.4315	6.97742	
Butte de suin	46.43414	4.47558	
Geitschirm Startplatz Wispile Est	46.4371	7.29326	
Kebelj	46.43998	15.44296	
Geitschirm Startplatz Wispile West	46.44009	7.29211	
Alpe di Cióu	46.44032	9.01281	
Décollage de Jaman	46.44174	6.97608	
Metschstand	46.44372	7.49487	
Saint-Cergue La Bosse	46.44494	6.17581	
Artelengrat	46.44854	7.56426	
La vierge - notre dame des roches	46.46035	4.71724	
Alpage Troneggrat	46.46058	7.54417	
Alpe Di Manio	46.46914	8.46193	
Lally: décollage parapente	46.4787	6.91051	
Décollage parapente Les Pléiades	46.48323	6.90754	
Startplatz Fründenhütte	46.4836	7.74341	
Noirmont - junior n°3	46.48503	6.09804	
Startplatz Doldenhorn Hütte	46.48535	7.69563	
Ardet	46.48551	8.9068	
Noirmont - piste noire n°1	46.4864	6.10834	
Alpschelehubel	46.4866	7.64455	
Mont Peloux	46.49307	4.74442	
Decollo Col Rodella S	46.49408	11.74888	
Allmenalp	46.4944	7.65072	
Allmenalp	46.49451	7.65042	
Décollage du Mont Saint-Romain	46.49619	4.75074	
Albristhorn	46.49693	7.48912	
Decollo Col Rodella E	46.49721	11.75318	
Alpe Di Vignone	46.49737	8.82492	
Startplatz Oeschinen unten	46.50135	7.69761	
Les Plans	46.50169	7.07861	
Albeuve (les Plans)	46.50188	7.07684	
Chaudzerya	46.50249	7.07407	
Albeuve (chaudzerya)	46.50315	7.07422	
Lezat - belvedere	46.5033	5.93681	
Startplatz Oeschinen oben	46.50334	7.69638	
Vzletišče Grpišca	46.50396	13.79574	
Albeuve (les Millets)	46.50408	7.09018	
Decollo Sasso Lungo	46.50582	11.73624	
Albeuve	46.50704	7.02025	
Decollo Passo Sella	46.50849	11.77164	
Startplatz Blüemlisalphütte	46.50979	7.77176	
Mariborsko Pohorje	46.5163	15.58	
Muottas Muragl Sommer Startplatz Gleitschirm	46.52093	9.91151	
Muottas Muragl Winterstartplatz	46.52162	9.90281	
Hangar Deltaplanes	46.53251	3.42628	
Decollo Val D'Ultimo	46.54038	10.90457	
Grandvillard	46.54415	7.11312	
Lévanchy	46.54531	7.11289	
Ärmigchnubel	46.54806	7.70468	
Centro Volo Libero Alta Badia	46.54961	11.87085	
Startplatz Wurmegg	46.55624	7.88772	
Startplatz Schiltgrat	46.55664	7.87326	
Vacheresse	46.5567	7.13189	
Prévondes	46.55837	6.94647	
Startplatz Radsberg	46.57343	14.403	
Moillettes	46.57614	6.94528	
Startplatz Ramslauenen	46.58058	7.70843	
Roche d'aujoux - mancey - nord-ouest	46.58129	4.81814	
Schreckhornhütte Takeoff	46.58233	8.09936	
GS Startplatz 2 Somtgant	46.58725	9.54957	
Startplatz Magissereneck SO-SW	46.58794	7.60963	
GS Startplatz 1 Somtgant	46.58868	9.55127	
Dent de Broc	46.59152	7.11988	
Les esserts	46.59268	6.24418	
Seceda West	46.59324	11.72284	
Bärghus Gastlosen	46.59578	7.28305	
Mont pejus	46.59586	4.63941	
Gruyère parapente	46.59623	7.08768	
Seceda South East	46.59665	11.72426	
Apiglen	46.59768	8.00724	
Nüegg - Allmiried	46.59914	7.53638	
Seceda South	46.6004	11.72706	
Bäregg	46.60175	8.06053	
Pic de l'aigle	46.61497	5.9022	
Pfingstegg	46.61605	8.05645	
Lobhornhütte takeoff	46.61821	7.86878	
Anemos Parapente	46.6192	7.16376	
Charezier - motte de gourdaine	46.62029	5.7319	
Abendberg	46.62293	7.52345	
Paragliding Startplatz - Decollo S. Vigilio	46.62455	11.11803	
Décollage Vounetse S	46.62534	7.20606	
Décollage Vounetse N	46.62735	7.20763	
Aire de décollage Les Roches	46.62922	4.58662	
Ballehöchst	46.63034	7.85573	
Andermatt	46.63651	8.62951	
Aeschiried Spitz	46.63924	7.74258	
Startplatz Niesen SO-SW	46.64412	7.64817	
Startplatz Niesen SW-W	46.64435	7.64316	
Déco du crêt blanc	46.64544	6.34622	
First	46.65743	8.05518	
Schreckfeld	46.65804	8.06497	
Startplatz Riggisalp	46.65919	7.29389	
Mont du lac	46.66122	6.33628	
l'aouille	46.66282	6.33479	
ZerOGravity	46.66583	0.36778	
Hohmattli	46.66979	7.31821	
Mont dardon sud - uxeau	46.67579	4.03582	
Dardon nord-ouest	46.67753	4.03606	
Hang Gliding Interlaken	46.6805	7.82354	
Déco de la Dent de Vaulion	46.68413	6.35077	
Déco de la Dent de Vaulion	46.68423	6.3506	
Hang Gliding Interlaken	46.68466	7.86131	
Alp Matten	46.68486	7.57253	
Paragliding Interlaken	46.68813	7.86149	
Paragliding Interlaken	46.68836	7.86191	
Gleitschirmstartplatz Luegibrüggli	46.69091	7.81032	
Gerlitzen	46.69306	13.91403	
Prämajur	46.69908	10.50553	
Amisbühl-Bergbo	46.70051	7.82036	
Amisbühl	46.70242	7.82228	
Beatenberg	46.70315	7.7955	
Pannessieres - roches aigues	46.70532	5.60337	
Älpli	46.70564	7.53231	
Amisbühl Oben	46.70883	7.82544	
Startrampe Niederhorn Delta	46.71007	7.77323	
Startplatz Niederhorn Gleitschirm	46.7115	7.77875	
Windegg Startplatz W-N	46.7116	8.03668	
Watles Mittelstation - Vatles Stazione intermedia	46.71195	10.49642	
Gurli	46.71357	7.28284	
Hohwald	46.71364	7.824	
Startplatz Möntschelen	46.71561	7.50989	
Axalp Skiberg Startplatz W-NW	46.71684	8.03499	
Axalp Restaurant Hilten North	46.719	8.0529	
Watles Top	46.71901	10.48483	
GS Startplatz S-O	46.71928	12.62486	
Scalottas	46.72103	9.5102	
Scalottas	46.72157	9.51107	
GS Startplatz S-W	46.72705	12.61861	
Mont d'or	46.72982	6.35745	
Pfiffe	46.73119	7.32941	
Birdwing	46.73329	8.17499	
Startplatz Planplatten	46.73579	8.25497	
site moroges	46.73879	4.66808	
Flugschule Blue Sky	46.74773	12.41973	
Morond Décollage Sud	46.74876	6.34799	
Morond Décollage Ouest	46.75034	6.344	
Bolberg	46.75116	7.8852	
Startplatz Paragleiter Flugschule Blue Sky	46.75724	12.41716	
Morond Décollage Nord bis	46.75926	6.35567	
Morond Décollage Nord	46.76055	6.35701	
Alp Hörndli	46.76264	7.78126	
Startplatz Davos Jatzhütte	46.76628	9.85081	
Startplatz Davos Jatzhütte S	46.7664	9.85235	
Suchet "La Croix"	46.76786	6.46094	
Startplatz Rottenstein	46.76847	13.2267	
Suchet "La rampe"	46.7701	6.46746	
Suchet "Sommet sud"	46.77224	6.46647	
Suchet "Sommet Nord"	46.77254	6.46617	
Startplatz Titlis	46.77254	8.43054	
HG GS Start	46.77256	13.14946	
Startplatz Davos Jakobshorn	46.77281	9.84601	
Oberer Startplatz	46.77715	13.14992	
Hofstetter Gummen Startplatz S	46.77908	8.07133	
Suchet "Côtelette"	46.77922	6.48376	
Côtelette	46.77971	6.48556	
Startplatz Davos Brähmabühl W	46.78081	9.84818	
Startplatz Davos Brähmabühl N	46.78125	9.84889	
Startplatz Brienzer Rothorn Süd	46.78658	8.04689	
Brienzer Rothorn Startplatz SO-SW	46.78717	8.04302	
Startplatz Brienzer Rothorn Südost	46.78793	8.05055	
Startplatz Hüttstett N-W	46.78794	8.19447	
Startplatz Brienzer Rothorn Nordost	46.78871	8.0504	
Startplatz Brienzer Rothorn	46.78885	8.03646	
Rodeneck Paragleiter Startplatz/Fröllerberg - Sito di lancio per parapendio di Rodengo/Monte Frella	46.78991	11.71894	
Site parapente de Saint-Denis	46.7937	4.70451	
Riggisberg	46.79957	7.46166	
Alp Motta	46.80078	9.18253	
Startplatz S-NW	46.80479	9.49529	
Startplatz Fürenalp	46.80507	8.46542	
Aire de décollage Mont Uchon	46.80671	4.25439	
Uchon	46.8069	4.25314	
Startplatz Davos Schatzalp	46.80776	9.81312	
Euroflugschule Engelberg	46.80938	8.42583	
Startplatz Motta Naluns Süd	46.80994	10.27249	
Startplatz Pischa	46.81073	9.92063	
Alp Da Siat	46.81256	9.15288	
Startplatz Motta Naluns Ost	46.81301	10.27341	
Alpoglerberg	46.81718	8.09806	
Gnieppe	46.81789	9.87945	
Startplatz Höhenweg 2	46.81944	9.82518	
Startplatz Höhenweg 1	46.82187	9.82416	
Startplatz Falkenflue	46.82322	7.63775	
Startrampe Falkenflue	46.824	7.63684	
Startplatz Davos Weissfluhjoch	46.83182	9.80518	
Startplatz Marbachegg S	46.83247	7.90297	
Gleitschirmstartplatz Crap Sogn Gion Süd	46.83429	9.21502	
Gleitschirmstartplatz Crap Sogn Gion Ost	46.83465	9.21737	
Startplatz Marbachegg N	46.83477	7.90441	
Startplatz Davos Weissfluhgipfel	46.83753	9.79459	
Startplatz Brunni Tümpfeli	46.83824	8.41214	
Startplatz Schonegg	46.84255	8.41637	
Startplatz Brunnihütte	46.84263	8.41016	
Startplatz Ebenerfeld	46.85277	12.79463	
La Certenue - Mesvres	46.85309	4.28179	
Mauborget	46.85408	6.61206	
Startplatz Gotschnagrat S	46.85523	9.85078	
Eggen	46.85608	8.34263	
Startplatz Gruobenalp	46.85712	9.84064	
Startplatz Gotschnagrat N	46.85858	9.84384	
Gotschnagrat Nord	46.85892	9.84394	
Gleitschirmstartplatz Naraus	46.85986	9.27134	
Gleitschirmstartplatz Naraus West	46.86081	9.26759	
Startplatz Haldi (Schattdorf)	46.86221	8.67297	
Startplatz Linderenalp N-W, S	46.87053	8.29714	
Bielen	46.88092	8.36544	
Arvialp	46.89068	8.33011	
Beichlen	46.89395	7.96929	
Gummen	46.90265	8.3659	
Angelingen	46.90342	8.65188	
Alp Tea	46.90376	10.42663	
Startplatz Madrisa Ziegenhüttli	46.90425	9.87968	
Brändlen	46.90503	8.40962	
Land/Snow Kite Spot Trifesti	46.91299	26.88031	
Gleitschirm Startplatz Wirzweli	46.91424	8.36697	
Startplatz Madrisa Schaffürggli	46.91758	9.87054	
Startplatz Ahornach	46.92631	11.96764	
Autun - croix de la liberation	46.93431	4.28747	
Startplatz Kiosk	46.93824	8.99808	
Poupet - La Côte	46.94227	5.84383	
Clucy - cote belin	46.94635	5.89501	
Achslen	46.9525	8.74904	
Startplatz Gumengrat	46.95986	8.98726	
Mont poupet - sud-est	46.96556	5.8869	
Paragliding Takeoff	46.96845	8.63763	
Mont-poupet S	46.96926	5.87628	
Mont-poupet W SW	46.96931	5.87463	
Décollage Poupet Ouest	46.96936	5.87466	
Mont-poupet NW	46.97011	5.87424	
Décollage Poupet Nord	46.97125	5.87699	
Mont poupet - est	46.97132	5.89068	
Mont-poupet N-NW	46.97157	5.87759	
Bietstöckli	46.97233	8.63753	
Charenstöckli	46.97358	8.64362	
Startplatz 2 Nova Stoba	46.9796	9.9937	
Startplatz 1 Nova Stoba	46.9806	9.99366	
Startplatz Sonnenbahn Gleitschirmfliegen	46.98551	9.9641	
Mont chateleu	46.98955	6.57283	
Falaise de saint romain	46.99812	4.69742	
Sternen	46.99954	8.80333	
Startplatz Rütiberg	47.00214	7.64473	
L'Île du Vent	47.00233	-2.24633	
Paraeasy Gleitschirm Tandemflüge	47.00411	8.60359	
Startplatz Urmiberg S	47.01219	8.59042	
Startplatz Urmiberg S	47.0123	8.59135	
Startplatz Alp Schwand	47.01375	8.58545	
Win Wings Gleitschirm Flugschule	47.01472	8.66919	
Rotenfluh Startplatz 1	47.01747	8.7007	
Startplatz Rigi Scheidegg	47.02777	8.51995	
Morteau - meix musy	47.03338	6.67181	
FLYwithMIKI Paragliding School	47.03578	8.25841	
Arc sous cicon - grand bois bannal	47.03752	6.3826	
Falaise de meloisey	47.03842	4.72301	
Startplatz Edelweiss S	47.04645	8.45983	
Startplatz Staffelhöhe	47.0477	8.46057	
Startplatz Rigi Kulm NO	47.05323	8.49098	
Décollage vol libre Tête-de-Ran	47.05421	6.85386	
Aueren Unterstafel	47.05476	9.02655	
Startplatz Rigi Kulm SW	47.05486	8.48622	
Startplatz Rigi Kulm SO	47.05577	8.48694	
Echevannes - longeville	47.0568	6.21558	
Startplatz Schönhalde	47.06024	9.3345	
Les frenelots	47.06116	6.63798	
Gleitschirm Startplatz Schluchegg	47.06345	8.45854	
Echevannes - longeville - les doues	47.06722	6.23431	
Site de vol libre d'Echevannes	47.06912	6.23414	
Morteau - mont vouillot	47.07285	6.6043	
Schönjoch Startplatz 1	47.07468	10.58904	
Schönjoch Startplatz 3	47.07654	10.59828	
Schönjoch Startplatz 2	47.07836	10.59854	
Startplatz Rufiberg	47.08206	8.54598	
Alp Palfries	47.08791	9.42255	
Site de vol libre de la Bernerie	47.09818	-2.06544	
Startplatz Neustift Elfer	47.09881	11.32428	
Startplatz Ufem Tritt	47.10119	8.74149	
Rotmoos	47.10343	8.77439	
Alvier	47.10989	9.4145	
Papillon Alpin Paragliding Center Stubai	47.11172	11.3145	
Flugschule Parafly	47.11178	11.31446	
Albatrosz Repülő Egyesület	47.12784	18.49662	
Alp Arin	47.12984	9.4383	
Startplatz MAGIX Bichl	47.13159	10.94947	
Startrampe Fulpmes Kreuzjoch	47.14473	11.30722	
Startplatz Fulpmes Kreuzjoch	47.14508	11.30777	
Startplatz West	47.14541	10.62497	
Startplatz Süd	47.14612	10.63012	
Durschlegi	47.1462	9.11929	
Siklóernyős starthely	47.14685	17.89677	
Startplatz Nord-Ost	47.14735	10.62992	
Startplatz Zugerberg	47.14801	8.53577	
Startplatz Nord-West	47.15316	10.61759	
La Roche Guillaume	47.15407	6.85768	
Hinterrugg	47.15429	9.30802	
Gschwänd (Delta)	47.1555	8.875	
Gschwänd (Gleitschirm)	47.15605	8.87182	
fly 2095	47.16222	11.85391	
Beeristofel (chörnlisegg)	47.1658	8.81019	
Alp Walau	47.16721	9.14242	
Startplatz Stofelboden	47.1682	8.80349	
Startplatz Schönboden	47.17203	8.79783	
Décollage Corgémont	47.17312	7.13826	
Décollage La Maltournée Nord	47.19428	5.98963	
Gleitschirm Startplatz Herlisberg	47.19785	8.23149	
Hängegleiter Startrampe Nord	47.19862	15.46088	
Perler	47.20014	11.84656	
Vue du Moulin d'Avanne	47.20452	5.97734	
La planoise - planoise sud ouest	47.20453	5.97738	
Fontain - pente-ecole sud-ouest	47.20579	6.05124	
Montoz South	47.2065	7.2155	
Montoz North	47.20825	7.21653	
Décollage Planoise Nord Est	47.2084	5.98387	
Aire de décollage des parapentes	47.20853	5.98381	
Mu	47.21028	11.84911	
Altwisstock	47.2108	9.06766	
Startplatz Nasenalm	47.21107	11.83609	
Flight Connection Arlberg	47.21397	9.72772	
Startplatz Melchboden (Süd-West)	47.21888	11.82286	
Startplatz Melchboden (Süd-Ost)	47.21907	11.82445	
Startmöglichkeit Arbiskopf	47.22097	11.82208	
Fort de rosemont	47.22162	5.99899	
Buetzen takeoff	47.2227	7.39151	
Startplatz Rauhenkopf	47.2261	11.81747	
Le Buement	47.22943	7.3805	
Montfaucon	47.24094	6.08202	
Startplatz Hasenmatt	47.24159	7.4496	
Hike & Fly Takeoff Chalbersäntis	47.24643	9.34593	
Weissenstein Launch	47.25106	7.50963	
Takeoff Hochimst	47.25564	10.67711	
Takeoff Hochimst	47.25607	10.6773	
Graitery	47.25665	7.3751	
Startplatz Röti	47.25808	7.52774	
Drachenflieger Naturstart S-O	47.27457	10.36508	
Drachenflieger Rampe West	47.27511	10.36398	
Paragleiter Startplatz West	47.27514	10.36296	
Paraglider Schulstart	47.27657	10.36705	
Paraglider Hauptstartplatz	47.27811	10.37011	
Ebenalb Südost	47.28379	9.41367	
Ebenalb NW	47.28424	9.41046	
Walenmatt	47.28489	7.48611	
Ebenalb Schulstartplatz	47.28496	9.41177	
Montagne de Moutier	47.28733	7.33162	
Startplatz Schwaengimatt	47.28908	7.67449	
Startplatz Schwaengimatt	47.29131	7.6776	
Kronberg	47.29137	9.32623	
Kronberg NW	47.29267	9.33319	
Raimeux Sud	47.29932	7.42515	
Aire de décollage parapente et deltaplane Velars Est	47.30154	4.90046	
Décollage Velars Ouest	47.30214	4.9	
Alp Scheidegg	47.30392	8.94299	
Raimeux Nord	47.30762	7.42635	
Le-piquet - beaulieu-sur-layon	47.30977	-0.59972	
Montlandon - Saussi	47.31092	6.84492	
Courfaivre	47.31118	7.29132	
Paragleiter Startplatz Thaurer Alm	47.31462	11.45239	
Gleitschirmflugschule	47.31501	8.91733	
Asnan	47.31514	3.55084	
Belvedere fort de la dame blanche	47.31882	6.0599	
Hike & Fly Takeoff Namloser Wetterspitze	47.32245	10.63924	
Startplatz Balderen	47.32249	8.50069	
Paragliding Startplatz Schmittenhöhe	47.32412	12.73845	
Grenois - la montagne	47.32492	3.53791	
Vieilley - cote du bois des grands cantons	47.32527	6.09018	
Paragliding Startplatz Schmittenhöhe	47.32929	12.73672	
Les-chaintres - Caves-de-la-mignonne	47.32983	2.82831	
Diedamskopf Mittelstation Startplatz	47.3332	10.02481	
Décollage Savigny sous Mâlin	47.33949	4.75142	
Paragleiter Startfeld	47.34246	13.14032	
Diedamskopf Rampe Startplatz	47.34493	10.03004	
Hike & Fly Takeoffs Schlierkopf	47.34517	10.69348	
Siklóernyős starthely	47.3452	18.41699	
Hike & Fly Takeoff Hohe Munde	47.34614	11.08077	
Diedamskopf Gipfel Startplatz	47.34621	10.02596	
Hike & Fly Takeoff Hohe Munde	47.34707	11.08561	
Mervelier	47.34888	7.51175	
Baulme la roche	47.34893	4.80164	
Le Champre	47.34939	7.52913	
Siklóernyős starthely Kopasz-domb	47.34956	18.29982	
Montmelon sud	47.35753	7.19145	
Montmelon N	47.36172	7.19324	
Siklóernyős starthely	47.3625	18.44169	
Boécourt	47.36282	7.20644	
Schattberg West	47.36427	12.6215	
Vicques	47.36493	7.42654	
La machine à coudre	47.37043	7.51345	
Siklóernyős starthely	47.37062	18.25204	
Startplatz Fringeliflüe	47.37144	7.47941	
Startplatz Planai Gipfel	47.3726	13.72509	
Ost Startplatz	47.37436	13.77847	
Weststartplatz	47.37536	13.77706	
Pierreberg	47.37586	7.41062	
Startplatz Nord	47.37658	13.77611	
Delémont	47.37951	7.31574	
Hike & Fly Takeoff Hintere Steinkarspitze	47.3817	10.66255	
Startplatz Planai Mittelstation	47.3817	13.70538	
Takeoff Gamsbödele	47.38192	10.84691	
Hike & Fly Takeout Roter Stein	47.38208	10.77295	
Montgremay	47.38928	7.18565	
Takeoff Wolfratshauser Hütte	47.39168	10.84881	
Hike & Fly Takeoff Hönig	47.39359	10.74162	
Hike & Fly Takeoff Bleispitze	47.39814	10.81819	
Niedere Bezau Startplatz	47.39883	9.94466	
Niedere Bezau Startplatz Alte Bahn	47.39895	9.93457	
Niedere Andelsbuch Gräber Startplatz	47.39912	9.92574	
Startplatz Frohe Uusicht unten	47.40055	9.52527	
Startrampe hang-gliding	47.40372	9.9373	
Niedere Andelsbuch Startplatz Leo	47.4039	9.93859	
Startplatz Herren	47.40928	9.55686	
Startplatz St. Anton	47.4109	9.54238	
Startplatz Michaelerberg Knollhof	47.41183	13.89451	
Startplatz Zeigersattel	47.41219	10.35017	
Startplatz Probsthaus	47.41374	10.34647	
Takeoff Almkopf	47.41543	10.76591	
Startplatz Geißfuß	47.41779	10.32642	
Choralpe West	47.41877	12.24403	
Choralpe Ost	47.42113	12.24556	
Choralpe Nord	47.42136	12.24525	
Startplatz Nebelhorngipfel	47.42144	10.34225	
Startplatz Asten	47.42473	12.37049	
Skyclub Austria Flugschule	47.42516	13.8972	
Startplatz Roßkopf	47.4262	12.07048	
Hike & Fly Takeoff Thaneller	47.42652	10.7241	
Startplatz Mausefalle	47.4267	12.37103	
Startplatz Paragliding	47.4275	11.69637	
Paragliding Parataxi	47.42755	12.21331	
Hike & Fly Takeoff Ups Spitze	47.43107	10.87266	
Startplatz Markbachjoch	47.43204	12.094	
Hike & Fly Takeoff Kohlbergspitze	47.43765	10.79981	
Etyeki Sportrepülő Egyesület ESRE	47.43786	18.7781	
Fluggebiet Rorschacherberg	47.45354	9.50167	
Startplatz Paragleiter	47.45718	13.81881	
Startplatz Süd	47.45726	13.81866	
Drachenrampe	47.45752	13.8189	
Weststartplatz	47.45861	13.82341	
Startplatz Südstart Gipfelplateau	47.45879	13.82706	
Startplatz Nord Gipfel	47.4595	13.82822	
Übungshang AustriaFly	47.46111	13.2701	
Bischlingshöhe Südstartplatz	47.46148	13.29807	
Startplatz Ornach	47.46154	10.21476	
Bischlingshöhe Weststartplatz	47.46233	13.29706	
Bischlingshöhe Startplatz Ost	47.46394	13.29915	
Startplatz Knobel	47.46427	10.20697	
Startplatz Weiherkopf	47.46447	10.20123	
Siklóernyős starthely (Odvashegy)	47.4678	18.9468	
Startplatz Hinang	47.47026	10.30279	
Hike & Fly Takeoff Krinnenspitze	47.47418	10.58434	
DGFW e V	47.47435	11.06041	
Startmöglichkeit Voldöppberg	47.47495	11.88966	
Takeoff Hahnenkamm East	47.47634	10.64336	
Takeoff Hahnenkamm West	47.47636	10.64069	
Paragliding Startpoint Tannheim/Neunerköpfle	47.48256	10.54192	
Takeoff Imberger Horn	47.48895	10.36339	
Hike & Fly Takeoff Rote Flue	47.50033	10.61077	
Startplatz Maldonahang Pfänder	47.50053	9.77258	
Takeoff Iseler	47.50242	10.4122	
Hike & Fly Takeoff Kühgundkopf	47.50369	10.43141	
Startplatz Roßwank	47.50395	11.1556	
Startplatz Wank Süd	47.50673	11.14779	
Startmöglichkeit Heuberg	47.51	11.95455	
Startmöglichkeit Vorderunnutz	47.51389	11.7381	
Hike & Fly Takeoff Brentenjoch	47.53227	10.58228	
Airborne	47.53559	19.04182	
Startpunkt Paraglider	47.53891	13.47676	
Kesselmoos	47.5464	10.56112	
Stuetze 9	47.54678	10.56313	
Breitenberg Kesselmoos	47.54692	10.55897	
Engerle	47.54782	10.55663	
Start Hangglider	47.54871	10.56906	
Sárkány-rámpa	47.55202	18.98883	
Siklóernyős starthely, HHH Újlaki-hegy	47.55226	18.98908	
Sárkányrepülő hangár, LHHH	47.55491	18.98634	
PG starthely, Vöröskővár	47.55538	18.97919	
Siklóernyős starthely, HHH-Mária	47.5555	18.98866	
HHH-ÉK, siklóernyős starthely	47.55584	19.00257	
PG starthely, HHH-Óbuda ÉK	47.55587	19.00278	
Siklóernyős starthely, 9-fa	47.55642	18.98804	
Startpunkt Paraglider	47.56758	13.47889	
Siklóernyős starthely, Csúcs-hegy	47.57029	18.9834	
HSV Hängegleiter Kapfenberg/Aflenz	47.57099	15.28854	
Athie	47.57333	4.27243	
Siklóernyős starthely	47.57576	19.33521	
Fly Away Team	47.58056	18.9227	
Startrampe Hängegleiter	47.58489	11.09986	
Startplatz Rheintalblick	47.58571	8.28316	
Startrampe Hängegleiter	47.58595	11.10319	
Startplatz Gleitschirm/Hängegleiter	47.58614	11.10353	
Arcy sur cure	47.60031	3.77664	
Echenoz-la-meline - bois de breuleux	47.6006	6.12817	
Gleitschirmstartfeld Nordwest	47.60649	10.81042	
Gleitschirmstartfeld	47.60667	10.81122	
Startpunkt Paraglider	47.61245	13.5675	
Flugschule Tegelberg	47.6131	10.80437	
Siklóernyős starthely (Ny)	47.6191	18.4083	
GS und HG Startplatz "Heue/Bergalingen"	47.61962	7.93898	
Chariez - camp de cesar sud-ouest	47.6223	6.08986	
Siklóernyős starthely	47.6225	18.98482	
Autrey les cerre - mont moiran	47.62257	6.34916	
Paragleiter Startplatz Unterberghorn 3	47.62374	12.43663	
Chariez - camp de cesar nord	47.62642	6.08941	
Camp de César Nord	47.62676	6.08952	
Paragleiter Startplatz Unterberghorn 1 und 2	47.63189	12.43186	
Siklóernyős starthely	47.6533	18.43566	
Siklóernyős starthely	47.6629	18.92	
Vogelsang Ost	47.66323	12.03544	
Vogelsang West	47.66461	12.03517	
Vogelsang West	47.66517	12.03553	
Villers poz - cote rouge	47.66969	6.25399	
Fluggelände Jägerkamp/Nagelspitz	47.67914	11.9051	
Paragleit Startplatz Süd	47.68272	15.60251	
Siklóernyős starthely, Pilis-D	47.68291	18.8742	
Siklóernyős starthely (Kőhegy)	47.6833	19.0333	
Siklóernyős starthely, Pilis-DNY	47.68578	18.86748	
Siklóernyős starthely	47.68941	18.87434	
Startplatz Hochschlegel	47.69174	12.88302	
Schlegelmulde	47.6952	12.88213	
Siklóernyős starthely "Kesztölc"	47.7032	18.80242	
Paragleitstartplatz Schauerwand	47.70665	15.6323	
Siklóernyős starthely	47.70878	18.683	
Siklóernyős starthely, Kartal	47.7097	19.5268	
Siklóernyős starthely (Kétágú-hegy)	47.7239	18.8039	
Startplatz (GS)	47.72432	12.04343	
Startplatz (GS)	47.72585	12.18442	
Südstartplatz Unternberg	47.72597	12.63564	
Siklóernyős starthely	47.72707	18.79573	
Nordstartplatz Unternberg	47.72861	12.63842	
Startplatz	47.73077	11.51302	
Südost-Rampe	47.73301	12.68712	
Nord-Rampe	47.73308	12.6857	
Nordwest-Startplatz	47.73309	12.68674	
Startplatz	47.73449	11.50726	
Startplatz	47.73457	11.50666	
Startplatz (GS)	47.74479	12.06271	
Startplatz West	47.74722	12.24826	
Siklóernyős starthely, Vácduka	47.7475	19.19001	
Startplatz Zwiesealm	47.74776	12.81574	
Nordoststart	47.74828	12.25073	
Startplatz Nord	47.74847	12.2503	
Ehrsberg	47.75075	7.90598	
Kampenwand Take-off	47.75369	12.3524	
Mont de vannes - nord-ouest	47.75855	6.62064	
Tete des sapins	47.7589	6.76248	
Südstart	47.76152	12.55882	
Oststart	47.76175	12.5596	
Nordstartplatz	47.76266	12.55982	
Startplatz Ob Lucken	47.76294	8.55566	
Weststartplatz	47.7631	12.56036	
Ittenschwander Horn Gleitschirm	47.76342	7.85963	
Segelfluggelände Greiling	47.76597	11.59601	
Drachenflugrampe Oststart	47.7674	12.42098	
Schneckenkopf (Gleitschirm) NW	47.7704	7.90793	
Schneckenkopf SW	47.77056	7.90949	
Startplatz Südwest	47.77639	7.70045	
Startplatz Ost	47.77649	7.7016	
Startplatz Nord	47.77864	7.70175	
Siklóernyős starthely, Sár-hegy	47.79269	19.96939	
Pietroasa	47.79582	23.52389	
Startplatz Süd	47.80218	13.11219	
Startplatz West	47.8031	13.10952	
Startplatz Nord	47.80442	13.1105	
Startplatz Ost	47.80486	13.11395	
Stettelberg	47.8136	9.07563	
Station du Ballon d'Alsace	47.81471	6.84289	
Décollage Bérézina	47.81558	6.84291	
Décollage du Sommet	47.8225	6.84611	
Ballon d'alsace - roches de morteville	47.82454	6.84504	
Ballon d'Alsace start NW	47.82513	6.84127	
Ballon d'alsace - jeanne d'arc	47.82532	6.8399	
Startplatz Kunkenbachhütte / Spiesshorn	47.82699	8.03348	
Startplatz Ost	47.82937	16.04095	
Startplatz Süd	47.83017	16.04636	
Siklóernyős starthely	47.8307	19.6643	
Siklóernyős starthely, Naszály	47.8312	19.1435	
Flugschule FLY	47.83257	16.04561	
Sainte marie en chanois - st colomban	47.83779	6.52795	
Siklóernyős starthely	47.83828	19.80499	
SAINT-SEGLIN - CHEMIN-DU-RUISSEAU-DU-FAUGOURE	47.84636	-2.05249	
Seeleiten Startplatz	47.86255	13.57316	
Breitnauer Kopf take-off spot N	47.8688	7.8342	
Negrești	47.8692	23.48421	
La bouloie - la bouloie	47.87094	6.86594	
Paragleiter-Startplatz Thurnhamberg "Hofinger Schlag"	47.87268	14.09265	
Décollage - Saint-Martin-sur-Armançon	47.87379	4.05688	
Siklóernyős starthely, Kékestető sípálya	47.87451	20.00797	
Siklóernyős starthely	47.875	19.45	
Paragleiter-Startplatz Steinkogel	47.88386	14.18157	
Sonnhaldeberg take-off spot S	47.8849	7.8264	
Drachenflieger-Startplatz Hochsalm	47.88493	13.98817	
Paragleiter-Startplatz Hirschwaldstein	47.88634	14.16383	
Drachenflieger-Startrampe Hirschwaldstein	47.88653	14.16343	
Stockenberg	47.88729	7.02593	
La tete des revolles - revolles sud	47.89209	6.84527	
Gustiberg take-off SE-S	47.89371	6.93445	
Drumont - gustiberg	47.89395	6.93424	
La tete des revolles - est	47.89415	6.84696	
Paragleiter-Startplatz Grünberg	47.89842	13.81804	
Le Drumont;Le Drumont take-off E-SE	47.89867	6.91875	
Paragleiter-Startplatz Hauserbauer/Kronbauer	47.89937	14.07698	
egykori Sárkányos starthely (Galyatető)	47.90145	19.95936	
Le menil - tete des renards	47.90274	6.80462	
Décollage Siebach 200	47.90308	6.99207	
Décollage Siebach 250	47.90516	6.99209	
Nyikom-starthely	47.9097	19.76098	
Schauinsland Startplatz Rotlache	47.90978	7.88978	
Siklóernyős starthely	47.91005	19.7613	
Rupt-sur-moselle - belue sud-est	47.92105	6.68679	
Rupt-sur-moselle - belue sud-ouest	47.92251	6.68571	
Décollage du Treh-Markstein SW	47.92536	7.0114	
Décollage du Treh-Markstein S	47.92633	7.01485	
Siklóernyős starthely Eged DK	47.9273	20.4174	
Siklóernyős starthely Eged DNy	47.9281	20.4116	
Siklóernyős starthely Eged ÉNy	47.9292	20.4116	
Paraglide-Startplatz	47.94391	8.6327	
Saulxures - graviers - theatre graviers	47.9543	6.72507	
Saulxures - le haut du comte - haut de comte	47.9599	6.79766	
Aire de décollage	47.97092	5.42476	
Siklóernyős starthely	47.9725	19.75707	
Paraglider Start	47.97699	15.60845	
Paraglider Start	47.97702	15.60847	
Plateau de chauffourt	47.97714	5.42294	
Schnepfenriedkopf	47.97877	7.04317	
Schnepfenriedkopf take-off NO-O	47.97924	7.04279	
Tirosgoutte - planois	47.9815	6.76524	
Schnepfenriedkopf NE	47.98191	7.04025	
Paraglider Start Muckenkogel 2	47.9852	15.60098	
Paraglider Start	47.9852	15.601	
Paraglider Start Muckenkogel 4	47.98638	15.59943	
Roche de minuit	47.98831	6.85932	
Les bouchaux	47.99494	6.88951	
Batteriekopf	47.99574	6.97882	
Basse des feignes	48.00363	6.84309	
Moyenmont	48.00889	6.90274	
Moutiers des fees	48.01936	6.87405	
Altmatt gaschney	48.02731	7.06485	
Déco du Altmattkopf	48.02741	7.06478	
Fedémesi Siklóernyős Park	48.02742	20.16928	
Fedémesi Siklóernyős Park	48.02748	20.16677	
Fedémesi Siklóernyős Park	48.0278	20.16692	
Champis	48.03274	6.94677	
Altmatt gaschney	48.03502	7.03335	
Poele sauvage	48.03615	6.61565	
Chevre roche	48.03867	6.70827	
La sotiere	48.03947	6.78173	
Siklóernyős starthely Mikófalva	48.04697	20.31488	
Hintereck Startplatz	48.04911	8.12409	
unterer Gummen-Hütte Startplatz Süd	48.05838	8.01268	
oberer Gummen-Hütte Startplatz Süd	48.0588	8.01587	
Startplatz Kandel	48.0651	8.01517	
Hohrodberg-barrenkopf	48.06922	7.13062	
Sainte colombe	48.12088	3.90443	
Startplatz Hörnleberg Süd-Startplatz	48.12726	8.04425	
Site de vol libre de Tréfeuntec	48.12766	-4.2805	
Startplatz Tafelbühl Süd	48.12791	8.08382	
Startplatz Tafelbühl West	48.12873	8.08109	
Startplatz Hörnleberg Nord-Ost Startplatz	48.12942	8.03878	
Surcenord	48.15001	7.13094	
Site de vol libre de Kervijen	48.15751	-4.27793	
Parapente Decollage Malay le grand	48.16515	3.35011	
Parapente  Attérsissage  Malay le grand	48.16682	3.34717	
Ribeaugoutte - la-grande-roche	48.17781	7.15935	
Gleitschirm-Drachen Startplatz Gschasikopf "Hans Uhl"	48.18616	8.12836	
Bonhomme - la-closerie	48.18719	7.09567	
Parapente Decollage/attérissage Rigny le férron	48.19522	3.63777	
Site de vol libre du Rolzac'h	48.20706	-4.11832	
Roocourt la cote sud - roocourt la cote le denot	48.21416	5.1528	
Sainte-marie-aux-mines - tertre-de-la-fille-morte	48.21842	7.19296	
Roocourt la cote ouest - roocourt la cote le plein chien	48.21865	5.14959	
Décollage : Sainte-Germaine	48.21912	4.69907	
Menez-hom	48.22061	-4.23637	
Paranodon Fallschirmsport Illertissen e.V	48.23616	10.13668	
Saint-Dié - Kemberg	48.25664	6.93212	
Belvedere-de-rosnoen	48.26285	-4.21417	
Décollage du Kiosque	48.27215	6.93113	
La madeleine	48.29634	6.90619	
Altenberg - rocher-du-coucou	48.2988	7.31184	
Saint die - ormont	48.30238	6.99227	
Houeville - la friche	48.37165	5.80421	
Tuchenn-ar-kador	48.37327	-3.95252	
Breitenbach - pelage - sud-ouest	48.38303	7.28001	
Breitenbach - pelage - sud-est	48.38314	7.28303	
Gleitschirmfliegen Undingen	48.38364	9.19679	
Socourt	48.38801	6.24905	
Sion - vaudemont - barres	48.40886	6.06896	
Kohleckle	48.41364	7.96659	
Fluggelände Oppenau Ost - Schäfersfeld	48.43571	8.15206	
Startplatz Pfullingen Wanne	48.44613	9.22748	
Fluggelände Oppenau Nordost - Ibacher Holzplatz	48.44771	8.14641	
Startovačka PG	48.45809	17.41263	
Schleppgelände Birken	48.48251	12.21332	
Gleitschirmstartplatz Rossbühl	48.48687	8.23924	
Startplatz Zuflucht/ Oppenau West	48.48712	8.23914	
Startplatz Ost	48.49492	8.36867	
Stöckerkopf Startplatz Nord	48.49548	8.36836	
Schwarzbach	48.49947	7.28147	
Deco	48.53235	7.1688	
Le-trie	48.54394	5.70804	
Fluggelände Neuffen West	48.54934	9.40442	
La-pointe-du-roselier - sud	48.55355	-2.71491	
La-pointe-du-roselier - nord	48.55457	-2.71528	
Fluggelände Neuffen Nord	48.55628	9.4052	
Startplatz DGCW	48.57756	9.59287	
Gleitschirm-Starplatz Hornisgrinde-Katzenkopf	48.59687	8.19614	
Gleitschirm-Startplatz Schloßberg	48.60968	8.15235	
Startplatz Sommerberg Deggingen	48.61265	9.7242	
Startplatz Rabenfelsen	48.61378	9.79629	
Startplatz Sodkopf	48.6254	8.16161	
Site de vol libre de Mundolsheim	48.63317	7.69872	
Reinhardsmunster - spillberg	48.67748	7.31195	
Gleitschirm-Startrampe	48.6796	9.83868	
Bonaparte	48.70603	-2.92291	
Schleppgelände Steinbach	48.71853	12.08334	
Kalištia	48.72011	18.40529	
Champeaux	48.73257	-1.53962	
Gleitschirmfluggelände Kienhalde West	48.73561	8.55197	
Site de vol libre de Beg Leguer	48.75052	-3.54932	
Carolles - croix-paquerey	48.75578	-1.57282	
Startplatz West	48.75644	8.40647	
Startplatz NW	48.75852	8.40554	
Bihit - ouest	48.76102	-3.57721	
Milepat	48.76252	-2.98618	
Gleitschirm-Startplatz West	48.76462	8.27925	
Gleitschirm-Startplatz Nordost	48.76476	8.28195	
Décollage Bilfot Nord	48.76568	-2.95434	
Paraglider-Startplatz	48.78002	10.11497	
Jouy-sous-les-cotes - joselle	48.78418	5.68066	
Glidezeit	48.79923	9.06351	
Büchelstein Hängegleiter Startrampe	48.80817	13.17553	
Парадром	48.82209	37.51974	
Drachenflieger Startplatz	48.82212	8.40304	
Kleinheppacher Kopf-SüdWest	48.8333	9.37961	
Kleinheppacher Kopf-Ost	48.83357	9.37785	
Le Roc Granville	48.83528	-1.61133	
PG přistávací plocha Stolová Hora	48.83799	16.63391	
PG startoviště Stolová Hora	48.84031	16.63535	
Donville-les-bains - cimetiere	48.84505	-1.59146	
Base paramoteur de l'Étang de Francheville	48.86199	2.9999	
PG startoviště Děvín	48.86729	16.65172	
PG přistávací plocha Děvín	48.86796	16.66186	
Hausstein	48.871	13.07324	
Décollage : Saint-Marc d'Ouilly	48.88183	-0.44559	
Ivry la bataille	48.88924	1.45911	
Startplatz Obereichstätt	48.8967	11.13468	
Schleppstrecke Schernfeld	48.89885	11.12804	
PG Startovačka Velký Lopeník	48.91506	17.78246	
Rozoy bellevalle	48.91549	3.441	
Parapente Mania	48.91755	-0.4819	
Plaine-Attitude	48.92555	-0.45419	
Décollage : Clécy Saint-Omer Ouest	48.9262	-0.46619	
Décollage : Clécy Saint-Omer Sud	48.92958	-0.46984	
Startplatz Böhming	48.94458	11.34999	
Le billot	48.96551	0.07097	
Grauves	48.9826	3.96372	
Abflugrampe	48.98721	11.69919	
Startplatz	48.98953	11.44343	
La Roche-à-Busnel (décollage)	48.9933	-0.49879	
Chezy-sur-marne - nord-ouest	48.99428	3.3906	
PG startoviště Stražovják	49.01399	17.05922	
Les-Roches-de-Ham	49.02666	-1.04129	
PG startoviště Jemnice - Nad Červeným rybníkem	49.0329	15.5766	
PG startoviště Jemnice - Na rozhledně	49.0334	15.5758	
Notre-dame-de-la-mer - les-grandes-bruyeres	49.03608	1.53931	
Startplatz Sommerberg	49.03661	12.74705	
Rohačka ski slope takeoff	49.04338	19.59973	
Kokoška takeoff	49.04702	19.32224	
Fontaine sous jouy	49.06767	1.28556	
Mont-saint-pere - dessus-les-toits-du-ru-dollond	49.07132	3.47495	
Port a binson	49.07258	3.76246	
Drachen-Schanze	49.07561	13.13037	
Absprungrampe Einkorn	49.09001	9.77548	
Gleitschirm Startplatz Hörnle	49.10119	9.07322	
Predný Choč	49.1178	19.32964	
Chamery	49.16487	3.9534	
Gleitschirm Startplatz	49.18832	7.88846	
Vironvay - le moulin a vent - pente-ecole	49.19568	1.20572	
Vironvay	49.20289	1.20358	
Louviers	49.21262	1.18733	
Gleitschirm Startplatz	49.21653	7.96008	
Drachenflugplatz Adelberg	49.21667	7.95992	
Straník	49.23657	18.82555	
Startovačky Lendak	49.23719	20.33901	
Duddefliecher	49.24034	8.02607	
La roquette	49.24272	1.32991	
Fluggelände Orensberg	49.24608	8.01232	
Les andelys - mont pivin	49.24931	1.39419	
Gleitschirm Startplatz	49.26601	8.07	
Трускавецький Парапланерний клуб	49.28223	23.51646	
Amfreville - roche bardin	49.30185	1.26419	
La cote des deux amants - panorama d'anfreville	49.31607	1.24386	
Startplatz Paraglider	49.31727	6.78477	
Décollage : Villers Sur Mer - Le Manoir	49.31843	-0.01894	
Décollage : Banc des Deux Amants	49.3191	1.24609	
Gleitschirm-Startplatz	49.3246	9.40008	
Auteuil	49.33075	2.09088	
Makov zjazdovka	49.3393	18.47632	
Hermonville - moto cross les rougemonts	49.3409	3.89382	
Arromanches - Tracy	49.34287	-0.63569	
Site de décollage de Commes	49.34617	-0.72583	
Elementair Normandie	49.34881	-0.75479	
Carteret - le semaphore - sud	49.37285	-1.80573	
Carteret - le semaphore - nord-ouest	49.37452	-1.80782	
Décollage : Vierville	49.38206	-0.90905	
Barneville sur seine - moulin de la jalousie	49.388	0.84846	
Le Grand Bec	49.39136	0.10766	
Marais vernier - panorama (soumis a autorisation )	49.40257	0.46735	
Startplatz Königstuhl	49.40398	8.7269	
Ons-en-bray - le-grand-larris	49.40488	1.89796	
Ons-en-bray - saint-aubin-en-bray	49.40832	1.89099	
Saint samson de la roque	49.42083	0.42701	
Flugschule Fly1	49.43589	11.11769	
Site parapente	49.44682	6.09979	
Haute-Kontz	49.45533	6.33019	
Flugregeln	49.46431	8.67916	
Startplatz Schriesheim	49.46453	8.67897	
Le-rozel	49.47511	-1.84361	
Henouville - la-fontaine	49.47965	0.94049	
La-heve	49.51112	0.06792	
PG Centrum	49.53892	18.3102	
Drachen Startplatz Pfeffelbach	49.54955	7.30819	
Stonne	49.55047	4.92928	
PG startoviště Ondřejník-Skalka	49.55401	18.29871	
Letanne-beaumont - mont-fort	49.55714	5.06071	
Le-plate	49.55761	-1.85076	
Fluggelände Gadern	49.58203	8.80609	
PG startoviště Podivice	49.6035	15.278	
Fluggelände Donnersberg Moltkefelsen (Adlerbogen)	49.62068	7.94133	
Bockstein	49.62406	6.59504	
Gleitschirm-Startplatz Bärenloch	49.63453	7.93142	
Startovací louka pro paragliding	49.63631	18.48135	
Flight park Javorový	49.64045	18.64118	
Pierres-pouquelees	49.64981	-1.8561	
Kopa Radziechowska	49.65164	19.11212	
Flying Man szkoła paralotniowa	49.66332	19.11081	
Site de parapente de Landemer	49.67869	-1.77448	
Balaives	49.68505	4.73015	
Startowisko Ćwilin	49.68785	20.19124	
Startowisko Skrzyczne N	49.68789	19.03107	
Startowisko Skrzyczne E	49.6879	19.03176	
Ecalgrain	49.69407	-1.93316	
Omonville - la-rogue	49.69519	-1.83241	
Lądowisko paralotniowe Lipowa	49.69827	19.09254	
PG startoviště Obrvaň	49.7077	15.2532	
Startowisko Śnieżnica	49.71664	20.17754	
Segelflugverein 1930 Grafenwöhr	49.71961	11.92239	
Nordbayrische Drachenflieger	49.72437	11.15082	
Startrampe Drachenflieger 1.ODC	49.72511	8.63577	
Fluggelände Erlau	49.74281	8.82266	
Startowisko Ciecień	49.77245	20.1412	
Drachenflug-Schanze	49.78131	6.83759	
Osmoy-saint-valery - combe-sur-mont-blanc	49.78763	1.29403	
Startowisko Żar N	49.78765	19.22504	
Szkoła paralotniowa Parastyle	49.79234	22.75683	
Letecké akrobatické centrum České republiky, z. s.	49.79523	16.681	
Les-cheminets	49.80843	1.26008	
Joigny-sur-meuse	49.84238	4.76061	
Startplatz Gleitschirmflieger	49.84755	6.87131	
Lądowisko Osieczany	49.84869	19.98763	
Haulme - liry	49.86273	4.77864	
Rivenich	49.86942	6.85777	
Nohan-sur-semoy - robertsart	49.8731	4.83109	
Drachen- und Gleitsegelclub Nahetal	49.87335	7.77131	
Parkplatz Startplatz Burgen-Veldenz	49.87377	7.01917	
Startplatz Burgen-Veldenz	49.87564	7.01771	
Grill- und Schutzhütte Burgen	49.87584	7.01111	
Startplatz Burgen-Veldenz Moselfalken e. V.	49.87584	7.01756	
Drachenfliegerplatz Neumagen-Dhron	49.87742	6.88771	
Montherme - la longue roche	49.8892	4.72543	
Mont-de-la-clique - pente-ouest-monchy	49.89108	1.677	
Gleitschirmfliegen Tiertalberg	49.89423	9.83775	
Michelau-Réngelschleed	49.89772	6.08023	
Gringlee	49.91563	6.09173	
Gringlay	49.91576	6.09161	
Devant laifour	49.91704	4.70452	
Phare-de-l'ailly	49.91754	0.95924	
Le-mont-clairon	49.91891	2.73129	
Rambures	49.92224	1.68304	
Revin Malgré Tout	49.93858	4.65368	
Drachenfliegerclub Trier e. V.	49.94589	7.00363	
Revin-falllieres	49.94833	4.62453	
Kautenbach	49.95191	6.03145	
Drachenflieger Moselfalken e. V.	49.96145	6.99329	
Décollage Haybes Les Aurains	49.98746	4.72081	
Startplatz Kalbenstein	49.99464	9.757	
Criel - les-mouettes	50.02869	1.3001	
Startplatz Veitsberg	50.06316	11.0004	
Vireux	50.08796	4.70103	
Startpunkt Paraglider	50.10691	7.11485	
Startplatz Kloster Banz	50.13431	10.99883	
Drachenfliegerrampe	50.14906	7.2265	
Startplatz für Drachen und Gleitschirme	50.16262	11.52593	
Startowisko PPG Cezarówka	50.17023	19.35288	
Küppchen	50.21736	7.38449	
Radspitze	50.23519	11.43359	
Ronneburg Südhang	50.23788	9.06347	
Hotsport Paragliding Ronneburg	50.23932	9.06374	
Ronneburg Nordhang	50.24007	9.06407	
Rosenberg	50.31783	7.46141	
Kreuzberg SO	50.36461	9.98124	
PG startoviště Špičák	50.37836	13.09027	
Kreuzberg NO	50.37899	9.9919	
Site de parapente de Coo (décollage sud)	50.39593	5.88808	
Arnsberg	50.39834	9.95416	
Site de parapente de Coo (décollage ouest)	50.39861	5.88796	
Neklid	50.40328	12.93257	
PG startoviště Raná - SE	50.4063	13.7707	
PG startoviště Raná - NW, W	50.40657	13.77042	
PG startoviště Raná - SE, E	50.40692	13.7716	
Mont de la comte	50.41508	2.51401	
Startplatz Fichtelberg	50.42303	12.95275	
Olhain - parc-de-loisirs	50.43378	2.5859	
Terril du Roton	50.4417	4.54094	
Startplatz Niederzissen - Bausenberg	50.46482	7.22243	
Base nautique de loisinord	50.47989	2.68257	
Flugplatz	50.49711	9.93676	
Gleitschirm Direkt Fliegershop	50.49908	9.947	
Rhöner Drachen- und Gleitschirmflugschulen Papillon Paragliding	50.49915	9.94696	
Skyline Flugschule Mathias Klug	50.54244	8.58893	
Paragliding Startplatz Haardskopf Breitscheid	50.55838	7.43461	
Frencq	50.56054	1.66582	
Startplatz Pöhlberg	50.56919	13.0307	
Drachenflugplatz Altenbeuthen	50.59336	11.59331	
Gleitschirmplatz Kaulsdorf	50.63149	11.41548	
Spielberg	50.66092	10.2242	
Startowisko lotniowo-paralotniowe	50.67305	16.20964	
Startowisko paralotniowe KLIN	50.69249	16.27608	
Paragliding	50.71398	6.45036	
Startowisko paralotniowe Dzikowiec	50.7206	16.21096	
Schleppgelände Cämmerswalde	50.72519	13.5172	
Freeflying-Piste	50.74881	9.24382	
Hermsdorfer-Seyder Höhe	50.7526	13.66763	
Startplatz 2 Gleitschirmflieger Sassenroth NW	50.7699	7.92863	
Startplatz Gleitschirmflieger Sassenroth NW	50.76993	7.92869	
Startplatz 2 Gleitschirmflieger Sassenroth NW	50.77014	7.93023	
Startowisko Rudnik	50.77406	15.86685	
Stachelberg	50.78099	7.37677	
Licques - haut-vigneau	50.7992	1.94806	
Startplatz Leuchtenburg / Pfaffenberg	50.80096	11.61052	
Décollage Escalles	50.92106	1.70213	
Startplatz Jenzig Süd	50.93883	11.6337	
Startplatz jenzig Nord West	50.94007	11.62407	
Décollage: Sangatte	50.94114	1.73754	
Butser West Take Off	50.97679	-0.98783	
Fluggebiet Harsberg	51.07451	10.3725	
Startplatz Langenau	51.10682	12.91501	
Dolberg	51.10744	8.16233	
SP1 "Kötzhelle" ACAH-SAIR	51.10872	7.79704	
Startplatz	51.11637	12.81766	
Paragliding Startplatz Irgersdorf	51.11647	14.38438	
Schleppgelände	51.1195	12.81555	
Loty Zgorzelec	51.13428	15.00749	
Übungshang Am Kirschberg	51.13597	13.08187	
Schleppgelände Vockrather Acker SkyTeam-Neuss e. V.	51.145	6.63193	
Schleppgelände Zschochau / Spitzer Kalkofen	51.20301	13.19528	
Startplatz Kella-Berg	51.24297	10.07973	
Wenholthausen Südwest	51.30266	8.19045	
Gleitschirmstartplatz Wenholthausen Südwest	51.30313	8.19087	
Startplatz Stüppel	51.31429	8.42961	
S2	51.31582	8.54745	
S1	51.31807	8.54494	
S3	51.31997	8.53857	
Paragliding westerly takeoff	51.35845	-1.48438	
Paragliding/Hangliding Takeoff	51.35871	-1.47983	
Rybury Hill paragliding launch area	51.3725	-1.88033	
Milk Hill White Horse Paragliding Launch area	51.37275	-1.85439	
Milk Hill Hang Gliding and Paragliding Launch	51.37913	-1.85648	
Tan Hill Paragliding Launch	51.3799	-1.88103	
Lierterrein	51.52137	5.1536	
Paragliding Takeoff	51.69946	-0.89095	
Frocester Paragliding & Hang Gliding Site	51.70938	-2.29974	
Hoppenberg/Schwaney	51.7167	8.90186	
Paraglider Drachenflieger Startplatz	51.74743	9.34977	
Startowisko Klubu Miłośników Lotnictwa ziemi Brzezińskiej SkyTeam	51.77854	19.7508	
Gleitschirmclub Diomedea e.V.	51.79363	7.82297	
Gleitschirmclub Diomedea e.V.	51.79385	7.82784	
Paragliding Takeoff	51.86972	-0.53765	
Paragliding Takeoff	51.8734	-0.53778	
Drachen- u. Gleitschirmstartplatz, Nordwest, 610 m	51.88966	10.43097	
Rammelsberg, NW	51.89012	10.43039	
Flugplatz Stapelburg	51.91471	10.6828	
Windenschleppgemeinschaft Skyrider	51.92252	8.00945	
Startplatz Pegestorf	51.94015	9.49157	
Startplatz Hohe Kugelberg	51.95497	9.4573	
Paragliding Takeoff	51.95801	-0.44565	
MünstAIRland e.V.	51.97187	7.21094	
Paragliding Holland	51.97192	5.31534	
Startplatz Dielmissen Deltaclub Ith	51.98108	9.62622	
Fliegermeisterei Altes Lager	51.988	12.9865	
Windenschlepp-Startplatz Süd 36	51.98947	12.98453	
Windenschlepp-Startplatz 02	51.98968	12.98681	
Windenschlepp-Startplatz 28L	51.9932	12.99014	
Windenschlepp-Startplatz Ost 28	51.99445	12.99041	
Windenschlepp-Startplatz 20	51.99545	12.99267	
Windenschlepp-Startplatz 28R	51.99553	12.99181	
Windenschlepp-Startplatz 10R	51.99554	12.96804	
Windenschlepp-Startplatz West 10	51.99615	12.96816	
Windenschlepp-Startplatz 10L	51.99714	12.96736	
Windenschlepp-Startplatz Nord 18	51.99756	12.98354	
Drachenflieger-Club Berlin	51.99855	12.97475	
Übungshang	52.02845	10.36788	
AVXCC Lierveld KD	52.03839	6.42083	
Startplatz Börry	52.0464	9.45249	
Flugschule Bielefeld	52.19974	8.375	
Drachenstartrampe	52.24681	8.88391	
Mühlenflieger - Drachenflieger-Startplatz	52.27035	8.73985	
Aero Club Salland	52.46545	6.33354	
Fenland Wind and Airsports Centre	52.54004	0.0524	
Парадром "Нормандия-Липецк"	52.69325	39.8884	
Dudek Paragliders Serwis	52.9729	17.72959	
Główna strefa lądowania spadochroniarzy	53.10336	23.16599	
Sekcja Modelarska Aeroklubu Białostockiego	53.10495	23.16511	
Moel Eilio (N/NW)	53.10858	-4.14012	
Pendle, PG take off	53.8502	-2.34028	
Pendle main, PG take off	53.8568	-2.33818	
Longridge, PG take off	53.85914	-2.54428	
Parlick South, PG take off	53.89936	-2.6158	
Parlick West, PG take off	53.90001	-2.61769	
Parlick East, PG take off	53.90044	-2.61226	
Fairsnape, PG take off	53.91237	-2.61703	
zalatani.com.pl	53.9521	17.9305	
Gleitschirmverein "Milaner" e.V. Windenschlepp	54.02628	10.08073	
Startowisko paralotniowe Dębina	54.63719	17.00138	
Парадром "Кончинка"	54.66956	38.14776	
Парадром "Каменка"	54.6878	38.30462	
Højer	54.99048	8.6574	
Парадром Покров	55.43576	37.62867	
Gulebjerg - Launch	55.54942	8.31611	
Henne - Launch	55.74529	8.17416	
Bjerregaard - Launch	55.82656	8.16999	
Hvide Sande - Launch	55.94967	8.14269	
Lyngvig Fyr - Launch	56.04392	8.10033	
Husby Klit - Launch	56.25764	8.13091	
Bovbjerg Fyr - Launch	56.51305	8.11781	
Bovbjerg Ferring - Launch	56.52449	8.11803	
Ejsingholm - Launch	56.52598	8.73818	
Firbjerge - Launch	56.53993	8.62236	
Humlum Fiskerleje - Launch	56.54131	8.57716	
Toftum - Launch	56.54544	8.53264	
Toftum Bjerge - Launch	56.5616	8.55472	
Venøborg - Launch	56.56907	8.62931	
Gyldendal - Launch	56.57831	8.7171	
Knud Strand - Launch	56.65849	8.77716	
Paragliding start Løkken	57.39378	9.73094	
Storåsen, Hille. Mandal	58.01528	7.34417	
Birkelid , Volleberg	58.1	7.8	
Hydrofjellet , Volleberg, Kristiansand	58.1	7.83333	
Rossfjord	58.11847	7.06629	
Odderøya (Kristiansand)	58.13222	8.00361	
Västhanget Ålleberg	58.1363	13.59728	
Osthanget Ålleberg	58.13743	13.60974	
Vennesla, Kvarstein	58.23444	7.94472	
Svensli	58.265	7.21639	
Vennesla Kristne Airport	58.26917	7.95417	
Rampa, Vennesla	58.26972	7.94889	
Espeland PPG	58.27667	7.39917	
homborsund airpark	58.27667	8.50889	
Flekkefjord, Simonskyrkja	58.285	6.73833	
Simonskyrkja vest, Flekkefjord	58.2875	6.725	
Kvås, Bulia	58.28944	7.18056	
Konsmo PPG	58.29028	7.35222	
Flekkefjord, Frøytlandsveten	58.29056	6.845	
Utsikten, Kvinesdal	58.30361	6.97056	
Norskeknuten, Kvinesdal	58.31611	6.93083	
Molland i Grimstad	58.31806	8.54667	
Lauvåsvollen, Grimstad (PPG)	58.32806	8.56333	
Reddal vest	58.33139	8.45056	
Havstad ,Grimstad (PPG)	58.33139	8.50639	
Nygrenda Grimstad (PPG)	58.34778	8.3675	
Einerfjell Reddal - Grimstad	58.35	8.45	
Mydland i Sokndal	58.39861	6.43889	
Biktjørnsknuden , Kvinesdal	58.39861	6.98583	
Øyestad Gård, Rykene	58.40889	8.64611	
Vestre Øyestad Gård, Rykene	58.40917	8.63306	
Byremohei	58.43111	7.3975	
Bjorbekk PPG-start	58.44019	8.70081	
Skärstad	58.49151	15.10246	
Linköpings Fallskärmsklubb	58.495	15.10135	
Budalsheia, Kvinesdal	58.49917	7.02278	
Eiken , Hekkfjell	58.50139	7.1975	
Gullknapp (Arendal) oppslep	58.51528	8.69944	
Sætra, Lund	58.53056	6.56389	
Kartavoll/bue	58.545	5.85972	
Stokkafjellet Ualand	58.56194	6.33333	
Fennefoss, Evje	58.58694	7.77889	
Stemmeheia	58.59083	6.18972	
Steinsland i Bjerkreim	58.59167	5.99444	
Klokkhusknuten, Laksesvela, Bjerkreim	58.61139	5.99611	
Lauperak, Bjerkreim, Ørsdalsvatn	58.6165	6.25172	
Vikeså, Sondrestarten (Råsafjellet)	58.62528	6.06833	
Sør - Reime	58.63821	5.61646	
Storafjellet, Vikeså i Bjerkreim, SV exit	58.64944	6.10333	
Storafjellet, Vikeså i Bjerkreim, NV exit	58.65028	6.1025	
Storafjellet, Vikeså i Bjerkreim, SØ exit	58.65028	6.11139	
Vikeså. Hegelstad Nordstart	58.65097	6.18239	
Tonstad, Stakkhom Fjellet	58.65278	6.76111	
Obrestad havn	58.65361	5.56389	
Vikeså. Hegelstad Veststart.	58.65528	6.18361	
Tonstad, pg-starten	58.65528	6.73528	
Obrestad fyr	58.6575	5.55583	
Tonstad, Toppen toppen	58.65833	6.74056	
Tonstad, Hg rampa	58.66278	6.74361	
Vermeknuten, Tonstad	58.67167	6.68083	
Årdalsknaben, Byglandsfjord	58.67306	7.83528	
Tonstad,Svodene	58.67333	6.76556	
Risa/våland MPG flysted nær Nærbø	58.67694	5.73444	
Froland, Risdal, Vore	58.67917	8.12583	
Vestre Bråten Grimsland, Risør (PPG)	58.68417	9.1	
Hoyland Mikroflyplass	58.6857	5.58294	
Torland	58.68806	5.6425	
Torland Airfield	58.68865	5.6345	
Stavtjørn - Vindheia -Bjerkreim	58.68917	6.34889	
Stavtjørn, Kaldrassheia	58.69	6.36222	
Loftsteinsheii, Tjomli	58.69222	6.68306	
Stavtjørn, Skarkaknuten	58.69722	6.34972	
Stavtjørn - Hauaknuten - Bjerkreim	58.71944	6.38639	
Tonstad, Kuli	58.71944	6.625	
Brekka	58.72331	5.76397	
Bjørndals-fjell, Sirdal	58.73639	6.72667	
Orrestranden	58.73889	5.51333	
Lyefjell	58.7425	5.73389	
Fitjanuten - Ålgård - Gjesdal	58.7525	5.93583	
Gjesdal-Smålifjellet beitemark	58.75472	6.02528	
Revtangen	58.75667	5.49333	
Gjesdal, Øksnanuten	58.76112	5.98088	
Gjesdal, Gloppenuten	58.76306	6.1025	
Jæren Luftsportsklubb	58.76635	5.98219	
Gjesdal, Husafjell	58.76639	6.01972	
Gjesdal, "Vestfjellet" Øst .	58.76972	6.00028	
Klepp, Reve	58.77271	5.52006	
Byrkjedal - Maudal - Gjesdal - Ålgård	58.77444	6.33083	
Trogefjell, Åmli	58.77472	8.47139	
Figgjo	58.78917	5.78333	
Borestranden, Jæren	58.80019	5.54998	
Dalsletta Airport Fiane	58.80433	9.07749	
Vølstad Gjesdal	58.80861	6.06472	
Åmli Gangseifjellet	58.81278	8.49833	
Tovdal, Storliheia	58.81444	8.18222	
Sviland	58.81577	5.83832	
Vassfjellet, Søredalen, Seldal	58.825	5.98306	
Bygland Museum (OTP) rett ved Brygga og Glashytta.	58.82806	7.795	
Oltedal Heltnanuten	58.83	6.01861	
Frafjord - Gilja	58.83333	6.27194	
Skjelbreihenget - Sandnes	58.83727	5.87831	
Tidligere Moe mikroflystripe -vegårshei	58.84125	8.88225	
Rogaland - Sandnes - Vatne Skolebakke	58.84806	5.78333	
Levang, Sandnes, Rogaland	58.85222	5.8725	
Sola, Vigdel. Er stengt for all flyving pga for nærme sola flyplass	58.85861	5.55944	
Ulvanuten, Sandnes, Jordet ved Åsveien.	58.86075	5.76906	
Bjørndalsfjell	58.86889	6.82	
Veraland sør	58.87324	5.94517	
Veraland Nord	58.87333	5.93778	
Bukkaknuten/Høle	58.87889	5.99167	
Melås i Gjerstad	58.88444	8.99722	
Sandnes, Dalsnuten	58.89333	5.78583	
Trydal, Gjerstad (PPG)	58.89722	8.96056	
Morkheia - Holmen Gård, Gjerstad	58.90306	8.94806	
Øygjafjellet	58.90666	5.87341	
Tjørhomfjellet, Sirdal	58.90861	6.82	
Kongsfjell, Gjerstad	58.90889	8.97639	
Åraksbø	58.91417	7.74722	
Ålsheia, Sinnes i Sirdal	58.92083	6.85417	
Vårlivarden	58.92412	5.9317	
Kleivåsen ved Smedland	58.94786	8.21178	
Brekke PPG, Forsand	58.94944	6.01833	
Fossmork Knuten	58.96583	6.25056	
Fossmork, Moltehola, Lysefjorden	58.96806	6.24444	
Stavern	58.97333	9.95389	
Siriklubben, Sirdal	58.98333	6.91667	
Suleskard, Sirdal	59.01056	6.98028	
Tunglandsfjellet, Jørpeland, Ryfylke	59.01667	6.0525	
Randabergfjellet	59.01806	5.59778	
Ådneram Skitrekk, Sirdal	59.02299	6.89749	
Birtedalen Nesvatn, PPG	59.02531	8.08573	
Wingerei PPG, Bamble	59.02778	9.63333	
Barkafjellet,Jørpeland, Ryfylke	59.02861	5.99889	
Førlandsåsen, Jørpeland, Ryfylke	59.03333	6.07389	
Lysefjorden, Kjerag	59.03444	6.58389	
Leite, Jørpeland, Ryfylke	59.04	6.03222	
Lysefjorden, Lysebotn , Øygardstøl	59.04639	6.64889	
Sokn, Rennesøy	59.05158	5.66358	
Racerbilen - Leite - Jørpeland - Ryfylke	59.05167	6.0325	
Lysebotn OTP	59.05333	6.64722	
Almåsen, Bjørheimsbygd, Ryfylke	59.05905	6.04012	
Gramsfjell, Bjørheimsbygd, Ryfylke	59.05986	6.07	
Ramnafjellet, Lysefjorden, Lysebotn, Ryfylke	59.06139	6.64083	
Rotabakken gard, Bjørheimsbygd, Strand, Ryfylke	59.06361	6.05556	
Askje,Rennesøy	59.06583	5.68056	
Skjørbu, Bjørheimsbygd - Ryfylke	59.06749	6.07395	
Rennesøy - Hodnafjellet	59.07333	5.75056	
Rennesøy, Selsfjellet	59.08694	5.70889	
Iglandsklubbafjellet	59.09417	6.44222	
Rennesøy, Vikefjellet, Pilå	59.09667	5.7075	
Rennesøy Sørbø	59.11709	5.67654	
Raunåsen, Fjone, Nissedal	59.12611	8.46222	
Vallermyrene PPG, Porsgrunn	59.13972	9.67667	
Valleråsen, Porsgrunn	59.14028	9.69444	
Åsegarden, Ryfylke	59.14528	6.36897	
Kjell`s Airport , Årdal , Ryfylke	59.14806	6.17139	
Nissedal -> Skornetten Heimre	59.15039	8.57341	
Nipen,Årdal,Ryfylke	59.15944	6.24417	
Fyresdal Geitnetten	59.16806	8.10667	
Lensmanstarten,Gjessfjell,Årdal, Ryfylke	59.17278	6.19972	
Nicostarten	59.17512	6.14559	
Eagle`s Exit , Ingvaldstadfjellet , Årdal , Ryfylke	59.18167	6.15778	
Hjelmeland, Årdal (Gjessfjell/Måheia)	59.19028	6.17222	
Elset (PPG)	59.19167	9.5125	
Torsnes Flyplass	59.19694	11.06167	
Medheia, Hjelmeland, Ryfylke	59.20194	6.10778	
Nøtterøy ved Tønsberg	59.20369	10.44867	
Valle veststart, Setesdalen	59.20667	7.55833	
Rognemyrveien ( Skjeberg )	59.20917	11.2525	
Kjæråsen, Fredrikstad	59.21972	10.96167	
Storedal, Sarpsborg	59.23139	11.10972	
Austre Bokn, Bokn	59.23194	5.47667	
Valle Tveitebø heieveg	59.24417	7.59167	
Hægefjell, Nissedal	59.26278	8.40639	
Klever , Rokke, Halden	59.26305	11.35333	
Huseby PPG ( Fredrikstad )	59.26732	10.81074	
Tønsberg Slottsfjellet - IKKE BRUK	59.27194	10.40333	
Skrehelle, Skien	59.27528	9.58944	
Vrådal, Fagerliheii	59.27556	8.54306	
Sarpsborg / Knattås	59.28466	11.07191	
Glengshølen OTP- Sarpsborg	59.28917	11.11917	
Skaglemo PPG i Hvarnes	59.29222	9.92083	
Haugskollen, Hvarnes	59.29639	9.93028	
Nome Flyklubb - Lunde	59.29778	9.13278	
Ise - Bjønnåsen (Sarpsborg)	59.30111	11.24194	
Larkollen	59.30428	10.68738	
Hest-Tysvær	59.3099	5.66336	
Vrådal skisenter	59.31194	8.43694	
Gampedalsåsen,Hvarnes	59.31306	9.91389	
Skriva (Siljan, Grorud)	59.32306	9.63639	
Borgøy	59.3449	5.64513	
Nappernuten, Vråliosen	59.34611	8.17306	
Roholtfjellet, Vrådal	59.34667	8.4375	
Visnesgarden, Karmøy	59.35778	5.22694	
Revetal - Opptrekk	59.38056	10.25778	
Rygge Lufthavn	59.38059	10.77742	
Revetal motorisert pg	59.38183	10.25967	
Svarstad, Askjemåsen	59.38667	9.92222	
Svarstad Skisenter	59.39333	9.92528	
SkyStream парапланерный старт №2	59.40659	29.30458	
SkyStream парапланерный старт №1	59.41509	29.29178	
SkyStream парапланерный старт №3	59.41541	29.30442	
Alvanuten, Aksdal	59.41667	5.43333	
Kise PPG, Hørte	59.41667	9.15694	
Trongjo, Tømmerdalen, Haugesund	59.4175	5.34083	
Svarstad,Vestfold, Liåsen	59.42389	9.91778	
Håland, Skjoldastraumen	59.42417	5.64667	
Svarstad Liåsen .Vest	59.43389	9.89917	
Kopstad Jordet, Holmestrand	59.43722	10.36694	
Bø, Bryggefjell	59.44056	8.98667	
Horten	59.44139	10.41361	
Onglanuten, Suldal, Ryfylke	59.44167	6.49361	
Bø, Hørte	59.44361	9.15056	
Lønskollen	59.44611	10.11444	
Rakkestad Graarud	59.44639	11.32861	
Nuten-Haugesund	59.44778	5.28056	
Hodnafjell-Tysvær	59.46361	5.49083	
Fladberg, Rakkestad	59.46361	11.36778	
berdalsbru-hovden	59.46611	7.39361	
Hof, mikroflyplassen til Tor Aage Brein	59.46806	10.18556	
Seljord - Raudkleiv	59.46833	8.62083	
Seljord - Loftsgarden	59.47028	8.5725	
Klauv,Haugesund	59.47439	5.36517	
Seljord - Kødde	59.47528	8.57833	
Kjort, Nedre Vats	59.48139	5.93472	
Hvittingfoss Føskekollen	59.48139	9.93917	
Seljord - Bråthen Nedre	59.48222	8.59944	
Hvittingfoss Glaneberget	59.48278	10.07	
Seljord - Bråthen Øvre	59.48306	8.59139	
Hagland i Sveio	59.48333	5.25667	
Idrettsplassen i Seljord	59.48831	8.63944	
Glekse, Lifjell, Bø	59.49139	8.98056	
Paradis, Sveio	59.49163	5.2978	
Seljord - Bjørgefjell	59.4925	8.67528	
Seljord - Hattefjell	59.49278	8.58194	
Hvittingfoss Rudskollen	59.49361	9.81833	
Hvittingfoss Brudeberget	59.49472	9.82444	
Bessefjell, Dalen	59.49639	7.90778	
Hvittingfoss Kulen på Grøtterudlandingen	59.49639	9.99417	
Kragaheia, Skipavåg, Vindafjord	59.50037	6.12205	
Hvittingfoss - Bergerbakken	59.50111	10.0025	
Lysaker Gård	59.50131	11.24822	
Lyseakerbakken Eidsberg	59.50194	11.24722	
Seljord - Venelinuten	59.50222	8.69806	
Hvittingfoss, Grøtterud	59.50481	9.99807	
Vinjanuten, Suldalsosen, Ryfylke	59.50778	6.48639	
Hvittingfoss Hajeren	59.50944	9.97028	
Holmestrand, Høgåsbakken	59.515	10.23	
Hovda, Nedre Vats,Vindafjord	59.51667	5.75	
Seljord - Skorve	59.51944	8.59389	
Søljåsen, Skjold	59.52139	5.61389	
Kirkeby PPG treff	59.52389	11.265	
Blikrabygd-Brennesteig, Vats, Vindafjord	59.52722	5.75694	
Lysenuten	59.5275	5.90417	
Krakkanuten, Øvre Vats, Vindafjord	59.53556	5.67889	
Vikevannet Hof, scootertowing	59.54361	10.11806	
Hvittingfoss Lindum	59.54528	9.76861	
Bårefjellet, Vikebygd	59.5495	5.58867	
Aksla - Vindafjord	59.55278	5.74444	
Eikeskardet i Notodden	59.55278	9.3025	
Sletthaug, Øvre Vats, Vindafjord	59.55306	5.73889	
Stokkelia i Hof Vestfold	59.55667	10.04083	
Mysen/Dalveien i Hærland	59.55806	11.44556	
Seljord/Hjartdal - Mælefjell	59.56167	8.71472	
Jordet til Otto. Tofte. Hurum	59.56311	10.57394	
Seljord - Flatdal - Haugan	59.56778	8.58639	
Notodden Flyplass	59.56778	9.20778	
Flatdal	59.57639	8.55472	
Hovdebøfjell, Hostvedt, Kongsberg kommune.	59.57778	9.74861	
Askeladden, Hurum, Klokkarstua / Holmsbu	59.57944	10.44694	
Sande	59.57972	10.24806	
Hovden i Sætesdalen	59.57997	7.33125	
Teien Microflyplass, Sande	59.58444	10.18778	
Hjartdal - Meddagsnuten (Nordstart)	59.59028	8.65417	
Hvittingfoss og Kongsberg, Bjerknes	59.59056	9.83167	
Hjartdal - Uvås	59.59222	8.78056	
Tverrberg, Ølen	59.59583	5.83472	
Løkka PPG , Notodden	59.59889	9.1	
Emberlandsnipen, Buavåg, sveio	59.601	5.39445	
Landemosletta PPG, Skollenborg	59.60667	9.73056	
Hvittingfoss, Kongsberg, Næss-skauen, Ramsvart	59.60722	9.81333	
Keiserholi	59.61194	5.89111	
Sauda, Svandalen, Ravnafjell	59.6125	6.20639	
Sauda, Svandalen, Smalanuten	59.61444	6.22528	
Brenderustfjell, Langlim	59.61444	8.34028	
Verket sandtak, Hurum	59.61472	10.43167	
Kåtanuten, Ølensvåg	59.61694	5.77611	
Vehuskjerringi, Vinje	59.61917	8.06389	
Galleberg	59.61917	10.22389	
Hjartdal, Rennevassvarden	59.62028	8.73139	
(Ikke ibruk, benytt Kåtanuten, Ølensvåg)	59.62194	5.77111	
Hjartdal	59.62216	8.69546	
Hjartdal, Lonar	59.6247	8.75578	
Botnane, Svartavassnuten	59.63222	6.4625	
Torrud camping Eidsfoss eikeren	59.63278	10.015	
Sutterhol PPG - Kroer, Ås	59.63306	10.84556	
Sauda, Tempreidnuten	59.63528	6.38833	
Kroer Mellom PPG - Kroer, Ås	59.64222	10.86167	
Øvre Eiker, Ruud gård nær Krekling (M)	59.65282	9.72883	
Mjøltenuten, Øyfjell.	59.65639	8.20889	
Funkelia, Kongsberg	59.6575	9.59917	
Heimre Kvamen/ Birkeland/Sauda	59.65917	6.40861	
Spydeberg mikroflyplass	59.66361	11.12278	
Myrer ved Spydeberg	59.66389	11.12083	
Berge, Etne	59.66917	6.02611	
Kongsberg, Jonsknuten	59.67083	9.52194	
Trøgstad (Oppslep)	59.67556	11.32778	
Støle, Etne	59.67944	5.96972	
Barbrokollen	59.67944	9.61667	
Etne-Øvstebø-Fjøsna	59.68361	5.90333	
Drammen, Lindum	59.68611	10.28194	
Frogner Vest PPG - Kråkstad	59.69139	10.85917	
Pukstad gård, Ås	59.6915	10.78657	
Hemnes-Kløv	59.69218	11.39454	
høgesnipen - valevåg	59.69278	5.49611	
Ski P-PPG	59.69306	10.78861	
Stølehetta, Etne	59.69528	5.95972	
Økern Gård, Nær frogn kirke	59.70278	10.71694	
Totak Rauland	59.70306	8.00833	
Drammen, Solumstrand OTP	59.70861	10.27361	
Kongsberg, Jondalen - SØ start	59.71306	9.53444	
Kongsberg, Jondalen	59.71389	9.52806	
Aurskog Høland Bøen Mikroflyplass og PHG start	59.71917	11.55917	
Rauland Alpinsenter	59.72278	7.96861	
Kvinnherad, Fjelberg, Borgundnuten	59.72667	5.67389	
John Holmes Airport Neshøgda	59.72901	10.91507	
Kverne	59.73	10.85278	
Rauland Skisenter	59.73028	8.14278	
Egersand havn OTP, Drammensfjorden	59.73278	10.30028	
Sauda, Buer, Nordheia	59.73417	6.36222	
Numedølnibba, Raulandsfjell	59.73511	7.98981	
Breiborg, Breiborgsbotten	59.73694	6.61083	
Ryghåsen, NV-starten	59.73778	10.04722	
Ryghåsen-NØ starten	59.74	10.05889	
Ryghåsen, Nordstarten	59.74194	10.05722	
Brakerøya, Drammen OTP	59.74222	10.24306	
Hoel/Hemnes	59.74333	11.43389	
Flugonfjellet-skibakken, Tuddal	59.74694	8.8725	
Flugonfjellet-Toppen, Tuddal	59.74833	8.87222	
Bømlo, Siggjo	59.74861	5.29583	
Landfalløya	59.75	10.16833	
Spiraltoppen	59.7525	10.20083	
Skibrek gård, Bingsveien Modum	59.75306	10.02889	
Heggedal/Hallenskog 2	59.76417	10.41833	
Fet-Hunes	59.76572	11.24847	
Heggedal/Hallenskog 1	59.76778	10.41806	
Drammen, Solbergåsen	59.76944	10.05	
Drammen, Solbergåsen, nedre PG-start ved antenne	59.77167	10.055	
Vivelstad, Lier	59.77583	10.22222	
Vågslidnuten	59.77667	7.37361	
Røyken, Slemmestad skolebakke	59.77944	10.48111	
Lier, Åslandjordet	59.78639	10.22	
Blefjell	59.79	9.11444	
Blefjell, Sigridsfjell	59.79222	9.16972	
Hesjåbutindan, Tuddal	59.80167	8.72306	
Storsteinsfjell, Lier	59.80694	10.17583	
Bletoppen, vest	59.80806	9.14806	
Asker, Vardåsen	59.80811	10.41768	
Kvinnherad, Tverrberg	59.80944	5.93833	
Røldal, Lauvås	59.81417	6.82306	
Bletoppen	59.81694	9.15694	
Asker - Kråkholmen, Blakstadbukta (OTP)	59.82278	10.49194	
Eggekollen, Lier.	59.82639	10.18972	
Røldal, Reinstigen	59.82733	6.75332	
Haukeliseter	59.82778	7.19194	
Fagerfjell skitrekk,Blefjell, Flesberg	59.83083	9.31167	
Røldal, Håradalen	59.83194	6.72083	
Røldal, Novle (Øvre start)	59.83411	6.89187	
Midtlæger, Haukeli	59.835	6.98722	
Kvinnherad, Horga, Valen	59.83639	5.85694	
Sveigen Haukeli	59.83694	7.07806	
Stord, Olstjødno	59.8375	5.44167	
Røldal, Hundsnut	59.83972	6.78028	
Kvinnherad, Kokkelberg	59.84222	5.78333	
Røldal, Novle (Nedre start)	59.84278	6.88972	
Nordfjellet, Husnes, Kvinnherad	59.84611	5.79389	
Hvalstrand Skolebakke, Asker	59.84694	10.4825	
Opsahlåsen - Tuftafjellet , Lier.	59.85083	10.28222	
Stord, Stovegolvet	59.85278	5.46889	
Søndre Skjælholme	59.85306	10.72861	
Rjukan - Gaustatoppen	59.85417	8.65028	
Asker, Holmenskjæret (OTP)	59.85417	10.49444	
Øvre Eiker, Knivefjell	59.85556	9.93583	
Seljestad, Histeinsnuten	59.85639	6.66444	
Flesberg, Blåberg	59.85667	9.36194	
Øvre Eiker, Vestbyvarden	59.85722	9.75889	
Stord, Fossabrekko	59.86222	5.47889	
MalmøyKalven	59.86361	10.74389	
Skaugumsåsen	59.865	10.44472	
Oslo, Skullerud,	59.86556	10.84694	
Rjukan - Selstali Luftvernstilling	59.86861	8.58389	
Langøyene - OTP	59.87139	10.72	
Stord, Kattnakken	59.87306	5.49306	
Flesberg Juvnesveien	59.87611	9.34083	
Gaustadblikk (Skisenter) Rjukan	59.88333	8.74972	
Seljestad, Morberget	59.8836	6.67218	
Lier Mikro, Sylling	59.88361	10.28056	
Kvinnherad, Geitadalstind - Ulvanosa	59.88722	5.92639	
Stord, Tveitafjellet	59.88778	5.35722	
Landsethovda - Rjukan sør	59.8921	8.5762	
Ekebergsletta	59.89417	10.77861	
Utsikten Kafe Oslo ved Sjømannskolen	59.89833	10.75639	
Bærum, Kirkerudbakken	59.90139	10.47889	
Kvinnherad, Mannen	59.90222	5.83556	
Stord, Kinno	59.90306	5.405	
Bærum, Ramsåsen	59.90778	10.42833	
Stord, Rimbareid	59.91194	5.32917	
Vintertun - Høgabergmyra	59.91194	6.52	
Kvinnherad, Såta	59.91444	5.86111	
Kvinnherad - Uskedalen - Hauglandsfjellet	59.91667	5.93056	
Kolsåstoppen, Bærum	59.91778	10.51583	
Løyning	59.91846	6.62301	
Marikollen	59.92007	11.05142	
Fitjarsåta	59.92167	5.36167	
Etne, Håkonuten	59.92167	6.50139	
Stord, Eide	59.92222	5.46111	
Bærum, Kolsåsbakken	59.93194	10.52111	
Vikersund	59.93833	10.00611	
Vikersund hoppbakke	59.93849	10.00672	
Bærum, Solfjellstua	59.93944	10.46306	
Muselunden, Oslo.	59.93964	10.78643	
Kvinnherad, Kvitegga	59.94361	6.02611	
Voldsløkka bakketreningsområde Oslo	59.94361	10.75333	
Ramsberget, Fonno - Fitjar	59.94389	5.27333	
Bærum, Steinsåsen	59.94444	10.52472	
Oslo, Årvoll	59.94611	10.82028	
Bærum, Haugskollen	59.94694	10.47111	
Stord, Årskog	59.94917	5.34167	
Hedum, Lierfoss, Aurskog-Høland Kommune	59.95111	11.54083	
Stord, Levåg	59.95139	5.35444	
Bærum, Krydsbyløypa	59.95167	10.47306	
Dimmelsvik PPG	59.95361	5.99306	
Grefsenkleiva	59.95583	10.80722	
Oslo, Grefsenkollen	59.95639	10.80028	
Oslo, Trollvann skisenter (Grefsenåsen)	59.95917	10.80611	
Midtstubakken, Oslo	59.96667	10.6725	
Vikersund Alpinsenter	59.96694	10.03917	
scootertow-lillestrøm ikke bruk denne.	59.96889	11.08667	
Akershus EnergiPark - Lillestrøm - PPG	59.97285	11.07451	
Kjeller - skolebakke	59.97694	11.03833	
Berg gård / Kjeller ved Lillestrøm	59.97889	11.05139	
Hellerudsletta Hellerudgård	59.97972	10.97778	
ExpoRama	59.98306	10.97194	
Lahaugmoen - skolebakke-Gjelleråsen	59.98528	10.95833	
Stølefjellet, Tysnes, Uggdal	59.99222	5.50583	
Wyllerløypa, Oslo	59.99361	10.65389	
Uggdalsvarden, Tysnes	60.00028	5.55028	
Odda, Sandvin	60.00167	6.56083	
Bufjellnatten	60.00194	9.35861	
Lørenfallet ppg	60.00403	11.20345	
Fetjan - Rollag	60.01139	9.26806	
Tysnessåta	60.01806	5.6025	
Ilefjellet, Tysnes	60.02611	5.54278	
Bussgarasjen Nittedal	60.0275	10.90611	
Olhovd, Sigdal	60.02833	9.61639	
Odda, Jordalsnuten	60.03361	6.51694	
Tysnes.Våge/Gjerdsvika/Veslevågen	60.035	5.55028	
Fethovda - Vegglifjell	60.04167	8.97944	
Tveitåsen, Veggli	60.04333	9.115	
Odda, Jordal	60.04472	6.53639	
Killingskaret Vegglifjell	60.05	8.98139	
Gjøvågsfjellet, Tysnes	60.05028	5.37278	
Åsen Veggli	60.05083	9.11583	
Odda, Eidesnuten	60.05207	6.52344	
Sundvollen	60.05324	10.32255	
Sundvollen	60.05389	10.3225	
Odda, Rossnos	60.05417	6.59556	
Tveitåsen-2 Veggli	60.05528	9.10472	
Vegglifjell Skisenter (Tjønngrønuten)	60.05583	8.98833	
Odda, Freimstølen	60.06387	6.58283	
Skavlemsetra Veggli	60.06417	9.09389	
Ruklenuten, Odda	60.06775	6.48296	
Odda, Freimslia	60.06806	6.56222	
Skavlem - Veggli	60.07528	9.10306	
Kløfta Mikroflyklubb	60.07575	11.22539	
Odda, Tokheimsskardet	60.08133	6.4947	
Smylinatten Eidsfjell	60.09056	9.0075	
Borofjell, Sigdal	60.09111	9.38778	
Hole - Nedre Steinsåsen (OTP)	60.09306	10.29667	
Varingskollen skisenter	60.09389	10.83611	
Holmaskjær, Folgefonna	60.09679	6.44543	
Selteveien v/Sundvollen	60.09778	10.27806	
Skagsåsen	60.10264	9.08097	
Loråsen ved Steinsfjorden	60.10556	10.30694	
Austrepollen, Mauranger	60.12139	6.33778	
Ringerike - Åsatangen (OTP)	60.12444	10.35389	
Åsa - Utsikten	60.12639	10.395	
Tyssedalsnuten, Tyssedal	60.12917	6.58167	
Hakadal	60.135	10.82722	
Nipnatten, Tessungdalen	60.1525	8.58444	
Åse, Odda/Ullensvang	60.17028	6.54	
Oppaker i Nes Komune	60.17375	11.52014	
Jødalsmåsan ved Nordkisa	60.17411	11.31389	
Bogafjellet, Fusa	60.17528	5.61861	
Uvdal, Gavlen v/Sønstevann	60.18306	8.57722	
Eggemoen flyplass Hønefoss	60.21482	10.31914	
Tyssdalsfjellet, Os, Osøyro	60.22056	5.48361	
Norefjell	60.22111	9.57361	
Kysnesstrand	60.22556	6.12889	
Møsnuken, Os	60.23222	5.53028	
Norefjell, Bøsæter	60.23556	9.535	
Uvdal, Haugåsen	60.24642	8.7855	
Vikanuten, Jondal i Hardanger	60.25222	6.255	
Ramberget	60.25405	5.35651	
Rødberg, Skarvestølen	60.25722	9.02833	
Prestegård-tveita Uvdal	60.26	8.8325	
Fusa, Eikelandsosen	60.26444	5.74056	
Sigdal, Eggedal	60.265	9.31444	
Uvdal, Imingfjell	60.26583	8.56306	
Linga, Espelundnuten, Strandebarm	60.26806	6.06472	
Rødberg,Lykkjeåsen	60.26806	8.9925	
Uvdal, Grekkvar	60.26908	8.83714	
Skåråliåsen, Eggedal	60.26917	9.31583	
Uvdal, Tannberg	60.26944	8.635	
Øvre Børve	60.27024	6.6312	
Tannberg i Uvdal	60.27056	8.61111	
Hardanger, Rogdo	60.27139	6.56139	
Tempelseter, Nordnatten, Eggedal	60.27167	9.40194	
Fusa, Ottanasa	60.27667	5.80222	
Uvdal - Gauksettnatten	60.27917	8.71667	
Uvdal, Uvdal Alpin	60.28194	8.52306	
Røvel	60.2833	6.65944	
Espeland, Jondal	60.2875	6.32556	
Klabeiten, Jondal	60.29429	6.32503	
Holmevassnatten, Eggedal	60.29583	9.33694	
Norefjell, Høgvarde	60.29722	9.4675	
Ranten, Eggedal	60.30167	9.41778	
Stornatten	60.30583	8.93278	
Kolgrevene	60.30832	6.6555	
Lofthus, Nosi	60.31867	6.70042	
Kvam, Tveitakvitingen	60.32565	5.91177	
Marienlyst V/Myrer Branstasjon, 2080 Eidsvoll	60.32669	11.22581	
Lofthus, Byrkjeflot	60.32689	6.6891	
Gran, Vestre Dynna ppg	60.32833	10.59028	
Haglebunatten	60.33056	9.15722	
Bontveit	60.33778	5.49167	
Herand, Såta	60.34417	6.43833	
Bergen Livarden	60.34583	5.46889	
Norheimsund, Krokavatn	60.34583	6.14	
Norheimsund, Tveit	60.34806	6.16278	
Bergen, Tverrmeisa	60.35139	5.48667	
Hardanger - Jåstad - Joseter	60.35556	6.59417	
Løvstakken	60.35694	5.32	
Heng, Kinsarvik	60.36101	6.69829	
Sletteggen, Bergen	60.36361	5.50722	
Austefjell, Bergen (by Osavatnet)	60.36472	5.53722	
Bergen, Unneland	60.36833	5.48528	
Steinsdalen, Norheimsund	60.37028	6.08889	
Gullfjellet, ved Osavatnet	60.3725	5.53417	
Bergen, Ulriken	60.37556	5.38417	
Bergen - Ulriken Øst (baksiden mot Unneland)	60.37611	5.41972	
Bergen, Skolebakken	60.37611	5.44833	
Dyranut, Hardangervidda	60.37639	7.48833	
Bergen Vasslien	60.37667	5.52944	
Eidfjord, Hjølmo	60.37861	7.16667	
Bjørndalen, Bergen	60.37972	5.53417	
Norheimsund,Sæleset	60.38083	6.14528	
Hardanger, Ullensvang, Grimsnuten	60.38278	6.59722	
Nipen, Kvamskogen	60.38472	6.02389	
Bergen/Samnanger Gullfjelltoppen	60.38778	5.59194	
Nuten, Alsaker	60.38806	6.51861	
Kjosås, Øvre start, Øystese	60.38889	6.16139	
Ringerudkollen	60.38889	10.03056	
Kjosås, Øystese	60.38972	6.17417	
Bjørke, Fyksesund	60.39972	6.28389	
Sysendammen, Eidfjord	60.40139	7.38972	
Byrkjefjellet, Kvam	60.40417	5.97111	
Mon Plaisir	60.40583	5.33139	
Dagali, Seterdalen, Gvonnestulberget	60.40722	8.29333	
Torefjell, Norheimsund & Øystese i Hardanger	60.4075	6.12278	
Eikedalen, Kvamskogen	60.41861	5.90333	
Krånipa, Trengereid, Vaksdal	60.42111	5.66056	
Attekvelvnuten, v/ Maurset i Eidfjord	60.42194	7.36361	
Eidfjord, Øvre Eidfjord - Kvamsdalen (SIV/ACRO)	60.4275	7.10333	
Øystese, Hyrting/Soldalsfjellet	60.43194	6.19806	
Bukollen	60.4325	9.80417	
Bergen, Stangelifjellet / Ulskebjørnen - Eidsvåg	60.43722	5.37278	
Gryteskarsete, Eidfjord	60.43794	7.29609	
Blom PPG start	60.44067	5.56858	
Bergen, Vollane, Eidsvåg	60.44167	5.32167	
Brandbukampen	60.44361	10.49	
Haugen, Vimmelvikfjellet	60.44528	5.58306	
Kjetilsnuten, Øystese	60.44556	6.10306	
Vindskjerleitet, Øystese	60.45139	6.14056	
Bergen, Rolland, Åsane	60.45278	5.34056	
Flå	60.45583	9.41556	
Hurdal alpinsenter	60.46222	11.07583	
Vaksdal, Bogafjellet	60.46722	5.76389	
Hardanger, Eidfjord, Ytre Bu	60.46889	6.84111	
Rolland,Osterøy PPG start	60.47278	5.53361	
Olsnes,Osterøy PPG start	60.47472	5.70528	
Ingebjørgfjellet	60.47667	6.72806	
Usteberget(Geilo)	60.47694	8.04889	
Tveitane Vaksdal	60.48167	5.75111	
Åsane-Mellingen PPG	60.48306	5.33056	
Bruviknipa,Osterøy	60.48417	5.65139	
Trollskardet,Bruvik,Osterøy	60.48611	5.68	
Bruvik,Osterøy	60.48639	5.68028	
Åsane - Husaberget	60.48944	5.3375	
Olsnesfjell,Bruvik,Osterøy	60.48944	5.68528	
Voss, Grim	60.49153	6.50156	
Grue, Gotland (opptrekk)	60.49444	12.03528	
Veten, Åsane-Bergen	60.50167	5.32083	
Kjeåsen	60.50444	7.13	
Osterøy, Stangfjellet	60.50531	5.5871	
Geilo, Vestlia (skisenteret)	60.51667	8.19778	
Årtun, landing for Fekjan	60.51667	9.16361	
Nes, Fekjan (Påverud)	60.51778	9.14111	
Nesbyen Alpinsenter	60.53028	9.05222	
Urundberget- Geilo	60.53361	8.12917	
Geilotoppen(Geilo)	60.53972	8.19417	
Manfjellet, ved Langtjernbekken	60.5525	9.60833	
Manfjellet - stupstart mot sør	60.55306	9.63306	
Hallingskarvet, Prestholt	60.55556	8.06444	
Manfjellet	60.55917	9.67778	
Firer tippen,Sangefjell	60.56028	8.4075	
Mansætra	60.56028	9.68056	
Einastranda	60.57263	10.62138	
Utsikten, Nesbyen	60.57625	9.14535	
Gjersåsen, Arneberg	60.57722	12.09667	
Osterøy, Åsheimveten	60.58083	5.50056	
Meland, Veten (Eldsfjellet nord)	60.58667	5.02861	
Krossane - Leknes	60.59	5.33056	
Voss, Gjelle/Hjelle	60.60167	6.40278	
Vetle Finsenuten - Finse	60.60417	7.47889	
Hol, Rui	60.605	8.34639	
Mykkeltveitveten	60.60583	6.10139	
Voss - Hjelle landing (PPG)	60.6125	6.41	
Voss, Rokne	60.61333	6.44972	
Voss, Fennastølane	60.62167	6.59806	
Voss, Helikopter over Vangsvatnet D-Bag	60.62278	6.40472	
Voss, OTP/PPG - Prestegardslandet/Lotatræet/Minigolfen (Boat-Tow/PPG)	60.62722	6.41639	
Liabergstølen (Sisseldalen), Hovet (Hol)	60.63111	8.1275	
Stuv, Hovet (Hol)	60.63111	8.15806	
Holsåsen	60.63139	8.31028	
Rudtoppen, Hovet	60.63361	8.18361	
VossVind	60.63442	6.44497	
Losberget Flisa	60.63472	12.11472	
Hallingskarvet Skisenter	60.63806	8.00972	
Bøverbru, Ringerike mikroflyklubb	60.63867	10.67759	
Voss, Hangur, sør-start ( Hanguren )	60.63917	6.40333	
Voss: Bømoen (flystripa)	60.63917	6.50167	
Voss, Hanguren	60.64306	6.40639	
Voss, Vestastarten	60.64333	6.39833	
voss bavallen	60.64333	6.40444	
Voss, Bjørnestigen	60.64583	6.54528	
Voss, Bavallen	60.64694	6.40639	
Kalveskallen - Hol	60.64694	8.20361	
Fammestad , Lindås	60.64806	5.34583	
Utsikten skiløype, Sudndalen	60.65417	8.05639	
Gurostølfjellet	60.65556	7.93444	
Haslemoen-flyplass	60.65581	11.90957	
Voss, Lofthus (Skulestadmoen) PPG	60.65639	6.45139	
Ål, skianlegget	60.66222	8.52028	
Styveshorgi, Evanger	60.66667	6.13028	
Voss, Horgaletten	60.66694	6.39139	
Liagardene, Ål	60.66722	8.61861	
Voss - Bodegaen	60.6685	6.39617	
Bolstadøyri - Hatlekinni	60.67417	5.98167	
Voss, Kvilehytta	60.67637	6.39904	
Einsetnuten, Strandavatn, Hol Komune	60.6775	7.94056	
Voss, Myrkdalen, Vetlebotn	60.67944	6.34056	
Selivarden	60.68056	5.28306	
Voss, Lønahorgi	60.69417	6.41222	
Gol, Flatagrov	60.69472	8.84056	
Voss, Liaset	60.70333	6.52139	
Vermundsjøen vinterflyplass	60.70403	12.38189	
Lindås, Skausnøya	60.70917	5.24639	
Gol, Skisenteret	60.70944	8.88667	
PG-BERGET	60.71111	9.01167	
Arnulf Reinfjord grasjorde ved Stange kirke	60.71453	11.14975	
Industriområde Stange	60.71944	11.23125	
Upsete, Rustedalseggi	60.72008	6.98686	
åsgardan i gol	60.72144	8.98533	
Sørenden av Blåberget	60.72806	7.85	
Blåberget, Strandavatn	60.7325	7.78472	
Urdvassnuten	60.73333	7.7075	
Hemsedal, Reineskarvet (danskehenget)	60.76111	8.30722	
Mjøsa opptrekk senter (Gjøvik, Boat-Tow)	60.78722	10.68694	
Klanten flyplass	60.79	9.05833	
Ringsaker, Grefsheim (oppslep)	60.79056	10.9575	
løten	60.79525	11.34558	
Jorde på Løten, Klæpa airport	60.79528	11.34556	
Engjaland	60.79636	6.44222	
Hydnefossen	60.80139	8.62806	
Hemsedal - Dugurdshovda	60.805	8.40583	
Lykjelen, Andvik	60.80906	5.36685	
Valdres, Bagn, Bakka/Langeberg	60.81056	9.52917	
Hamar, Kluke (skolebakke)	60.81167	11.09333	
Andvik Masfjorden	60.8125	5.38611	
Hamar, Sælid (skolebakke)	60.81333	11.11583	
Valdres, Etnedal,Tintoen (vest for Dokka)	60.81444	9.81278	
Aurland, Finndalsnuten,	60.81722	7.63583	
Dokka, Utsikten-nøss (Veståsen)	60.81722	9.91694	
Hamar, Flagstadjordet (opptrekk)	60.82972	11.06111	
Trehørningen	60.83194	11.0925	
Flotsberget(Flakseberget 585moh), Starmoen-Elverum	60.83333	11.84833	
Ryo - Flåm	60.83361	7.14	
Gudmedalen - Flåm - Aurland kommune	60.83382	7.14895	
Hemsedal, Tinden	60.83472	8.49556	
Hemsedal, Totten (2)	60.83833	8.53556	
Valdres, Bagn, Stavadalen, Makalaus	60.84167	9.38889	
Hemsedal, Skisenter, Fjellheisen	60.84417	8.50417	
Valdres, Etnedal, Høljerast, Bjørneberget (vest for Dokka)	60.845	9.77667	
Bangsberg syd, Ringsaker	60.845	10.8975	
Hemsedal, Holdeskaret, mast	60.84778	8.46111	
Ringsaker, Bangsberg øst	60.84861	10.8975	
Hemsedal, Totten 1	60.85	8.51389	
Dokka, Hougner	60.85222	9.9725	
Ringsaker, Bangsberg (skolebakke - PG/HG, PPG PHG)	60.85556	10.90611	
Toves Hage	60.85806	10.97222	
Voss, Myrkdalsekspressen	60.85833	6.46306	
Steinefjellet, Eidsbotn	60.85889	5.12806	
Hemsedal, Roniheisen	60.85917	8.47139	
Voss, toppen av Kari Traa trekket	60.85972	6.47139	
Voss, Myrkdalen, Storhaugen	60.86111	6.44944	
Voss, Myrkdalen, Myrkdalsekspressen	60.86139	6.45028	
Gleinefjellet- Matre	60.86472	5.60472	
Voss, Myrkdalen - Kråni	60.86626	6.45441	
Imrestind vest, Hemsedal	60.86797	8.57831	
Myhr	60.86861	11.00861	
Nilstad Gård Tuv,Hemsedal	60.87333	8.49528	
Gudvangen, Vardanosi	60.87361	6.75778	
Nerkværnstranda opptrekk	60.87577	10.93286	
Strandsaga, Brumunddal	60.8797	10.9219	
Hemsedal, Skogshorn	60.88	8.69306	
Starmoen Flyplass	60.88028	11.66778	
Elverum, Starmoen	60.88028	11.66778	
Voss Myrkdalen Finnbunuten øst	60.88222	6.45306	
Ringsaker, Brumunddal (opptrekk)	60.88278	10.93306	
Ringsaker, Høsbjør (skolebakke)	60.88611	10.98472	
Drøgitn, Tuv, Hemsedal	60.88806	8.48611	
Skurvefjell, Hemsedal	60.88806	8.60361	
Midtbøfjellet Sandøy GULEN	60.89	4.98694	
Ringsaker, Høsbjør	60.89167	10.99194	
Elverum David private airport Elverum	60.89389	11.52444	
Brattlifjellet Glenja. GULEN	60.89861	5.09861	
Hamar, Gåsbu (opptrekk)	60.90139	11.20806	
Sleirsfjellet	60.90194	5.23722	
Hola / Presthaugen, Vikafjellet sør	60.90278	6.47278	
Valdres, Etnedal, Fjellsvarden	60.90306	9.58694	
Leinenøse	60.90585	8.53874	
Storhovd, Aurland	60.90917	7.29361	
Ringsaker, Slalombakken	60.91222	10.73833	
Slettenøse, Hemsedal	60.91361	8.41194	
Kalhovda	60.91528	5.45083	
Brumunddal Steinbruddet Åsberget	60.9175	11.00944	
Bjørgeberget, 500 moh (Brumunddal)	60.91806	10.94167	
Mjømnefjellet, Mjømna, Gulen	60.92056	4.92139	
Lifjell, Sandøy, GULEN	60.92111	4.9875	
Fylkesgrensa Vikafjellet	60.92194	6.45056	
Hemsedal 4	60.9231	8.4501	
Aurland 1200 meter	60.9247	7.23072	
Hemsedal 3	60.9254	8.454	
Prest - Aurland	60.93078	7.22991	
Nerdalsmulen, Dalsbygda, Gulen	60.93083	5.16278	
snertingdalen - torpa	60.93333	10.15	
Hemsedal 2	60.9335	8.4334	
Valdres, Etnedal, Espelifjell.	60.93556	9.57583	
Voss, Vikafjellet, Skjelingafjellet, skolebakke	60.93639	6.4225	
Hemsedal Grøndalen,Øvre start	60.9372	8.4328	
NUTEN Dalsbygda GULEN	60.93722	5.19028	
Hemsedal 1	60.9413	8.437	
Ramslifjell på Vikafjellet	60.94583	6.44944	
Kjelby / Øksefjellet / GULEN	60.94778	5.24389	
Hemsedal, Svarthetta, Preinsrudtind, sørvestryggen	60.96083	8.29806	
Ringsaker, Ring--Lundeberget, 565moh.	60.96611	10.71222	
Hemsedal, Slettind	60.96889	8.18389	
Hemsedal, Svarthetta, Veststarten	60.97	8.29861	
Valdres,Ryeegga	60.97306	9.09611	
Valdres, Leira, Granli - Valdres Folkehøgskule	60.97389	9.31778	
Fosseberget - Grøndalen - Hemsedal	60.97917	8.31583	
Valdres, Fodnes	60.98333	9.18417	
Valdres Fagernes Karihus .	60.98722	9.27472	
Grønsennknippa, Vestre Slidre	60.98818	8.84344	
Valdres, Ranheimsbygda,	60.9882	9.26027	
Valdres, Garlibygdi, Bakke, Fagernes	60.98833	9.27889	
Eldrevassbergi	60.99583	8.12389	
Ringsaker, Samuelstuen (opptrekk)Moelv	60.99667	10.58583	
Vikafjellet -nord for tunnellen	61.01167	6.53889	
Valdres, Fodnesåsen, Sæbufj	61.01361	9.18417	
Bakkebygdi, Etnedal	61.02417	9.68944	
Valdres,Skrautvål,Sæbu	61.02944	9.21056	
Vik, Hovsåsen	61.06306	6.57611	
Midthaugen (Vingnes)	61.08167	10.41167	
Valdres, Vestre Slidre, Svarthammaren	61.09722	8.82278	
Vingnes Flystripe, Lillehammer (Mjøsisen)	61.10028	10.44472	
Lærdal, Løbergshaugen	61.10222	7.53389	
Lærdal, Øvre Vangen	61.1025	7.52944	
Lærdal, Oftedalen, Hånosi, sør-starten	61.10278	7.62722	
Lærdal, Oftedalen, Hånosi, vest-starten	61.10417	7.61528	
Nord Mesna ved Sjusjøen (Vinterstart)	61.10611	10.67194	
Valdres, Øystre Slidre, Rundemellen	61.10694	9.25011	
Lærdal, Oftedalen, Hestenosi, nedre start	61.11194	7.57306	
Sjusjøen skisenter, Natrulstilen	61.11667	10.75	
Lærdal, Stødnaåsen, Synshamaren	61.11833	7.47722	
Valdres, Øystre slidre, Fjellstad	61.12222	9.11667	
Lillehammer, kuleløypa i OL-anlegget	61.12471	10.49399	
Lillehammer, Lysgårdsbakkene K 120	61.12583	10.48972	
Suletind, Fillefjell	61.12694	8.13278	
Valdres.V-Slidre.Kvåle	61.12833	8.96444	
Valdres, Vestre-Slidre, Lomen	61.14778	8.88333	
Dueskardhøgdi	61.15	7.03611	
Lillehammer, Balbergkampen	61.15232	10.44316	
Valdres Leirholstølen Vang	61.15778	8.60417	
Hammers, Vestre Gausdal	61.17056	10.11194	
Hammers Gausdal. Pg start	61.17056	10.11194	
Rena alpinanlegg - Digeråsen	61.17167	11.29222	
Sogndal, Storehaugen	61.17194	7.12	
Auggedalen PPG. Gausdal	61.17806	10.14194	
Valdres, Vang, Tyin, Filefjell Skisenter	61.18028	8.23778	
Skålebotnsfjellet - Kyrkjebø	61.19389	5.96361	
Skriki, Sogndal	61.19729	6.96692	
Valdres, Vang, Slettefjell	61.1975	8.75139	
Leikanger, Smørkletten	61.20778	6.78139	
Valdres, Vang (Tyin), Øye Jonsgard	61.20861	8.39722	
Sogndal - Kjørnes camping	61.21097	7.12137	
Evenvold. Gausdal	61.215	10.15306	
Bjørnson Gausdal	61.2175	10.26583	
Valdres, Øystre-Slidre, Raudalen, Beito skisenter	61.21944	8.815	
Leikanger, Rjupeskard	61.22139	6.7925	
Kråbølsberget, gausdal	61.22306	10.12139	
Bergum. Gausdal	61.2275	10.17056	
Slakkafjellet, Sogndal	61.22762	7.01198	
Trysil flyplass	61.22806	12.26611	
Hafjelltoppen	61.22917	10.52639	
Hafjell skisenter	61.23111	10.51583	
Høyanger, Knausen	61.23415	6.06708	
Einstad. Gausdal.	61.23722	10.2325	
Åberget - Sogndal	61.23806	7.09806	
Sæter. Gausdal	61.23822	10.23619	
Leikanger- Kjeringi	61.24167	6.79806	
Hafjell Mosetertoppen	61.24361	10.48778	
Sletterust, hyttefelt ved Øvre Årdal	61.25639	8.01444	
Neversjøen Jorde PPG start,Gausdal	61.25906	10.25333	
Elvagjengsåsen (Sogndal)	61.26118	7.04539	
Speiderhytta - Sogndalsdalen	61.26444	6.97833	
Østre Gausdal	61.27528	10.11083	
Valdres, Beito, Smørkollen ved Båtskaret	61.28111	8.83333	
Berget, Østre Gausdal	61.28278	10.12417	
Åmot, Deifjellet (Deset)	61.28639	11.5075	
Valdres, Bitihorn	61.28833	8.80278	
Deifjellet	61.29056	11.55861	
Tylderingen Sogndal	61.29245	7.03234	
Øyer, Kråbøl	61.29306	10.39417	
Høgeliheia, Gaular	61.29667	5.69861	
Heirsnosi (1000meter-n)- Øvre Årdal	61.29667	7.8475	
Sogndal - Hodlekve	61.30028	6.96528	
Stensæterkanken, Trysilfjellet	61.30083	12.15111	
600 metern, Øvre Årdal	61.30528	7.83917	
Trysil sørstarten	61.30639	12.17694	
Trysil sørøststarten, Bygderkanken	61.30944	12.19333	
Trysiltoppen nord, Trysil	61.30972	12.17611	
Skurufjellet, Trysil	61.31417	12.10361	
Steiefjellet / Nova / Selstadheia - Sande - Gaular	61.31583	5.8175	
Nødre-Kanken(hesten) Trysil, nordstart	61.32	12.18722	
Rupheim - Hafslo	61.32111	7.155	
Tvangen Hafslo	61.32556	7.18861	
Valdres, Vang, Tvindehaugen	61.32722	8.29389	
Nystølsfjellet, Sogndalsdalen	61.32861	6.85472	
Grønevardheia - Gaular	61.33	5.67917	
Salen, Frudalen, Sogndal	61.33587	6.8117	
Valdres, synshorn, Bygdin	61.33639	8.79806	
Heggmyrane - Sogn Skisenter	61.33889	7.18361	
Sylvsteinheia, Straumsnes, Fjaler	61.34528	5.23583	
Utsikten, Eidsbugarden, Jotunheimen	61.35	8.29583	
Skeikampen.Gausdal	61.35083	10.08833	
Fjærland - Melsnipa	61.35139	6.59583	
Roåkervegen-Losna-Tretten	61.35897	10.23945	
Akselvola	61.36334	10.83276	
Vinjerock-henget, Eidsbugarden, Jotunheimen	61.36667	8.32222	
Skjeikampen	61.36667	10.16667	
Lysbakken Tretten / Mageli	61.36667	10.3	
Dokka - Askvoll	61.36833	5.12444	
Atløy - Hovden	61.37058	4.93027	
Sogndalsdalen, Sogndalseggi	61.37778	6.83778	
Sløtafjell, Eidsbugarden, Jotunheimen	61.37917	8.27333	
Falketind	61.38472	8.09639	
Gravafjellet, østtoppen, Eidsbugarden, Jotunheimen	61.38528	8.36472	
Lindvikskampen (Fåvang)	61.38722	10.18167	
Ivabakken, Fåvang	61.38944	10.27667	
Gravafjellet, vesttoppen, Eidsbugarden, Jotunheimen	61.39583	8.30556	
Bånseterkampen, Fåvang/Gausdal	61.39694	10.13278	
Rørvikfjellet	61.40097	6.2182	
Storehesten	61.40167	5.60583	
Øygarden, Fåvang	61.40806	10.26111	
Gaupne, Ranen	61.40833	7.315	
Storhøpiggen	61.40833	9.37972	
Svangkampen, Rollstulen, Fåvang	61.41806	10.33694	
Hellefjellet - Førde	61.41972	5.64028	
Norddalen over Holsen i Førde	61.42667	6.17	
Tronkberget, Stor-elvdal	61.4329	11.114	
Austabotntind, Hurrungane	61.43389	7.78083	
Rognvola, østre (Mykleby, Østerdalen)	61.43472	11.0	
Hafstadfjellet - Førde	61.43722	5.85694	
Store Ringstind	61.442	7.80092	
Turtagrø-Soleibotntind-Hurrungane	61.44692	7.78531	
Gjeldsvikefjellet	61.4475	5.3925	
Viafjellet	61.4526	5.93498	
Skeisnipa - Fjærland	61.45361	6.76694	
Kvitfjell, sør (Segelstadseterkampen)	61.45889	10.1275	
Bjørkelia, Jølster Skisenter	61.45917	6.075	
Opptrekk Bjørkedalen Naustdal	61.46139	5.64083	
Kvitfjell, nord (Segelstadseterkampen)	61.465	10.12722	
Blomlia - Førde	61.46796	5.73303	
Kvitfjell - utforbakken ved krystallen	61.46806	10.14639	
Middagsfjellet - Jølster	61.48194	6.18556	
Steinen,Vest-Jotunheimen	61.48472	7.74083	
Vågå, Gjendehøe	61.4869	8.79977	
Fossen, Førde	61.49056	5.84389	
Valsfjellet, Gålå	61.49494	9.74139	
Memurubu, Besseggen	61.49765	8.62822	
Sanden Naustdal	61.49778	5.71306	
Veslfjell - Besseggen	61.50528	8.80417	
Olahansfjellet Jølster	61.50534	6.38374	
Nårkampen	61.5055	10.02894	
Tindefjellet, Jølster	61.50556	6.11083	
Frya Vestjordet(Nårkampen)	61.50556	10.02889	
Turtagrø, Henget over hotellet (1000m)	61.50639	7.80778	
Oscarshaug, Turtagrø, Sognefjellet	61.50833	7.81889	
Vindkjegla Naustdal	61.50889	5.66833	
Ringebu, Brandstadkampen	61.51028	10.19167	
Elvestarten Naustdal PPG start	61.51167	5.72	
Helgedalsladen ved Turtagrø	61.51361	7.85806	
Nosafjell, Jostedalen, Luster	61.51722	7.33194	
Besshøe, Jotunheimen	61.51789	8.68792	
Jonstad. Naustdal PPG start	61.51972	5.73333	
Skålefjell - øst for Stavang - Flora	61.52806	5.24167	
Heggelihaugen, Frya	61.52944	10.03028	
Grovanipa - Jølster	61.52972	6.515	
Eltdalsskardet, Trysil	61.53417	11.88861	
Surtningssue, Jotunheimen	61.53425	8.57214	
Indrebøfjellet (Angedalen) - Førde	61.54233	6.02312	
frya hg rampa	61.54528	10.06306	
Hammarkollen, Stor-Elvdal	61.55444	11.04111	
Frya "Strype"	61.55639	9.9975	
Hanggliding rampe	61.55745	10.02302	
Frya (HG-rampa)	61.55833	10.0225	
Harefjellet, Reksta	61.56361	4.80389	
Frya - Kvasskampen	61.56361	10.03028	
Frya vest (Pyntaberget)	61.56583	9.97	
Ramsdalsheia	61.57556	5.71833	
Jotunheimen, Rundhøe	61.579	8.17657	
Grøskardfjellet, Stardalen, Jølster	61.58222	6.68528	
Tjønnfjellet Skåbu	61.58445	9.38537	
Bolsetnipa Skei i Jølster	61.595	6.55389	
Vanndalen - Jostedalen	61.59639	7.34194	
Vinstra (Toksekleiva)	61.60293	9.77856	
Olasfjellet	61.60333	9.54	
Fonn /Jølster	61.60833	6.73639	
Grens, Røa i Engerdal	61.61861	12.05583	
Ringebu - Trabelifjell	61.62722	10.07417	
Stamsnipa, Stardalen i Jølster	61.62917	6.6625	
Kvanneskaret, Veiteberg, Jølster	61.63	6.60278	
Galdhøpiggen	61.63443	8.3128	
Engersjøen, Engerdal	61.63528	12.03306	
Karineset i Storfjorden - Hyen - Gloppen (vinsjeplass)	61.64028	5.79444	
Skarven	61.67036	9.87764	
Mytingsfjellet/Juvfonna (Riksanlegget)	61.6725	8.33972	
Blåhøe øst, Høydalsvatnet, Bøverdal, Lom	61.67361	8.1125	
Vetlestølsdalen - Jostedalen	61.67417	7.38639	
Gråhøa, Vinstra	61.67789	9.84739	
Juvass, øvre start	61.68	8.35972	
Juvasshytta (Riksanlegget)	61.69028	8.37139	
Stålhø - Murudalen	61.69556	9.24694	
Juvass, Atlestarten	61.7	8.39389	
Bøverdalen, Dugurdsmålkampen(Juvass)	61.70056	8.38417	
Espesetra (Riksanlegget) ved Sjoa Heidal	61.70694	9.47556	
Bøverdalen, Raubergstulen	61.71944	8.39	
Lauvhø i Visdalen, Lom	61.72722	8.45556	
Sandane (Gloppen), Blåfjell	61.73444	6.19583	
Kalvfjellet, Randsverk, Vågå	61.74167	9.05	
Flakken eller Flakkshøa	61.74972	9.80917	
Otta (Brenna)	61.75306	9.56833	
Lemonsjøen skisenter	61.755	9.07	
Sandane, PPG Eide (Golfbana)	61.76	6.23833	
Slomba, Randsverk	61.76028	9.12583	
Atnglopen, Atna, Stor- Elvdal	61.76611	10.76889	
Utvikfjellet, Byrkjelo	61.76667	6.53917	
Otta (Rusten)	61.77611	9.55722	
Otta (Liavegen)	61.78586	9.53801	
Sota, Skjåk	61.78944	7.73306	
Otta (Gauklihaugen)	61.79857	9.48146	
Rondane Mysusæter skianlegget	61.80361	9.68139	
Otta (Haldorpiggen)	61.81056	9.50111	
Mysuseter, Ranglarhø	61.81139	9.71556	
Læshøi i Lom	61.82167	8.56778	
Høvringen (Skallfjellet)	61.84051	9.53266	
Auflemsætra, Stryn	61.85058	6.84692	
Høvringen (Formokampen)	61.85194	9.56028	
Stryn, Bergsetstøylen	61.85861	6.45222	
Skålatårnet - Olden	61.86722	6.96611	
Bergsetnakken, Stryn	61.87	6.44778	
Øvre Rendal Utsikten	61.87	11.07056	
Vågå, Vistdal (Riksanlegget)	61.87139	9.00889	
vis	61.87167	9.00917	
Lårstroppstarten på Holungsøy - Salknappen	61.88186	9.23386	
lote	61.88333	6.11389	
Vågå, Gråhø (Riksanlegget)	61.88333	9.21667	
Loen, Hoven (1010 m.o.h)	61.88472	6.835	
Vågå, Vole (Riksanlegget)	61.89222	9.14222	
Vole	61.89313	9.14069	
Stryn, Årheimsfjellet	61.89361	6.7475	
Stryn, Vinsrygg	61.89611	6.68444	
Vågå, Blåhø (Riksanlegget)	61.89806	9.28528	
Vågå, Salknappen (Riksanlegget)	61.90028	9.24528	
Blåhø Nord (Riksanlegget)	61.90139	9.28278	
Stryn, Hogden	61.90944	6.67056	
Bismo (Riksanlegget)	61.91889	8.23556	
Stryn, Skisenteret, øverste sving i hyttefeltet	61.925	6.69556	
Stryn, Gryta	61.92606	6.71633	
Nordfjordeid, Fossane	61.93333	5.97194	
Garli, Stryn	61.93528	6.84222	
Vågsøy, Bryggja, Høgeberget	61.94571	5.41963	
Stryn, Hestefjellet	61.94639	6.69861	
Stryn, Holevatnet	61.94917	6.65167	
Slågan, Breisjøsæter	61.96833	10.28139	
Harpefossen, Hjelmelandsdalen, Nordfjordeid	61.97083	5.93028	
Skjerdingsdalen, Grasdalstunnelen	61.97194	7.25	
Vågsøy, Stallbrekka	61.97528	5.06833	
Vågsøy, Refvik	61.99083	5.08778	
Vågsøy, Refvik øst	61.99194	5.1175	
Hovden	61.9996	8.99991	
Volda, Klakken (Sandegga)	62.00944	5.93639	
Volda, Dalsfjord - Store Sarpen	62.01361	5.78194	
Volda, Dalsfjord - Nausane (SIV/ACRO)	62.01472	5.82361	
Høgenibba (1191m), Hornindal	62.01722	6.50306	
Vanylven, Tusshornet	62.02475	5.51169	
Billingen-Strynefjell	62.02944	7.87444	
Dovre	62.03083	9.22028	
Veslefjell, Sjåkseter, Strynefjellet	62.0325	7.76361	
Grimsdalen	62.0348	9.40447	
Vanylven, Lisjeblæja	62.04264	5.76797	
Geiranger, Dalsnibba	62.04889	7.26944	
Dombås, Engjekollen	62.04944	9.17167	
Geiranger, Trøstenibba (om Dalsnibba er stengt)	62.0525	7.2475	
Stranda, Helsetkopen	62.06	6.97194	
Rundenakkjen	62.07167	6.86306	
Bøsætri, Brønstadstarten (Riksanlegget)	62.07722	8.94639	
Geiranger, Westerås Gård	62.10086	7.21944	
Nobba eller også kalt Bukken 6750 Stadlandet	62.10639	5.29306	
Bjørkedal, Finnes	62.11508	6.53172	
Geiranger, Ørnevegen (Mølsæter) 460 m (PP3)	62.12417	7.17778	
Nordfjord, Stadtlandet	62.12519	5.26231	
Nosi Lesja	62.12694	8.94694	
Geiranger, Ørnevegen 700 m	62.13028	7.17389	
Kvitegga Hellesylt / Stranda	62.13139	6.87639	
Geiranger, Ørnevegen-Veststarten (Toppen av passet)	62.13163	7.19293	
Volda, Rotsethornet	62.13194	6.09278	
Mosekleivhornet Hoddevika Selje	62.13417	5.16528	
Dombås, Grønsæterhøe, nedre start	62.13833	9.14361	
Turrvasshornet	62.1398	7.1611	
Bjørke, Viddal - Reitane	62.14056	6.63667	
Dombås Grønsæterhøe	62.14148	9.15206	
Tronfjell (sørkletten)	62.14917	10.7125	
Tronfjell NØ start	62.15667	10.73194	
Ørsta, Bondalseidet	62.15889	6.29444	
Volda, Skisenter	62.16194	6.15194	
Ørsta - Skårasalen	62.16667	6.48361	
Tronfjell Øststart (toppen)	62.17278	10.71056	
Hushornet/ Nipa Ervik Selje kommune	62.17361	5.11944	
Ørsta, Åmnipa	62.17444	6.24056	
Tronfjell (nordstart)	62.17611	10.70278	
Ørsta, Oshornet	62.17694	6.13583	
Ørsta, Okla (vindpølsa)	62.17892	6.11922	
Sunnmørsalpane, Veirahaldet 1206 moh	62.18	6.29917	
Verhaldet, Bondalseidet	62.18111	6.29861	
Årvikhornet	62.18667	5.14611	
Ørsta, Brekkeheida	62.19944	6.17028	
Ørsta Katten	62.20833	6.27722	
Sande, Kvamsøy - Nonshornet	62.21194	5.37	
Sandhornet Ørsta	62.21202	6.21013	
Sande, Hallebygda, Storehornet	62.22167	5.57333	
Ørsta, Vallahornet	62.22278	6.13917	
Nivane, Ørsta sentrum.	62.22352	6.10564	
Heimste Kopphornet Ørsta	62.22417	6.35944	
Bjorli Flyplass	62.23306	8.25167	
Herøy, Leikong - Røddalshornet	62.23667	5.715	
Sande, Gurskebotn - Storetua	62.23861	5.66583	
Herøy, Leikong - Sletteheidane	62.24694	5.73167	
Rånåkollen, Bjorli	62.25	8.15972	
Tynset flyplass	62.25111	10.66694	
Herøy, Leikong - Bakkehornet	62.2525	5.76972	
Liadal/Ørsta	62.25472	5.99444	
Rjåhornet	62.25802	5.74263	
Liahornet	62.26194	6.01778	
Grøthornet, Eiksund, Ulstein	62.2679	5.90945	
Risanakken, Vartdal	62.26861	6.11333	
Haddal - Hammaren v/antene	62.26893	5.87128	
Levandehornet Ørsta	62.26944	6.11667	
Sande, Gjerdsvika-Trolltua	62.27139	5.57278	
Fursetsida - Strandafjellet	62.28	6.81333	
Herøy, Moltustranda Hidsegga - Aretua	62.28111	5.6075	
Sande, Gjerdsvika Hidsegga - Veten	62.28194	5.58583	
Herøy, Myrvåg - Aurvåglia	62.28194	5.78278	
Brøstkampen, Stuguflåten	62.28222	8.06972	
Herøy, Dragsund - Rambjøra	62.28333	5.81278	
Herøy, Moltustranda Blåfjell - Storehanen	62.28972	5.63917	
Herøy, Moltustranda Hidsegga - Tarbergtua	62.29028	5.59083	
Stranda Skisenter	62.29104	6.8444	
Nykanje	62.29444	6.73556	
Klovsetsætra i Norddal (Valldal/Sylte)	62.29639	7.21472	
Ulsteinvik, Røyrafjellet - Mini	62.29861	5.80861	
Ulsteinvik, Gardnestua	62.29944	5.89417	
Ulsteinvik, Røyrafjellet (Nord/Sør)	62.29972	5.78889	
Holenakken, Velledalen, Sykkylven	62.30028	6.72306	
Kleivåsane, Sykkylven	62.30028	6.74361	
Sætra	62.30098	7.33104	
Ulsteinvik, Flåna	62.305	5.88167	
Sandhornet Vartdal	62.3075	6.11889	
Roalden, Stranda Skisenter, Stranda	62.30861	6.845	
Ulsteinvik, Dimna-vest	62.31	5.79528	
Ulsteinvik, Hasundhornet-SW/W	62.31639	5.87556	
Hareid, Løkeberget	62.31667	5.93611	
Svafjellet, Velledalen, Sykkylven	62.31889	6.69806	
Ulsteinvik - Skitnehyllene (NØ mell. Hestelegda/Hasundhornet)	62.31944	5.87833	
La-heiane, Velledalen, Sykkylven	62.31972	6.735	
Rauma, Sandgrovbotn	62.32306	8.13417	
Ulsteinvik, Hestelegda (Vindpølsa)	62.32528	5.88944	
Hareid, Ulset Runway RC/PPG	62.32944	6.01778	
Hareid, Ramnefjellet	62.33	5.92278	
Ulsteinvik, Høgebrua	62.33139	5.89556	
Hareid, Melshornet - Skytterhusstarten nedre	62.33194	6.0075	
Herøy, Nerlandsøy, Kvalsund - Koparstad	62.33444	5.54694	
Herøy, Fosnavåg - Igesundshetta	62.33722	5.61944	
Herøy, Igesund - Igesundgarden (OTP, Vinsj, Tow)	62.33889	5.61028	
Fjellsæter, Skisenter, Sykkylven	62.33944	6.745	
Hareid, Hovdenakken	62.34	5.94694	
Straumshornet (Trippe) Sykkylven	62.34028	6.61167	
Ulsteinvik, Osnessanden (Trehang nedenfor kirkegården/PPG/OTP)	62.34417	5.82639	
Hareid, Melshornet - Skytterhusstarten Øvre	62.34417	6.02333	
Ulsteinvik, Osberget - Honden	62.34944	5.83917	
Ulsteinvik, Halsasvingen (Trehang)	62.34972	5.82528	
Ulsteinvik, Osberget NW - "Kassen" Utsikt	62.35139	5.83556	
Herøy, Nerlandsøy, Kvalsund - Teigetua	62.35167	5.58944	
Hareid, Hjørungnes hanget	62.35167	6.1025	
Ulsteinvik, Gamleeidet - Nygjerdemarka Runway PPG	62.35222	5.89917	
Hareid, Hjørungavåg - Melshornet (Skihoppet)	62.35333	6.03111	
Herøy, Nerlandsøya, Kvalsvik - Nerlandshornet	62.35583	5.55833	
Ulsteinvik, Kiberget	62.35639	5.89694	
Hareid, Melshornet - Toppen	62.35694	6.06278	
Ulsteinvik, Skeide - Skeidshornet	62.35757	5.84376	
Herøy, Leinøya - Leinehornet	62.35778	5.68778	
Ulsteinvik, Skeide - Nibben	62.35778	5.83778	
Hareid, Vabakken - Vassverket Øvre	62.35833	6.04833	
Hareid, Overanakken	62.35917	6.06611	
Hareid, Hjørungavåg - Kaldalen 19	62.35972	6.06806	
Herøy, Nerlandsøy, Kvalsvik - Mulevika	62.36	5.52361	
Hareid, Bjåstad Runway PPG	62.36111	5.97972	
Hareid, Vabakken - Vassverket Nedre	62.36111	6.04639	
Romestrandhornet 911 moh	62.36111	6.31	
Festøykollen, Ørsta	62.36133	6.31162	
Ulsteinvik, Ulstein (Trehang v/ bedehuset)	62.36306	5.81917	
Herøy, Remøya - Sæviktunnellen nord	62.36667	5.63583	
Hareid, Skafjellet	62.3675	5.95972	
Stavekollen Sykkylven	62.37222	6.53139	
Herøy, Nerlandsøy, Kvalsvik - Okla	62.37278	5.55028	
Auskjeret, Sykkylven	62.37806	6.76861	
Hareid, Holstadhornet	62.37889	5.98667	
Hareid, Håbakknotten	62.38083	6.02389	
Liadalsnipa- Ørsta	62.38528	6.04778	
Aurenakken, Sykkylven	62.38528	6.5925	
Fagrefjellet, Sykkylven	62.38528	6.64361	
Hareid, Nonsberget	62.38667	5.995	
Ulsteinvik, Flø - Roppehornet	62.39056	5.84167	
Ulsteinvik, Flø -Tørlingehaugane	62.39167	5.95917	
Herøy, Runde - Sørhanget	62.39488	5.62804	
Rundehornet, Sula	62.39722	5.9	
Ulsteinvik, Flø - Sneldelida	62.4025	5.93833	
Eikrem PPG	62.40556	6.25556	
Herøy, Runde - Goksøyra	62.40583	5.61639	
sula sørsida	62.40611	6.13167	
Ulsteinvik - Flø - Veten	62.40639	5.89278	
Hjellane, Sykkylven	62.40667	6.59361	
Overøye, Stordal	62.40944	7.21472	
Slettskredende, Finnset, Eikesdalen	62.41236	8.31889	
Vardene, Sula	62.41333	6.16528	
Sula, Grøthornet	62.41667	6.13333	
Sula, Rundehornet	62.41667	6.17361	
Hareid, Brandal - Kvitneset (K2)	62.41944	5.99611	
Ulsteinvik, Flø - Ytreflødalen	62.42167	5.97028	
Sula Lervågfjellet	62.425	6.33583	
Dyrkorn, Lien	62.42861	6.94528	
Sula, Blåfjell (Sunnmøre)	62.43285	6.15715	
Halvardsfjellet, Vaksvika	62.4425	6.94639	
Rotanakken, Emblem, Ålesund	62.44472	6.46179	
Lauparen	62.44869	7.11432	
Ålesund, Turheisen i Spjelkavika	62.4525	6.38056	
Elvhøgda, Håmmålsfjellet	62.45417	11.21639	
Høgekubben	62.45522	6.47631	
Ålesund, Hessa - Sukkertoppen	62.46028	6.1	
Rauma, Trollstigen	62.46028	7.67139	
Breitind, Romsdalen ved Trollveggen	62.46124	7.74729	
Kvitnykja, Vaksvika	62.47074	7.08102	
Ålesund, Godøya sør	62.47972	6.01222	
Alnes, Godøya	62.48333	5.98333	
Geitenibba, Vaksvikfjellet (Ørskog)	62.48611	6.98	
Nøsa, Innfjorden	62.48833	7.52528	
Verahornet, Ørskog	62.49616	6.84608	
Kverveaksla, Ellingsøya	62.49667	6.18333	
Åndalsnes, Litlefjellet	62.50972	7.79028	
Måndalen, Klauva	62.52	7.45667	
Ørskog, Ørskogfjellet	62.52389	6.94472	
Ørskogfjellet, Nyseternakken	62.52417	6.93944	
Børøra 850m - Måndalen	62.52605	7.36206	
Oppdal, Loslia	62.52694	9.65528	
Børøra, Måndalen	62.52889	7.37889	
Oppdal - Sissihøa	62.53278	9.71667	
Haram, Høgefjellet	62.53556	6.28333	
Litlehornet, Haram	62.53889	6.32306	
Ramnfloget - Vatne	62.54333	6.63917	
Rauma, Hellehaugen	62.545	7.41	
Solbu, Vatne	62.54972	6.6025	
Vigra, Giske Kommune.	62.55164	6.04854	
Engesethdalen	62.55278	6.7925	
Haram, Tverrbotshornet	62.55417	6.35028	
Hagefjellet, Søvik, Haram	62.55451	6.28456	
Hesteraua, Haram, Grytastranda	62.55722	6.40333	
Skodje, Høgsalen	62.55722	6.76083	
Skodje, Vardtua	62.55722	6.81667	
Åndalsnes, Nesaksla	62.55778	7.72917	
Frostadtinden, Skodje	62.55889	6.98861	
Andalsnes	62.56051	7.71124	
Rauma, Åndalsnes, Kjerringplassen	62.56167	7.70833	
Remeheia, Haram, Slyngstad	62.56444	6.51306	
Svartvassegga, Haram	62.56556	6.80722	
Gamlemsveten midtre S	62.56694	6.32111	
Gamlemsveten Hurla	62.58139	6.31528	
Bjørga	62.58171	7.62856	
Oppdal, Svarthaugen	62.58306	9.59167	
Liabøsætra	62.58389	9.15167	
Åndalsnes, Isfjordsaksla	62.58794	7.88743	
Storlidalen - Håggåberget	62.59	9.36972	
Lerheimskollen Rauma	62.59472	7.56333	
Båten	62.5959	6.97167	
Haram, Eggene, Alvestad	62.59639	6.36972	
Vikebukt - Helsetnakken	62.59639	7.16722	
Skorgedalen	62.59667	7.66778	
Isfjorden, Brevikskaret	62.59694	7.75583	
Kviknebruna	62.59806	10.23222	
Vikaksla, Tomrefjorden	62.6	6.96667	
Vikebukt - Vikenakken	62.60722	7.19694	
Haram, Skoranakken	62.61083	6.535	
Kyrkjetaket, Isfjorden	62.61111	7.90694	
Oppdal, Hovden	62.61639	9.68639	
Rekdalshesten Vestnes kommune	62.63278	6.7225	
Jærhøa	62.63361	9.26278	
Rauma, Åfarnes	62.63472	7.54972	
Oppdal, Stølhøa	62.635	9.72944	
Snaufjellet Rekdal i Vestnes	62.64389	6.75889	
Måsskardet - Mittet	62.65111	7.81611	
Oppdal - Storlidalen - Buslættkamben	62.66083	9.31028	
Midsund, Ørnekula	62.66556	6.65694	
Bløkallen	62.6675	6.61778	
Skulen, Skuløya/Flemsøya, Haram	62.67472	6.30833	
Haramsøy	62.67528	6.19528	
Skaret Grønlia	62.67694	9.55056	
Flaksjølihøgda - Spidsbergseter - Venabygdsfjellet	62.67861	10.08194	
Okla, Oppdal	62.68278	9.20778	
Storlidalen - Okla	62.68889	9.23222	
Midsund, Aksla	62.68972	6.68167	
Innerdalen, under Skarfjell	62.69694	8.76472	
Innerdalen, under Tårnfjellet	62.70111	8.78417	
Æafjellet	62.70182	6.39614	
Heggdalshornet	62.70194	6.87361	
Innerdalen, nederst i Giklingdalen	62.71111	8.76611	
Innerdalen - Dronningkrona	62.71778	8.63833	
Sunndal Innerdalen Renndalskamman	62.72111	8.80667	
Nonshøa	62.72278	9.53361	
Dugurdshaugen Nerskogen	62.73278	9.59583	
Vistdal, Øvregardsætra	62.73444	7.95361	
Buggestarten ( Eidsøra)	62.75197	8.08197	
Varden, Molde	62.7525	7.13306	
Nerskogen Storhøa	62.76028	9.63611	
Eidskrem, Julsundet, Molde	62.76306	7.00306	
Molde-heia	62.76611	7.17333	
Kortgarden, Molde	62.77278	7.575	
Storberget, Oppdal	62.78111	9.87528	
Tusten, Molde	62.78167	7.25167	
Eidshaugen, Eidsøra	62.78222	8.18111	
Brekka, Malmedal	62.79083	7.2775	
Malmefjorden, Fræna, Røssholfjellet	62.79361	7.1925	
Malmefjorden, Fræna, 1-erstarten	62.79472	7.23667	
Taløynebba	62.79944	8.85056	
Todalen	62.8	8.85833	
Fræna, Jendem, Jendemsfjellet	62.80139	7.0425	
Malmefjorden, Fræna, 2-erstarten	62.80167	7.26028	
Malmefjorden, Fræna, Klompan	62.80194	7.26139	
Sjøholt Ørskog	62.81139	6.81194	
Malmefjorden, Fræna, Julskartind	62.81222	7.28333	
Fræna, Skaret, Urdfjellet	62.81528	7.31167	
Malmefjorden, Galten	62.81722	7.26389	
Åndal, Maifjellet	62.81833	7.455	
Skoften, Malmefjorden, Fræna	62.82333	7.20028	
Fræna, Butippen	62.83583	7.37167	
Ålvundfjord,Vardhaugen	62.84167	8.54972	
Fræna, Kvannfjellet	62.84889	7.33194	
Nordre Langsvola, Stuggudal	62.86528	11.82917	
Eide - Sørtussen	62.86611	7.46556	
Fræna, Høgheia	62.87056	7.22389	
Eide, Gongrøra	62.87333	7.53806	
Mana(mot skeid) - Gjemnes	62.88944	7.73278	
Puttegga, Tafjordfjella	62.89222	12.12194	
Sandnestindene, Snipa, Eide	62.8925	7.32361	
Fræneidet, Fræna, Sandnestindan ved Trollkirka	62.89278	7.27333	
Ugelstadfjellet, Eide	62.89361	7.49583	
Skalten, Fræna	62.89417	7.11778	
Harstadfjellet, Batnfjorden	62.90306	7.61889	
Blånebba, Batnfjordsøra	62.90417	7.73972	
Raudtua, Hustad, Fræna	62.91722	7.14833	
Silsetfjellet, Eide	62.92667	7.40111	
Surnadal, Strengen	62.92889	8.56306	
Reinsfjellet. Gjemnes	62.93	7.92667	
Gamlemsveten "Vetebollen"	62.935	6.32	
Nøssa,Torvika	62.95	7.90194	
Gjemnesaksla øst, Gjemnes	62.95472	7.75139	
Surnadal, Honnstadknyken	62.95694	8.81389	
Gjemnesaksla Nord (Nonshaugen/svortaknoken), Gjemnes	62.95806	7.75333	
Surnadal, Syltnebba	62.95972	8.63972	
Stokknoken, Gjemnes	62.96083	7.69611	
Salen, Surnadal	62.96556	8.7525	
Storåspynten, Averøy	62.96917	7.64889	
Storkinna, Trollheimen	62.97306	9.14889	
Averøy, Meeknoken	62.97667	7.57917	
Fagerfjellet, Averøy	62.98283	7.52058	
Storknøken, Folland, Averøy	62.98583	7.49583	
Sandfjellet	62.98583	9.09639	
Surnadal, Høgberget	62.99194	8.71611	
Storvalen	62.99378	7.56578	
Rindal, Resliberget (sv. siden av Resfjellet)	62.99528	9.50972	
Honnstad, Gaupskinnhammaren	62.99722	8.85417	
Storsola, Sylan	63.00045	12.21764	
Fløystadfjellet, Litjtuå	63.01111	8.13861	
Duvåsen Rindal	63.025	9.11806	
Bangan, Rognes, Støren, Trondheim	63.02694	10.40472	
Langurveggen, Øvre Surnadal	63.035	9.0275	
Meldal, Prestbakken	63.04306	9.72889	
Almberget, Rindal	63.04861	9.13361	
Rindal, Kirklandet	63.05	9.2	
Haksåsen, Meldal	63.05	9.71667	
Freikollen, Kristiansund	63.05222	7.75583	
Surnadal, Skarven	63.05556	8.65611	
Tussan,Betna.	63.05692	8.40261	
Grefstadfjellet, Meldal	63.0575	9.75139	
Skallå,Betna	63.07694	8.43028	
Bæverdalen, Neverholthøgfjellet	63.0875	8.77306	
Korpfjellet, Rindal	63.10167	9.20083	
Lundamo	63.13556	10.2725	
Hemne Fossdal Anderslifjellet	63.13822	9.04817	
Evjen	63.13972	10.22444	
Ruten i Hemne	63.155	9.16389	
Skogen, Svorkmo	63.16528	9.70167	
Bergemskammen, Svorkmo	63.16583	9.68583	
Oppsalnebba Vinjefjorden	63.16944	8.86861	
Lekebakken Ler	63.18417	10.32083	
Knubben - timberline west, Leira, Tustna	63.18833	8.04944	
Gimshøgda, Hoston	63.18875	9.51939	
Tindan 639 topp - mellom Knubben og Leirtind, Leira	63.19083	8.0725	
Knubben - salen ovenfor Vassdalstjønna, Leira, Tustna	63.19333	8.06333	
Knubben - plateau 560, Leira, Tustna,	63.2025	8.0625	
Vettan, Leira, Tustna	63.20917	8.08306	
Vardefjell i Søvassdalen	63.21444	9.11806	
Vasslinebba, Søvassdalen	63.22361	9.26111	
himmelriket-på kvål	63.22537	10.3015	
Høgmelan, Kvål	63.24278	10.24472	
Fossfjellet	63.25139	9.47528	
Vassfjellet	63.26388	10.36392	
Rye	63.27111	10.31083	
Kyrksæterøra Tyskerstien	63.28	9.095	
Gråfjellet orkdal	63.28653	9.52578	
Omnsfjellet	63.29012	9.48996	
Orkanger	63.30056	9.81917	
Tamshavn opptreksplass	63.31528	9.86556	
Langlidalsheian	63.32056	9.48722	
Klett - Trondheim - PPG start	63.32194	10.3225	
Øysand Opptrekk	63.32861	10.21472	
Øysand, Klomstad PPGstart	63.32894	10.24564	
Fjøsvollan, Leinstrand	63.34417	10.28556	
Tillerbruavegen	63.34444	10.43222	
Byneset	63.34722	10.15028	
Lundneset	63.34861	10.04139	
Skogstad PPG	63.35444	10.20861	
Jens Petter Haug. Fallvegen 60, 7074 Spongdal	63.36222	10.15528	
Trondheim, Okstad	63.3775	10.38667	
Litlfonna, Kjørsvik, Aure	63.37944	8.71639	
Fonnfjellet Meråker	63.40288	11.61014	
Hummeln	63.41052	13.08367	
Reppesåsen - Reppe - Trondheim	63.41083	10.54917	
Pelikanen	63.41091	13.08411	
Bosbergheia, Byneset	63.41472	10.18583	
Gråkallen	63.41944	10.25417	
Opptreksstart ved Rye skole på Byneset	63.42444	10.14111	
Röda rappet	63.42597	13.06814	
Være - Trondheim	63.42639	10.59056	
Snillfjord, Krokstadøra	63.42903	9.53486	
Korsvika i Trondheim	63.45139	10.43611	
Munkholmen Prison Island	63.45172	10.38329	
Polsmoen i Trondheim	63.45556	10.45528	
Meråker	63.4575	11.68194	
Snillfjord, Ratfjellet	63.49056	9.31361	
Sundfjellet, Sunde i Snillfjord kommune	63.495	9.19194	
Fiskvika, Stjørdal	63.50167	10.76	
Tonningen	63.51333	8.42722	
Storheia, Sandstad, Hitra	63.51889	9.07972	
Forbord	63.52611	10.89056	
Rundhaugen,Rissa	63.54917	9.94222	
Vanvikan	63.55111	10.20667	
Munken, Leksvik	63.56556	10.31417	
Stokkvola, Åsen	63.59111	11.06806	
Åsen, Levanger PPG	63.60306	11.02667	
7241 Ansnes, Hitra, Sør-Trøndelag	63.62653	8.95443	
Valset	63.63111	9.68778	
Hårskallen Levanger	63.65222	11.51417	
Vestremsbukta, Ekne, Levanger	63.70556	11.00806	
Oppstubakken, Inndalen, Verdal	63.73167	11.78889	
Grønnlisætra, Fosen	63.775	10.46472	
Skeishøgda, Verdal	63.79722	11.64167	
Bjugn, Kopparen	63.80639	9.73694	
Hallem, Verdal	63.80738	11.59772	
Vistvik, Verdal	63.81528	11.55194	
Okollan, Verdal	63.82444	11.54306	
Våttåberget, Volhaugen, Verdal	63.82889	11.55056	
Solberglia, Verdal	63.83111	11.50944	
Ystadhanget	63.84028	11.34778	
Staurheia, Verran	63.87167	10.685	
Rømmesfjellet - Lysøysund	63.87806	9.87083	
Lorvika ved Borgenfjorden	63.88944	11.38139	
Sæli, Henning	63.90694	11.62889	
Sæli alpinsenter (nedlagt), Leksdalen/Henning	63.90833	11.64278	
Åfjord- sørdalen Sør Trøndelag PPG start	63.9275	10.46111	
Oftenåsen, Steinkjer	63.98333	11.51889	
Oftenåsen	63.99333	11.53167	
Gråkammen, Åfjord	64.02694	10.12194	
Stokkøya, Åfjord	64.04944	9.95722	
Hornfjellet, Bindal	64.0825	12.10021	
Høgklumpen, Sumstad	64.19962	10.31709	
Fosen, Bessakerfjell	64.22361	10.34639	
Seksberget,Lierne	64.28333	13.56667	
Namdalseid - Øyenskavelen	64.28444	11.09361	
Ellevklompan, Bangsund	64.35481	11.42753	
Flakkstrandfjellet Bangsund	64.37908	11.41319	
Grong, Biskoplifjellet	64.385	12.31611	
Grong, Paradishaugen	64.39722	12.27944	
Storklubben, Setervika	64.41278	10.49194	
Grong, Geitfjellet	64.42083	12.19694	
Namsos, Spillumsfjellet	64.44611	11.55417	
Grong, Tømmeråsfjellet	64.46167	12.40417	
Grong, Medjåsætran	64.46639	12.35028	
Namsos kommune, Otterøya, Stuvfjellet	64.56389	11.24722	
Skorstad, Otterøya, Namsos	64.57667	11.17833	
Namsos kommune, Otterøya, Tømmervikfjellet	64.6	11.21667	
Lyshaugen på Salsnes i Fosnes kommune	64.69306	11.4475	
Hundhammerfjellet	64.76333	11.40194	
Kongsmoen, Lonefjellet	64.85111	12.45611	
Litlveafjellet	64.85498	11.39938	
Tier-klompen	64.86049	12.45467	
Namskogan, Finnvollfjellet	64.89333	13.12389	
Røyrvik, Raentsere	64.89361	13.8925	
Namskogan, Finnvollfjellet Nord	64.91061	13.1257	
HeimsnesValin	64.93972	12.36889	
Nærøy, Kålåfjellet,nord trøndelag	64.94444	12.09972	
Nærøy, Teplingan	64.94778	12.30833	
Nord trøndelag, Holandsfjellet	64.96806	12.235	
Nærøy, Vattind	64.98306	12.01556	
Steinådalen Namskogan	65.02306	13.375	
Granvikaksla	65.06028	11.955	
Gutvik,start mot W-NW	65.07197	11.82627	
Gutvik, Vassfjellet	65.07778	11.845	
kyst hanget Guttvik	65.09083	11.83	
Kula, Bindalseidet, Bindal	65.10611	12.15639	
Storheil, Heilsfjellet i Bindal	65.13639	12.12083	
Middagsaksla, lilleheil, bindal	65.15278	12.14083	
Holmshatten	65.1725	12.15389	
Fiplingdalen, Kuklumpen	65.1775	13.50194	
Fiplingdalen, Sæterfjellet	65.2075	13.49833	
Hongfjellet, Velfjord, Tosen	65.23074	12.69892	
Fiplingdalen, Jervskardklumpen	65.24831	13.40008	
Kjøsvikfjellet,Olsvika,sømna,nordland	65.27611	12.22167	
Fiplingdalen, Majanasen	65.27861	13.58111	
Tosbotn, Mosvatnet	65.295	13.14278	
Tosbotn, Durmålstinden	65.30139	13.07417	
Tosbotn, Middagsheia	65.30556	12.97139	
Sømna, Vik, Aspunvikhatten	65.30833	12.125	
Fiplingdalen, Åarjeltjahke	65.30917	13.45333	
Fiplingdalen, Bolkskardaksla	65.30944	13.60361	
Svenningdalen, Åarjeltjahke-vest	65.31472	13.43833	
Fiplingdalen, Golverfjellet - Sør	65.32	13.66639	
Tosbotn, Vesterfjellet	65.3225	13.11583	
Tosbotn, Krommen	65.32528	13.09694	
Tosbotn, Søndre Snøfjell	65.32917	12.82861	
Tosbotn, Aunfjellet	65.3325	12.77722	
Fiplingdalen, Bæråsen	65.33806	13.52806	
Tosbotn, Laajroe	65.34583	12.8675	
Tosbotn, Laajroenjuenie	65.3525	12.90667	
Tosbotn, Toerfjellet	65.365	13.04806	
Tosbotn, Nordre Snøfjell	65.36639	12.8525	
Tosbotn, Breidvasstinden Kaffivatnet	65.38028	12.96194	
Fiplingdalen, Storvegskardfjellet	65.39194	13.6875	
Brønnøysund, Torghatten	65.39444	12.08806	
Brønnøysund, Trælneshatten	65.39556	12.21722	
Tosbotn, Breidvasstinden	65.3975	12.93139	
Tosbotn, Grunnvasstinden	65.39917	13.03333	
Tosbotn, Pkt. 962m	65.40167	12.99306	
Brønnøy, Grønlihalsen	65.4225	12.29583	
Brønnøysund, Kråkneshesten 402mohNVV	65.42944	12.2675	
Sæterfjellet	65.42944	12.37333	
Tosbotn, Langskardnasen	65.43861	13.11583	
Brønnøysund, Liafjellet	65.45944	12.36694	
Skardmodalen, Reinkalvklumpen	65.46667	14.19778	
Brønnøysund, Skogmofjellet	65.4675	12.37639	
Brønnøy, Hestøya nord	65.47194	12.18833	
Brønnøy, Laukvikheia.	65.47333	12.27583	
Skardmodalen, Midtfjellet	65.48289	14.20989	
Brønnøysund, Guromannen	65.48917	12.3825	
Brønnøysund, Saltbuhatten	65.49083	12.40083	
Brønnøysund, Hjortheia	65.49417	12.37806	
Brønnøysund, Tilremshatten	65.51306	12.295	
Brønnøysund, Ramntinden	65.51472	12.35444	
Brønnøysund, Mosfjell SV, Urtearie	65.53056	12.28056	
Brønnøysund, Mosfjell NV, Mosaksla	65.54	12.28528	
Brønnøy - Skutfjellet/Horn	65.58306	12.29167	
Grane, Stormoen	65.59861	13.38722	
Kjulveten, Vega	65.61717	11.94486	
Vega Vikatinden 404m(	65.62709	11.8733	
Gullsvågfjellet, Vega	65.65944	11.84306	
Vevelstad, Forvikfjellet	65.70806	12.50306	
Hattfjelldal, Kjerringtinden	65.76583	13.87389	
Svarttjønnlia "Mosjøen"	65.81683	13.41003	
svarttjørna "Mosjøen"	65.81778	13.41306	
Vefsn, Øyfjellet start- Øst	65.8325	13.15806	
Dolstadåsen " Panorama "- Mosjøen	65.84194	13.22889	
Kjemsås Alpinsenter " Mosjøen "	65.84583	13.35389	
Tua i Kjemsåsen " Mosjøen "	65.84917	13.36833	
Mosjøen, Dolstad "Tårnet"	65.85751	13.2235	
Hemnes, Jørntinden	65.86667	14.06389	
Bleikvassli, Kongshaugen	65.89583	14.02306	
Alstahaug, Søvik, Breitind (aksla)	65.92056	12.47833	
Vefsn, Vetenfjellet	65.92917	13.17194	
De syv søstre - Kvasstinden	65.93028	12.53639	
Tenna PPG, Hærøyene, Nordland	65.9475	12.20361	
Vefsn, Drevlandsaksla	65.94944	13.10611	
Sandnessjøen, tvillingene syv søstre	65.95056	12.54806	
Vefsn, Helfjellet	65.95583	13.32139	
Vefsn, Lukttindrauva	65.99819	13.52175	
Sandå Åsen, Spilderdal, Meløy	66.0	13.0	
Vefsn, Hatten	66.00778	13.48056	
Sundøy - Horva	66.01	12.82639	
Hemnes, Oksskolten	66.01472	14.33389	
Hemnes, Leirbotnet	66.01639	14.11611	
Vefsn, Blåfjell	66.02056	13.38861	
Hemnes, Bryggfjellet	66.02806	13.91556	
Hemnes, Tverå	66.03389	14.07833	
Hemnes, Ridarn, Okstindan.	66.04861	14.34833	
Hemnes, Korgfjellet	66.05167	13.69833	
Hemnes, Korgen, Middagsvasslia	66.05361	14.10194	
Hemnes, Korgen, Durmålshaugen	66.05389	13.97028	
Klubben - Korgen	66.0625	13.8775	
Hemnes, Leirskarddalen "Steintippen"	66.06861	14.00361	
Leirosen - Klampen	66.08237	13.13252	
Hemnes, Risaksla i Leirskardalen	66.08611	13.97333	
Hemnes, NerleirmoenPPG-plass	66.09722	13.82111	
Hemnes, Kangsen	66.10861	13.86056	
Dønna, Solfjellet NØ	66.12222	12.54889	
Dønna, Gleinsfjellet	66.14917	12.60722	
Hemnes, SørfjordenPPG-plass	66.15472	13.82222	
Hemnes, Rostafjellet	66.16389	13.87472	
Akebakken ved Umbukta Fjellstue	66.16389	14.59083	
Nesna, Hugla, Høgtuva	66.18083	12.91667	
Rana, Hellerfjellet ved Umskaret	66.18417	14.53083	
Rana, Lillekubben ved Umskaret	66.18639	14.58	
Hemnes, Stormuren	66.18722	13.93722	
Nesna, Hankamman	66.18889	13.05556	
Nesna Refsneset PPG start	66.19167	13.00917	
Rana, Storekubben ved Umskaret	66.19944	14.59778	
Nesna, Middagstuva	66.2	13.06278	
Veten, Hemnes,	66.2025	13.75	
Storola-Veten	66.21278	13.72917	
Ramnflåget, Hemnesberget	66.21444	13.67222	
Hemnes, Ramfloget	66.21472	13.66833	
Hestnesfjellet Øst - Hemnesberget	66.21639	13.53778	
Brennesvikfjellet Øst-Hemnesberget	66.21694	13.56417	
Nesna, NPGK`s kursbakke	66.23139	13.10194	
Nesna, Tomma	66.25139	12.85861	
Nesna, Handnesøya, Stokkatinden	66.25278	13.03278	
Nesna, Handnesøya	66.26111	13.03528	
Hauknestinden	66.26667	14.08333	
Hauknestinden/Kopparfjellet	66.26694	14.08361	
Nesna, Tomskjevelen	66.27889	12.84667	
Nesna, Utsikten ved Sjonfjellet	66.28206	13.26103	
Rana, Raudfjellet ved Rauvatn	66.28806	14.53639	
Mofjellet Øst, Mo i Rana	66.28833	14.28083	
Mofjellet Vest, Mo i Rana	66.29139	14.11	
Rana, Østerdalsknabben i Grønfjelldalen	66.29394	14.86986	
Mofjellet, Mo i Rana	66.29806	14.12639	
Sjonbotten - Tippen	66.31314	13.57672	
Lurøy, Stokkvågen	66.35139	13.0	
Kleivhalsen-Stokkvågen	66.35667	13.01167	
Iovundfjellet Lovund	66.36167	12.32833	
Rana, Snøfjellet	66.37417	13.99111	
Vårhompen, Dunderlandsdalen - Rana	66.39722	15.20417	
Andfjellet 720 start, Dunderlandsdalen - Rana	66.40583	15.19556	
Andfjellet, Dunderlandsdalen - Rana	66.42167	15.23417	
Fjellbakkfjellet ved Storforshei	66.43056	14.61944	
Bomfjellet , Dunderlandsdalen - Rana	66.43194	14.55917	
Eiterågfjellet, Dunderlandsdalen - Rana	66.4325	14.67278	
Ørtfjell, Dunderlandsdalen - Rana	66.43444	14.71972	
Rana, Hjarttjørnkanten Raudvassdalen	66.43447	14.29511	
Kuhaugfjellhaugen, Dunderlandsdalen - Rana	66.43639	14.42583	
Okstind-vest Lurøy	66.45389	13.11917	
X-Svartisen	66.47167	13.8725	
Rana.Raudfjellet ved saltfjellet	66.48553	15.12111	
Lurøy, Konsvikosen, Urtinden.	66.48889	13.11778	
Tonnes - Breidvikfjellet	66.5025	13.04306	
Storlifjellet, Dunderlandsdalen - Rana	66.51944	14.94444	
Hestmann, Storselsøy	66.53556	12.82194	
Polarsirkelen, Bolnafjellet	66.56528	15.27556	
Sørnesøy	66.57806	12.64889	
Bolnatinden	66.57833	15.22556	
Sperstad, Jektvik, Rødøy	66.60444	13.24583	
Svartisen (Resmorskaret) Rødøy	66.6575	13.63778	
Hesten, Tjongsfjord i Rødøy	66.66333	13.57111	
Rødøyløva Rødøya	66.67417	13.06056	
Rødøy, "Heia" Tjongsfjord	66.68167	13.47694	
Rismålstinden - ved Ågskardet på kommunegrense Meløy / Rødøy	66.7	13.51139	
Helgelandsbukken, Søndre Meløy i Nordland	66.70528	13.81806	
Holandsfjellet Halsa	66.73	13.65444	
Halsatuva Halsa i Meløy kommune	66.73139	13.62694	
Sautuva Halsa	66.74222	13.69139	
Kvalkjeften, Åmøy i Søndre Meløy	66.76061	13.32883	
Skarstinden, Åmøy i Meløy kommune	66.76333	13.41398	
Junkerdalen nerknausn	66.76639	15.85056	
Enga Airsport Area, på Saura, Engavågen.	66.76824	13.5534	
Åmnesfjellet - Åmøya i Søndre Meløy i Nordland	66.76861	13.34833	
Hjarta - Bjærangsdalen i Søndre Meløy	66.77111	13.78028	
Hjartfjellet - Bjærangsdalen i Søndre Meløy	66.77583	13.79111	
Ronsfjellet ved Kjeldal - Bjærangsfjord Søndre Meløy	66.77597	13.72338	
Klemettinden i Søndre Meløy	66.78167	13.65056	
Litjvardtinden/Engavågen	66.78639	13.61167	
Beiarn, Stormyrloftet	66.79861	14.57333	
Bolga	66.80611	13.21306	
Glomfjord	66.82389	13.89583	
Glomneshaugen, Glomfjord, Meløy	66.8275	13.9625	
Tverrfjellet,Glombreen Øvre start	66.83133	13.90236	
Junkerdal Nerknausen	66.83167	15.52583	
meløya	66.83833	13.43252	
Sandågåsen (2km. fra Ørnes)	66.85333	13.73722	
Djupvikfjellet, Ørnes, Meløy	66.8575	13.72167	
Beiarn, Tellingen	66.8625	14.79694	
Bodø Beiarn vindhaugen	66.88806	14.82667	
Barfjellet	66.88992	13.80072	
Bodø Beiarn Rikshaugen	66.89111	14.70194	
Saltdal, Bleiknes	66.89944	15.33583	
Beiarn, Høyforsslett,Vardu	66.90722	14.71472	
Beiarn Trones skole Roystarten	66.91423	14.76975	
Meløy Reipå Forsheia	66.91472	13.57194	
Beiarn Gråtåtinden	66.91583	14.58889	
Øra - Nerstranda (skolebakke)	66.92028	13.54528	
Johns plass/Reipå	66.92472	13.64833	
Beiarn Kvalvasstinden	66.92556	14.61833	
Skogreina PPG/PHG, Øra - Meløy	66.93333	13.56667	
Øra Airsport Area, Ørnes Meløy.	66.935	13.54806	
Skjeggen	66.93753	13.62976	
Østentinden, Ørnes Meløy	66.94806	13.74139	
Storvik PPG	66.95	13.81667	
Beiarn Ramsgjell	66.95167	14.85306	
Gildeskål - Storvikskardet ( Storvikskaret )	66.95694	13.84167	
Beiarn Ramsgjell Kjerringbuskfjellet	66.95833	14.85857	
Stighaugen,Sundsfjord,Gildeskål	66.96778	14.16083	
Skauvoll, Kjerringa, Gildeskål	66.98056	14.07556	
Skaugvollknubben	66.98056	14.07556	
Beiarn Osbakkfjellet	66.99111	14.865	
Beiarn Rishågen	66.99194	14.83222	
Morhausen, Beiarn	67.01172	14.77224	
Bodø Misvær Beiarfjellet Grønnlihågen	67.03	14.94889	
Bodø Misvær Moliveten	67.04667	15.01417	
Inndyr - Varden	67.0475	14.06361	
Saltdal- Ørrfloget	67.05583	15.30889	
Bodø Misvær Vestvatn alpinanlegg	67.07417	14.96028	
Rognan Stortuva	67.07917	15.4525	
Sulitjelma (Fauske) Daja fjellandsby alpinsenter	67.085	16.07222	
Saltdal Rognan Osfjellet	67.0875	15.40639	
Jakobsbakken, Sulis	67.09667	15.99472	
Rognan Flyplass (opptrekk)	67.09972	15.41139	
Sulitjelma (fauske) - Avvilumtjähkkä	67.10115	15.88841	
Gildeskål Sandhornøya Horsdalaksla	67.10122	14.04207	
Misvær Memaurheia	67.11528	15.05361	
Vågaksla, Sandhornøy	67.12194	14.06028	
Sulitjelma (Fauske) sagmo/gjertrudfjellet	67.12639	15.99778	
Rognan vikfjellet	67.12775	15.34506	
Sulitjelma (Fauske) tverrfjellet	67.135	16.18306	
Sulitjelma (Fauske),Veien til Lomi (Hanken Krysset)	67.13611	16.12528	
Sulitjelma (Fauske) Koppartoppen	67.15528	16.10361	
Sulitjelma (Fauske) Storelv-vatnan toppen	67.16194	16.13278	
Gildeskål Sandhornøya Horsdalsaksla	67.16889	14.07028	
Bodø Knubban	67.17278	14.47611	
Børvasstindan-Vest	67.17333	14.47556	
Bodø Gjælfjellet	67.17861	14.42806	
Bodø Hogndalen Austerdalen	67.20667	14.87806	
Bodø Saltstraumen Tuvfjellet vest	67.20833	14.64083	
Bodø Skjerstad Gøran Starten	67.20917	14.92056	
Bodø Saltstraumen Tuvfjellet	67.21139	14.6625	
Heimstadsletta, Tuvfjellet	67.21222	14.65111	
Høgnakken-Straumøya-Bødø	67.21917	14.50639	
Bodø Branden	67.22	14.84556	
Fauske - Larsen Hanget	67.22217	15.44528	
Bodø Hogndalen	67.22222	14.90167	
Fauske - schilliås starten	67.22472	15.43417	
Bodø Straumøya Blåheia	67.22995	14.53347	
Bodø Seivågmyra Vinsjestart	67.23167	14.53056	
Bodø Straumøya Gåffrybergan	67.23578	14.5326	
Bodø Saltstraumen Hotell	67.23639	14.61389	
Fauske - Grustaket på finneid	67.24327	15.42243	
Fauske - Rismålstuva	67.25231	15.55264	
Fauske Holstad Wallehanget ved skolebakken	67.2625	15.22806	
Fauske- Kleivtoppen	67.27194	15.27556	
Fauske Alvenes	67.27472	15.06944	
Fauske Holtanlia	67.28333	15.49722	
Bodø Hunstadtoppen	67.2859	14.51488	
Bodø Tverlandet Oddan	67.28694	14.72333	
Fauske Lauvgavelen	67.28889	15.36806	
Bodø Hjartøya	67.29111	14.36111	
Bodø Bestemorenga skolebakke	67.29556	14.50361	
Bodø Junkerfjellet nord	67.29639	14.49194	
Fauske	67.29722	15.5	
Fauske storsteinsfjellet	67.29806	15.34278	
Bodø Pollfjellet sørvest	67.30056	14.39806	
Bodø Rønvikfjellet	67.30167	14.41083	
Bodø Turisthytta Latmannshauen	67.30333	14.44611	
Bodø Bratten vest	67.30361	14.39056	
Grønåsfjell, Fauske kommune	67.30417	15.5375	
Bodø Bratten nordøst	67.30889	14.40944	
Sørfold - Durmålstinden	67.30908	15.72857	
Vågfjellet - Reitan - Bodø	67.30972	14.86306	
Valnesfjord-Bergstarten	67.31194	15.3025	
Bodø Valnesfjordvatnet	67.315	15.20194	
Bodø Keiservarden toppen	67.31528	14.47833	
Bodø Keiservarden Nordstarten	67.3169	14.48687	
Bodø Keiservarden Kløfta - Midlertidig navn BKB	67.31861	14.46694	
Solvoll Airport, Grønås, Fauske	67.32083	15.50944	
Bodø Keiservarden Løpsstranda	67.32167	14.475	
Bodø Løpsfjellet øst	67.32306	14.52028	
Bodø Løpsfjellet vest	67.32333	14.51361	
Løpsfjellet	67.32389	14.52056	
Fauske Siso Kraftstasjon	67.32694	15.72861	
Bodø Steinmoen	67.33111	14.55472	
Bodø Ausvika Geitnakken	67.3375	14.49583	
Mjønestindan, midtitinden	67.34397	15.00963	
Bodø Valnesfjord Kistrandtinden	67.34944	15.06722	
Kvitblikkfjellet Fauske	67.35	15.46611	
Straumen Straumklompen	67.35	15.61667	
Bodø Hopsfjellet	67.35056	14.73556	
Bodø Vatnvatnet Ospenesfjellet	67.3509	14.81449	
Bodø Valnesfjord Kvalhornet Nattmålstuva	67.3525	15.17583	
Bodø Heggmoen	67.35889	14.89528	
Bodø Skautuva	67.37139	14.64528	
Heggmotinden Bodø	67.375	14.87	
Nordre nattmålstuve, Valnesfjord	67.37962	15.19965	
Â«Glenn Walle-startenÂ», Auvika, Mjelle	67.40306	14.60833	
Dedicated to Glenn Walle starten	67.40306	14.60833	
Bodø Mjelle Norøststarten	67.40528	14.61556	
Bodø Mjelle Latmannstarten	67.40806	14.60889	
Bodø Mjelle	67.40944	14.63917	
Bodø Landegode Sandeidtinden	67.41056	14.38222	
Bodø Mjelle skolebakke	67.41083	14.6375	
Manjaro Valvikdalen LitlTinden	67.41583	14.69667	
Sørfold - Skjærfjellet/Daumannvika	67.42306	15.595	
Bodø Mjelle Ikke fult så latmannstarten	67.43389	14.64472	
Fauske Røsvik Furnesfjellet	67.44694	15.44278	
Kjerringøy Fjære Barbruheia	67.48833	14.71583	
Bodø Kjerringøy Kvarven sør	67.50967	14.87323	
Kjerringøy, Tårnvika, Øygårdsfjellet	67.55	15.11856	
Kjærringstarten - Kjærringøy-Bodø	67.55417	14.91083	
Kjerringøy, Tårnvikfjellet, Ospvika	67.57389	15.09667	
Kobbskaret	67.66167	15.88444	
Værøy Nedlagte flyplass	67.68861	12.67694	
Skåla ved Brennvika, Steigen	67.72917	14.91667	
Lakså	67.80528	15.3225	
Sørvågen, Lofoten	67.89667	13.00778	
Myklebostad, Engeløya	67.92528	15.13528	
Reine i Lofoten	67.93028	13.09056	
Steigen, Engeløya, Prestkona	67.93333	15.03528	
Lofoten, Reine, Veinestinden	67.93667	13.03917	
Steigen, Engeløya Solvoll PPG-start	67.93833	14.97	
Tretindan, Steigen, Engeløya	67.96056	15.09139	
Lofoten Bunesstranda, Reine	67.97472	12.97667	
steigen, engeløya, brunes	67.99667	15.11778	
Lofoten, Moskenes, Markan, Vomma (Horseid)	68.00861	13.02083	
Hellandstuva - Tysfjord	68.01722	16.13333	
Vestvågøy Leknes Ballstad Nonstind	68.07167	13.50556	
lofoten, fredvang, kvalvika	68.0725	13.09833	
Lofoten, Kvalvika, Torsfjordtinden	68.07611	13.11583	
Lofoten, Fredvang, Kaviarstjærna	68.07733	13.14487	
Lofoten, Fredvang Mira og John starten	68.07833	13.12806	
Moltindlia, Ramberg i Lofoten	68.08333	13.23333	
Lofoten, Kvalvika, Ryten	68.08833	13.09472	
Lofoten, Leknes, Einangen	68.09028	13.65472	
Lofoten, Flakstad, Skagsanden	68.09917	13.28028	
Ytresandheia	68.09964	13.11836	
Ulsvågskaret, Ulsvåg - Hamarøy.	68.10528	15.87583	
Lofoten, Ramberg, Justnes	68.10556	13.28472	
Kjær-varden i Tysfjord	68.10639	16.06972	
Lofoten Leknes Hustinden	68.12556	13.34861	
Lofoten Vestvågøy Stamsund Alpinbakke	68.13417	13.79472	
Lofoten Vikten	68.14083	13.32917	
Lofoten, Leknes, Offersøy Nappstraumen	68.1507	13.47796	
Kangerurtinden, Stamsund	68.17611	13.82611	
Lofoten - Henningsvær - Festvågtinden	68.17833	14.22639	
Lofoten - Vågakallen	68.18917	14.29444	
Mannen, Leknes, Lofoten	68.2037	13.52021	
Lofoten, Uttakleiv, Klumpan	68.20444	13.53667	
Rise, Vestvågøy, Lofoten	68.20833	13.66861	
Utakleiv, Lofoten	68.20889	13.49667	
Lofoten, Hopen, modellflystripa PPG-start	68.21139	14.34972	
Rørvikskaret Austvågøy Lofoten	68.21696	14.28961	
Himmeltindan, Leknes, Lofoten	68.22083	13.57278	
Lofoten - Ørsnes - Tverrfjelldalen	68.22528	14.35694	
Lofoten, Kabelvåg, Tjeldberget, Øststarten	68.22833	14.50472	
Lofoten, Kabelvåg, Ørntindsaksla	68.22917	14.42694	
Tjeldbergtind, Svolvær	68.22917	14.49833	
Lofoten, Kabelvåg, Tjeldberget, Tinden	68.23028	14.49833	
Narvik, Reinneset, Sjomen	68.24778	17.37472	
Lofoten - Vestvågøy - Moland - Grønlidalen	68.25056	14.12944	
Blåtinden, Svolvær	68.25522	14.58026	
Unstadskaret, Leknes, Vestvågøy, Lofoten	68.25667	13.61806	
Skarberget, Skrovkjosen	68.25694	16.37056	
Nordland - Ballangen, Skjellesvikskaret	68.25833	16.38167	
Kleppstadheia, Lofoten	68.25889	14.30222	
Lofoten - Vestvågøy - Grundstad - Lyngedalsheia	68.25917	14.0625	
Lofoten, Leknes, Borge, Borgfjordfjellet, Lågheia	68.26611	13.82528	
Lofoten, Borg, Torvdalsfjellet / Sletteng	68.26611	13.86167	
Lofoten-Vestvågøy-Borge-Borgfjordfjellet RillTru-starten	68.26972	13.82278	
Lofoten, Eggum, Mustaren	68.30472	13.67917	
Lofoten - vågan - Kvittinden	68.3085	14.66064	
Lofoten, Eggum, subhang	68.30889	13.68722	
Breidtind. Digermulen. Raftsundet	68.3125	15.1075	
Nordland - Ballangen, Råndalen	68.31861	17.03667	
Vassultinden, Brenna	68.32008	14.32044	
Lødingen - Offersøyvalen PPG/PHG	68.32389	15.62194	
Lofoten Vestvågøy Kvalnes	68.33139	13.98806	
Hoven - Gimsøya - Lofoten	68.33278	14.11028	
Ballangen, Håfjellet, Linken	68.33333	16.63333	
Nordland - Ballangen, flystipa	68.33417	16.82583	
Nordland - Ballangen, Arnes, Arneshesten	68.33444	16.94083	
Ballangen Håfjellet Bruna Varden	68.35694	16.75583	
Lødingen Vestbygd - Hustadfjellet	68.36333	15.47917	
Skarstadfjellet	68.36556	16.33917	
Narvik, Beisfjord	68.36806	17.62056	
Lofoten/Vesterålen - Higravtinden	68.37278	14.79944	
Delpheia, Lukvika, Lofoten	68.38361	14.53278	
Lødingen Vestbygd, Hesttind	68.38722	15.69	
Budalen, Austvågøy, Lofoten	68.39056	14.79944	
Lødingen - Avsatsan	68.41667	15.95278	
Narvik, Fagernesfjellet, Tredjetoppen	68.41667	17.51389	
Narvik, Fagernesfjellet, Lilletoppen	68.41722	17.44028	
Narvik, Håkvik	68.41833	17.30194	
Hadsel, Strønstad - Strøna	68.42028	14.76778	
Narvik, Fagernesfjellet	68.42222	17.4575	
Narvik, Fagernesfjellet, Linken	68.4225	17.48	
Hadsel- Sanden	68.42725	14.59034	
Bjørnfjell PPG	68.44306	18.06556	
Bjørnfjell, Riksgrensen	68.45	18.07278	
Kjerstad, Tjeldøya	68.45611	16.15083	
Siriskolten, Tjeldøya	68.47306	16.42306	
Harstad/Narvik Lufthavn, Evenes	68.48842	16.67956	
Bogen i Ofoten.Slaggen-Stranda PPG	68.5	17.0	
Bogen i Ofoten.Lenvik	68.5	17.05	
Jotindaksla	68.50361	16.34167	
Stordalsaksla,Kanstadfjorden, Lødingen	68.50472	15.8575	
Bogen i Ofoten.Dragvika PPG	68.50667	16.92694	
Hadsel, Haugnyken	68.50833	14.77167	
Ramsund (Rambøheia)	68.50833	16.49306	
Bogen i Ofoten.Lenvik PPG	68.50889	17.06028	
SiktdalshøgdaPPG, E10 mot Bjørnfjell	68.51556	17.86972	
Hadsel - Ongstad - Varheia (Haugheia)	68.51583	14.74528	
Bogen i Ofoten.Sauen	68.51667	17.08333	
Hadsel - Husbykollen	68.5175	14.8925	
Sørdalsglæfse - Gullesfjordbotn - Kvæfjord	68.51833	15.72306	
Hadsel - Innbjør - Prestfjellet	68.51889	14.91889	
Hadseløya - Husbykollen	68.51917	14.89444	
Vesterålen - Møysalen	68.52667	15.45083	
Stokkåsen, Tjeldøya	68.52806	16.41611	
Bogen i Ofoten.Stortinden	68.52806	16.95083	
Kvitfjellet/Fjelldalsheia	68.53056	16.56111	
Bogen I Ofoten.Hjemme hos Jack	68.53306	17.00667	
Kopparfjellet/ Narvik/E10 mot Bjørnfjell	68.535	17.84722	
Hoklandsnyken - Hadsel - Ånnstad	68.53667	14.68694	
Hennesheia. Kaldjord	68.53722	15.23278	
Hadsel - Storheia	68.54417	14.86889	
Hadsel - Ørnheia	68.54556	14.90472	
Hadsel - Nils-Svensketind	68.54722	14.8225	
Hadsel - Lamlitinden	68.55139	14.67111	
Hadsel - Hadselåsen - Aksla	68.55417	14.92833	
Hadsel - Bergvikfjellet (Vardheia)	68.55556	14.82639	
Hadsel - Tanipa	68.55639	14.65139	
Hadsel - Finnsæterkollen	68.56167	14.64	
Bogen i Ofoten.Fotballbanen Fellesarena PPG	68.56389	17.00333	
Hadsel - Stålberget	68.56472	14.75694	
Hårvika	68.56611	16.42389	
Hinnøya, Kvitneshesheia	68.56694	15.26806	
Snøtinden	68.56833	16.02917	
Bjerkvik, Haugfjellet	68.56861	17.51667	
Hadsel - Teigan	68.57278	14.67028	
Evenskjer, Grøneng Ppg.	68.57583	16.59056	
Hadsel - Dragnes	68.57694	14.69111	
Stokmarknes lufthavn	68.58083	15.02167	
Rødsand heia / Blokken tindan	68.58167	15.34694	
Sætertinden Hårvik	68.58694	16.36222	
Nordland, Hadsel, Sandnesåsen/Hovshatten	68.58917	14.92139	
Kvæfjord - Reinspælen	68.59322	15.69865	
Haukebøtinden	68.59611	16.39778	
Hadsel - Langøya - Hallartinden	68.60056	14.94389	
Hadsel - Langøya - Vikfjellet	68.60278	14.92361	
Hadsel - Nattmålstuva, Grytting,	68.615	15.06778	
Erikstad PPG	68.61583	15.82833	
Jakobtinden	68.61583	16.18278	
Revtind Sør-Troms	68.61667	17.31833	
Gullesfjorden - Langvassbukta - vinsjstart	68.61806	14.76722	
Bø i Vesterålen, Bø, Høyberget	68.62389	14.53056	
Nordland, Bø i Vesterålen, Svinøybogen	68.62472	14.43528	
Geitbergknultran, Bø	68.62667	14.51722	
Bø, Bjørnberget	68.63389	14.54861	
Hadsel - Langøya - Fleinesskollen	68.63389	14.85278	
Austefjorden, Innenfor Refsnes	68.63701	16.06576	
Bø i Vesterålen, Bø, Vetten	68.63944	14.54278	
Gryttingdalen, Langøya, Sortland	68.63944	15.12889	
Reinfjellet, Kvæfjord	68.64833	16.01167	
Bø i Vesterålen, Fjærvollfjellet/Gimstad	68.64861	14.46472	
Frakkmannen - Sigerfjord	68.64889	15.57028	
Galten, Sigerfjord	68.65	15.52917	
Tovikfjellet	68.65028	16.88694	
Bones, Blåfjellenden	68.65056	18.29333	
Bø, Rambergtinden	68.65361	14.555	
Skata	68.65672	15.13217	
Nordheia, Kjerringnesdalen, Sortland	68.65833	15.64167	
Harstad - Storbakkan	68.66194	16.41	
Guvåg	68.6625	14.75417	
Naddan, Bø	68.66667	14.45	
Bakåsen,Sandstrand,Troms	68.67071	16.80083	
Svartberget, Altevann	68.67083	18.84861	
Bø, Søbergsfjellet	68.67139	14.40694	
Gressholman (kite)	68.67167	16.62278	
Harstad, Finnslettheia	68.67222	16.43333	
Stortinden, Bogen, Gullesfjord	68.67389	15.87639	
Blåheia - Sigerfjord	68.67417	15.54972	
Åsen,Sandstrand	68.67694	16.82778	
Bones Håkstadfjellet	68.67833	18.20611	
Gratangsfjellet/Spanstind	68.6811	17.84732	
Gratangsfjellet/Spanstind SV	68.68139	17.79306	
Revsnestind, Kvæfjord	68.68778	16.06389	
Bø i Vesterålen, Skårvågfjellet	68.68833	14.42472	
Stortinden,Flesnes, Kvæfjord	68.68833	15.82889	
Sortland, Steiroheia	68.69111	15.33972	
Svellen	68.69389	17.01778	
Harstad, Sørvikfjellet	68.69472	16.47889	
Sortland - Holmstaddalen - Durmålskollen	68.69889	15.21944	
Sortland - Strandheia	68.7	15.5	
Tverfjellet, Kvæfjord	68.70111	16.13556	
Nordvika/Furuly	68.70306	16.58361	
Hatten, Bardu	68.70583	18.0575	
Sortland, Valfjordkollen	68.70639	15.15361	
Kvitesteinen, Årstein, Gratangen	68.70778	17.56528	
Sortland, Sørfjord	68.70944	15.61389	
Sortland Holmstad Bjerke-PPG	68.71306	15.20528	
Nordland, Sortland, Karrhaugen	68.71333	15.37278	
Skredtinden - Sørfjorden	68.71472	15.70583	
Sortland, Ånstadblåheia	68.7175	15.31389	
Sortland Holmstad vinsjestart	68.7201	15.15147	
Kvæfjord, Hemmestad (V)	68.72639	16.0925	
Nordland, Sortland, Bygdåsen	68.72861	15.39722	
Harstad, Blåhatten	68.73083	16.46444	
Storberget, Østerdalen, Bardu	68.73083	18.68556	
Kvæfjord, Hemmestad PPG	68.73361	16.05222	
Bø Kråkhaugen PPG	68.73917	14.72833	
Sortland - Eidsfjord - Valneset	68.73972	15.0825	
Harstad, Hinnstein	68.74722	16.50278	
Kveøya PPG SØ	68.74972	16.17139	
Harstad - Steinsåsen vest	68.75694	16.43139	
Harstad, Heia	68.75889	16.51028	
Bø i Vesterålen, Sandvikhalsen/Bufjellet	68.75917	14.48333	
Gardløyshaugen	68.75944	16.11361	
Sortland - Vikøya	68.76056	15.335	
Sortland, Svellingen	68.76111	15.48889	
Pevassfjellet	68.76194	16.48056	
Åbrulsen	68.76389	16.1025	
Kveøya toppstarten	68.76917	16.09	
Kvæfjord, Strand	68.77	16.20861	
Lifjell	68.77417	18.28056	
Kvæfjord, Borkenes.	68.77806	16.16972	
Oppdal flyplass, Fagerhaug	68.77861	16.52861	
Nordland, Bø i Vesterålen, Nykvåg, Gårdsnyken	68.77917	14.45833	
Stangnesbasen industriområde Harstad	68.78083	16.59194	
Svellen Skånland	68.78417	16.14806	
Trastad (Borkenes)	68.78472	16.14444	
Bø, Nykvåg/Hovden	68.78528	14.53333	
Sortland - Nordheia	68.78528	15.29278	
Drøshågen (Fellesbeitet på Kvæfjordeidet) - kursbakke og PPG	68.78611	16.35139	
Harstad Rødmyra PPG	68.78972	16.42389	
Sortland, Vikheia	68.79139	15.23	
Bardu Setermoen Lifjellet	68.79167	18.24444	
Harstad - Sollifjellet - Sollia PPG	68.7925	16.40333	
Harstad Åsegarden PPG	68.79444	16.45167	
Kvæfjord - Daleskallan	68.79583	16.11944	
Harstad, Storlitinden	68.79667	16.30583	
Steingården (Kvæfjord) PPG	68.79972	16.10972	
Harstad, Kilhusåsen	68.80306	16.45222	
Harstad - Sollifjellet - Sollia	68.80389	16.36667	
Kilhusveien "International Airport"	68.80556	16.50222	
Øksnes Torsetheia	68.80639	14.94167	
Kvæfjord, Raudmoldheia - Rødmollheia	68.80639	16.19278	
Øksnes Torset PPG	68.80972	14.9325	
Harstad, Samaåsen	68.81028	16.52639	
Kvæfjord, Utstrand	68.81222	16.09556	
Bardu Setermoen Blåberget	68.81667	18.55	
Nontua Harstad	68.8175	16.33889	
Elda, Kvæfjord (PPG)	68.82361	16.09417	
Blåbergenden, nær Setermoen, Bardu	68.82611	18.55889	
Harstad Storhornet	68.82722	16.21611	
Meraftesfjellet	68.83306	16.23861	
Høgskardfjellet, Dividalen Troms	68.84028	19.50944	
Harstad Keipen	68.84111	16.35417	
Tindstind aka Tinden, Bø i Vesterålen	68.84528	14.76194	
Kvæfjord - Molvika	68.84556	16.15639	
Øksnes-Steinlandsfjorden-Flatholmen	68.84639	15.11611	
Bardu Setermoen Steilia	68.8575	18.42333	
Harstad Nupen	68.85917	16.24611	
Litjehornet	68.86167	16.38028	
Bardu Setermoen Holtet	68.86972	18.40778	
Indre Aun	68.87179	16.34774	
Elvenes Salangen - ENLV	68.87194	17.99222	
Kjøtta PPG	68.87389	16.68889	
Dividalen - Skrubben (nær Devdisvatnet)	68.87417	19.61556	
Flåget, Sjøvegan, Salangen.	68.87778	17.96861	
Myre Staven	68.88056	15.10056	
Øksnes, Myre, Reinøya	68.88444	15.02222	
Øksnes Skogsøya sø	68.88806	14.97972	
Dalenakken, Sjøvegan, Salangen.	68.8925	17.70444	
Millagalten, Grytøya	68.89444	16.52806	
Andøya, Gavltinden S/E	68.895	15.46333	
Nonskollen, Alsvåg, Øksnes Kommune	68.9	15.27583	
Bardu Setermoen Orta	68.905	18.28139	
Grytøy, Nordtinden	68.90611	16.56306	
Skredfjellet, Godfjord, Hinnøya	68.91556	15.88111	
Kvitfjellet, Andørja	68.91583	17.25028	
Myre Myrtinden	68.91861	15.08056	
Setermoen, Storala	68.91917	18.28556	
Skogsøya Sørsanden Øksnes kommune	68.92046	14.88547	
Sørsanden Nord	68.92361	14.87472	
Salangen, Løksebotnfjellet	68.94306	17.70139	
Løksebotnfjellet	68.94361	17.69528	
Andøya, Lovikfjellet	68.94472	15.72556	
Grytøy, Fenes	68.94778	16.60194	
Stormofjellet, Bardu	68.95167	18.54611	
Veten, Sandsøy, Bjarkøy Kommune	68.95401	16.69974	
Steinvannet, Salangen	68.96333	18.08583	
Istindelva, Bardu	68.97	18.54389	
Øksnes, Vottestad	68.97306	15.03556	
Øksnes, Finngamheia	68.99028	15.06528	
Bjarkøy PPG	68.99139	16.515	
Alapmoen ppg	68.99611	19.02139	
Alaplia Målselv	68.99694	19.03889	
Skrådalsheia, Stø, Øksnes	69.0	15.13556	
Øksnes, Nyksund	69.00028	15.02556	
Andøya, Bjørnskinnsfjellet	69.0025	15.63333	
Geithammarn Skøvatnet	69.00778	17.92194	
Bømyran	69.01	15.50056	
Mellomrundfjellet, Skøvatnet, Dyrøy kommune	69.01056	17.82056	
Ryggen, Skøvatnet, Sørreisa	69.02639	17.94028	
Steinfjellet, Dyrøy kommune	69.02694	17.935	
Mauken - Kalvehauet	69.02722	19.23833	
Andøya, Åseåsen	69.02944	15.81806	
Kautokeino flystripe, PPG start	69.04	23.03361	
Rostadaksla	69.0425	19.52778	
Stormauken, Målselv	69.06	18.96361	
Andøya - Åbergsaksla	69.06333	15.81222	
Reingjerdfjellet -Øverbygd	69.06583	19.38917	
Senja, Skrolsvik, Nordtuva	69.0775	16.82806	
Myrefjell - Målselv fjellandsby	69.08083	18.7475	
Senja, Åkollen	69.08611	16.98111	
Senja, Skrolsvik, Sjursviktinden	69.09111	16.82306	
Akselfjellet - Fjellfroskvannet	69.09203	19.41529	
Senja, Frovåg, Eidetind	69.09306	17.12222	
Andøya, Veten	69.09611	15.87333	
Andøya, Sellevollfjellet	69.09722	15.86194	
Svartåsen Sørreisa	69.09806	18.21944	
Andøya, Skavdalsheia	69.11028	15.77944	
Andsfjell, Bardufoss	69.11417	18.53833	
Andsfjellet - Målselv	69.11917	18.52194	
Storfjord Sukkertoppen (Finskegrensa)	69.12222	20.72111	
Blåtinden, Skardaksla	69.16667	18.75	
Andøya, Arnipa	69.17333	15.95111	
Lysheia, Sørreisa	69.17361	18.15861	
Andøya, Tverrfjellet 298moh, Stave	69.19417	15.90167	
Sørdalen øverst i Kitdalen i Storfjord	69.19583	20.16833	
Vesterfjell Senja	69.19639	17.67472	
Nordkjosbotn, Furuholtet	69.2	19.70139	
Maridalen karasjok	69.20028	25.69028	
Gullhav, Olsborg, Målselv.	69.20083	18.49722	
Mårfjellet - Fisklausvannet	69.225	18.84083	
Andøya, Høyvika	69.22528	15.8675	
Nordkjosbotn,Storvanet.Thershaugen	69.23056	19.59444	
Finnsnes	69.24611	18.04111	
Andøya, Einletten	69.24639	16.04111	
Rundfjellet-Otern-Storfjorden	69.24944	19.82806	
Førstefjellet, Senja	69.25694	17.45833	
Andøya, Laupen	69.25917	15.90444	
Andøya, Fiskenes	69.26028	16.14667	
Troms, Balsfjord, Josefvatnet Storsteinnes	69.26361	19.12528	
Andøya, Storslettneset	69.26667	15.92222	
Andøya, Bleik	69.26667	16.0	
Storfjord, Grusbanen på Melneset	69.26667	19.91944	
Målselv Keianesfjellet/Reinhaugen	69.26972	18.675	
Troms, Storfjord, Melen	69.27583	19.88583	
Andøya, Ramnan (Alomarfjellet)	69.27806	16.00667	
Kistefjell Lenvik kommune	69.28861	18.12417	
Tennesfjellet - Balsfjord	69.29127	19.25408	
Durmålsfjellet Senja	69.29139	17.00333	
Andøya, Andhauvet	69.2925	16.03944	
Andøya, Andhue 288moh, 4 km utenfor Andenes sentrum	69.29361	16.03806	
Andhuet	69.29417	16.03889	
Iskoras, Karasjok	69.29556	25.36667	
Svanfjellet, Kaperdalen	69.29972	17.40306	
Kaperdalen, Senja	69.30306	17.31361	
Fugltinden, Malangen, nær Tromsø	69.31964	19.19928	
Troms, Storfjord, Råa	69.33722	19.97444	
Skredtinden, Malangshalvøya, Balsfjord	69.3475	19.04056	
Haugafjell ved Mestervik	69.34861	18.97222	
Storfjord Njirran (Tunneltaket)	69.35194	19.98389	
Haugafjell ved Malangseidet	69.36583	19.00333	
Troms, Storfjord, Strandeng	69.36667	20.02639	
Senja, Ballesvikskaret	69.36833	17.10667	
Troms, Storfjord, Storeng	69.37	20.01722	
Troms, Storfjord, Apaja	69.37889	20.22889	
Laksvatnbukta, Balsfjord nær Tromsø	69.37972	19.34028	
Troms, Storfjord, Steindalen	69.38583	20.04167	
Troms, Storfjord, Rastebyfjellet	69.4	20.09472	
Troms, Storfjord, Rastebynes	69.40611	20.14167	
Kvannfjellet, Malangen, nær Tromsø	69.40769	18.81261	
Hamn i Senja, Nikkelverket PPG start	69.41167	17.15944	
Andersdaltinden-Lavangsdalen-Tromsø	69.41722	19.22528	
Slettinden, Malangshalvøya, Balsfjorden	69.43056	18.82306	
Geita, Lysnes, Senja	69.43111	17.93194	
Bukken, Lysnes, Senja	69.43333	17.86417	
Senja, Elverlandstuva	69.45	17.79	
PPG Karasjok-Golfbanen	69.46278	25.51833	
Finnsnes, Sørvika, Aglapsvika	69.46953	18.23456	
Karasjok Idrettsplass PPG	69.47028	25.51778	
Tromsø, Øvre Andersdal	69.47556	19.105	
Karasjok, Slalombakken	69.47583	25.48806	
Birtavarre,Kåfjord	69.49111	20.84972	
Tromsø-Andersdalen-Gorzelvtinden	69.4975	19.1175	
Senja, Fjordgård, Segla	69.50694	17.6025	
Bentsjordtinden	69.51444	18.64583	
Gahperus, Reisadalen i Nordreisa, Troms.	69.5175	21.33611	
Tromsø, Sandvik, Ramberget	69.52694	18.16722	
Kvalvikdalen, sør for Lyngseidet	69.52694	20.17139	
Tromsø, Bakkejord	69.52833	18.22333	
Senja, Botnhamn, Kvanaksla	69.52889	17.86944	
Tromsø, Moltebærhaugen nær Bakkejord "Jubileumsflystedet"	69.53194	18.375	
Kvalviktinden, over Karnes ved Lyngseidet	69.53194	20.09639	
Svartfoss, Reisadalen i Nordreisa, Troms.	69.54278	21.40389	
Fagerfjellet, Ramfjorden	69.56	19.22778	
Berg, Indre Berg, Tromsdalen	69.56194	18.95278	
Tromsø, Ramfjord, Hamperokken/Middagsaksla	69.57472	19.33167	
Tromsø, Ramfjorden	69.575	19.13194	
Tromsø, Kvaløya, Sørvikaksla	69.57861	18.01806	
Lyngseidet, fjellet nord for sentum	69.58694	20.21806	
ppg start. jøvik, Troms	69.59528	19.90972	
Tromsø, Skarmunken, Ramndalen	69.59667	19.67472	
Tromsø - Gabrielfjellet -	69.60278	19.42278	
Vardaksla. Brensholmen	69.60528	18.09528	
Tromsø, Tromsdalstinden	69.60556	19.14167	
Hjellneset Ullsfjord	69.60667	19.73972	
Olderdalen, Giilavarri	69.61722	20.56639	
Olderdalen, Kåfjord i Lyngen, Troms	69.61778	20.52583	
Tromsø, Fløya	69.61917	18.99833	
Tromsø, Kvaløya, Lakstinden	69.62278	18.13889	
Tronsø Durmålstinden, kattfjordeidet	69.62306	18.45056	
Idjajavri	69.62806	25.31306	
Tromsø, Breivikeidet, Håkjerringdalen	69.6325	19.715	
Tromsø, Fjellheisen	69.63361	18.98917	
Sommarøy Troms	69.63694	18.00583	
Vasstinden-Kvaløya-Tromsø	69.63833	18.28694	
Tronsø Straumsaksla, kattfjordeidet	69.63975	18.51297	
Tromsø, Hillesøya	69.64	17.96944	
Tromsø, Tverrfjellet	69.65083	18.44333	
Fyllinga Tromsdalen	69.65083	18.99167	
Tromsø, Kattfjordeidet, Kvaløya, 533 aksla	69.66222	18.5225	
590-berget, Kattfjordeidet, Kvaløya, Tromsø	69.66417	18.49	
Tromsø Alpinsenter	69.6646	19.06384	
884-berget, Kattfjordeidet, Kvaløya, Tromsø	69.66847	18.52219	
Tromsø, Kvaløya, Stortuva	69.67	18.22389	
Tromsø Skittentinden, Kattfjordeidet	69.675	18.44389	
Tromsø, Breivikeidet, Stormheimfjellet	69.67667	19.63611	
Tromsø, Breivikeidet	69.67667	19.63611	
Tromsø, Hatten Ersfjorden	69.67897	18.56472	
Kirkenes - Verigasfjellet	69.68667	30.0525	
Akselkollen, Tromsø	69.69611	18.79917	
Alta - EahpÃ rasoaivi	69.69944	23.42389	
Tromsø, Ersfjorden	69.70028	18.63944	
Storsteet, Nordreisa	69.70281	21.11736	
Kirkenes - Kjerringstupet	69.71722	30.07667	
Skamtinden, Kvaløya, Tromsø	69.71947	18.33983	
Hollendaren Kvaløya	69.72028	18.45389	
Kirkenes - Dagbruddet ved AS Syd-Varanger	69.72031	30.02081	
Tromsø, Storstolpan, (Rekvika)	69.7275	18.40972	
Prestøya ved Kirkenes sykehus	69.72833	30.08556	
Njoammelrohtu Kirkenes	69.7325	29.67806	
Stor-Kjølen, Kvaløya, Tromsø	69.73337	18.78722	
Tromsø, Store Blåmann	69.735	18.6	
Tromsø, Mannhaudalshaugen	69.73923	18.87031	
Høybukt Kirkenes Finnmark	69.73972	29.87167	
Tromsø, Rekvika	69.74278	18.32611	
Tromsø, Oldervika	69.74667	19.67417	
Tromsø, Slakterihaugen	69.74944	18.87361	
Tromsø, Finnvikdalen	69.75611	18.8675	
Sagåsen, Storslett, Nordreisa	69.75806	20.99111	
Spåkenes, Kåfjord	69.75861	20.4725	
Hysingjordfjellet, Hysingjord, Nordreisa	69.76111	21.14972	
Dødningkløfta, Jotka, Alta	69.76139	24.02667	
Tromsø, Skjellvika	69.76611	18.63583	
Kristianaksla, Rotsund, Nordreisa	69.76667	20.58417	
Grøtfjord, Tromsø	69.76889	18.53556	
Tromsø, Tverrfjellet v. Småbakkan	69.77064	18.58358	
Tromsø, Tromvik, Ramnafjellet	69.77417	18.45083	
Tromsø, Svarthammartinden	69.775	19.61583	
Tromsø, Grøtfjorden	69.77583	18.54972	
Tromsø - Oldervik, Auskarnakken	69.77778	19.71639	
Tromsø, Snarbyeidet	69.77833	19.51167	
Tromtinden, Kvaløya, Troms	69.78	18.3575	
Tromsø, Grøtfjord, Smørstabbvatnet	69.78389	18.54972	
Skavvika Tromsø	69.78583	18.74917	
Tromsø, Skulsfjorden, Lilleløkken	69.80306	18.73889	
Langdaltinden-Breivikeidet-Tromsø	69.81278	19.21944	
Tromsø, Skulsfjorden, Øvredalsstarten	69.81306	18.77722	
Gargialia	69.81306	23.50611	
Kvitfjellet, Straumfjordbotn, Nordreisa	69.81333	21.12	
Skulgamtinden-Ringvasøya-Tromsø	69.82417	19.18028	
Rundfjellet -sør, vest og øst - Nord-Lenangen, Lyngen	69.82639	20.08222	
Nordtinden, Skulsfjord, Tromsø	69.8275	18.74278	
Goalsenjunis, Levajok	69.82806	26.25528	
Cudnogaisa, Straumfjord i Nordreisa, Troms.	69.83333	21.25	
Rundfjellet - Øst/Vest, Nord-Lenangen, Lyngen.	69.84889	20.11861	
Nordfjellet- Ringvassøya	69.84917	19.23167	
Peskafjellet	69.85278	23.275	
Svensken-Mathisdalen	69.85883	22.88436	
Rundfjellet - nord og vest - Nord-Lenangen	69.86167	20.135	
Ringvassøya, Kårvik	69.87222	18.91111	
Detsika, Alta	69.875	23.33333	
Lusryggen, Mattisdalen - Norway	69.87556	22.83222	
Båtnes flystripe - Nord-Lenangen, Lyngen kommune.	69.87722	20.07889	
Malingsfjellet, Kvænangsfjellet i retning Kvænangen.	69.88778	21.61056	
Baddereidet, Kvænangen.	69.89167	21.97278	
Lassofjellet, Nord-Lenangen(Lyngen)	69.89333	20.20056	
Kvænangsfjellet, sør for gildetun, Kvænangen	69.89444	21.57917	
Grustaket, Oksfjord i Nordreisa	69.89972	21.31861	
Gurpmotvarri, Alta	69.90194	23.06861	
Store Reipas, Alta	69.90889	23.30861	
Hesafjellet, Nord-Lenangen (Lyngen)	69.91806	20.21667	
Danskefjellet, Oksfjord i Nordreisa, Troms.	69.92083	21.37083	
Alta - Fedontunturi	69.92333	23.32944	
Storeng, Oksfjord i Nordreisa, Troms.	69.925	21.22389	
Halkavarre Målbu - PPG	69.92778	25.27333	
Øvre Storfjellet,Kåfjord,Alta	69.92944	22.9675	
Grønnlivannet Ringvasøy Troms	69.94028	19.28167	
Storfjellet, Kåfjord, Alta	69.94694	23.00444	
Auskarnes, Alta	69.96194	23.13833	
Lyngstuva, Nord-Lenangen(Lyngen)	69.97306	20.26444	
Alta Nerskogen Østlyngen #1	69.97306	23.44472	
Komsatoppen, Alta	69.98444	23.2825	
Tolvtinnan , Talvik	70.00833	22.94472	
Brannsletta, Nesseby (sørsida av Varangerfjorden)	70.00853	29.2158	
Ringvassøya, Kjerringvika	70.01917	19.60083	
Rundfjellet - Langfjordbotn	70.01944	22.25361	
Laslettind - Alteidet	70.03639	22.03944	
Mikaltinden, Kvænangen.	70.03722	22.09778	
Skjervøy Lailafjellet	70.0375	20.95583	
Kistafjellet Russeluft Alta	70.0375	23.39444	
Arnøya, Ørnhammaran	70.04111	20.62	
Alta Alpinsenter	70.04177	23.53868	
Alta - Rentecohkka	70.05583	23.56667	
Laneskollen, Vannøya	70.05667	19.89222	
Tana, Polmak StuorraskÃ¡idi	70.06047	28.02434	
Vannøya-Sussannabakk-kollen	70.065	19.91194	
Vannhaugen, Vannvåg, Vannøya	70.07917	19.97222	
Vanntinden, Vannøya	70.09272	19.7722	
Alta - Nussir	70.09583	23.53417	
Vannøya, Jøvik, Fakken	70.10278	20.06806	
Djupvikhauan, Kviby	70.10833	23.36556	
Helligfjell,Toften,Alta	70.11444	22.93056	
Vannøya, Vannavalen. Svartvatnan	70.11639	19.94194	
Jamteberget, Varangerfjorden mellom Krampenes og Skallelv	70.12167	30.24944	
Leirbotnvann, lavstarten, Alta	70.12361	23.57222	
Mortensnesfjellet - Vestre Jakobselv	70.13194	29.03278	
DuonnavÃ rri, Kviby	70.13278	23.38944	
Mortensnes vest- Storfjellet - Vestre Jakobselv	70.13306	28.99194	
Nesseby - Hammernes	70.14444	28.93639	
Biggas, Alta	70.15556	23.74306	
Levdunfjellet, Sennaland	70.15694	23.74444	
Steikbukta, Skillefjordnes	70.15972	23.28722	
Lismajok PPG	70.16111	28.195	
Øksfjord	70.16306	22.30111	
Okseberget, Sennaland	70.16667	23.86667	
Sennaland, Hæstavarri	70.17399	23.81003	
Vannøya, Burøysund, Kuhammaren (Kvalkjæften)	70.20917	19.73806	
Komagneset, Komagvær (Varangerfjorden, mellom Vadsø og Vardø)	70.21	30.455	
Storfjellet, Storekorsnes, Alta	70.21111	23.27389	
Holmfjell/ Skallelv (Varanger)	70.21833	30.30472	
Myrnesfjellet (Nuvsvåg)	70.23333	22.01667	
Kollaren (Bergsfjord, Loppa)	70.24028	21.80667	
Holmfjellet nord / Komagdalen (Komagvær, Varanger)	70.24139	30.35306	
Tana, Lievlan sør/sørøst	70.25583	28.24	
Tana, Lievlan - kollen (sør/sørvest)	70.26167	28.20639	
Tana, Lievlandfjeldet	70.26333	28.23889	
Gullmundstind (Bergsfjord, Loppa)	70.26667	21.83333	
Tana, Lievlan vest	70.28	28.19139	
Båtdalen, Aisaroivi	70.28917	24.13667	
Nedre Domen, Varanger, Vardø	70.30833	31.02583	
Holmfjell, Tana	70.31778	28.15167	
Domen, Varangerhalvøya (Vardø kommune)	70.33611	30.03361	
Matduottarcohkka, Austertana i Tana	70.42972	28.46861	
Åuovvarnjunni, Repparfjord	70.45861	24.34722	
Solhaugen, Neverforden, Kvalsund	70.4625	23.84722	
Bøttafjellet - Falleberget ved SKAIDI	70.46463	24.46422	
Hasvik, Håen	70.47685	22.13079	
Storfjellet / Cuoldanjarvarri i Tana	70.48222	28.42667	
Hasvik, Navaren	70.49778	22.16389	
Stallogargo, Kvalsund	70.52351	23.95573	
Vagge- Austertana	70.52572	28.45345	
Brenna	70.52833	25.78583	
Ovnen, Hamningberg, Vardø	70.53694	30.5625	
Båtsfjord, Spira	70.53833	30.63139	
Storbukta, Kvaløya, Finnmark	70.54417	23.9775	
Børselvfjellet	70.54972	26.12389	
Kjæs	70.56056	25.84944	
Grøtneset/Prestesalen i Hammerfest Kommune	70.56361	23.73917	
Molstrandneset, Hammerfest	70.59833	23.67639	
Beahkkirrassa på Nordkyn	70.61417	27.30639	
Hammerfest, Tyven	70.64	23.69861	
Hammerfest, Storsvingen	70.65456	23.66306	
Hammerfest, Breilia	70.66583	23.71861	
Hammerfest skytebane	70.67417	23.71139	
Storfjellet Hammerfest	70.68833	23.66889	
Muvrvarri Forsøl	70.72796	23.7552	
Berlevåg - Storsteinbukta	70.8145	29.25073	
Nordkapp,Honningsvåg,Veidnesbukta	70.9525	25.71389	
Jan Mayen Blåsåsen	70.96528	-8.61778	
Jan - Mayen Kvalrossbukata	70.96725	-8.66672	
Kvalvikfjellet, Havøysund	70.98111	24.62778	
Nordkap - Honningsvåg - gravelroad to antennas	70.99667	25.90583	
Nordkap - Honningsvåg - parkingspot by the road	71.02758	25.85012	
