# name	country	lat	lon	population
Andorra la Vella	AD	42.5078	1.5211	20430
les Escaldes	AD	42.5073	1.5341	15853
Encamp	AD	42.5347	1.5801	11223
Sant Julià de Lòria	AD	42.4637	1.4913	8022
la Massana	AD	42.545	1.5148	7211
Canillo	AD	42.5676	1.5976	3292
Ordino	AD	42.5562	1.5332	3066
Tirana	AL	41.3274	19.8187	418495
Durrës	AL	41.3235	19.4547	195920
Vlorë	AL	40.4696	19.4838	115261
Elbasan	AL	41.1114	20.0822	100903
Shkodër	AL	42.0683	19.5126	95553
Lushnjë	AL	40.9419	19.705	63135
Berat	AL	40.7058	19.9522	62232
Korçë	AL	40.6186	20.7808	58259
Fier	AL	40.7251	19.5582	56297
Krujë	AL	41.5092	19.7928	51191
Pogradec	AL	40.9025	20.6525	46070
Kukës	AL	42.0769	20.4219	36125
Kuçovë	AL	40.8003	19.9167	31077
Kavajë	AL	41.1856	19.5569	30012
Bulqizë	AL	41.4917	20.2219	26826
Gjirokastër	AL	40.0758	20.1389	23437
Librazhd	AL	41.1794	20.315	23312
Patos Fshat	AL	40.6428	19.6508	22679
Sarandë	AL	39.8753	20.0048	22613
Rrashbull	AL	41.3228	19.5103	20099
Lezhë	AL	41.7836	19.6436	18695
Fushë-Krujë	AL	41.4783	19.7178	17877
Peqin	AL	41.0461	19.7511	16580
Patos	AL	40.6833	19.6194	16000
Peshkopi	AL	41.685	20.4286	14710
Cërrik	AL	41.0317	19.9758	14269
Shijak	AL	41.3456	19.5672	14138
Sukth	AL	41.3806	19.5378	13395
Laç	AL	41.6356	19.7131	12854
Librazhd-Qendër	AL	41.1969	20.3356	12691
Xhafzotaj	AL	41.3444	19.5475	12381
Tepelenë	AL	40.2958	20.0192	11955
Gramsh	AL	40.8697	20.1844	11556
Kamëz	AL	41.3817	19.7603	11026
Thumanë	AL	41.5475	19.6778	10719
Kutalli	AL	40.7839	19.7867	9643
Nikël	AL	41.4442	19.7483	9518
Zall-Herr	AL	41.3894	19.8275	9389
Otllak	AL	40.7439	19.9353	9218
Perondi	AL	40.7789	19.9231	9005
Shushicë	AL	41.0975	20.1483	8731
Velabisht	AL	40.7017	19.9322	8453
Rajcë	AL	41.0903	20.5764	8421
Mamurras	AL	41.5775	19.6922	8282
Novoselë	AL	40.625	19.4669	8209
Përmet	AL	40.2336	20.3517	7980
Burrel	AL	41.6103	20.0089	7928
Ersekë	AL	40.3378	20.6789	7890
Klos	AL	41.5069	20.0867	7873
Poshnjë	AL	40.7803	19.8442	7375
Bilisht	AL	40.6275	20.99	7287
Ura Vajgurore	AL	40.7689	19.8778	7232
Manzë	AL	41.4286	19.5931	7185
Rrogozhinë	AL	41.0764	19.6653	7049
Golem	AL	40.9678	19.6853	6994
Shëngjin	AL	41.8136	19.5939	6963
Selenicë	AL	40.5306	19.6358	6912
Rrëshen	AL	41.7675	19.8756	6773
Divjakë	AL	40.9967	19.5294	6713
Roskovec	AL	40.7375	19.7022	6657
Pukë	AL	42.0444	19.8997	6495
Papër	AL	41.0517	19.9608	6348
Delvinë	AL	39.9511	20.0978	6166
Përrenjas	AL	41.0731	20.5489	5847
Hotolisht	AL	41.1567	20.3972	5706
Kozarë	AL	40.8308	19.9006	5622
Petrelë	AL	41.2531	19.8531	5542
Shupenzë	AL	41.53	20.4236	5503
Zharrëz	AL	40.7092	19.6497	5236
Ndroq	AL	41.2639	19.6558	5035
Ishëm	AL	41.5453	19.6	5001
Yerevan	AM	40.1776	44.5126	1144700
Gyumri	AM	40.7931	43.8464	114667
Vanadzor	AM	40.8074	44.497	78100
Abovyan	AM	40.2717	44.6334	50556
Hrazdan	AM	40.5169	44.7559	49500
Vagharshapat	AM	40.1656	44.2946	47989
Armavir	AM	40.1555	44.0388	29700
Masis	AM	40.066	44.4367	23136
Artashat	AM	39.9548	44.5487	22800
Charentsavan	AM	40.4029	44.6445	22071
Sevan	AM	40.548	44.9531	19652
Artik	AM	40.6192	43.9721	18145
Ashtarak	AM	40.2976	44.3615	17600
Ararat	AM	39.8549	44.6947	17598
Dilijan	AM	40.7404	44.8634	15914
Spitak	AM	40.8313	44.2702	13574
Yeghvard	AM	40.3229	44.4842	13238
Alaverdi	AM	41.0977	44.6732	12152
Vedi	AM	39.9129	44.7208	12060
Stepanavan	AM	41.01	44.3853	11982
Byureghavan	AM	40.3133	44.5969	11819
Nor Hachn	AM	40.303	44.5831	10460
Ayntap	AM	40.0966	44.4646	10433
Akhuryan	AM	40.7808	43.9004	9619
Metsamor	AM	40.1446	44.1148	9450
Nor Kharberd	AM	40.0917	44.4805	8766
Garni	AM	40.1193	44.7344	8347
Ararat village	AM	39.8317	44.7049	8287
Tashir	AM	41.1192	44.2865	7840
Arinj	AM	40.2336	44.5821	7626
Zovuni	AM	40.2331	44.5113	7483
Parakar	AM	40.1639	44.4057	7083
Nor Geghi	AM	40.3167	44.5778	7048
Jrvezh	AM	40.1889	44.6241	6987
Kasakh	AM	40.2356	44.4516	6756
Aragatsavan	AM	40.3212	43.6621	6580
Sardarapat	AM	40.1321	44.0097	6539
Proshyan	AM	40.2473	44.4195	6238
Aparan	AM	40.593	44.3595	6167
Metsavan	AM	41.2016	44.2288	6020
Mrgashat	AM	40.1228	44.0658	6004
Gugark	AM	40.8046	44.5403	5809
Azatan	AM	40.7196	43.8273	5655
Maralik	AM	40.5759	43.8706	5462
Oshakan	AM	40.2639	44.3167	5237
Vosketap	AM	39.8811	44.6492	5065
Mkhchyan	AM	40.0223	44.4917	5022
Vienna	AT	48.2085	16.3721	1691468
Graz	AT	47.0673	15.442	303270
Linz	AT	48.3064	14.2861	204846
Salzburg	AT	47.7994	13.044	157245
Innsbruck	AT	47.2627	11.3945	132493
Klagenfurt am Wörthersee	AT	46.6247	14.3053	100316
Villach	AT	46.6103	13.8558	58882
Eisenzicken	AT	47.276	16.2591	54353
Dornbirn	AT	47.4143	9.7419	49278
Wiener Neustadt	AT	47.8049	16.232	44820
Steyr	AT	48.0427	14.4213	38331
Feldkirch	AT	47.2364	9.5973	33420
Bregenz	AT	47.5031	9.7471	29806
Baden	AT	48.0054	16.2326	26286
Traun	AT	48.2209	14.2383	25345
Wolfsberg	AT	46.8406	14.8442	25035
Lustenau	AT	47.4264	9.6585	22821
Sankt Pölten	AT	48.2076	15.6372	21911
Mödling	AT	48.0861	16.2892	20555
Ansfelden	AT	48.2097	14.29	18251
Wels	AT	48.1667	14.0333	16857
Saalfelden am Steinernen Meer	AT	47.4268	12.848	16790
Hohenems	AT	47.3612	9.6869	16317
Stockerau	AT	48.3833	16.2167	16292
Klosterneuburg	AT	48.3052	16.3252	15614
Amstetten	AT	48.1229	14.8721	15559
Telfs	AT	47.3071	11.0682	15229
Bludenz	AT	47.1548	9.8225	15102
Perchtoldsdorf	AT	48.1193	16.2661	15047
Krems an der Donau	AT	48.4092	15.6142	14473
Wörgl	AT	47.4891	12.0617	13811
Schwaz	AT	47.3517	11.7101	13728
Hard	AT	47.4831	9.6831	13495
Hall in Tirol	AT	47.2833	11.5167	13334
Gmunden	AT	47.9184	13.7993	13191
Korneuburg	AT	48.35	16.3333	12986
Spittal an der Drau	AT	46.8	13.5	12880
Tulln	AT	48.3283	16.0586	12421
Schwechat	AT	48.1333	16.4667	12351
Ried im Innkreis	AT	48.2112	13.4886	11903
Brunn am Gebirge	AT	48.107	16.2847	11864
Rankweil	AT	47.2711	9.6431	11855
Lienz	AT	46.8289	12.769	11572
Knittelfeld	AT	47.2167	14.8167	11521
Götzis	AT	47.3331	9.6331	11473
Neunkirchen	AT	47.721	16.0811	11461
Gänserndorf	AT	48.3392	16.7202	11404
Sankt Veit an der Glan	AT	46.7681	14.3603	10841
Imst	AT	47.245	10.7397	10504
Lauterach	AT	47.4757	9.7294	10267
Strasshof an der Nordbahn	AT	48.3167	16.6667	10009
Laakirchen	AT	47.9819	13.8217	9861
Kufstein	AT	47.5833	12.1667	9848
Enns	AT	48.2135	14.4761	9812
Purkersdorf	AT	48.2077	16.1754	9701
Gerasdorf bei Wien	AT	48.2945	16.4676	9442
Sankt Johann in Tirol	AT	47.5233	12.4232	9428
Viktring	AT	46.5919	14.2692	9407
Wiener Neudorf	AT	48.0828	16.3138	9405
Voitsberg	AT	47.0444	15.1531	9403
Sankt Valentin	AT	48.1667	14.5167	9340
Weiz	AT	47.2167	15.6167	9221
Eisenstadt	AT	47.8456	16.5233	9217
Rum	AT	47.2833	11.45	9190
Guntramsdorf	AT	48.0469	16.3138	9179
Bruck an der Mur	AT	47.406	15.258	9093
Neu-Guntramsdorf	AT	48.0642	16.3157	9071
Berndorf	AT	47.9457	16.1097	9064
Attnang-Puchheim	AT	48.0083	13.7167	8908
Maria Enzersdorf	AT	48.1	16.2833	8829
Leibnitz	AT	46.7816	15.5384	8533
Judenburg	AT	47.1667	14.6667	8481
Wolfurt	AT	47.4667	9.75	8446
Deutschlandsberg	AT	46.816	15.215	8429
Finkenstein am Faaker See	AT	46.5608	13.8712	8406
Marchtrenk	AT	48.1902	14.1091	8394
Kitzbühel	AT	47.4464	12.3922	8272
Leoben	AT	47.379	15.094	8264
Neusiedl am See	AT	47.949	16.8417	8235
Zirl	AT	47.2741	11.2396	8162
Langenzersdorf	AT	48.3043	16.3614	8137
Höchst	AT	47.4593	9.6405	7995
Freistadt	AT	48.511	14.5045	7909
Wattens	AT	47.2942	11.5907	7881
Ebenthal	AT	46.6081	14.3642	7851
Seiersberg	AT	47.0	15.4	7728
Trofaiach	AT	47.4252	15.0068	7728
Landeck	AT	47.1399	10.5659	7725
Zell am See	AT	47.3231	12.7984	7619
Walbersdorf	AT	47.742	16.4205	7514
Vorchdorf	AT	48.0039	13.9212	7475
Bad Vöslau	AT	47.9653	16.2136	7469
Bischofshofen	AT	47.4167	13.2167	7457
Haid	AT	48.2048	14.2511	7424
Kottingbrunn	AT	47.951	16.2272	7417
Ternitz	AT	47.7156	16.0358	7378
Mattersburg	AT	47.7333	16.4	7349
Oberwart	AT	47.2897	16.206	7288
Hallein	AT	47.6833	13.1	7208
Jenbach	AT	47.3917	11.7724	7120
Absam	AT	47.2957	11.5059	7112
Vösendorf	AT	48.1211	16.3404	6990
Bruck an der Leitha	AT	48.0242	16.7757	6882
Hollabrunn	AT	48.55	16.0833	6882
Gratkorn	AT	47.1333	15.35	6806
Völs	AT	47.25	11.3333	6738
Reutte	AT	47.4833	10.7167	6704
Altach	AT	47.3544	9.6521	6624
Groß-Enzersdorf	AT	48.2028	16.5508	6616
Traiskirchen	AT	48.0149	16.2932	6608
Liezen	AT	47.5667	14.2333	6587
Kremsmünster	AT	48.0529	14.1292	6585
Hainburg an der Donau	AT	48.1463	16.945	6570
Wilhelmsburg	AT	48.1057	15.6054	6557
Mattighofen	AT	48.1073	13.1508	6524
Gallneukirchen	AT	48.3536	14.416	6492
Mistelbach	AT	48.57	16.5767	6463
Frastanz	AT	47.2174	9.6299	6434
Gleisdorf	AT	47.1056	15.7101	6418
Hörbranz	AT	47.55	9.75	6346
Fürstenfeld	AT	47.05	16.0833	6327
Neuhofen an der Krems	AT	48.1387	14.2276	6269
Pressbaum	AT	48.1833	16.0833	6237
Laa an der Thaya	AT	48.7167	16.3833	6206
Lichtenegg	AT	48.15	14.0	6163
Pöllau	AT	47.3	15.8333	6014
Mürzzuschlag	AT	47.6066	15.6723	5975
Kirchbichl	AT	47.5174	12.0963	5855
Micheldorf in Oberösterreich	AT	47.8776	14.1336	5854
Breitenfurt bei Wien	AT	48.1333	16.15	5853
Perg	AT	48.25	14.6333	5812
Oberndorf bei Salzburg	AT	47.9391	12.9511	5794
Gfangen	AT	47.3819	16.1011	5779
Lochau	AT	47.5333	9.75	5747
Fischamend	AT	48.1184	16.6121	5708
Hopfgarten im Brixental	AT	47.4498	12.1566	5630
Hart	AT	48.2653	14.2569	5610
Deuchendorf	AT	47.4659	15.3217	5507
Horn	AT	48.6627	15.6566	5494
Pinkafeld	AT	47.3709	16.1241	5438
Mühlau	AT	47.2833	11.4	5435
Himberg	AT	48.0833	16.4333	5331
Wölfnitz	AT	46.6664	14.2581	5316
Bad Hall	AT	48.0383	14.2077	5296
Vomp	AT	47.3333	11.6833	5283
Haag	AT	48.2706	14.2688	5273
Schärding	AT	48.4529	13.4372	5253
Kirchberg in Tirol	AT	47.4454	12.316	5245
Ebreichsdorf	AT	47.9558	16.4071	5236
Kindberg	AT	47.5	15.45	5197
Kalsdorf bei Graz	AT	46.9653	15.4803	5171
Axams	AT	47.2311	11.2789	5130
Leopoldsdorf	AT	48.1156	16.3913	5078
Sollenau	AT	47.8983	16.2483	5038
Mariehamn	AX	60.0973	19.9348	10682
Ytterby	AX	60.1667	20.0167	6384
Yomala	AX	60.1669	19.9334	5789
Sharur City	AZ	39.553	44.9799	7500
Sarajevo	BA	43.8486	18.3564	696731
Banja Luka	BA	44.7788	17.2063	221106
Zenica	BA	44.2017	17.904	164423
Tuzla	BA	44.5384	18.6671	142486
Mostar	BA	43.3433	17.8081	104518
Bihać	BA	44.8169	15.8708	75641
Ilidža	BA	43.8315	18.307	71277
Lukavac	BA	44.5425	18.5262	44520
Bugojno	BA	44.0572	17.4508	41378
Brčko	BA	44.8716	18.8163	38968
Bijeljina	BA	44.7587	19.2144	37692
Prijedor	BA	44.9799	16.714	36347
Trebinje	BA	42.712	18.3436	33178
Travnik	BA	44.2264	17.6658	31127
Doboj	BA	44.7318	18.087	27235
Cazin	BA	44.9669	15.9431	21741
Velika Kladuša	BA	45.185	15.8058	19330
Visoko	BA	43.9889	18.1781	17890
Goražde	BA	43.6679	18.9756	17650
Konjic	BA	43.6513	17.9608	15950
Gračanica	BA	44.7031	18.3101	15758
Gradačac	BA	44.8785	18.4276	15659
Bosanska Krupa	BA	44.8825	16.1514	15193
Mrkonjić Grad	BA	44.4173	17.0829	14737
Foča	BA	43.5065	18.7785	14615
Zavidovići	BA	44.4458	18.1497	14380
Živinice	BA	44.4493	18.6498	13641
Sanski Most	BA	44.7667	16.667	13551
Gradiška	BA	45.1448	17.2545	13346
Bileća	BA	42.8764	18.4297	13257
Kakanj	BA	44.1331	18.1229	12406
Livno	BA	43.8269	17.0075	11748
Odžak	BA	45.0246	18.3211	11621
Stijena	BA	44.9363	16.0222	10844
Šipovo	BA	44.2824	17.086	10738
Prozor	BA	43.8222	17.6092	10349
Novi Travnik	BA	44.1713	17.6582	10006
Ljubuški	BA	43.1969	17.545	9987
Kozarska Dubica	BA	45.1767	16.8094	9959
Derventa	BA	44.9784	17.9078	9773
Jajce	BA	44.342	17.2706	9763
Todorovo	BA	45.0883	15.9308	9560
Široki Brijeg	BA	43.3829	17.5942	9370
Brod	BA	45.1375	17.9872	9249
Modriča	BA	44.9578	18.302	8996
Novi Grad	BA	45.0464	16.3778	8920
Sokolac	BA	43.9382	18.8008	8842
Mionica	BA	44.8665	18.466	8701
Žepče	BA	44.4267	18.0378	8502
Kiseljak	BA	43.943	18.0813	8475
Potoci	BA	43.4095	17.8786	8312
Fojnica	BA	43.9595	17.9029	8244
Milići	BA	44.1702	19.092	8210
Vogošća	BA	43.9023	18.3444	8180
Vitez	BA	44.1542	17.7901	8140
Zvornik	BA	44.386	19.1025	8026
Donji Vakuf	BA	44.1436	17.4	7955
Čapljina	BA	43.1214	17.6844	7923
Tomislavgrad	BA	43.7185	17.2251	7737
Stolac	BA	43.084	17.9599	7733
Trn	BA	44.8583	17.2358	7553
Tešanj	BA	44.6119	17.9855	7550
Pale	BA	43.8166	18.5695	7458
Maglaj	BA	44.5477	18.1	7399
Srbac	BA	45.0973	17.5233	7380
Nevesinje	BA	43.2586	18.1133	7313
Divičani	BA	44.3668	17.3268	7251
Ključ	BA	44.5325	16.7768	7245
Bužim	BA	45.0536	16.0325	7229
Banovići	BA	44.406	18.5265	7211
Vareš	BA	44.1644	18.3283	7193
Hadžići	BA	43.8222	18.2067	7173
Prnjavor	BA	44.8702	17.6626	7099
Gornji Vakuf	BA	43.9381	17.5883	7014
Kneževo	BA	44.4907	17.3816	6866
Vrnograč	BA	45.1637	15.9544	6860
Kladanj	BA	44.2267	18.6927	6783
Srebrenik	BA	44.7082	18.4883	6723
Čelinac	BA	44.7245	17.3243	6670
Podzvizd	BA	45.1742	15.8736	6665
Tržačka Raštela	BA	44.976	15.7849	6617
Otoka	BA	44.96	16.1792	6595
Tojšići	BA	44.4821	18.788	6587
Varoška Rijeka	BA	45.0894	16.0191	6573
Pećigrad	BA	45.0544	15.8969	6514
Omarska	BA	44.8917	16.8981	6466
Laktaši	BA	44.9086	17.3013	6464
Gromiljak	BA	43.9667	18.055	6457
Kovači	BA	44.4487	18.2052	6410
Teslić	BA	44.6064	17.8597	6405
Šekovići	BA	44.299	18.8553	6315
Posušje	BA	43.4728	17.3262	6267
Jablanica	BA	43.6603	17.7617	6209
Višegrad	BA	43.7826	19.2926	6087
Mala Kladuša	BA	45.1344	15.8522	6033
Ilijaš	BA	43.9513	18.2713	5855
Gostovići	BA	44.4112	18.1703	5802
Podhum	BA	43.7229	16.9989	5801
Crnići	BA	43.1316	17.8645	5789
Željezno Polje	BA	44.3987	17.941	5783
Čitluk	BA	43.2286	17.7008	5718
Blatnica	BA	44.4868	17.8228	5676
Sanica	BA	44.6135	16.6406	5666
Tešanjka	BA	44.6723	18.0111	5666
Bosansko Grahovo	BA	44.1794	16.3639	5643
Orahovica Donja	BA	44.6534	18.3695	5612
Donja Mahala	BA	45.0433	18.67	5565
Janja	BA	44.6655	19.2469	5544
Ostrožac	BA	44.9087	15.9405	5456
Jelah	BA	44.654	17.959	5291
Ćoralići	BA	45.0069	15.8719	5223
Rodoč	BA	43.3145	17.8029	5159
Kotor Varoš	BA	44.6183	17.372	5068
Mahala	BA	44.0119	18.2553	5062
Kačuni	BA	44.0643	17.9389	5042
Šturlić	BA	45.0639	15.7781	5014
Brussels	BE	50.8505	4.3488	1019022
Antwerp	BE	51.2205	4.4003	529247
Gent	BE	51.05	3.7167	265086
Charleroi	BE	50.4114	4.4445	200132
Liège	BE	50.6337	5.5675	195278
Anderlecht	BE	50.8362	4.3145	160553
Schaerbeek	BE	50.8693	4.3774	132761
Brugge	BE	51.2089	3.2242	118509
Namur	BE	50.4669	4.8675	110939
Leuven	BE	50.8796	4.7009	101032
Molenbeek-Saint-Jean	BE	50.8499	4.3125	97037
Mons	BE	50.4541	3.9523	95299
Ixelles	BE	50.8333	4.3667	86671
Uccle	BE	50.8023	4.3394	82929
Deurne	BE	51.2213	4.466	78747
Hasselt	BE	50.9311	5.3378	77651
Aalst	BE	50.936	4.0355	77534
Mechelen	BE	51.0257	4.4776	77530
La Louvière	BE	50.4866	4.1879	76668
Kortrijk	BE	50.828	3.2649	73879
Tournai	BE	50.6071	3.3893	69554
Ostend	BE	51.2155	2.927	69011
Sint-Niklaas	BE	51.1651	4.1437	69010
Genk	BE	50.965	5.5008	63666
Seraing	BE	50.5836	5.5011	60737
Woluwe-Saint-Lambert	BE	50.8439	4.4291	56584
Forest	BE	50.8168	4.3277	56254
Roeselare	BE	50.9465	3.1227	56016
Verviers	BE	50.5891	5.8624	52824
Jette	BE	50.8731	4.3342	52490
Mouscron	BE	50.745	3.2064	52069
Saint-Gilles	BE	50.8276	4.3439	50221
Etterbeek	BE	50.8327	4.3883	48344
Borgerhout	BE	51.2096	4.4354	46087
Dendermonde	BE	51.0287	4.1011	45673
Beveren	BE	51.2119	4.2563	45179
Merksem	BE	51.2462	4.449	44435
Turnhout	BE	51.3225	4.9447	44000
Berchem	BE	51.1902	4.4326	43511
Evere	BE	50.8744	4.399	41667
Lokeren	BE	51.1036	3.9934	41438
Wilrijk	BE	51.1673	4.3951	41403
Beringen	BE	51.0495	5.2261	40930
Dilbeek	BE	50.848	4.2597	39482
Heist-op-den-Berg	BE	51.0754	4.7283	37873
Sint-Truiden	BE	50.8168	5.1865	37859
Braine-l'Alleud	BE	50.6836	4.3678	37512
Brasschaat	BE	51.2912	4.4918	37040
Grimbergen	BE	50.9341	4.3721	37000
Vilvoorde	BE	50.9281	4.4294	36955
Herstal	BE	50.6641	5.6235	36503
Maasmechelen	BE	50.9654	5.6945	36251
Waregem	BE	50.889	3.4276	35896
Châtelet	BE	50.4034	4.5283	35238
Ieper	BE	50.8511	2.8857	35089
Ninove	BE	50.8278	4.0266	34795
Geel	BE	51.1656	4.9892	34697
Halle	BE	50.7338	4.2345	34479
Hoboken	BE	51.1761	4.3484	34443
Wavre	BE	50.7172	4.6014	34305
Auderghem	BE	50.8167	4.4333	33984
Knokke-Heist	BE	51.35	3.2667	33781
Schoten	BE	51.2525	4.5027	33622
Lier	BE	51.1313	4.5704	33272
Mol	BE	51.1919	5.1166	32659
Sint-Amandsberg	BE	51.0595	3.7494	32115
Binche	BE	50.4115	4.1647	32030
Lommel	BE	51.2307	5.3135	31993
Menen	BE	50.7972	3.1225	31916
Oudenaarde	BE	50.8517	3.6089	31866
Tienen	BE	50.8075	4.9378	31743
Evergem	BE	51.1131	3.7098	31615
Heusden	BE	51.0366	5.2801	31017
Wevelgem	BE	50.8	3.1667	30954
Geraardsbergen	BE	50.7734	3.8822	30807
Sint-Pieters-Leeuw	BE	50.7793	4.2435	30446
Blauwput	BE	50.8859	4.7241	30215
Kessel-Lo	BE	50.8855	4.7372	30215
Helchteren	BE	51.0559	5.3824	30050
Houthalen	BE	51.0343	5.3743	30050
Tongeren	BE	50.7805	5.4648	29816
Deinze	BE	50.9817	3.531	29815
Waterloo	BE	50.7147	4.3991	29778
Bilzen	BE	50.8732	5.5184	29622
Louvain-la-Neuve	BE	50.6683	4.6144	29521
Courcelles	BE	50.4638	4.3747	29473
Asse	BE	50.9101	4.1984	28985
Zaventem	BE	50.8837	4.473	28188
Aarschot	BE	50.9871	4.8369	27656
Saint-Josse-ten-Noode	BE	50.8538	4.3728	27366
Ans	BE	50.6623	5.5203	27297
Ath	BE	50.6294	3.778	26681
Kapellen	BE	51.3138	4.4354	26410
Izegem	BE	50.914	3.2138	26382
Arlon	BE	49.6833	5.8167	26179
Temse	BE	51.1279	4.2137	26054
Harelbeke	BE	50.8534	3.3093	25978
Herentals	BE	51.1765	4.8325	25912
Maaseik	BE	51.098	5.7838	25201
Berchem-Sainte-Agathe	BE	50.8657	4.2956	25162
Watermael-Boitsfort	BE	50.8015	4.4144	25157
Flémalle-Haute	BE	50.5999	5.4447	25144
Soignies	BE	50.579	4.0713	24869
Ganshoren	BE	50.8706	4.3153	24859
Lanaken	BE	50.8932	5.6468	24771
Mortsel	BE	51.167	4.4513	24525
Jumet	BE	50.4422	4.4375	24510
Zottegem	BE	50.8695	3.8105	24434
Ronse	BE	50.7457	3.6005	24204
Nivelles	BE	50.5983	4.3285	24149
Andenne	BE	50.4894	5.0951	24055
Marcinelle	BE	50.3922	4.4439	23696
Oupeye	BE	50.7118	5.6468	23594
Wondelgem	BE	51.087	3.7091	23546
Overijse	BE	50.7744	4.5346	23486
Zwevegem	BE	50.8127	3.3385	23358
Ekeren	BE	51.2809	4.4181	23300
Heverlee	BE	50.8643	4.696	23278
Beersel	BE	50.7659	4.3002	23228
Wetteren	BE	51.0053	3.8834	22930
Hamme	BE	51.0982	4.1371	22891
Willebroek	BE	51.0604	4.3602	22808
Saint-Nicolas	BE	50.6284	5.5324	22586
Westerlo	BE	51.0905	4.9154	22579
Diest	BE	50.9892	5.0506	22516
Saint-Ghislain	BE	50.4482	3.8189	22500
Manage	BE	50.5031	4.2359	22196
Maldegem	BE	51.2074	3.4451	22092
Fleurus	BE	50.4835	4.5501	22080
Koekelberg	BE	50.8612	4.3314	21984
Zedelgem	BE	51.1424	3.1368	21968
Koksijde	BE	51.1164	2.6377	21957
Edegem	BE	51.1566	4.445	21839
Gembloux	BE	50.5615	4.6989	21676
Rixensart	BE	50.7123	4.5253	21616
Oostkamp	BE	51.1543	3.2313	21489
Zemst	BE	50.9832	4.4608	21096
Grivegnée	BE	50.6215	5.611	21057
Chaudfontaine	BE	50.5828	5.6341	20960
Nijlen	BE	51.161	4.6701	20792
Tervuren	BE	50.8237	4.5142	20623
Frameries	BE	50.4058	3.896	20598
Schilde	BE	51.2411	4.5834	20373
Kontich	BE	51.1321	4.4471	20290
Zele	BE	51.0657	4.0403	20236
Braine-le-Comte	BE	50.6098	4.1466	20133
Boussu	BE	50.4342	3.7944	20058
Gilly	BE	50.4245	4.4789	20043
Bornem	BE	51.0972	4.2436	19997
Balen	BE	51.1684	5.1703	19978
Huy	BE	50.5189	5.2328	19973
Colfontaine	BE	50.4141	3.8557	19964
Zonhoven	BE	50.9906	5.3682	19922
Assebroek	BE	51.1937	3.2623	19772
Lochristi	BE	51.0964	3.8319	19696
Jambes	BE	50.4564	4.8717	19658
Poperinge	BE	50.8539	2.7266	19537
Sint-Katelijne-Waver	BE	51.0669	4.5347	19487
Sint-Andries	BE	51.197	3.1789	19336
Tielt	BE	50.9993	3.3271	19299
Herent	BE	50.9086	4.6706	19218
Eeklo	BE	51.187	3.5565	19116
Torhout	BE	51.0656	3.1008	18933
Aalter	BE	51.0902	3.4469	18802
Montignies-sur-Sambre	BE	50.4108	4.4911	18765
Hoogstraten	BE	51.4003	4.7603	18524
Meise	BE	50.9393	4.3266	18497
Quaregnon	BE	50.4407	3.8653	18491
Zwijndrecht	BE	51.2198	4.3266	18249
Morlanwelz-Mariemont	BE	50.455	4.2452	18233
Koersel	BE	51.0591	5.2712	18076
Eupen	BE	50.6279	6.0365	18029
Blankenberge	BE	51.3131	3.1323	18000
Tubize	BE	50.6906	4.2009	18000
Sint-Genesius-Rode	BE	50.7465	4.3575	17990
Middelkerke	BE	51.1853	2.8208	17789
Kortenberg	BE	50.8898	4.5435	17774
Kasterlee	BE	51.2412	4.9665	17765
Diepenbeek	BE	50.9077	5.4188	17699
Lessines	BE	50.711	3.8358	17687
Sint-Gillis-Waas	BE	51.2191	4.1237	17658
Walcourt	BE	50.254	4.438	17501
Kalmthout	BE	51.3844	4.4756	17485
Ranst	BE	51.1898	4.5653	17405
Lebbeke	BE	51.0046	4.1346	17372
Wervik	BE	50.7807	3.0385	17340
Stabroek	BE	51.3319	4.3713	17294
Zolder	BE	51.0245	5.3098	17289
Châtelineau	BE	50.415	4.5202	17166
Haaltert	BE	50.9063	4.0009	17129
Mariakerke	BE	51.0748	3.6829	17062
Visé	BE	50.7376	5.6991	17054
Stekene	BE	51.2099	4.0365	16989
Denderleeuw	BE	50.8851	4.076	16969
Dour	BE	50.3958	3.7779	16861
Marche-en-Famenne	BE	50.2268	5.3442	16856
Destelbergen	BE	51.0595	3.799	16853
Lede	BE	50.9663	3.9859	16813
Merelbeke	BE	50.9945	3.7462	16684
Péruwelz	BE	50.5082	3.5937	16647
Tessenderlo	BE	51.0651	5.0886	16574
Herve	BE	50.6408	5.7935	16544
Herzele	BE	50.8868	3.8901	16523
Beerse	BE	51.3193	4.853	16208
Neerpelt	BE	51.2281	5.4427	16122
Duffel	BE	51.0955	4.509	16011
Sint-Kruis	BE	51.214	3.2495	16000
Fléron	BE	50.6152	5.6806	15994
Puurs	BE	51.0741	4.2884	15944
Pont-à-Celles	BE	50.5052	4.3689	15909
Gentbrugge	BE	51.0369	3.7651	15885
Boom	BE	51.0924	4.3717	15810
Riemst	BE	50.81	5.6013	15809
Peer	BE	51.1303	5.4595	15551
Diksmuide	BE	51.0325	2.8638	15515
Lille	BE	51.242	4.8231	15466
Heusy	BE	50.5746	5.8662	15420
Mechelen-aan-de-Maas	BE	50.9659	5.6914	15374
Bevere	BE	50.8496	3.5873	15311
Putte	BE	51.0534	4.6326	15276
Soumagne	BE	50.6138	5.7468	15237
Marchienne-au-Pont	BE	50.4057	4.3953	15154
Rotselaar	BE	50.953	4.7166	15007
Wuustwezel	BE	51.3921	4.5955	15000
Hollogne-aux-Pierres	BE	50.6406	5.4718	14944
Aubange	BE	49.5665	5.8049	14932
Bredene	BE	51.2349	2.9756	14862
Ciney	BE	50.2945	5.1002	14830
Kruibeke	BE	51.1705	4.3144	14815
Thuin	BE	50.3393	4.286	14682
Zulte	BE	50.9195	3.4486	14670
Merchtem	BE	50.9513	4.232	14660
Ternat	BE	50.8665	4.1668	14569
Rumst	BE	51.0815	4.4222	14521
Beernem	BE	51.1398	3.339	14512
Landen	BE	50.7527	5.082	14458
Knokke	BE	51.3511	3.2874	14449
Wemmel	BE	50.9081	4.3061	14406
Bastogne	BE	50.0035	5.7184	14395
Bree	BE	51.1415	5.5969	14363
Chapelle-lez-Herlaimont	BE	50.4713	4.2823	14353
Éghezée	BE	50.5908	4.9117	14352
Houdeng-Goegnies	BE	50.4903	4.1751	14312
Genappe	BE	50.6117	4.4515	14266
Rumbeke	BE	50.9325	3.1672	14265
Aartselaar	BE	51.1341	4.3868	14193
Leopoldsburg	BE	51.1167	5.25	14149
Hannut	BE	50.6714	5.079	14129
Brecht	BE	51.3502	4.6383	14007
Anzegem	BE	50.837	3.4779	13920
Basse Lasne	BE	50.695	4.4922	13861
Berlare	BE	51.0333	4.0	13853
Flémalle-Grande	BE	50.6091	5.4767	13738
Waremme	BE	50.6976	5.2552	13737
Strombeek-Bever	BE	50.9104	4.3558	13727
Tremelo	BE	50.9923	4.7081	13721
Lummen	BE	50.9877	5.1912	13689
Dison	BE	50.61	5.8534	13642
Ichtegem	BE	51.0957	3.0155	13582
Lubbeek	BE	50.8828	4.839	13574
Ravels	BE	51.3727	4.9921	13560
Couvin	BE	50.0528	4.495	13518
Buggenhout	BE	51.0159	4.2017	13510
Esneux	BE	50.536	5.5678	13497
Assenede	BE	51.226	3.7508	13495
Herselt	BE	51.0516	4.8823	13493
Jabbeke	BE	51.1818	3.0894	13488
Beloeil	BE	50.5505	3.7348	13405
Overpelt	BE	51.2104	5.4156	13344
Amay	BE	50.5483	5.3097	13307
Wezembeek-Oppem	BE	50.8395	4.4943	13245
Oosterzele	BE	50.9526	3.7983	13151
Drongen	BE	51.0507	3.6565	13016
Sint-Gillis-bij-Dendermonde	BE	51.0191	4.1115	12953
Heist	BE	51.3387	3.2388	12951
Sprimont	BE	50.5092	5.6595	12945
Wanze	BE	50.5391	5.2085	12918
Wingene	BE	51.0578	3.2736	12887
Dinant	BE	50.2581	4.9117	12875
Kraainem	BE	50.8616	4.4695	12815
Mont-sur-Marchienne	BE	50.39	4.4073	12761
Blégny	BE	50.6726	5.7251	12745
Malmédy	BE	50.4269	6.0279	12654
Kuurne	BE	50.8514	3.2824	12638
Bressoux	BE	50.6399	5.6063	12588
Grez-Doiceau	BE	50.739	4.6983	12367
Oud-Turnhout	BE	51.3198	4.9841	12354
Bocholt	BE	51.1734	5.5799	12346
Zandhoven	BE	51.2149	4.6616	12306
Sint-Michiels	BE	51.1881	3.2114	12297
Machelen	BE	50.9106	4.4417	12252
Arendonk	BE	51.3227	5.0829	12247
Erembodegem	BE	50.919	4.0504	12152
Boechout	BE	51.1596	4.492	12145
Opwijk	BE	50.9672	4.1844	12045
Mettet	BE	50.3212	4.6623	12014
Veurne	BE	51.0732	2.668	11983
Liedekerke	BE	50.8689	4.0874	11980
Rochefort	BE	50.1631	5.2216	11978
Ougrée	BE	50.6015	5.5444	11975
Kinrooi	BE	51.1454	5.7421	11946
Kortemark	BE	51.0295	3.0411	11937
Paal	BE	51.0399	5.1723	11935
Jodoigne	BE	50.7236	4.8691	11930
Wommelgem	BE	51.2045	4.5225	11917
Zelzate	BE	51.1896	3.8078	11901
Gavere	BE	50.9292	3.6618	11888
Heule	BE	50.8375	3.2382	11873
De Haan	BE	51.2726	3.0345	11766
Wasmes	BE	50.4146	3.8471	11731
Beyne-Heusay	BE	50.6225	5.6651	11608
Laarne	BE	51.0308	3.8508	11600
Anderlues	BE	50.407	4.2714	11597
Bernissart	BE	50.4746	3.6496	11588
Theux	BE	50.5332	5.8125	11587
Zonnebeke	BE	50.8726	2.9872	11581
Boortmeerbeek	BE	50.9793	4.5744	11570
Herk-de-Stad	BE	50.9401	5.1664	11566
Farciennes	BE	50.4301	4.5415	11488
Montegnée	BE	50.6458	5.5141	11417
Kuringen	BE	50.9443	5.299	11409
Profondeville	BE	50.3758	4.8651	11401
Enghien	BE	50.6938	4.0379	11367
Couillet	BE	50.3914	4.4591	11365
Jemeppe-sur-Meuse	BE	50.617	5.4985	11312
Deerlijk	BE	50.8534	3.3542	11292
Virton	BE	49.5682	5.5326	11259
Nevele	BE	51.0353	3.5457	11153
Gistel	BE	51.1561	2.9639	11084
Seneffe	BE	50.5314	4.263	11025
Gosselies	BE	50.4694	4.4332	11017
Wichelen	BE	51.0053	3.9768	11014
Meulebeke	BE	50.9514	3.288	10948
Chaumont-Gistoux	BE	50.6775	4.7212	10943
Melsele	BE	51.2229	4.282	10941
Frasnes-lez-Buissenal	BE	50.6678	3.6205	10936
Alken	BE	50.8755	5.3056	10933
Damme	BE	51.2515	3.2814	10924
Aiseau	BE	50.4116	4.5867	10906
Nazareth	BE	50.9569	3.5943	10890
Zellik	BE	50.8841	4.2732	10874
Nieuwpoort	BE	51.1301	2.7513	10845
Jemappes	BE	50.4491	3.891	10809
Staden	BE	50.9746	3.0147	10786
Grâce-Berleur	BE	50.6403	5.5033	10758
Spa	BE	50.4838	5.8667	10756
Ertvelde	BE	51.1792	3.7472	10730
Grobbendonk	BE	51.1904	4.7356	10724
Florennes	BE	50.2513	4.6064	10723
Moorslede	BE	50.8919	3.0612	10720
Tielt-Winge	BE	50.9174	4.8837	10707
Melle	BE	51.0023	3.8053	10687
Angleur	BE	50.6113	5.5994	10647
Aywaille	BE	50.4741	5.6768	10636
Rijkevorsel	BE	51.3479	4.7605	10606
Jupille-sur-Meuse	BE	50.6459	5.6331	10604
Ingelmunster	BE	50.9208	3.2557	10603
Steenokkerzeel	BE	50.9185	4.5099	10566
Oud-Heverlee	BE	50.8352	4.6642	10533
Belsele	BE	51.146	4.0886	10489
Waasmunster	BE	51.1057	4.0857	10460
Berlaar	BE	51.1176	4.6584	10370
Borsbeek	BE	51.1966	4.4854	10334
Petegem-aan-de-Leie	BE	50.9667	3.5333	10332
Vosselaar	BE	51.3086	4.8896	10317
Hoeilaart	BE	50.7673	4.4684	10272
Durbuy	BE	50.3529	5.4563	10251
La Calamine	BE	50.7181	6.0111	10232
Eisden	BE	50.9846	5.7143	10152
Rebecq-Rognon	BE	50.6515	4.1068	10049
De Pinte	BE	50.9934	3.6475	10020
Essen	BE	51.4679	4.469	10000
Zoersel	BE	51.2683	4.713	10000
Cuesmes	BE	50.4362	3.9232	9992
Borgloon	BE	50.8051	5.3437	9955
Raeren	BE	50.6672	6.1154	9925
Hooglede	BE	50.9833	3.0833	9900
Wilsele	BE	50.8919	4.6977	9845
Monceau-sur-Sambre	BE	50.4169	4.3767	9812
Écaussinnes-d'Enghien	BE	50.5682	4.1658	9802
De Panne	BE	51.0979	2.5937	9799
Alleur	BE	50.6746	5.5132	9768
Neeroeteren	BE	51.0916	5.6993	9759
Chimay	BE	50.0486	4.3171	9720
Braine-le-Château	BE	50.6799	4.2739	9627
Plombières	BE	50.7366	5.9592	9596
Villers-la-Ville	BE	50.5795	4.534	9592
Ottignies	BE	50.6653	4.5668	9557
Pepinster	BE	50.5657	5.8039	9530
Saint-Servais	BE	50.4763	4.8366	9516
Hemiksem	BE	51.1448	4.3387	9504
Jurbise	BE	50.531	3.9094	9483
Opglabbeek	BE	51.0426	5.5835	9452
Limal	BE	50.6948	4.5754	9443
Erquelinnes	BE	50.3069	4.1113	9396
Court-Saint-Étienne	BE	50.6338	4.5685	9353
Meerhout	BE	51.1321	5.0784	9346
Estaimpuis	BE	50.7049	3.2679	9340
Lovendegem	BE	51.1017	3.613	9272
Hoeselt	BE	50.8471	5.4877	9265
Pamel	BE	50.8453	4.0713	9241
Bertem	BE	50.864	4.6292	9215
Begijnendijk	BE	51.0194	4.7838	9178
Chênée	BE	50.612	5.6141	9163
Ardooie	BE	50.9757	3.1974	9161
Sint-Lievens-Houtem	BE	50.9197	3.8622	9146
Huldenberg	BE	50.7894	4.5831	9137
Saint-Vith	BE	50.2815	6.1272	9135
Avelgem	BE	50.7762	3.445	9106
Holsbeek	BE	50.921	4.7575	9094
Fosses-la-Ville	BE	50.3952	4.6962	9062
Herseaux	BE	50.7167	3.2167	9048
Sint-Stevens-Woluwe	BE	50.8684	4.452	9038
Welkenraedt	BE	50.6605	5.9703	9006
Hamont	BE	51.2533	5.5473	9001
Bierbeek	BE	50.8288	4.7595	8994
Roux	BE	50.4411	4.3917	8983
Gooik	BE	50.7944	4.1138	8957
Houthulst	BE	50.9782	2.9505	8951
Montigny-le-Tilleul	BE	50.3806	4.3758	8938
Wijnegem	BE	51.2279	4.519	8932
Gullegem	BE	50.843	3.2047	8888
Bracquegnies	BE	50.4709	4.1197	8880
Strépy-Bracquegnies	BE	50.4728	4.1202	8880
Kapelle-op-den-Bos	BE	51.0097	4.363	8859
Wielsbeke	BE	50.9	3.3667	8828
Sint-Martens-Lennik	BE	50.8116	4.1696	8818
Ransart	BE	50.4617	4.4762	8813
Hornu	BE	50.4328	3.8274	8793
Oudenburg	BE	51.1849	3.0004	8752
Fontaine-l'Évêque	BE	50.4091	4.3243	8730
Stembert	BE	50.5911	5.894	8696
Beverlo	BE	51.0865	5.2185	8681
Niel	BE	51.111	4.3343	8656
Awans	BE	50.6677	5.4633	8612
Heusden	BE	51.0281	3.8043	8606
Halen	BE	50.9484	5.111	8548
Oostduinkerke	BE	51.1157	2.6822	8534
Sint-Job-in-'t-Goor	BE	51.2991	4.5729	8515
Lodelinsart	BE	50.4314	4.4489	8489
Ghlin	BE	50.4731	3.9029	8485
Hoevenen	BE	51.306	4.402	8473
Auvelais	BE	50.4504	4.6323	8456
Ledeberg	BE	51.0386	3.7446	8454
Lauwe	BE	50.7948	3.1869	8392
Sterrebeek	BE	50.8617	4.4938	8357
Juprelle	BE	50.7076	5.5313	8354
Koekelare	BE	51.0905	2.9783	8317
Sint-Martens-Latem	BE	51.0146	3.6378	8303
Dottignies	BE	50.7333	3.3	8299
Genval	BE	50.7216	4.4938	8253
Beauraing	BE	50.1104	4.9555	8242
La Bruyère	BE	50.3948	4.6144	8194
Kruishoutem	BE	50.9017	3.5259	8179
Westmalle	BE	51.2977	4.6901	8173
Lichtervelde	BE	51.0333	3.15	8169
Yvoir	BE	50.3279	4.8806	8169
Zomergem	BE	51.1199	3.565	8158
Bassenge	BE	50.7588	5.6099	8151
Groot-Bijgaarden	BE	50.8717	4.2497	8145
Pâturages	BE	50.4072	3.855	8106
Carnières	BE	50.4443	4.2551	8087
Bertrix	BE	49.856	5.2554	8063
Philippeville	BE	50.1961	4.5437	8051
Wolvertem	BE	50.9517	4.3096	8045
Kortessem	BE	50.8589	5.3897	8042
Athus	BE	49.5647	5.8374	8028
Retie	BE	51.2665	5.0824	8000
Hove	BE	51.1545	4.4707	7968
Le Roeulx	BE	50.5037	4.1116	7968
Merksplas	BE	51.3585	4.8651	7963
Galmaarden	BE	50.7539	3.9712	7939
Gingelom	BE	50.7479	5.1342	7930
Comines	BE	50.7754	3.0012	7899
Zoutleeuw	BE	50.8332	5.1038	7897
Knesselare	BE	51.1393	3.4128	7889
Silly	BE	50.6488	3.9236	7887
Oostakker	BE	51.1012	3.7694	7885
Uitkerke	BE	51.3068	3.1371	7863
Waarschoot	BE	51.1525	3.605	7762
Habay-la-Vieille	BE	49.7233	5.62	7704
Boutersem	BE	50.8411	4.8337	7702
Lissewege	BE	51.2943	3.1933	7699
Lembeek	BE	50.7157	4.2183	7689
Quévy-le-Petit	BE	50.3688	3.936	7689
Jalhay	BE	50.5588	5.9676	7688
Schelle	BE	51.1262	4.3411	7675
Haine-Saint-Pierre	BE	50.4575	4.2066	7662
Sint-Amands	BE	51.0564	4.2096	7653
Sleidinge	BE	51.1336	3.674	7640
Brunehault	BE	50.5052	4.4321	7592
Kessel	BE	51.1389	4.6296	7591
Marke	BE	50.8068	3.2334	7575
Estinnes-au-Val	BE	50.4102	4.1048	7573
Trooz	BE	50.5703	5.6952	7559
Houdeng-Aimeries	BE	50.4813	4.1455	7534
Tamines	BE	50.4338	4.6071	7526
Antoing	BE	50.5677	3.4492	7507
Burcht	BE	51.2039	4.3429	7494
Langdorp	BE	50.9956	4.8717	7492
Oostrozebeke	BE	50.9209	3.338	7489
Floreffe	BE	50.4345	4.7596	7480
Vottem	BE	50.6716	5.5769	7478
Sombreffe	BE	50.5286	4.6009	7452
La Hulpe	BE	50.7309	4.4858	7415
Kain	BE	50.6387	3.3969	7412
Tongerlo	BE	51.1062	4.9164	7404
Zwijnaarde	BE	51.0008	3.7075	7379
Kortenaken	BE	50.9086	5.0597	7374
Vedrin	BE	50.5027	4.876	7308
Vielsalm	BE	50.2841	5.915	7291
Haine-Saint-Paul	BE	50.4554	4.1885	7268
As	BE	51.0076	5.5845	7250
Wanfercée-Baulet	BE	50.4729	4.5875	7246
Halle	BE	51.2407	4.6433	7200
La Bouverie	BE	50.4052	3.8744	7169
Scherpenheuvel	BE	50.9808	4.9755	7162
Messancy	BE	49.592	5.8188	7144
Anhée	BE	50.3104	4.8783	7125
Leuze	BE	50.6	3.6	7095
Grembergen	BE	51.0541	4.1046	7080
Andrimont	BE	50.613	5.8829	7064
Ruisbroek	BE	50.7901	4.2977	7041
Eernegem	BE	51.1326	3.0256	7040
Oostmalle	BE	51.3	4.7333	7034
Rocourt	BE	50.6758	5.5462	7010
Booischot	BE	51.0522	4.7751	6973
Zutendaal	BE	50.9331	5.5753	6962
Negenmanneke	BE	50.8046	4.2851	6915
Wachtebeke	BE	51.1685	3.8718	6911
Reet	BE	51.102	4.4126	6865
Vorst	BE	51.0803	5.02	6824
Wellen	BE	50.841	5.3387	6804
Saint-Georges-sur-Meuse	BE	50.6001	5.3574	6803
Trazegnies	BE	50.4638	4.3329	6798
Geluwe	BE	50.8098	3.077	6757
Lemberge	BE	50.9763	3.7705	6726
Dampremy	BE	50.4171	4.4309	6716
Heers	BE	50.7538	5.3021	6689
Sint-Lenaarts	BE	51.3487	4.6801	6685
Hamois	BE	50.3402	5.1562	6662
Waimes	BE	50.4149	6.1121	6661
Sint-Laureins	BE	51.242	3.5244	6657
Stavelot	BE	50.395	5.9312	6646
Beaumont	BE	50.237	4.2393	6645
Lettelingen	BE	50.6833	4.0833	6611
Sint-Katherina-Lombeek	BE	50.8731	4.1536	6607
Hechtel	BE	51.1252	5.3677	6605
Pittem	BE	50.9928	3.2632	6589
Zingem	BE	50.9041	3.653	6588
Wépion	BE	50.4215	4.864	6586
Quiévrain	BE	50.4074	3.6835	6560
Mont-Saint-Guibert	BE	50.6343	4.6106	6557
Brakel	BE	50.801	3.7626	6513
Vaux-sous-Chèvremont	BE	50.603	5.6335	6503
Zichem	BE	51.0019	4.9832	6497
Adegem	BE	51.2051	3.4954	6473
Leval-Trahegnies	BE	50.4213	4.2256	6473
Nieuwerkerken	BE	50.8638	5.1947	6466
Herne	BE	50.7242	4.0348	6459
Sint-Maria-Lierde	BE	50.8187	3.8444	6449
Klemskerke	BE	51.2422	3.024	6447
Hever	BE	50.9954	4.5513	6426
Sint-Denijs-Westrem	BE	51.0213	3.672	6419
Neufchâteau	BE	49.8407	5.4353	6416
Dalhem	BE	50.7131	5.7277	6391
Hensies	BE	50.4326	3.6841	6390
's-Gravenwezel	BE	51.2627	4.5611	6379
Buizingen	BE	50.7423	4.2528	6369
Oedelem	BE	51.1703	3.3376	6360
Baasrode	BE	51.038	4.1546	6352
Saint-Vaast	BE	50.4543	4.1604	6351
Beauvechain	BE	50.782	4.7718	6334
Sinaai	BE	51.1579	4.0409	6319
Stene	BE	51.2044	2.9126	6310
Assesse	BE	50.3693	5.022	6279
Chastre-Villeroux-Blanmont	BE	50.6086	4.642	6243
Havré	BE	50.464	4.0468	6219
Erps-Kwerps	BE	50.9012	4.5598	6213
Lichtaart	BE	51.2249	4.9168	6212
Nieuwerkerken	BE	50.9239	4.0043	6174
Gesves	BE	50.4015	5.0746	6150
Baudour	BE	50.483	3.8332	6137
Jemeppe-sur-Sambre	BE	50.4654	4.6655	6127
Embourg	BE	50.5904	5.6068	6124
Kaprijke	BE	51.2172	3.6152	6114
Moorsele	BE	50.8409	3.1597	6102
Dilsen	BE	51.0372	5.721	6099
Nieuwkerken-Waas	BE	51.1936	4.1778	6082
Beerzel	BE	51.0575	4.6713	6077
Wandre	BE	50.6677	5.6596	6076
Villers-le-Bouillet	BE	50.5771	5.2595	6059
Chièvres	BE	50.5879	3.8071	6045
Fayt-lez-Manage	BE	50.487	4.2296	6040
Ittre	BE	50.644	4.2648	6014
Eksaarde	BE	51.1488	3.9681	6005
Schepdaal	BE	50.8384	4.1961	6004
Denderhoutem	BE	50.8723	4.0182	6000
Walhain-Saint-Paul	BE	50.6263	4.6984	5992
Ohain	BE	50.6989	4.4698	5977
Alsemberg	BE	50.7413	4.3375	5943
Baal	BE	50.9955	4.7532	5931
Hofstade	BE	50.9613	4.0266	5927
Itegem	BE	51.1033	4.7286	5911
Zwevezele	BE	51.0368	3.2119	5873
Meerbeke	BE	50.8244	4.0367	5866
Sint-Kwintens-Lennik	BE	50.8038	4.1549	5856
Moerbeke	BE	51.1741	3.93	5855
Ruddervoorde	BE	51.0959	3.2074	5832
Seilles	BE	50.5007	5.0927	5826
Geetbets	BE	50.8943	5.112	5813
Eksel	BE	51.1518	5.3906	5804
Nalinnes	BE	50.3243	4.4457	5785
Kalken	BE	51.0384	3.9186	5782
Rijmenam	BE	51.0016	4.5841	5755
Ramillies	BE	50.6339	4.9012	5749
Veerle	BE	51.0699	4.9876	5748
Engis	BE	50.5816	5.3992	5737
Bekkevoort	BE	50.9407	4.969	5714
Flénu	BE	50.4367	3.8857	5704
Battice	BE	50.6473	5.821	5691
Bazel	BE	51.1474	4.3013	5687
Braives	BE	50.6285	5.148	5672
Ivoz-Ramet	BE	50.588	5.4657	5672
Meeuwen	BE	51.0991	5.5211	5668
Forchies-la-Marche	BE	50.4369	4.3212	5649
Onze-Lieve-Vrouw-Waver	BE	51.0626	4.5794	5621
Limbourg	BE	50.6122	5.9412	5612
Boncelles	BE	50.5711	5.5362	5578
Kwaadmechelen	BE	51.101	5.1448	5574
Ellezelles	BE	50.7351	3.6799	5566
Saint-Hubert	BE	50.0267	5.374	5538
Westende	BE	51.1596	2.7687	5522
Rillaar	BE	50.9738	4.8918	5518
Butgenbach	BE	50.4269	6.205	5516
Beaufays	BE	50.5588	5.6388	5489
Beverst	BE	50.8909	5.4755	5483
Dworp	BE	50.7298	4.3011	5470
Heinsch	BE	49.6999	5.7467	5470
Lobbes	BE	50.3526	4.2672	5467
Malonne	BE	50.4397	4.7956	5467
Florenville	BE	49.6998	5.3074	5464
Tilff	BE	50.5643	5.5764	5455
Limelette	BE	50.6843	4.5719	5416
Céroux-Mousty	BE	50.6609	4.5207	5397
Lendelede	BE	50.8863	3.2375	5393
Muizen	BE	51.0111	4.5143	5386
Achel	BE	51.253	5.4798	5365
Sijsele	BE	51.2085	3.3171	5348
Bouillon	BE	49.7932	5.067	5347
Bullange	BE	50.4073	6.2575	5340
Mere	BE	50.9231	3.9713	5335
Beveren-Leie	BE	50.8754	3.3403	5331
Oostham	BE	51.1037	5.1788	5320
Bissegem	BE	50.8238	3.2284	5310
Comblain-au-Pont	BE	50.4749	5.5771	5308
Hekelgem	BE	50.9057	4.1077	5258
Forêt	BE	50.5839	5.7	5240
Prayon	BE	50.578	5.6753	5240
Desselgem	BE	50.8861	3.3596	5234
Étalle	BE	49.6739	5.6002	5228
Amblève	BE	50.3536	6.17	5221
Veldegem	BE	51.1048	3.1591	5189
Momignies	BE	50.0271	4.1652	5183
Elewijt	BE	50.9604	4.4968	5172
Eke	BE	50.9593	3.6396	5168
Noorderwijk	BE	51.1412	4.8406	5166
Hastière-Lavaux	BE	50.2185	4.8245	5147
Ruiselede	BE	51.0404	3.3942	5129
Moorsel	BE	50.9474	4.0983	5103
Maurage	BE	50.4565	4.097	5098
Nassogne	BE	50.1285	5.3427	5081
Varsenare	BE	51.1898	3.1392	5081
Langemark	BE	50.9131	2.9196	5079
Glabbeek	BE	50.8727	4.9562	5070
Marchin	BE	50.4671	5.2428	5063
Schriek	BE	51.0284	4.6936	5062
Erpe	BE	50.9357	3.9722	5056
Tielt	BE	50.9421	4.9051	5053
Remicourt	BE	50.6807	5.3278	5050
Hingene	BE	51.1035	4.269	5047
Linden	BE	50.8949	4.7703	5042
Paliseul	BE	49.904	5.1354	5037
Champion	BE	50.4953	4.9039	5031
Sauvenière	BE	50.5816	4.7247	5029
Diegem	BE	50.8973	4.4335	5001
Sofia	BG	42.6975	23.3241	1152556
Plovdiv	BG	42.1539	24.75	329489
Varna	BG	43.2191	27.9102	318737
Burgas	BG	42.5065	27.4689	210646
Stara Zagora	BG	42.432	25.6426	121582
Ruse	BG	43.8487	25.9534	121168
Pleven	BG	43.4179	24.6167	90209
Sliven	BG	42.6861	26.3256	83740
Pernik	BG	42.5967	23.0332	82467
Shumen	BG	43.2706	26.9229	72342
Dobrich	BG	43.5649	27.8314	69434
Blagoevgrad	BG	42.0146	23.098	67810
Haskovo	BG	41.9342	25.5556	64564
Yambol	BG	42.4824	26.5001	63656
Veliko Tŭrnovo	BG	43.0812	25.629	59166
Pazardzhik	BG	42.1993	24.3332	55220
Asenovgrad	BG	42.0167	24.8667	54778
Vratsa	BG	43.2105	23.5631	49569
Gabrovo	BG	42.8742	25.3182	48133
Kazanlak	BG	42.6167	25.4	47918
Montana	BG	43.4128	23.2217	47445
Kyustendil	BG	42.2831	22.6922	46856
Kardzhali	BG	41.645	25.3658	44071
Dimitrovgrad	BG	42.05	25.6	38015
Vidin	BG	43.9916	22.8824	34797
Targovishte	BG	43.2512	26.5722	34793
Dupnitsa	BG	42.2648	23.1172	34764
Gorna Oryahovitsa	BG	43.1278	25.7017	32792
Petrich	BG	41.3985	23.207	30722
Smolyan	BG	41.5744	24.712	30689
Karlovo	BG	42.6333	24.8	30340
Svishtov	BG	43.6187	25.3503	30157
Silistra	BG	44.1171	27.2606	29498
Razgrad	BG	43.5333	26.5185	28931
Sandanski	BG	41.5667	23.2833	28510
Lovech	BG	43.1323	24.7176	27910
Samokov	BG	42.3385	23.5581	26765
Sevlievo	BG	43.023	25.1036	24582
Nova Zagora	BG	42.4833	26.0167	23625
Troyan	BG	42.8943	24.7159	21162
Aytos	BG	42.7032	27.2546	20986
Botevgrad	BG	42.908	23.7927	20909
Gotse Delchev	BG	41.5667	23.7333	20522
Velingrad	BG	42.0275	23.9916	20286
Karnobat	BG	42.65	26.9833	19709
Panagyurishte	BG	42.4952	24.1902	19389
Harmanli	BG	41.9323	25.9017	18931
Peshtera	BG	42.0337	24.2999	18676
Lom	BG	43.8317	23.2379	18593
Parvomay	BG	42.1	25.2167	17000
Svilengrad	BG	41.7684	26.1977	16959
Popovo	BG	43.35	26.2333	16571
Rakovski	BG	42.2882	24.9678	15782
Chirpan	BG	42.2	25.3333	15109
Berkovitsa	BG	43.2374	23.1251	15027
Radnevo	BG	42.3	25.9333	14667
Radomir	BG	42.5457	22.9655	14494
Ihtiman	BG	42.4382	23.8161	14154
Tryavna	BG	42.8667	25.5	13818
Provadia	BG	43.1833	27.4333	13755
Pomorie	BG	42.5633	27.6299	13714
Nesebar	BG	42.6592	27.736	13347
Novi Pazar	BG	43.35	27.2	13276
Balchik	BG	43.4217	28.1585	13000
Cherven Bryag	BG	43.2788	24.0825	13000
Razlog	BG	41.8863	23.4671	12486
Kostinbrod	BG	42.8167	23.2167	12175
Stamboliyski	BG	42.1333	24.5333	12070
Mezdra	BG	43.1448	23.7142	11975
Levski	BG	43.3667	25.1333	11467
Kozloduy	BG	43.7769	23.73	11331
Kavarna	BG	43.436	28.3395	11205
Pavlikeni	BG	43.2428	25.3219	11151
Etropole	BG	42.8328	23.9964	11031
Teteven	BG	42.9167	24.2667	10790
Elhovo	BG	42.1667	26.5667	10424
Byala Slatina	BG	43.4667	23.9333	10282
Lukovit	BG	43.2	24.1667	9792
Zlatni Pyasatsi	BG	43.285	28.0418	9760
Isperih	BG	43.7167	26.8333	9735
Sredets	BG	42.3475	27.179	9573
Veliki Preslav	BG	43.1667	26.8167	9425
Bansko	BG	41.8361	23.4874	9232
Tutrakan	BG	44.0491	26.6121	9214
Omurtag	BG	43.1	26.4167	9070
Kubrat	BG	43.7966	26.5006	8980
Svoge	BG	42.9667	23.35	8964
Krichim	BG	42.05	24.4667	8580
Lyaskovets	BG	43.1111	25.7283	8488
Gŭlŭbovo	BG	42.1333	25.85	8400
Rakitovo	BG	41.9901	24.0873	8376
Dryanovo	BG	42.979	25.4785	8346
Devnya	BG	43.2222	27.5694	8171
Pirdop	BG	42.7	24.1833	8136
Septemvri	BG	42.2202	24.1185	8071
Lyubimets	BG	41.8443	26.0812	8065
Beloslav	BG	43.1872	27.7035	7989
Hisarya	BG	42.5	24.7	7903
General Toshevo	BG	43.7012	28.0379	7758
Slivnitsa	BG	42.8518	23.0379	7545
Varshets	BG	43.1936	23.2868	7512
Belene	BG	43.6506	25.1343	7487
Devin	BG	41.7433	24.4	7393
Simeonovgrad	BG	42.0333	25.8333	7388
Elin Pelin	BG	42.6667	23.6	7373
Zlatograd	BG	41.3795	25.0961	7331
Dolni Chiflik	BG	42.993	27.716	7169
Aksakovo	BG	43.2591	27.8176	7132
Knezha	BG	43.5	24.0833	6889
Tervel	BG	43.7479	27.4091	6808
Dulovo	BG	43.8167	27.15	6788
Simitli	BG	41.8833	23.1167	6729
Tvarditsa	BG	42.7	25.9	6519
Topolovgrad	BG	42.0833	26.3333	6464
Saedinenie	BG	42.2667	24.55	6427
Kotel	BG	42.8833	26.45	6421
Lozen	BG	42.6027	23.4759	6312
Bobov Dol	BG	42.3638	22.9983	6184
Tsarevo	BG	42.1696	27.8454	6085
Elena	BG	42.9333	25.8833	6042
Yakoruda	BG	42.0253	23.6842	6008
Straldzha	BG	42.6	26.6833	5817
Zlatitsa	BG	42.7167	24.1333	5786
Strazhitsa	BG	43.2333	25.9667	5728
Belogradchik	BG	43.6272	22.6836	5688
Polski Trambesh	BG	43.3723	25.6352	5663
Madan	BG	41.4987	24.9397	5661
Chepelare	BG	41.7333	24.6833	5478
Perushtitsa	BG	42.05	24.55	5350
Dalgopol	BG	43.05	27.35	5272
Krumovgrad	BG	41.4713	25.6548	5271
Dolni Dabnik	BG	43.4	24.4333	5259
Valchedram	BG	43.6928	23.4452	5207
Vetovo	BG	43.7	26.2667	5175
Godech	BG	43.0168	23.0485	5154
Nedelino	BG	41.456	25.0801	5017
Oryahovo	BG	43.7381	23.9587	5007
Minsk	BY	53.9002	27.5665	1742124
Homyel'	BY	52.4345	30.9754	501193
Hrodna	BY	53.6758	23.8289	363718
Vitebsk	BY	55.1904	30.2049	358927
Mahilyow	BY	53.9088	30.3404	352896
Brest	BY	52.1089	23.7175	347138
Bobruysk	BY	53.1468	29.2055	205502
Baranovichi	BY	53.1326	26.0078	170039
Barysaw	BY	54.2279	28.505	133700
Pinsk	BY	52.1215	26.0673	123283
Mazyr	BY	52.0416	29.2163	104517
Lida	BY	53.8833	25.2997	103262
Orsha	BY	54.5136	30.4036	101662
Soligorsk	BY	52.7898	27.5358	96418
Novopolotsk	BY	55.5262	28.5931	95370
Maladziečna	BY	54.3167	26.854	87339
Polotsk	BY	55.4879	28.7856	79285
Zhlobin	BY	52.8926	30.024	76304
Rechytsa	BY	52.3617	30.3916	64733
Horad Zhodzina	BY	54.0985	28.3331	62983
Svetlogorsk	BY	52.6329	29.7389	61812
Slutsk	BY	53.0152	27.5416	58995
Kobryn	BY	52.2117	24.3563	52235
Slonim	BY	53.0875	25.3171	48402
Vaukavysk	BY	53.1561	24.4513	41020
Kalinkovichi	BY	52.1323	29.3257	36656
Smarhoń	BY	54.4798	26.3957	35072
Rahachow	BY	53.0926	30.0486	31490
Dzyarzhynsk	BY	53.6848	27.1317	29607
Osipovichi	BY	53.3059	28.6287	28745
Horki	BY	54.2861	30.986	28626
Byaroza	BY	52.5313	24.9782	27986
Novogrudok	BY	53.5942	25.8191	27624
Vileyka	BY	54.4914	26.9111	26015
Smaliavičy	BY	54.0249	28.0894	24402
Luninyets	BY	52.2486	26.8006	23396
Krychaw	BY	53.7192	31.7136	22973
Ivatsevichi	BY	52.7079	25.3351	22189
Mar’ina Gorka	BY	53.509	28.147	19892
Fanipol	BY	53.75	27.3334	19006
Pruzhany	BY	52.5546	24.4548	18994
Pastavy	BY	55.1168	26.8326	18450
Dobrush	BY	52.4147	31.3143	17901
Hlybokaye	BY	55.1393	27.6914	17807
Stowbtsy	BY	53.4799	26.7351	17603
Lyepyel’	BY	54.8814	28.699	17400
Zaslawye	BY	54.0114	27.2695	17166
Kalodzishchy	BY	53.944	27.7823	17000
Oshmyany	BY	54.4181	25.9373	16804
Bykhov	BY	53.5213	30.2308	16296
Nesvizh	BY	53.2219	26.6768	15897
Ivanovo	BY	52.1472	25.532	15833
Žytkavičy	BY	52.2168	27.8561	15788
Logoysk	BY	54.2064	27.8512	15543
Astraviec	BY	54.6138	25.9554	15265
Shchuchyn	BY	53.6014	24.7465	15127
Lyasny	BY	54.0072	27.6963	15000
Klimovichi	BY	53.6049	31.9563	14868
Kostyukovichi	BY	53.3549	32.0513	14757
Shklov	BY	54.213	30.2872	14738
Drogichin	BY	52.1874	25.1597	14659
Zhabinka	BY	52.1986	24.0106	14430
Mosty	BY	53.4122	24.5387	14239
Stolin	BY	51.8901	26.836	14034
Hantsavichy	BY	52.7587	26.431	13155
Khoyniki	BY	51.9077	29.9826	13001
Malorita	BY	51.7947	24.0746	12593
Mikashevichy	BY	52.2173	27.476	11823
Byarozawka	BY	53.7241	25.4971	11800
Novolukoml’	BY	54.6619	29.1502	11598
Gorodok	BY	55.4624	29.9845	11321
Lyuban’	BY	52.7985	28.0048	11165
Bierazino	BY	53.8391	28.9879	11125
Kletsk	BY	53.0638	26.6392	11072
Byelaazyorsk	BY	52.4731	25.1784	10984
Machulishchy	BY	53.7788	27.5948	10869
Staryye Dorogi	BY	53.0402	28.267	10683
Červień	BY	53.7059	28.4313	10617
Kastsyukowka	BY	52.5387	30.9173	10552
Uzda	BY	53.4627	27.2137	10474
Lyakhovichi	BY	53.0393	26.2631	10473
Petrikov	BY	52.1299	28.4962	10278
Baran’	BY	54.4774	30.3094	10131
Mscislau	BY	54.0185	31.7217	9959
Volozhin	BY	54.0891	26.5273	9840
Kopyl’	BY	53.1516	27.0913	9767
Skidel’	BY	53.5904	24.2478	9707
Chausy	BY	53.8074	30.9658	9690
Belynichi	BY	53.9952	29.7091	9553
Tolochin	BY	54.4099	29.6935	9542
Braslav	BY	55.6439	27.0572	9338
Druzhny	BY	53.6238	27.8977	8978
Chachersk	BY	52.9164	30.9179	8926
Yel’sk	BY	51.8136	29.1544	8623
Vyetka	BY	52.5543	31.1807	8580
Buda-Kashalyova	BY	52.7172	30.5679	8534
Narovlya	BY	51.7972	29.4978	8388
Krupki	BY	54.3178	29.1374	8276
Kamenets	BY	52.4001	23.81	8114
Hatava	BY	53.7829	27.6407	8000
Kirovsk	BY	53.27	29.4706	7806
Glusk	BY	52.902	28.6831	7800
Plyeshchanitsy	BY	54.4235	27.8301	7800
Miory	BY	55.6222	27.6281	7756
Cherikov	BY	53.5686	31.3847	7710
Slawharad	BY	53.4431	31.0003	7647
Dyatlovo	BY	53.4622	25.4076	7596
Chashniki	BY	54.851	29.1665	7573
Krasnosel’skiy	BY	53.2649	24.424	7300
Krugloye	BY	54.2531	29.7957	7300
Kličaŭ	BY	53.4923	29.3356	7249
Shumilino	BY	55.2984	29.6128	7223
Aktsyabrski	BY	52.6484	28.8799	7167
Vishnyeva	BY	54.7102	26.5228	7000
Senno	BY	54.8118	29.7006	6974
Dubrowna	BY	54.5719	30.6912	6945
Iwye	BY	53.9317	25.7763	6906
Myadzyel	BY	54.8789	26.9362	6822
Beshenkovichi	BY	55.0433	29.4574	6819
Verkhnedvinsk	BY	55.7766	27.9366	6771
Dokshytsy	BY	54.891	27.7665	6601
Loshnitsa	BY	54.2796	28.7649	6524
Liozno	BY	55.0199	30.7969	6515
Rakaw	BY	53.9674	27.0562	6300
Ross’	BY	53.2841	24.4072	6200
Zel’va	BY	53.1493	24.812	6193
Krasnapollye	BY	53.3358	31.4006	6100
Radaškovičy	BY	54.1554	27.2412	6100
Loyev	BY	51.9412	30.7934	6028
Starobin	BY	52.7267	27.4606	6000
Sharkovshchina	BY	55.3681	27.4697	5945
Svislach	BY	53.0343	24.0972	5851
Ushachi	BY	55.1761	28.6195	5773
Davyd-Haradok	BY	52.0566	27.2161	5658
Vyalikaya Byerastavitsa	BY	53.1956	24.0199	5647
Korelichi	BY	53.5648	26.1406	5546
Voronovo	BY	54.1539	25.3123	5532
Rossony	BY	55.906	28.8133	5400
Chyst’	BY	54.2698	27.1067	5300
Smilavičy	BY	53.7496	28.0115	5200
Zürich	CH	47.3667	8.55	415367
Geneva	CH	46.2022	6.1457	201741
Basel	CH	47.5584	7.5733	177595
Lausanne	CH	46.516	6.6328	139111
Bern	CH	46.9481	7.4474	121631
Winterthur	CH	47.5056	8.7241	111840
Luzern	CH	47.0505	8.3064	81691
Sankt Gallen	CH	47.4239	9.3748	75833
Lugano	CH	46.0101	8.96	63185
Biel/Bienne	CH	47.1371	7.2461	55120
Thun	CH	46.7512	7.6217	43723
Bellinzona	CH	46.1928	9.017	43220
Köniz	CH	46.9244	7.4146	41784
Fribourg	CH	46.8024	7.1513	38365
La Chaux-de-Fonds	CH	47.0999	6.8259	37942
Schaffhausen	CH	47.6973	8.6349	36587
Chur	CH	46.8499	9.5329	35373
Rapperswil	CH	47.2256	8.8223	34776
Uster	CH	47.3471	8.7209	34715
Sitten	CH	46.2274	7.3556	34708
Neuchâtel	CH	46.9918	6.931	33475
Emmen	CH	47.0782	8.2733	30926
Zug	CH	47.1724	8.5175	30542
Yverdon-les-Bains	CH	46.7785	6.6411	30157
Vernier	CH	46.217	6.085	30086
Montreux	CH	46.433	6.9114	25984
Frauenfeld	CH	47.5578	8.8989	25607
Kriens	CH	47.0311	8.2855	25010
Wetzikon	CH	47.3264	8.7978	24764
Wil	CH	47.4615	9.0455	23955
Bulle	CH	46.618	7.0569	23438
Horgen	CH	47.2598	8.5978	22662
Kreuzlingen	CH	47.6505	9.175	21997
Opfikon	CH	47.4317	8.5759	21554
Aarau	CH	47.3925	8.0442	21503
Renens	CH	46.5399	6.5881	20927
Dietikon	CH	47.4016	8.4002	20893
Baar	CH	47.1962	8.5295	20546
Bülach	CH	47.522	8.5405	20443
Riehen	CH	47.5788	7.6468	20000
Vevey	CH	46.463	6.8434	19891
Dübendorf	CH	47.3972	8.6187	19882
Meyrin	CH	46.2342	6.0803	19772
Carouge	CH	46.181	6.1392	19344
Baden	CH	47.4733	8.3059	19340
Reinach	CH	47.497	7.5917	19216
Olten	CH	47.35	7.9033	18362
Martigny-Ville	CH	46.1028	7.0724	18301
Wettingen	CH	47.4661	8.3266	18191
Allschwil	CH	47.5507	7.536	18189
Monthey	CH	46.2545	6.9541	17777
Jona	CH	47.2298	8.8388	17655
Onex	CH	46.184	6.1024	17302
Gossau	CH	47.4155	9.2548	17043
Muttenz	CH	47.5227	7.6451	16927
Nyon	CH	46.3832	6.2396	16797
Sierre	CH	46.2919	7.5356	16790
Solothurn	CH	47.2079	7.5371	16777
Cham	CH	47.1821	8.4636	16719
Burgdorf	CH	47.059	7.6279	16420
Kloten	CH	47.4515	8.5849	16289
Pully	CH	46.5103	6.6618	16263
Stadt Winterthur (Kreis 1)	CH	47.4949	8.7195	16182
Littau	CH	47.05	8.2627	16121
Grenchen	CH	47.1921	7.3959	15927
Einsiedeln	CH	47.1285	8.7474	15867
Locarno	CH	46.1709	8.7995	15824
Herisau	CH	47.3862	9.2792	15744
Steffisburg	CH	46.7781	7.6325	15709
Morges	CH	46.5113	6.4985	15705
Seen (Kreis 3)	CH	47.4765	8.77	15434
Adliswil	CH	47.31	8.5246	15230
Schwyz	CH	47.0208	8.6541	15181
Mendrisio	CH	45.8702	8.9816	14942
Pratteln	CH	47.5207	7.6936	14877
Arbon	CH	47.5167	9.4333	14631
Freienbach	CH	47.2053	8.7584	14302
Meilen	CH	47.2723	8.6462	14207
Langenthal	CH	47.2153	7.7961	14184
Binningen	CH	47.5402	7.5693	14130
Wohlen	CH	47.3507	8.2752	13875
Thalwil	CH	47.2918	8.5635	13296
Wädenswil	CH	47.2268	8.6687	13269
Küssnacht	CH	47.0856	8.4421	13084
Thônex	CH	46.1882	6.199	13057
Muri	CH	46.9312	7.4866	13054
Uzwil	CH	47.4365	9.1342	12885
Liestal	CH	47.4845	7.7345	12832
Schlieren	CH	47.3967	8.4476	12695
Delémont	CH	47.3649	7.3445	12682
Wülflingen (Kreis 6)	CH	47.5104	8.6833	12598
Spiez	CH	46.6847	7.6911	12594
Glarus	CH	47.0406	9.068	12425
Horw	CH	47.0169	8.3096	12348
Affoltern am Albis	CH	47.2774	8.4513	12226
Pfäffikon	CH	47.3645	8.792	11931
Spreitenbach	CH	47.4228	8.3679	11875
Wallisellen	CH	47.415	8.5967	11705
Zofingen	CH	47.2878	7.9459	11655
Münchenstein	CH	47.5185	7.6097	11644
Ittigen	CH	46.9743	7.4828	11546
Küsnacht	CH	47.318	8.584	11525
Ebikon	CH	47.0794	8.3404	11471
Versoix	CH	46.2838	6.1621	11467
Amriswil	CH	47.547	9.2959	11351
Brugg	CH	47.481	8.2087	11177
Hinwil	CH	47.2943	8.8439	11135
Worb	CH	46.9298	7.5631	11053
Lyss	CH	47.0741	7.3065	10937
Münsingen	CH	46.873	7.561	10928
Davos	CH	46.8043	9.8372	10898
Rheinfelden	CH	47.5544	7.794	10733
Gland	CH	46.4208	6.2701	10641
Altstätten	CH	47.3777	9.5475	10574
Lenzburg	CH	47.3885	8.175	10569
Plan-les-Ouates	CH	46.1679	6.1166	10540
Prilly	CH	46.537	6.6046	10524
La Tour-de-Peilz	CH	46.4531	6.8586	10522
Chêne-Bougeries	CH	46.1984	6.1864	10487
Rotkreuz	CH	47.1428	8.4314	10439
Buchs	CH	47.1674	9.4779	10418
Oftringen	CH	47.3138	7.9253	10390
Sarnen	CH	46.8961	8.2453	10368
Ecublens	CH	46.529	6.5626	10262
Birsfelden	CH	47.5529	7.6232	10232
Crans-Montana	CH	46.3132	7.4791	10218
Le Locle	CH	47.0562	6.7491	10216
Richterswil	CH	47.2062	8.6969	10189
Oberwil	CH	47.5141	7.5579	10187
Aesch	CH	47.471	7.5973	10138
Aigle	CH	46.3181	6.9646	10134
Villars-sur-Glâne	CH	46.7905	7.1172	10021
Neuhausen	CH	47.6858	8.6147	10019
Sursee	CH	47.1709	8.1111	9953
Payerne	CH	46.8219	6.9382	9943
Arth	CH	47.0634	8.5235	9850
Münchenbuchsee	CH	47.0217	7.4504	9801
Veyrier	CH	46.167	6.1844	9800
Le Grand-Saconnex	CH	46.2319	6.1209	9781
Bernex	CH	46.1765	6.0754	9759
Flawil	CH	47.413	9.1832	9739
Therwil	CH	47.4994	7.5567	9595
Rüti	CH	47.256	8.8555	9576
Weinfelden	CH	47.5667	9.1	9414
Altdorf	CH	46.8804	8.6444	9401
Möhlin	CH	47.5592	7.8433	9382
Suhr	CH	47.3717	8.0797	9374
Belp	CH	46.8913	7.4982	9307
Arlesheim	CH	47.4941	7.6198	9301
Zuchwil	CH	47.2017	7.5665	9268
Hombrechtikon	CH	47.253	8.7721	9212
Urdorf	CH	47.3851	8.4258	9205
Gstaad	CH	46.4721	7.2869	9200
Eschenbach	CH	47.2398	8.9216	9175
Wohlen	CH	46.9712	7.3568	9159
Zollikofen	CH	46.999	7.4581	9121
Goldach	CH	47.474	9.4671	9094
Hünenberg	CH	47.1754	8.425	9032
Rorschach	CH	47.478	9.4903	9000
Romanshorn	CH	47.5659	9.3787	8956
Landquart	CH	46.95	9.5667	8886
Egg	CH	47.2998	8.6903	8829
Conthey	CH	46.2237	7.3028	8792
Langnau	CH	46.9394	7.7874	8784
Lutry	CH	46.5024	6.6865	8774
Lachen	CH	47.1922	8.8532	8754
Wittenbach	CH	47.4611	9.386	8542
Steinhausen	CH	47.1951	8.4858	8509
Stans	CH	46.9581	8.3661	8393
Hochdorf	CH	47.1684	8.2918	8192
Kirchberg	CH	47.4116	9.0402	8127
Wattwil	CH	47.2996	9.0866	8089
Chiasso	CH	45.832	9.0312	8060
Obersiggenthal	CH	47.4875	8.2965	7990
Unterägeri	CH	47.1365	8.5853	7973
Ingenbohl	CH	46.9988	8.6153	7967
Chêne-Bourg	CH	46.1953	6.1941	7959
Neuenhof	CH	47.4498	8.3268	7957
Männedorf	CH	47.2569	8.6989	7951
Visp	CH	46.2937	7.8815	7948
Biberist	CH	47.1801	7.5625	7889
Reinach	CH	47.2573	8.1809	7845
Willisau	CH	47.1218	7.9942	7780
Giubiasco	CH	46.1725	9.0079	7752
Schübelbach	CH	47.1733	8.9281	7745
Moutier	CH	47.2782	7.3695	7721
Epalinges	CH	46.549	6.6683	7706
Oberriet	CH	47.3209	9.5681	7675
Marly	CH	46.7761	7.1646	7653
Aadorf	CH	47.492	8.901	7620
Oberentfelden	CH	47.3564	8.0459	7553
Naters	CH	46.3254	7.9891	7552
Pregassona	CH	46.0202	8.9743	7548
Regensdorf	CH	47.4341	8.4687	7531
Rothrist	CH	47.3051	7.892	7423
Bussigny	CH	46.5511	6.556	7408
Lengnau	CH	47.1816	7.3681	7336
Pfäffikon	CH	47.2011	8.7782	7310
Düdingen	CH	46.8492	7.1915	7155
Siebnen	CH	47.1745	8.8978	7104
Embrach	CH	47.5056	8.5941	7088
Bassersdorf	CH	47.4434	8.6285	7010
Langnau am Albis	CH	47.2888	8.5411	7000
Wollerau	CH	47.1948	8.719	6883
Aarburg	CH	47.3207	7.8999	6828
Igis	CH	46.9453	9.5722	6828
Domat	CH	46.8348	9.4507	6817
Nidau	CH	47.1255	7.2403	6696
Windisch	CH	47.479	8.2184	6689
Porrentruy	CH	47.4173	7.0757	6675
Au	CH	47.4309	9.6345	6673
Frutigen	CH	46.5872	7.6494	6671
Ollon	CH	46.2952	6.9931	6665
Minusio	CH	46.1777	8.8147	6653
Zermatt	CH	46.02	7.7486	6629
Bagnes	CH	46.0833	7.2167	6626
Saanen	CH	46.4894	7.26	6621
Crissier	CH	46.5459	6.5757	6612
Buchs	CH	47.3936	8.0823	6599
Gränichen	CH	47.3593	8.1024	6557
Bremgarten	CH	47.3511	8.3421	6543
Meggen	CH	47.0469	8.3747	6533
Kilchberg	CH	47.3244	8.5455	6511
Muri	CH	47.2743	8.3385	6463
Sirnach	CH	47.4622	8.9976	6463
Dornach	CH	47.4804	7.6164	6449
Thal	CH	47.4668	9.5664	6433
Ruswil	CH	47.0842	8.1265	6432
Grabs	CH	47.1825	9.4439	6384
Viganello	CH	46.0134	8.9688	6375
Untersiggenthal	CH	47.5021	8.2555	6344
Trimbach	CH	47.3656	7.8868	6220
Malters	CH	47.0363	8.1819	6181
Frenkendorf	CH	47.5069	7.7165	6180
Dietlikon / Dietlikon (Dorf)	CH	47.4183	8.6188	6149
Sargans	CH	47.049	9.441	6134
Derendingen	CH	47.1985	7.5884	6093
Bolligen	CH	46.9751	7.497	6086
Losone	CH	46.1687	8.7593	6070
Neuenkirch	CH	47.0999	8.2042	5963
Bex	CH	46.2497	7.0098	5956
Collombey	CH	46.2739	6.9479	5926
Fully	CH	46.1385	7.1147	5922
Bottmingen	CH	47.5234	7.5721	5912
Biasca	CH	46.3597	8.9696	5885
Sissach	CH	47.4641	7.8089	5873
Balsthal	CH	47.3161	7.6932	5863
Zollikon	CH	47.3402	8.5741	5812
Oberengstringen	CH	47.4084	8.4651	5805
Murten/Morat	CH	46.9283	7.1171	5800
Massagno	CH	46.0126	8.9435	5774
Echallens	CH	46.6413	6.6332	5740
Stäfa	CH	47.2425	8.7234	5737
Les Avanchets	CH	46.2217	6.1081	5730
Peseux	CH	46.987	6.889	5716
Gelterkinden	CH	47.465	7.8517	5709
Teufen	CH	47.3908	9.3864	5683
Uetendorf	CH	46.7739	7.5725	5654
Appenzell	CH	47.331	9.41	5649
Münchwilen	CH	47.4772	8.9968	5623
Laufen	CH	47.4219	7.4995	5618
Oberuzwil	CH	47.4308	9.1272	5616
Adligenswil	CH	47.0652	8.3612	5576
Savièse	CH	46.2512	7.3456	5575
Uznach	CH	47.2242	8.9826	5561
Buochs	CH	46.974	8.4228	5524
Herzogenbuchsee	CH	47.188	7.7062	5522
Heimberg	CH	46.7948	7.6043	5501
Würenlos	CH	47.4421	8.3626	5497
Villmergen	CH	47.3501	8.2476	5489
Chavannes	CH	46.5301	6.5707	5454
Hergiswil	CH	46.9843	8.3094	5437
Menziken	CH	47.2396	8.19	5415
Basse-Nendaz	CH	46.1899	7.3121	5410
Diepoldsau	CH	47.386	9.6556	5401
Sankt Margrethen	CH	47.4525	9.6374	5395
Buchrain	CH	47.0962	8.3473	5341
Kirchberg	CH	47.0854	7.5829	5335
Goldau	CH	47.0476	8.5462	5285
Altendorf	CH	47.1899	8.8382	5280
Romont	CH	46.6965	6.919	5276
Le Mont-sur-Lausanne	CH	46.5581	6.6315	5270
Urtenen	CH	47.0267	7.5008	5258
Blonay	CH	46.4678	6.8961	5244
Küttigen	CH	47.4148	8.0498	5234
Saint-Imier	CH	47.1528	6.9969	5220
Alpnach	CH	46.9423	8.2718	5218
Kerns	CH	46.9012	8.2751	5217
Sumiswald	CH	47.0275	7.7453	5159
Unterseen	CH	46.6853	7.8472	5150
Rümlang	CH	47.4504	8.5299	5144
Orbe	CH	46.725	6.5307	5132
Châtel-Saint-Denis	CH	46.5269	6.9008	5094
Ascona	CH	46.1545	8.7733	5084
Interlaken	CH	46.6839	7.8664	5067
Bad Ragaz	CH	47.006	9.5027	5063
Estavayer-le-Lac	CH	46.8488	6.8465	5061
Greifensee	CH	47.3672	8.6812	5032
Herrliberg	CH	47.2906	8.6146	5025
Nicosia	CY	35.1728	33.354	200452
Limassol	CY	34.6841	33.0379	154000
Larnaca	CY	34.9221	33.6279	72000
Stróvolos	CY	35.1487	33.3338	67904
Famagusta	CY	35.1249	33.9413	42526
Káto Lakatámeia	CY	35.1176	33.3254	40000
Paphos	CY	34.7768	32.4245	35961
Kyrenia	CY	35.3363	33.3173	26701
Mórfou	CY	35.1987	32.9934	24070
Káto Polemídia	CY	34.6972	32.9932	23231
Aradíppou	CY	34.9478	33.5881	22934
Aglantziá	CY	35.1542	33.3964	21543
Égkomi	CY	35.1627	33.8832	20502
Protaras	CY	35.0125	34.0583	20230
Germasógeia	CY	34.7207	33.0845	17325
Pérgamos	CY	35.0417	33.7083	15000
Ágios Dométios	CY	35.1735	33.3404	12904
Dáli	CY	35.0229	33.422	12350
Paralímni	CY	35.0395	33.9818	11836
Géri	CY	35.1056	33.4198	9651
Geroskipou	CY	34.7609	32.4484	8355
Léfka	CY	35.112	32.85	7835
Ýpsonas	CY	34.688	32.9619	7348
Dhromolaxia	CY	34.8755	33.5868	6866
Kolossi	CY	34.6686	32.9338	6478
Chlórakas	CY	34.7984	32.4065	6421
Derýneia	CY	35.0648	33.9608	6229
Xylofágou	CY	34.9774	33.8489	6000
Emba	CY	34.807	32.4241	5505
Tséri	CY	35.0731	33.3234	5498
Livádia	CY	34.9552	33.6273	5329
Lápithos	CY	35.3382	33.1737	5215
Rizokárpaso	CY	35.5972	34.3792	5215
Athíenou	CY	35.0618	33.5417	5202
Kíti	CY	34.849	33.5752	5136
Prague	CZ	50.088	14.4208	1165581
Brno	CZ	49.1952	16.608	404296
Ostrava	CZ	49.8347	18.282	280853
Pilsen	CZ	49.7475	13.3776	187863
Liberec	CZ	50.7671	15.0562	102951
Olomouc	CZ	49.5955	17.2518	99496
České Budějovice	CZ	48.9745	14.4743	93426
Hradec Králové	CZ	50.2092	15.8328	90596
Ústí nad Labem	CZ	50.6607	14.0323	90378
Pardubice	CZ	50.0408	15.7766	88520
Brno střed	CZ	49.1934	16.6071	86685
Havířov	CZ	49.7798	18.4369	82768
Zlín	CZ	49.2264	17.6706	72973
Kladno	CZ	50.1473	14.1029	69728
Most	CZ	50.503	13.6362	63474
Stodůlky	CZ	50.05	14.3167	60758
Opava	CZ	49.9387	17.9026	54881
Frýdek-Místek	CZ	49.6833	18.35	53590
Teplice	CZ	50.6404	13.8245	50856
Jihlava	CZ	49.3961	15.5912	50108
Karviná	CZ	49.854	18.5417	48637
Mladá Boleslav	CZ	50.4113	14.9032	47874
Chomutov	CZ	50.4605	13.4178	46560
Děčín	CZ	50.7822	14.2148	46376
Jablonec nad Nisou	CZ	50.7243	15.1711	46209
Karlovy Vary	CZ	50.2327	12.8712	45500
Prostějov	CZ	49.4719	17.1118	43236
Přerov	CZ	49.4551	17.4509	40492
Česká Lípa	CZ	50.6855	14.5376	36364
Znojmo	CZ	48.8555	16.0488	35280
Třebíč	CZ	49.2149	15.8817	34476
Tábor	CZ	49.4144	14.6578	34339
Třinec	CZ	49.6776	18.6708	33523
Kolín	CZ	50.0281	15.1998	33392
Cheb	CZ	50.0796	12.3739	32892
Příbram	CZ	49.6899	14.0104	32773
Písek	CZ	49.3088	14.1475	31002
Trutnov	CZ	50.561	15.9127	29337
Kroměříž	CZ	49.2978	17.3931	27917
Orlová	CZ	49.8453	18.4301	27383
Břeclav	CZ	48.759	16.882	25789
Český Těšín	CZ	49.7461	18.6261	25750
Vsetín	CZ	49.3387	17.9962	24974
Uherské Hradiště	CZ	49.0697	17.4597	24852
Bystrc	CZ	49.2264	16.5303	24655
Líšeň	CZ	49.2071	16.6948	24563
Litoměřice	CZ	50.5335	14.1318	24489
Šumperk	CZ	49.9653	16.9706	24444
Královo Pole	CZ	49.2252	16.5899	24212
Chrudim	CZ	49.9511	15.7956	23562
Havlíčkův Brod	CZ	49.6069	15.5794	23368
Hodonín	CZ	48.8489	17.1324	23344
Klatovy	CZ	49.3955	13.295	22921
Nový Jičín	CZ	49.5944	18.0103	22740
Valašské Meziříčí	CZ	49.4718	17.9711	22568
Řepy	CZ	50.0706	14.3005	22461
Krnov	CZ	50.0897	17.7038	22303
Strakonice	CZ	49.2614	13.9024	22275
Litvínov	CZ	50.6042	13.6181	22258
Sokolov	CZ	50.1813	12.6401	21908
Kutná Hora	CZ	49.9484	15.2682	21787
Beroun	CZ	49.9638	14.072	21744
Náchod	CZ	50.4167	16.1629	21263
Kopřivnice	CZ	49.5995	18.1448	21245
Brandýs nad Labem-Stará Boleslav	CZ	50.1871	14.6633	20926
Vyškov	CZ	49.2775	16.999	20664
Jindřichův Hradec	CZ	49.144	15.003	20369
Bohumín	CZ	49.9041	18.3575	20315
Mělník	CZ	50.3505	14.4741	20301
Žďár nad Sázavou	CZ	49.5626	15.9392	20247
Blansko	CZ	49.363	16.6445	19900
Žabovřesky	CZ	49.2139	16.5725	19387
Jirkov	CZ	50.4998	13.4477	19067
Žatec	CZ	50.3272	13.5458	18984
Židenice	CZ	49.1965	16.6474	18920
Kadaň	CZ	50.3833	13.2667	18088
Louny	CZ	50.357	13.7967	18061
Hranice	CZ	49.548	17.7347	17910
Kralupy nad Vltavou	CZ	50.2411	14.3115	17373
Říčany	CZ	49.9917	14.6543	17314
Slaný	CZ	50.2305	14.0869	17247
Otrokovice	CZ	49.2093	17.5394	17239
Rožnov pod Radhoštěm	CZ	49.4585	18.143	17238
Benešov	CZ	49.7816	14.687	17025
Uherský Brod	CZ	49.0251	17.6471	16280
Neratovice	CZ	50.2593	14.5176	16279
Pelhřimov	CZ	49.4313	15.2234	16233
Svitavy	CZ	49.7559	16.4683	16073
Jičín	CZ	50.4372	15.3516	16052
Nymburk	CZ	50.1861	15.0417	15795
Rakovník	CZ	50.1037	13.7334	15682
Ostrov	CZ	50.3059	12.9391	15615
Dvůr Králové nad Labem	CZ	50.4317	15.814	15316
Poděbrady	CZ	50.1424	15.1188	15232
Česká Třebová	CZ	49.9044	16.4441	14982
Bruntál	CZ	49.9884	17.4647	14791
Varnsdorf	CZ	50.9115	14.6182	14645
Milovice	CZ	50.226	14.8886	14609
Turnov	CZ	50.5836	15.1519	14507
Bílina	CZ	50.5485	13.7753	14401
Tachov	CZ	49.7953	12.6336	14308
Rokycany	CZ	49.7427	13.5946	14248
Ústí nad Orlicí	CZ	49.9739	16.3936	13988
Klášterec nad Ohří	CZ	50.3886	13.1834	13980
Mariánské Lázně	CZ	49.9646	12.7012	13921
Krupka	CZ	50.6845	13.8582	13687
Bohunice	CZ	49.1673	16.5775	13671
Řečkovice	CZ	49.2521	16.5815	13423
Hlučín	CZ	49.898	18.192	13245
Šternberk	CZ	49.7304	17.2989	13207
Zábřeh	CZ	49.8826	16.8722	13157
Vysoké Mýto	CZ	49.9532	16.1617	12849
Aš	CZ	50.2239	12.195	12683
Český Krumlov	CZ	48.8109	14.3152	12658
Chodov	CZ	50.2402	12.7455	12609
Roudnice nad Labem	CZ	50.4253	14.2617	12561
Jaroměř	CZ	50.3562	15.9214	12487
Čelákovice	CZ	50.1604	14.75	12474
Boskovice	CZ	49.4875	16.66	12457
Vrchlabí	CZ	50.627	15.6094	12028
Čakovice	CZ	50.1513	14.5239	11984
Kuřim	CZ	49.2985	16.5314	11860
Velké Meziříčí	CZ	49.3552	16.0122	11709
Rychnov nad Kněžnou	CZ	50.1628	16.2749	11693
Kohoutovice	CZ	49.1945	16.5415	11597
Holešov	CZ	49.3333	17.5783	11544
Starý Lískovec	CZ	49.1643	16.5615	11538
Humpolec	CZ	49.5415	15.3593	11487
Vlašim	CZ	49.7063	14.8988	11329
Nový Bor	CZ	50.7576	14.5556	11257
Vinohrady	CZ	49.2066	16.6632	11202
Uničov	CZ	49.7709	17.1214	11060
Prachatice	CZ	49.0129	13.9975	11036
Uhříněves	CZ	50.0288	14.5995	10992
Domažlice	CZ	49.4405	12.9298	10973
Rumburk	CZ	50.9515	14.557	10780
Sušice	CZ	49.2311	13.5202	10689
Králův Dvůr	CZ	49.9498	14.0344	10677
Jesenice	CZ	49.9681	14.5135	10625
Veselí nad Moravou	CZ	48.9536	17.3765	10574
Kyjov	CZ	49.0102	17.1225	10537
Frenštát pod Radhoštěm	CZ	49.5483	18.2108	10495
Újezd nad Lesy	CZ	50.0765	14.6595	10429
Litomyšl	CZ	49.8681	16.313	10411
Jeseník	CZ	50.2294	17.2046	10324
Přelouč	CZ	50.0399	15.5603	10195
Čáslav	CZ	49.911	15.3897	10025
Ivančice	CZ	49.1014	16.3775	9898
Mohelnice	CZ	49.777	16.9195	9886
Lanškroun	CZ	49.9122	16.6119	9847
Frýdlant nad Ostravicí	CZ	49.5928	18.3597	9839
Nové Město na Moravě	CZ	49.5614	16.0742	9716
Nové Město nad Metují	CZ	50.3446	16.1515	9716
Nový Lískovec	CZ	49.1832	16.5612	9622
Hlinsko	CZ	49.7621	15.9076	9504
Litovel	CZ	49.7012	17.0761	9448
Moravská Třebová	CZ	49.7579	16.6643	9418
Milevsko	CZ	49.4509	14.36	9343
Tišnov	CZ	49.3487	16.4244	9270
Hostivice	CZ	50.0816	14.2586	9266
Nová Paka	CZ	50.4945	15.515	9219
Studénka	CZ	49.7234	18.0785	9166
Štětí	CZ	50.453	14.3742	9165
Roztoky	CZ	50.1584	14.3976	9147
Mnichovo Hradiště	CZ	50.5272	14.9713	9123
Chotěboř	CZ	49.7207	15.6702	9076
Slatina	CZ	49.176	16.6878	9052
Zlíčín	CZ	50.0618	14.2896	9042
Polička	CZ	49.7146	16.2654	9035
Bystřice nad Pernštejnem	CZ	49.523	16.2615	8996
Dobříš	CZ	49.7811	14.1672	8828
Příbor	CZ	49.6409	18.145	8789
Lovosice	CZ	50.515	14.051	8744
Duchcov	CZ	50.6038	13.7462	8718
Choceň	CZ	50.0016	16.223	8700
Nejdek	CZ	50.3224	12.7294	8565
Radotín	CZ	49.9898	14.3657	8462
Červený Kostelec	CZ	50.4763	16.0929	8441
Hořice	CZ	50.3661	15.6318	8427
Týn nad Vltavou	CZ	49.2234	14.4206	8296
Třeboň	CZ	49.0036	14.7706	8249
Hořovice	CZ	49.836	13.9027	8245
Lysá nad Labem	CZ	50.2014	14.8328	8194
Dubí	CZ	50.6856	13.7856	8148
Vimperk	CZ	49.0586	13.7829	8043
Hrádek nad Nisou	CZ	50.8528	14.8445	8001
Semily	CZ	50.6019	15.3355	7999
Benátky nad Jizerou	CZ	50.2908	14.8234	7963
Lipník nad Bečvou	CZ	49.5272	17.5859	7955
Bystřice pod Hostýnem	CZ	49.3992	17.674	7911
Sedlčany	CZ	49.6606	14.4266	7836
Rychvald	CZ	49.8663	18.3763	7823
Černošice	CZ	49.9601	14.3198	7712
Stříbro	CZ	49.7557	12.997	7689
Rýmařov	CZ	49.9318	17.2718	7670
Brno-jih	CZ	49.1745	16.6228	7594
Jinonice	CZ	50.0504	14.3783	7556
Mikulov	CZ	48.8056	16.6378	7552
Kaplice	CZ	48.7388	14.4945	7531
Úvaly	CZ	50.0739	14.7308	7507
Vratimov	CZ	49.77	18.3102	7469
Vodňany	CZ	49.1479	14.1751	7464
Sezimovo Ústí	CZ	49.3852	14.6848	7420
Odry	CZ	49.6626	17.8308	7395
Český Brod	CZ	50.0742	14.8608	7355
Petřvald	CZ	49.831	18.3894	7350
Bílovec	CZ	49.7564	18.0158	7349
Frýdlant	CZ	50.9214	15.0797	7332
Soběslav	CZ	49.2599	14.7186	7308
Slavkov u Brna	CZ	49.1532	16.8765	7294
Komín	CZ	49.2197	16.5524	7228
Nový Bydžov	CZ	50.2415	15.4908	7160
Dačice	CZ	49.0815	15.4373	7157
Letovice	CZ	49.5471	16.5736	7124
Šlapanice	CZ	49.1686	16.7273	7109
Dobruška	CZ	50.292	16.16	7085
Moravské Budějovice	CZ	49.0521	15.8086	7079
Broumov	CZ	50.5857	16.3318	6998
Nýřany	CZ	49.7114	13.2119	6994
Napajedla	CZ	49.1716	17.5119	6981
Tanvald	CZ	50.7373	15.3058	6921
Bučovice	CZ	49.149	17.0019	6859
Suchdol	CZ	50.1414	14.3837	6839
Rosice	CZ	49.1823	16.3879	6825
Kravaře	CZ	49.932	18.0047	6787
Černovice	CZ	49.1823	16.6372	6692
Blatná	CZ	49.4249	13.8818	6679
Šenov	CZ	49.7931	18.3761	6642
Odolena Voda	CZ	50.2334	14.4108	6639
Čimice	CZ	50.1376	14.4328	6586
Staré Město	CZ	49.0752	17.4334	6585
Veselí nad Lužnicí	CZ	49.1843	14.6973	6534
Hronov	CZ	50.4797	16.1823	6516
Železný Brod	CZ	50.6427	15.2541	6442
Hulín	CZ	49.3169	17.4637	6414
Kojetín	CZ	49.3518	17.3021	6397
Světlá nad Sázavou	CZ	49.668	15.4039	6394
Hustopeče	CZ	48.9408	16.7376	6391
Mníšek pod Brdy	CZ	49.8665	14.2618	6377
Kraslice	CZ	50.3237	12.5175	6369
Přeštice	CZ	49.573	13.3335	6353
Týniště nad Orlicí	CZ	50.1514	16.0777	6342
Mimoň	CZ	50.6587	14.7247	6321
Podbořany	CZ	50.2294	13.4119	6253
Holice	CZ	50.066	15.9859	6219
Vítkov	CZ	49.7745	17.7494	6202
Letohrad	CZ	50.0358	16.4988	6195
Kostelec nad Orlicí	CZ	50.1227	16.2132	6184
Dubňany	CZ	48.9169	17.09	6179
Slavičín	CZ	49.088	17.8735	6168
Pohořelice	CZ	48.9812	16.5245	6126
Chrastava	CZ	50.8169	14.9688	6051
Ledeč nad Sázavou	CZ	49.6952	15.2777	6048
Lomnice nad Popelkou	CZ	50.5306	15.3734	5957
Rousínov	CZ	49.2013	16.8821	5948
Horní Slavkov	CZ	50.1386	12.8076	5818
Třešť	CZ	49.2909	15.4821	5801
Dobřany	CZ	49.6548	13.2931	5779
Jilemnice	CZ	50.6089	15.5065	5777
Žamberk	CZ	50.086	16.4674	5770
Modřice	CZ	49.1193	16.6045	5755
Týnec nad Sázavou	CZ	49.8335	14.5898	5732
Horažďovice	CZ	49.3207	13.701	5727
Šluknov	CZ	51.0037	14.4526	5701
Nové Strašecí	CZ	50.1527	13.9004	5686
Hluboká nad Vltavou	CZ	49.0523	14.4343	5679
Moravský Krumlov	CZ	49.0489	16.3117	5667
Žebětín	CZ	49.2071	16.4879	5646
Třebechovice pod Orebem	CZ	50.201	15.9922	5611
Františkovy Lázně	CZ	50.1203	12.3517	5607
Chlumec nad Cidlinou	CZ	50.1544	15.4603	5606
Zubří	CZ	49.466	18.0925	5603
Maloměřice	CZ	49.2222	16.6582	5595
Horoměřice	CZ	50.1317	14.3388	5586
Rudná	CZ	50.035	14.2343	5560
Stochov	CZ	50.1463	13.9634	5538
Velká Bíteš	CZ	49.2884	16.2274	5482
Česká Kamenice	CZ	50.7978	14.4177	5475
Fulnek	CZ	49.7124	17.9032	5472
Kunovice	CZ	49.045	17.4701	5452
Planá	CZ	49.8682	12.7438	5450
Úpice	CZ	50.5124	16.0161	5448
Hradec nad Moravicí	CZ	49.8704	17.8784	5444
Starý Plzenec	CZ	49.6977	13.4735	5403
Česká Skalice	CZ	50.3947	16.0428	5402
Brumov-Bylnice	CZ	49.0918	18.0224	5372
Bakov nad Jizerou	CZ	50.4823	14.9415	5355
Dolní Lutyně	CZ	49.8988	18.4281	5350
Habartov	CZ	50.183	12.5505	5337
Jílové	CZ	50.7608	14.1038	5307
Polná	CZ	49.487	15.7188	5305
Unhošť	CZ	50.0853	14.1301	5292
Strážnice	CZ	48.901	17.3168	5282
Bystřice	CZ	49.6366	18.7204	5262
Jílové u Prahy	CZ	49.8954	14.4933	5262
Jablunkov	CZ	49.5767	18.7646	5225
Medlánky	CZ	49.24	16.5708	5195
Chropyně	CZ	49.3564	17.3645	5172
Chýně	CZ	50.0607	14.227	5168
Telč	CZ	49.1842	15.4527	5105
Tuřany	CZ	49.1476	16.668	5084
Třemošná	CZ	49.8158	13.395	5052
Doksy	CZ	50.5647	14.6555	5025
Nýrsko	CZ	49.2939	13.1435	5023
Skuteč	CZ	49.8435	15.9965	5020
Berlin	DE	52.5244	13.4105	3426354
Hamburg	DE	53.5507	9.993	1973896
Munich	DE	48.1374	11.5755	1505005
Köln	DE	50.9333	6.95	1024621
Frankfurt am Main	DE	50.1155	8.6842	650000
Düsseldorf	DE	51.2232	6.7793	618685
Stuttgart	DE	48.7823	9.177	612663
Essen	DE	51.4566	7.0123	593085
Dortmund	DE	51.5149	7.466	588462
Dresden	DE	51.0509	13.7383	564904
Bremen	DE	53.0758	8.8072	546501
Nuremberg	DE	49.4542	11.0775	515543
Hannover	DE	52.3705	9.7332	515140
Leipzig	DE	51.3396	12.3713	504971
Duisburg	DE	51.4325	6.7652	504358
Bochum	DE	51.4817	7.2165	385729
Wuppertal	DE	51.2563	7.1482	360797
Bielefeld	DE	52.0333	8.5333	331906
Bonn	DE	50.7344	7.0955	330579
Münster	DE	51.9624	7.6257	308258
Mannheim	DE	49.4891	8.4669	307960
Augsburg	DE	48.3715	10.8985	301105
Wiesbaden	DE	50.086	8.2444	288850
Karlsruhe	DE	49.0094	8.4044	283799
Gelsenkirchen	DE	51.5051	7.0965	270028
Aachen	DE	50.7766	6.0834	265208
Mönchengladbach	DE	51.1854	6.4417	261742
Kiel	DE	54.3213	10.1349	252668
Chemnitz	DE	50.8357	12.9292	247220
Braunschweig	DE	52.2659	10.5267	244715
Magdeburg	DE	52.1313	11.6319	244329
Krefeld	DE	51.3364	6.5538	237984
Halle (Saale)	DE	51.4816	11.9795	237865
Freiburg	DE	47.9959	7.8522	237460
Mainz	DE	49.9819	8.2801	222889
Oberhausen	DE	51.4781	6.8625	219176
Erfurt	DE	50.9773	11.0354	218793
Lübeck	DE	53.8689	10.6873	212207
Hagen	DE	51.3608	7.4717	198972
Rostock	DE	54.0887	12.1405	198293
Kassel	DE	51.3167	9.5	197230
Potsdam	DE	52.3989	13.0657	184754
Saarbrücken	DE	49.2326	7.0098	182971
Hamm	DE	51.6803	7.8209	178967
Mülheim	DE	51.4322	6.8797	173050
Herne	DE	51.5388	7.2257	172108
Darmstadt	DE	49.8717	8.6503	167029
Osnabrück	DE	52.2726	8.0498	166462
Solingen	DE	51.1734	7.0845	164359
Ludwigshafen am Rhein	DE	49.4812	8.4464	163196
Leverkusen	DE	51.0303	6.9843	162738
Oldenburg	DE	53.1404	8.2148	159218
Neuss	DE	51.1981	6.685	152457
Regensburg	DE	49.0151	12.1016	151389
Heidelberg	DE	49.4077	8.6908	143345
Paderborn	DE	51.7191	8.7544	142161
Würzburg	DE	49.7939	9.9512	133731
Fürth	DE	49.4759	10.9886	132036
Wolfsburg	DE	52.4236	10.776	123064
Recklinghausen	DE	51.6138	7.1974	122438
Göttingen	DE	51.5344	9.9323	122149
Heilbronn	DE	49.1399	9.2205	120733
Ingolstadt	DE	48.7651	11.4237	120658
Ulm	DE	48.3984	9.9916	120451
Bottrop	DE	51.5239	6.9285	119909
Pforzheim	DE	48.8844	8.6989	119313
Offenbach	DE	50.1006	8.7665	119192
Bremerhaven	DE	53.5536	8.5755	118610
Remscheid	DE	51.1798	7.1925	117118
Reutlingen	DE	48.4914	9.2043	112627
Koblenz	DE	50.3536	7.5788	107319
Siegen	DE	50.8748	8.0243	107242
Bergisch Gladbach	DE	50.9856	7.133	106184
Salzgitter	DE	52.157	10.4154	104970
Jena	DE	50.9288	11.5899	104712
Gera	DE	50.8803	12.0819	104659
Moers	DE	51.4534	6.6326	103487
Hildesheim	DE	52.1508	9.9511	103052
Erlangen	DE	49.591	11.0078	102675
Trier	DE	49.7557	6.6394	100129
Zwickau	DE	50.7272	12.4884	98796
Kaiserslautern	DE	49.443	7.7716	98732
Schwerin	DE	53.6294	11.4132	96641
Gütersloh	DE	51.9069	8.3785	96180
Düren	DE	50.8043	6.493	93440
Esslingen	DE	48.7396	9.3047	92390
Tübingen	DE	48.5227	9.0522	92322
Iserlohn	DE	51.3755	7.7028	91811
Witten	DE	51.4436	7.3526	91808
Ratingen	DE	51.2972	6.8493	91606
Marl	DE	51.6567	7.0904	91398
Lünen	DE	51.6163	7.5287	91009
Gießen	DE	50.5873	8.6755	89179
Hanau am Main	DE	50.1342	8.9142	88648
Velbert	DE	51.3354	7.0435	87669
Ludwigsburg	DE	48.8973	9.1916	87603
Flensburg	DE	54.788	9.4372	85838
Cottbus	DE	51.7577	14.3289	84754
Wilhelmshaven	DE	53.5476	8.1039	84393
Minden	DE	52.2895	8.9146	82879
Norderstedt	DE	53.7018	9.9933	82844
Villingen-Schwenningen	DE	48.0623	8.4936	81770
Konstanz	DE	47.6603	9.1758	81275
Worms	DE	49.6328	8.3592	81099
Neumünster	DE	54.074	9.9846	80196
Dorsten	DE	51.6617	6.9651	79981
Lüdenscheid	DE	51.2198	7.6273	79386
Marburg an der Lahn	DE	50.809	8.7707	78895
Castrop-Rauxel	DE	51.5566	7.3116	77924
Rheine	DE	52.2851	7.4405	76491
Viersen	DE	51.2544	6.3944	76153
Delmenhorst	DE	53.0511	8.6309	75893
Gladbeck	DE	51.5708	6.9859	75499
Arnsberg	DE	51.3833	8.0833	74879
Troisdorf	DE	50.809	7.1497	74749
Wattenscheid	DE	51.4806	7.1425	73965
Bocholt	DE	51.8388	6.6153	73943
Detmold	DE	51.9385	8.8732	73680
Bayreuth	DE	49.9478	11.5789	72940
Landshut	DE	48.5296	12.1618	71863
Lüneburg	DE	53.2512	10.4155	71260
Celle	DE	52.6226	10.0805	71010
Bamberg	DE	49.8987	10.9007	70047
Aschaffenburg	DE	49.977	9.1521	68551
Neubrandenburg	DE	53.5573	13.261	68082
Dessau	DE	51.8386	12.2455	67747
Lippstadt	DE	51.6737	8.3448	67219
Aalen	DE	48.8378	10.0933	67085
Dinslaken	DE	51.5623	6.7434	66993
Neuwied	DE	50.4336	7.4706	66805
Unna	DE	51.538	7.6897	66734
Plauen	DE	50.4973	12.1378	66412
Herten	DE	51.5964	7.1439	65306
Herford	DE	52.1146	8.6734	64879
Grevenbroich	DE	51.091	6.5827	64779
Weimar	DE	50.9803	11.329	64727
Kerpen	DE	50.8699	6.6969	64226
Fulda	DE	50.5516	9.6752	63760
Dormagen	DE	51.0968	6.8317	63582
Bergheim	DE	50.9557	6.6399	63558
Garbsen	DE	52.4196	9.6033	63355
Wesel	DE	51.6669	6.6204	61685
Kempten (Allgäu)	DE	47.7267	10.3139	61399
Sindelfingen	DE	48.7	9.0167	61311
Schwäbisch Gmünd	DE	48.7995	9.7981	61216
Rosenheim	DE	47.8564	12.1225	60167
Brandenburg an der Havel	DE	52.4167	12.55	59826
Rüsselsheim am Main	DE	49.9896	8.4225	59730
Offenburg	DE	48.4738	7.945	59238
Langenfeld	DE	51.1082	6.9483	59112
Stralsund	DE	54.3091	13.0818	58976
Hameln	DE	52.104	9.3562	58666
Friedrichshafen	DE	47.6569	9.4755	58403
Göppingen	DE	48.7035	9.6521	58040
Görlitz	DE	51.1552	14.9885	57751
Stolberg	DE	50.7737	6.226	57684
Frankfurt (Oder)	DE	52.3471	14.5506	57107
Baden-Baden	DE	48.7606	8.2398	56881
Hattingen	DE	51.3989	7.1856	56866
Hilden	DE	51.1682	6.9309	56565
Sankt Augustin	DE	50.7754	7.197	56094
Eschweiler	DE	50.8185	6.2718	55778
Ahlen	DE	51.7634	7.8887	55280
Bad Salzuflen	DE	52.0862	8.7443	54899
Euskirchen	DE	50.6606	6.7872	54889
Meerbusch	DE	51.2527	6.6881	54826
Wolfenbüttel	DE	52.1644	10.541	54740
Hürth	DE	50.8708	6.8676	54678
Schweinfurt	DE	50.0494	10.2218	54012
Neustadt an der Weinstraße	DE	49.3501	8.1389	53984
Pulheim	DE	50.9997	6.8063	53762
Gummersbach	DE	51.0261	7.5647	53131
Waiblingen	DE	48.8324	9.3164	52945
Nordhorn	DE	52.4308	7.0683	52803
Universitäts- und Hansestadt Greifswald	DE	54.0891	13.4024	52731
Cuxhaven	DE	53.8683	8.699	52677
Wetzlar	DE	50.5611	8.5049	52656
Menden	DE	51.4434	7.7782	52452
Bergkamen	DE	51.6163	7.6445	52329
Frechen	DE	50.9149	6.8118	52309
Bad Homburg vor der Höhe	DE	50.2268	8.6182	51859
Willich	DE	51.2637	6.5473	51843
Emden	DE	53.3659	7.2085	51526
Neu-Ulm	DE	48.3928	10.0111	51389
Lingen	DE	52.5227	7.3255	51310
Erftstadt	DE	50.8148	6.7939	51207
Neubrück	DE	51.1343	6.6386	51109
Lahr	DE	48.3404	7.8689	50775
Ibbenbueren	DE	52.2796	7.7146	50577
Passau	DE	48.5665	13.4312	50560
Gronau	DE	52.211	7.0224	50547
Langenhagen	DE	52.4422	9.7365	50439
Schwerte	DE	51.4439	7.5675	50399
Speyer	DE	49.3208	8.4311	50343
Heidenheim an der Brenz	DE	48.678	10.1516	50067
Peine	DE	52.3193	10.2352	49953
Neunkirchen	DE	49.3445	7.1805	49843
Bad Oeynhausen	DE	52.207	8.8036	49513
Leonberg	DE	48.8	9.0167	49480
Hof	DE	50.313	11.9126	49239
Kleve	DE	51.7883	6.1387	49072
Ravensburg	DE	47.782	9.6106	48825
Elmshorn	DE	53.7491	9.6618	48703
Bornheim	DE	50.7631	6.9909	48523
Soest	DE	51.5756	8.1062	48037
Hennef (Sieg)	DE	50.7756	7.2831	48002
Rastatt	DE	48.8585	8.2096	47906
Erkrath	DE	51.2223	6.9083	47815
Bruchsal	DE	49.1243	8.598	47784
Singen	DE	47.7593	8.8403	47621
Dülmen	DE	51.8315	7.2808	47495
Frankenthal	DE	49.5341	8.3536	47438
Herzogenrath	DE	50.8687	6.0932	47381
Lörrach	DE	47.615	7.6646	47002
Albstadt	DE	48.2164	9.026	46950
Oberursel	DE	50.2073	8.5775	46736
Gotha	DE	50.9482	10.7019	46615
Melle	DE	52.202	8.3383	46436
Bünde	DE	52.1984	8.5864	46365
Alsdorf	DE	50.8767	6.164	46340
Böblingen	DE	48.6821	9.0117	46282
Rheda-Wiedenbrück	DE	51.8497	8.3002	46123
Kamen	DE	51.5923	7.6638	45927
Hansestadt Stade	DE	53.5941	9.473	45634
Wismar	DE	53.8922	11.4556	45255
Amberg	DE	49.4429	11.8627	44737
Neustadt am Rübenberge	DE	52.5046	9.4587	44668
Erkelenz	DE	51.0795	6.3153	44650
Homburg	DE	49.3264	7.3387	44607
Straubing	DE	48.8813	12.5739	44580
Memmingen	DE	47.9837	10.1853	44192
Brühl	DE	50.8293	6.905	44137
Fellbach	DE	48.8091	9.277	43935
Lehrte	DE	52.3719	9.9792	43920
Nordhausen	DE	51.5018	10.7957	43912
Freiberg	DE	50.9109	13.3388	43670
Pirmasens	DE	49.2015	7.6053	43582
Goslar	DE	51.9042	10.4277	43560
Bietigheim-Bissingen	DE	48.9441	9.1175	43556
Filderstadt	DE	48.657	9.2205	43550
Suhl	DE	50.6091	10.694	43509
Weinheim	DE	49.5489	8.667	43325
Rodgau	DE	50.0263	8.8859	43315
Bad Kreuznach	DE	49.8414	7.8671	43213
Monheim am Rhein	DE	51.0916	6.8922	43038
Gifhorn	DE	52.4794	10.5522	43000
Rottenburg	DE	48.4763	8.9353	42721
Freising	DE	48.4035	11.7488	42570
Weiden	DE	49.6768	12.1561	42550
Kaufbeuren	DE	47.8824	10.6219	42505
Nettetal	DE	51.3167	6.2833	42417
Kaarst	DE	51.2293	6.6188	42112
Eberswalde	DE	52.8349	13.8195	41980
Bautzen	DE	51.1803	14.4349	41972
Lemgo	DE	52.0279	8.899	41943
Coburg	DE	50.2594	10.9638	41901
Laatzen	DE	52.3151	9.7974	41838
Dreieich	DE	50.02	8.6961	41692
Schorndorf	DE	48.8054	9.5272	41647
Landau in der Pfalz	DE	49.1984	8.1169	41612
Heinsberg	DE	51.0636	6.0998	41505
Seevetal	DE	53.4	9.9667	41266
Wunstorf	DE	52.4241	9.4378	41211
Leinfelden-Echterdingen	DE	48.6941	9.1681	41185
Königswinter	DE	50.6773	7.1925	41164
Bensheim	DE	49.6837	8.6184	41124
Völklingen	DE	49.2516	6.8587	40952
Germering	DE	48.1339	11.3765	40916
Borken	DE	51.8438	6.8577	40876
Buchholz in der Nordheide	DE	53.3304	9.866	40849
Oranienburg	DE	52.748	13.2519	40793
Eisenach	DE	50.9807	10.3152	40747
Pinneberg	DE	53.6589	9.797	40577
Pirna	DE	50.9584	13.937	40322
Aurich	DE	53.4696	7.4824	40319
Nürtingen	DE	48.6257	9.342	40210
Kirchheim unter Teck	DE	48.6468	9.4538	40206
Hückelhoven	DE	51.0555	6.2266	39828
Dachau	DE	48.26	11.434	39740
Halberstadt	DE	51.8956	11.0562	39729
Kehl	DE	48.573	7.8152	39584
Neumarkt in der Oberpfalz	DE	49.2803	11.4628	39557
Mettmann	DE	51.2504	6.9754	39550
Löhne	DE	52.1885	8.6922	39521
Kamp-Lintfort	DE	51.5047	6.5459	39490
Freital	DE	51.0017	13.6488	39281
Siegburg	DE	50.8002	7.2077	39135
Maintal	DE	50.15	8.8333	38987
Ilmenau	DE	50.6832	10.9186	38834
Backnang	DE	48.9474	9.4372	38818
Langen	DE	49.9896	8.6685	38785
Warendorf	DE	51.9511	7.9876	38707
Sankt Ingbert	DE	49.277	7.1167	38697
Ettlingen	DE	48.9409	8.4076	38578
Altenburg	DE	50.9876	12.4368	38568
Schwabach	DE	49.3305	11.0235	38554
Saarlouis	DE	49.3137	6.7515	38333
Buxtehude	DE	53.4699	9.6897	38192
Ahaus	DE	52.0794	7.0134	38165
Haltern am See	DE	51.743	7.1816	38142
Mühlhausen	DE	51.209	10.4527	38108
Weißenfels	DE	51.2015	11.9684	37929
Beckum	DE	51.7557	8.0407	37814
Hofheim am Taunus	DE	50.0902	8.4493	37750
Stendal	DE	52.6058	11.8609	37722
Hemer	DE	51.3871	7.7702	37502
Falkensee	DE	52.5601	13.0927	37468
Würselen	DE	50.8181	6.1347	37074
Sinsheim	DE	49.2529	8.8787	37036
Wermelskirchen	DE	51.1397	7.2158	36816
Coesfeld	DE	51.9435	7.1681	36631
Bitterfeld-Wolfen	DE	51.6236	12.3239	36592
Schwäbisch Hall	DE	49.1113	9.7391	36543
Niederkassel	DE	50.815	7.0378	36480
Porta Westfalica	DE	52.2296	8.9161	36364
Datteln	DE	51.656	7.3453	36338
Bad Vilbel	DE	50.1787	8.7376	35961
Crailsheim	DE	49.1344	10.0719	35755
Wesseling	DE	50.8271	6.9747	35665
Voerde	DE	51.597	6.6863	35661
Emsdetten	DE	52.1734	7.5278	35582
Neu-Isenburg	DE	50.0483	8.6941	35293
Zweibrücken	DE	49.2469	7.3698	35221
Greven	DE	52.0936	7.594	35080
Lage	DE	51.9922	8.793	35054
Uelzen	DE	52.9645	10.567	34996
Wedel	DE	53.5837	9.6983	34912
Bernau bei Berlin	DE	52.6798	13.5871	34866
Tuttlingen	DE	47.9846	8.8177	34847
Merseburg	DE	51.3548	11.9892	34780
Rheinfelden	DE	47.5601	7.7871	34674
Steinfurt	DE	52.1504	7.3366	34601
Balingen	DE	48.2752	8.8546	34414
Seelze	DE	52.3954	9.5947	34364
Meppen	DE	52.6906	7.291	34198
Herrenberg	DE	48.5952	8.8665	34192
Papenburg	DE	53.0777	7.4152	34117
Kempen	DE	51.3643	6.4186	34105
Geldern	DE	51.5191	6.3236	34013
Kornwestheim	DE	48.8616	9.1857	33980
Jülich	DE	50.9215	6.3627	33911
Leer	DE	53.2316	7.461	33886
Limburg an der Lahn	DE	50.3836	8.0503	33820
Schwedt (Oder)	DE	53.0596	14.2815	33730
Goch	DE	51.6787	6.1589	33706
Ostfildern	DE	48.727	9.2495	33598
Fürstenwalde	DE	52.3607	14.0618	33539
Fürstenfeldbruck	DE	48.179	11.2547	33533
Erding	DE	48.306	11.9069	33519
Korschenbroich	DE	51.1914	6.5135	33406
Dietzenbach	DE	50.0098	8.7778	33256
Itzehoe	DE	53.921	9.5153	33047
Radebeul	DE	51.1065	13.6605	32979
Achim	DE	53.0142	9.0263	32870
Mörfelden-Walldorf	DE	49.9947	8.5836	32753
Höxter	DE	51.775	9.3816	32713
Gevelsberg	DE	51.3197	7.3392	32664
Winsen	DE	53.3578	10.2116	32662
Nienburg	DE	52.6444	9.2166	32629
Viernheim	DE	49.5403	8.5782	32620
Ennepetal	DE	51.2985	7.3629	32607
Königs Wusterhausen	DE	52.3014	13.633	32513
Stuhr	DE	53.0333	8.75	32507
Lampertheim	DE	49.5979	8.4725	32400
Biberach an der Riß	DE	48.0934	9.7905	32333
Weil am Rhein	DE	47.5933	7.6208	32236
Meschede	DE	51.3502	8.2833	32224
Rheinberg	DE	51.5465	6.5953	32188
Wernigerode	DE	51.8365	10.7822	32167
Werl	DE	51.5549	7.914	32149
Bernburg	DE	51.7946	11.7401	32113
Eisenhüttenstadt	DE	52.15	14.65	32052
Neuruppin	DE	52.9282	12.8031	31901
Ansbach	DE	49.3048	10.5931	31839
Emmerich	DE	51.8393	6.2479	31829
Kreuztal	DE	50.9678	7.9885	31772
Radolfzell	DE	47.7419	8.971	31734
Osterholz-Scharmbeck	DE	53.2266	8.7923	31405
Lohmar	DE	50.8387	7.214	31339
Georgsmarienhütte	DE	52.203	8.0448	31244
Güstrow	DE	53.7972	12.1734	31217
Cloppenburg	DE	52.8475	8.0474	31177
Ganderkesee	DE	53.0362	8.5451	31141
Merzig	DE	49.4433	6.6387	31118
Deggendorf	DE	48.8409	12.9607	31081
Burgdorf	DE	52.4463	10.0064	31051
Northeim	DE	51.7066	10.0	30894
Werne	DE	51.6645	7.6342	30810
Hoyerswerda	DE	51.4379	14.2355	30759
Bad Hersfeld	DE	50.872	9.7089	30725
Forchheim	DE	49.7175	11.0588	30442
Schönebeck	DE	52.0168	11.7307	30419
Oer-Erkenschwick	DE	51.642	7.2645	30409
Andernach	DE	50.4311	7.4043	30408
Tönisvorst	DE	51.3209	6.4941	30296
Bad Nauheim	DE	50.3646	8.7386	30291
Bretten	DE	49.0369	8.7074	30274
Schwelm	DE	51.2863	7.2939	30235
Waltrop	DE	51.6213	7.4024	30220
Taunusstein	DE	50.1499	8.1521	30145
Ahrensburg	DE	53.6766	10.237	30103
Rietberg	DE	51.8092	8.4284	30055
Wittenberg	DE	51.8661	12.6497	30000
Friedberg	DE	48.3569	10.9846	29953
Delbrück	DE	51.765	8.5622	29884
Winnenden	DE	48.8756	9.3982	29876
Springe	DE	52.2084	9.5542	29828
Einbeck	DE	51.8202	9.8696	29751
Vechta	DE	52.7306	8.2897	29729
Naumburg	DE	51.1499	11.8098	29722
Gaggenau	DE	48.8	8.3333	29529
Geesthacht	DE	53.4366	10.3734	29487
Haan	DE	51.1938	7.0133	29431
Riesa	DE	51.3078	13.2917	29373
Oelde	DE	51.8289	8.1472	29297
Idar-Oberstein	DE	49.7144	7.3078	29158
Wetter	DE	51.3875	7.3928	29146
Blankenfelde-Mahlow	DE	52.3364	13.4132	29129
Senftenberg	DE	51.5252	14.0016	28988
Vaihingen an der Enz	DE	48.9356	8.9604	28798
Köthen	DE	51.7518	11.9709	28710
Geislingen an der Steige	DE	48.6242	9.8274	28655
Bühl	DE	48.6968	8.1352	28608
Mühlheim am Main	DE	50.1167	8.8333	28534
Warstein	DE	51.4449	8.3485	28532
Meissen	DE	51.1616	13.4737	28492
Unterschleißheim	DE	48.2804	11.5768	28482
Neuburg an der Donau	DE	48.7322	11.1871	28370
Geilenkirchen	DE	50.9674	6.1176	28334
Zeitz	DE	51.0496	12.1369	28328
Rendsburg	DE	54.3018	9.6717	28323
Schwandorf in Bayern	DE	49.3253	12.1098	28235
Bramsche	DE	52.4084	7.9833	28220
Plettenberg	DE	51.2095	7.8726	28206
Kelkheim	DE	50.137	8.4502	28175
Neukirchen-Vluyn	DE	51.4466	6.5519	28110
Lennestadt	DE	51.1172	8.0671	28102
Lohne	DE	52.6656	8.2383	28089
Wegberg	DE	51.1422	6.2844	28089
Leichlingen	DE	51.1063	7.0187	28078
Kevelaer	DE	51.5824	6.246	28064
Saalfeld	DE	50.6483	11.3654	28023
Baunatal	DE	51.2518	9.4075	27929
Königsbrunn	DE	48.2751	10.8918	27879
Baesweiler	DE	50.9096	6.1887	27834
Bad Neuenahr-Ahrweiler	DE	50.5432	7.1113	27823
Ehingen	DE	48.2826	9.7275	27764
Wiesloch	DE	49.295	8.6985	27731
Heiligenhaus	DE	51.3266	6.9711	27700
Dorstfeld	DE	51.5014	7.4108	27655
Sundern	DE	51.3281	8.0037	27654
Kulmbach	DE	50.1007	11.4503	27565
Bad Zwischenahn	DE	53.1848	8.0029	27550
Selm	DE	51.6969	7.4681	27540
Mechernich	DE	50.593	6.6522	27537
Grimma	DE	51.2337	12.7196	27529
Friedberg	DE	50.3374	8.7559	27484
Hamminkeln	DE	51.7326	6.5903	27433
Emmendingen	DE	48.121	7.8536	27383
Overath	DE	50.9327	7.2839	27203
Leimen	DE	49.3474	8.6873	27142
Rathenow	DE	52.6066	12.337	27115
Petershagen	DE	52.3751	8.9654	27090
Wangen	DE	47.6895	9.8325	27045
Brilon	DE	51.3946	8.5715	27030
Landsberg am Lech	DE	48.0482	10.8828	27017
Verden	DE	52.9233	9.238	26924
Sankt Wendel	DE	49.4663	7.1681	26904
Rösrath	DE	50.8956	7.1818	26868
Lübbecke	DE	52.307	8.6142	26815
Mühlacker	DE	48.9475	8.8368	26787
Achern	DE	48.6311	8.0761	26733
Strausberg	DE	52.5786	13.8874	26649
Weiterstadt	DE	49.9039	8.5887	26583
Remseck am Neckar	DE	48.8721	9.2733	26549
Neckarsulm	DE	49.1891	9.2253	26431
Lauf an der Pegnitz	DE	49.5139	11.2825	26403
Sprockhövel	DE	51.3467	7.2434	26400
Espelkamp	DE	52.3814	8.623	26378
Bingen am Rhein	DE	49.9667	7.8992	26339
Wiehl	DE	50.9495	7.5506	26291
Rheinbach	DE	50.6256	6.9491	26262
Weinstadt-Endersbach	DE	48.8131	9.3639	26166
Schmallenberg	DE	51.1547	8.2851	26132
Hennigsdorf	DE	52.636	13.2042	26122
Garmisch-Partenkirchen	DE	47.4921	11.0958	26022
Delitzsch	DE	51.5255	12.3428	25895
Nordenham	DE	53.501	8.4896	25889
Idstein	DE	50.2177	8.2668	25736
Zirndorf	DE	49.4424	10.9541	25734
Olpe	DE	51.029	7.8514	25686
Arnstadt	DE	50.8405	10.952	25678
Horb am Neckar	DE	48.4442	8.6913	25651
Aschersleben	DE	51.7574	11.4608	25647
Herdecke	DE	51.4	7.4358	25618
Rinteln	DE	52.186	9.0792	25602
Übach-Palenberg	DE	50.9177	6.1234	25544
Helmstedt	DE	52.2279	11.0099	25515
Meckenheim	DE	50.6239	7.0294	25515
Rottweil	DE	48.1678	8.6272	25510
Heppenheim an der Bergstrasse	DE	49.6414	8.6321	25442
Pfungstadt	DE	49.8056	8.6031	25415
Bad Honnef	DE	50.6434	7.2278	25348
Markkleeberg	DE	51.2755	12.3691	25331
Obertshausen	DE	50.0714	8.8512	25316
Griesheim	DE	49.8608	8.5725	25287
Zittau	DE	50.8977	14.8076	25286
Reinbek	DE	53.5177	10.2486	25261
Wolfen	DE	51.6612	12.2687	25251
Varel	DE	53.3969	8.1362	25212
Netphen	DE	50.9167	8.1	25163
Butzbach	DE	50.434	8.6712	25156
Mosbach	DE	49.3536	9.1511	25106
Roth	DE	49.2476	11.0911	25083
Hannoversch Münden	DE	51.4151	9.6505	25073
Hattersheim	DE	50.0691	8.4863	25035
Ellwangen	DE	48.9616	10.1317	25001
Ingelheim am Rhein	DE	49.9708	8.0588	24998
Burg bei Magdeburg	DE	52.2715	11.8549	24958
Bedburg	DE	50.9926	6.5713	24937
Brackel	DE	51.5257	7.5444	24930
Wertheim	DE	49.759	9.5085	24869
Rudolstadt	DE	50.7204	11.3405	24852
Apolda	DE	51.0262	11.5164	24793
Attendorn	DE	51.1264	7.9033	24773
Norden	DE	53.5955	7.2062	24767
Waldkraiburg	DE	48.2085	12.3989	24676
Salzkotten	DE	51.6717	8.6009	24561
Lindau	DE	47.5461	9.6843	24518
Korbach	DE	51.2756	8.873	24481
Walsrode	DE	52.861	9.5928	24448
Friedrichsdorf	DE	50.2496	8.6428	24435
Bad Oldesloe	DE	53.8117	10.3742	24322
Warburg	DE	51.4901	9.1464	24317
Syke	DE	52.9134	8.8221	24274
Herzogenaurach	DE	49.568	10.8857	24237
Harsewinkel	DE	51.9622	8.2277	24207
Wallenhorst	DE	52.35	8.0167	24201
Ludwigsfelde	DE	52.3032	13.254	24164
Ditzingen	DE	48.8267	9.067	24149
Greiz	DE	50.6578	12.1992	24147
Schleswig	DE	54.5202	9.5683	24114
Radevormwald	DE	51.2022	7.3603	24100
Lüdinghausen	DE	51.7683	7.4438	24094
Verl	DE	51.8833	8.5167	24002
Olching	DE	48.2	11.3333	23978
Starnberg	DE	48.0019	11.3442	23940
Sonneberg	DE	50.3592	11.1746	23908
Freudenstadt	DE	48.4669	8.4137	23868
Döbeln	DE	51.1221	13.1103	23819
Weingarten	DE	47.8101	9.6386	23802
Calw	DE	48.7142	8.7403	23740
Wipperfürth	DE	51.1161	7.3986	23723
Limbach-Oberfrohna	DE	50.8588	12.7616	23673
Groß-Gerau	DE	49.9214	8.4825	23641
Lobeda	DE	50.8956	11.6019	23508
Ronnenberg	DE	52.3194	9.6554	23416
Weilheim	DE	47.8415	11.1548	23378
Geretsried	DE	47.8578	11.4805	23364
Sangerhausen	DE	51.4722	11.2953	23347
Pfaffenhofen an der Ilm	DE	48.5305	11.505	23192
Staßfurt	DE	51.8519	11.5851	23181
Riedstadt	DE	49.8341	8.4962	23146
Quedlinburg	DE	51.7884	11.1501	23139
Bad Soden am Taunus	DE	50.1408	8.5045	23103
Annaberg-Buchholz	DE	50.5795	13.0063	23092
Stadthagen	DE	52.3233	9.2031	23076
Lütgendortmund	DE	51.4988	7.3481	23065
Sehnde	DE	52.3139	9.9682	23060
Opladen	DE	51.0686	7.0039	23000
Dillenburg	DE	50.7411	8.287	22974
Bad Harzburg	DE	51.8827	10.5616	22954
Nagold	DE	48.5498	8.7237	22912
Duderstadt	DE	51.5131	10.2595	22910
Neusäß	DE	48.3925	10.8333	22904
Forst	DE	51.7354	14.6397	22843
Öhringen	DE	49.1988	9.5072	22765
Kapellen	DE	51.5713	6.3673	22711
Lengerich	DE	52.1866	7.8604	22697
Isernhagen Farster Bauerschaft	DE	52.4709	9.8418	22601
Schwetzingen	DE	49.3822	8.5823	22593
Jüchen	DE	51.1	6.5	22562
Haren	DE	52.7931	7.2413	22545
Rees	DE	51.7626	6.3978	22544
Reichenbach/Vogtland	DE	50.6228	12.3034	22530
Eisleben Lutherstadt	DE	51.5275	11.5483	22505
Bad Mergentheim	DE	49.4925	9.7736	22472
Vreden	DE	52.0379	6.828	22412
Büdingen	DE	50.2901	9.1114	22411
Waldshut-Tiengen	DE	47.6232	8.2172	22404
Eschborn	DE	50.1433	8.5711	22403
Werder	DE	52.3787	12.934	22384
Leutkirch	DE	47.8267	10.0205	22362
Eislingen	DE	48.6951	9.7068	22325
Coswig	DE	51.132	13.5831	22304
Neustrelitz	DE	53.3602	13.0726	22291
Senden	DE	48.3244	10.0444	22275
Büren	DE	51.5511	8.5596	22263
Rotenburg	DE	53.1103	9.4036	22139
Metzingen	DE	48.5369	9.2833	22112
Meinerzhagen	DE	51.1074	7.6484	21982
Elsdorf	DE	50.9374	6.5683	21967
Soltau	DE	52.9854	9.8398	21945
Marsberg	DE	51.4617	8.8495	21914
Seesen	DE	51.8909	10.1785	21909
Westerstede	DE	53.2568	7.9274	21902
Hohen Neuendorf	DE	52.6774	13.2789	21893
Gelnhausen	DE	50.2016	9.1874	21881
Alfter	DE	50.7333	7.0167	21814
Sondershausen	DE	51.3697	10.8701	21802
Lindlar	DE	51.0196	7.3776	21665
Karben	DE	50.2302	8.7715	21642
Bad Pyrmont	DE	51.9859	9.2525	21629
Luckenwalde	DE	52.0903	13.1677	21616
Guben	DE	51.9499	14.7055	21608
Donaueschingen	DE	47.9551	8.4971	21604
Gorbitz	DE	51.0455	13.6611	21599
Xanten	DE	51.6588	6.453	21587
Meiningen	DE	50.5679	10.4152	21580
Eckernförde	DE	54.4685	9.8382	21563
Dillingen	DE	49.3556	6.7278	21526
Überlingen	DE	47.7698	9.1714	21507
Wilnsdorf	DE	50.8167	8.1	21505
Waren	DE	53.5199	12.6813	21470
Glauchau	DE	50.8199	12.5449	21442
Stadtallendorf	DE	50.8226	9.0129	21425
Halle	DE	52.0601	8.3608	21393
Kitzingen	DE	49.7397	10.1507	21387
Auerbach	DE	50.5115	12.4008	21358
Schortens	DE	53.538	7.9477	21357
Wittmund	DE	53.5768	7.7757	21355
Lichtenfels	DE	50.1457	11.0593	21336
Bad Kissingen	DE	50.2023	10.0778	21328
Seligenstadt	DE	50.0432	8.9739	21298
Sonthofen	DE	47.5182	10.2826	21285
Groß-Umstadt	DE	49.869	8.9321	21245
Traunreut	DE	47.9627	12.5923	21244
Löbtau	DE	51.0436	13.6944	21205
Eschwege	DE	51.1839	10.0533	21191
Eppingen	DE	49.1365	8.9123	21179
Zerbst	DE	51.9662	12.0852	21124
Klotzsche	DE	51.1105	13.7686	21064
Hansestadt Salzwedel	DE	52.853	11.1529	21058
Püttlingen	DE	49.2855	6.8872	21052
Aichach	DE	48.4575	11.1341	21042
Vaterstetten	DE	48.1054	11.7683	21007
Holzminden	DE	51.828	9.4455	20998
Versmold	DE	52.0401	8.1527	20996
Germersheim	DE	49.2144	8.3669	20972
Prenzlau	DE	53.317	13.864	20899
Altena	DE	51.2947	7.6734	20862
Sömmerda	DE	51.1591	11.1152	20853
Unterhaching	DE	48.066	11.6156	20852
Husum	DE	54.4858	9.0524	20841
Engelskirchen	DE	50.9885	7.4139	20786
Haßloch	DE	49.3628	8.2581	20779
Bothfeld	DE	52.4173	9.7961	20778
Hiddenhausen	DE	52.1667	8.6167	20771
Bad Berleburg	DE	51.0522	8.3923	20757
Wülfrath	DE	51.282	7.0382	20731
Ennigerloh	DE	51.8384	8.0309	20713
Edewecht	DE	53.1281	7.9842	20658
Hockenheim	DE	49.3233	8.5519	20614
Geseke	DE	51.6409	8.5109	20602
Stadtlohn	DE	51.994	6.9192	20602
Heide	DE	54.1956	9.0974	20599
Bad Rappenau	DE	49.2385	9.1018	20581
Bergneustadt	DE	51.025	7.656	20567
Werdau	DE	50.736	12.3753	20520
Bruchköbel	DE	50.1785	8.9231	20509
Fröndenberg	DE	51.4756	7.7695	20504
Herborn	DE	50.6814	8.3037	20473
Nottuln	DE	51.9333	7.35	20427
Quickborn	DE	53.7282	9.9108	20410
Rheinstetten	DE	48.9685	8.307	20378
Oberkirch	DE	48.5324	8.0786	20375
Werdohl	DE	51.2601	7.7661	20366
Senden	DE	51.8565	7.4833	20363
Nördlingen	DE	48.8512	10.4887	20352
Friesoythe	DE	53.0205	7.8588	20311
Haldensleben I	DE	52.2891	11.4098	20294
Gersthofen	DE	48.4243	10.8727	20254
Haiger	DE	50.7416	8.2078	20218
Vlotho	DE	52.1653	8.86	20214
Zülpich	DE	50.6945	6.6541	20208
Giengen an der Brenz	DE	48.6222	10.2431	20201
Blieskastel	DE	49.2372	7.2562	20197
Waghäusel	DE	49.2499	8.5126	20178
Wittenberge	DE	53.0001	11.7494	20171
Waldkirch	DE	48.0958	7.9637	20155
Neu Wulmstorf	DE	53.4663	9.7921	20150
Hessisch Oldendorf	DE	52.1727	9.2491	20129
Nidderau	DE	50.2381	8.867	20119
Kürten	DE	51.05	7.2667	20103
Rastede	DE	53.2451	8.1972	20046
Wachtberg	DE	50.6333	7.1	20032
Flörsheim	DE	50.0131	8.4278	20023
Schwanewede	DE	53.224	8.5897	20015
Mössingen	DE	48.4057	9.0542	20010
Heusweiler	DE	49.3363	6.9304	20006
Hörstel	DE	52.2976	7.5838	19894
Wandlitz	DE	52.742	13.458	19888
Steinhagen	DE	52.0	8.4	19869
Enger	DE	52.1406	8.5577	19852
Bad Waldsee	DE	47.9203	9.7549	19840
Eitorf	DE	50.7667	7.45	19761
Kaltenkirchen	DE	53.8324	9.9604	19747
Günzburg	DE	48.456	10.2769	19737
Bad Schwartau	DE	53.9189	10.6969	19722
Bad Driburg	DE	51.733	9.0197	19553
Schmalkalden	DE	50.7214	10.4439	19553
Waldbröl	DE	50.8758	7.6169	19533
Teltow	DE	52.4031	13.2601	19530
Lebach	DE	49.4112	6.9099	19468
Ochtrup	DE	52.208	7.1899	19441
Schwalmtal	DE	51.2167	6.2667	19435
Mayen	DE	50.328	7.2228	19414
Hechingen	DE	48.3515	8.9632	19400
Bönen	DE	51.6	7.7667	19393
Telgte	DE	51.98	7.7829	19389
Schopfheim	DE	47.651	7.8209	19386
Sulzbach-Rosenberg	DE	49.5013	11.746	19379
Puchheim	DE	48.15	11.35	19357
Weil der Stadt	DE	48.7495	8.8718	19338
Schwalmstadt	DE	50.9333	9.2167	19279
Bremervörde	DE	53.4851	9.1464	19268
Bückeburg	DE	52.2606	9.0494	19221
Gauting	DE	48.0692	11.377	19216
Burscheid	DE	51.0847	7.1139	19215
Schifferstadt	DE	49.3842	8.3775	19209
Ottobrunn bei München	DE	48.0649	11.6633	19204
Schneverdingen	DE	53.1174	9.7924	19199
Parchim	DE	53.4263	11.8488	19161
Rhede	DE	51.8354	6.696	19140
Alfeld	DE	51.9838	9.8199	19138
Gröbenzell	DE	48.2	11.3667	19110
Eselsberg	DE	48.4098	9.9514	19075
Gerlingen	DE	48.7995	9.0632	19050
Heusenstamm	DE	50.0555	8.8008	19012
Laupheim	DE	48.2279	9.8787	19012
Lauchhammer	DE	51.4881	13.7662	18990
Alzenau in Unterfranken	DE	50.0888	9.0646	18932
Finsterwalde	DE	51.6339	13.7066	18922
Langen	DE	53.6055	8.5951	18863
Oschersleben	DE	52.0304	11.229	18859
Borna	DE	51.1242	12.4964	18806
Dingolfing	DE	48.6424	12.4928	18805
Lahnstein	DE	50.3	7.6167	18749
Torgau	DE	51.5602	12.9962	18746
Dillingen an der Donau	DE	48.5815	10.4953	18734
Bad Münder am Deister	DE	52.1955	9.4642	18726
Sarstedt	DE	52.2349	9.8541	18718
Schwalbach	DE	49.3	6.8167	18708
Bad Dürkheim	DE	49.4618	8.1724	18698
Radeberg	DE	51.1111	13.912	18683
Vellmar	DE	51.3581	9.4797	18623
Freudenberg	DE	50.8974	7.8742	18601
Sachsenheim	DE	48.96	9.0647	18594
Schramberg	DE	48.224	8.3858	18565
Aue	DE	50.5903	12.7066	18554
Konz	DE	49.7004	6.5765	18539
Marktoberdorf	DE	47.7796	10.6171	18505
Illingen	DE	49.3736	7.0476	18488
Schkeuditz	DE	51.3968	12.2214	18487
Hemmingen	DE	52.3143	9.7236	18470
Mölln	DE	53.6207	10.6875	18469
Wadgassen	DE	49.2667	6.7833	18464
Traunstein	DE	47.8683	12.6433	18422
Löbau	DE	51.0995	14.6674	18374
Donauwörth	DE	48.718	10.7793	18364
Weißenburg in Bayern	DE	49.0309	10.9722	18345
Lilienthal	DE	53.1419	8.9034	18293
Crimmitschau	DE	50.8164	12.3904	18272
Pfullingen	DE	48.4646	9.228	18269
Burghausen	DE	48.1692	12.8314	18263
Neufahrn bei Freising	DE	48.3159	11.6632	18255
Kronach	DE	50.2396	11.3331	18248
Alzey	DE	49.7466	8.1151	18241
Nidda	DE	50.4133	9.0064	18241
Buchen in Odenwald	DE	49.5242	9.3229	18226
Marktredwitz	DE	50.0044	12.0859	18204
Kierspe	DE	51.134	7.5907	18188
Großenhain	DE	51.2895	13.5335	18183
Tettnang	DE	47.6686	9.5913	18135
Wildeshausen	DE	52.8945	8.4337	18114
Müllheim	DE	47.8082	7.6303	18097
Korntal	DE	48.8322	9.1214	18081
Eppelborn	DE	49.4	6.9667	18079
Bad Wildungen	DE	51.1196	9.1248	18037
Kolbermoor	DE	47.8496	12.067	17941
Uetersen	DE	53.6888	9.662	17921
Karlsfeld	DE	48.227	11.4757	17920
Bad Saulgau	DE	48.0168	9.5006	17911
Kleinmachnow	DE	52.4079	13.2251	17892
Wittlich	DE	49.986	6.8931	17887
Sinzig	DE	50.5438	7.2464	17880
Reinheim	DE	49.8292	8.8357	17841
Holzwickede	DE	51.5	7.6333	17821
Brakel	DE	51.7175	9.186	17808
Bexbach	DE	49.3462	7.2553	17793
Taufkirchen	DE	48.0486	11.617	17791
Munster	DE	52.9854	10.0899	17746
Kronberg	DE	50.181	8.513	17730
Babenhausen	DE	49.9652	8.9513	17695
Bad Aibling	DE	47.8638	12.0106	17672
Garching	DE	48.249	11.651	17656
Halver	DE	51.1861	7.4982	17650
Frankenberg	DE	51.0589	8.8008	17635
Templin	DE	53.1187	13.5022	17634
Mühldorf	DE	48.2467	12.5215	17622
Schmelz	DE	49.4333	6.85	17596
Haar	DE	48.1088	11.7265	17560
Kronberg Tal	DE	50.1793	8.5037	17550
Bendorf	DE	50.4229	7.5792	17495
Renningen	DE	48.7697	8.9387	17442
Bad Tölz	DE	47.7611	11.5589	17434
Nordstadt	DE	52.3856	9.7159	17429
Nümbrecht	DE	50.9043	7.5406	17427
Oerlinghausen	DE	51.9545	8.6622	17403
Moosburg	DE	48.4709	11.9381	17363
Wittstock	DE	53.1612	12.4829	17361
Meerane	DE	50.8469	12.4647	17325
Cham	DE	49.2257	12.655	17314
Oberasbach	DE	49.4228	10.9577	17306
Michelstadt	DE	49.6757	9.0037	17279
Wörth am Rhein	DE	49.0489	8.2596	17272
Schlüchtern	DE	50.3489	9.5253	17260
Heilbad Heiligenstadt	DE	51.3782	10.1374	17230
Wolfratshausen	DE	47.9129	11.4217	17191
Blomberg	DE	51.9433	9.0907	17183
Zossen	DE	52.216	13.4491	17138
Selb	DE	50.1706	12.1305	17132
Gescher	DE	51.954	7.0048	17115
Elmschenhagen	DE	54.2895	10.1899	17097
Hochheim am Main	DE	50.0144	8.3522	17027
Eutin	DE	54.135	10.6115	16984
Kamenz	DE	51.268	14.0937	16918
Bad Reichenhall	DE	47.7295	12.8782	16910
Gilching	DE	48.1076	11.2936	16859
Bad Arolsen	DE	51.3798	9.0145	16854
Eltville	DE	50.0286	8.1175	16845
Stockach	DE	47.8511	9.0091	16844
Schneeberg	DE	50.5947	12.6414	16784
Diepholz	DE	52.6069	8.3703	16783
Holzkirchen	DE	47.8766	11.7018	16770
Bad Langensalza	DE	51.1077	10.646	16717
Marienberg	DE	50.6505	13.1612	16716
Vilshofen	DE	48.627	13.1922	16695
Heidenau	DE	50.9722	13.8674	16686
Bobingen	DE	48.2709	10.8339	16682
Losheim	DE	49.5099	6.7455	16660
Wassenberg	DE	51.1001	6.1548	16641
Mittweida	DE	50.9862	12.9754	16619
Nauen	DE	52.607	12.8737	16600
Sigmaringen	DE	48.0883	9.2303	16592
Hille	DE	52.3333	8.75	16567
Stockelsdorf	DE	53.8922	10.6471	16562
Bad Säckingen	DE	47.5537	7.9461	16549
Hohenstein-Ernstthal	DE	50.8006	12.7129	16542
Eilenburg	DE	51.4598	12.6334	16539
Illertissen	DE	48.2234	10.1035	16522
Gunzenhausen	DE	49.1166	10.7597	16477
Hilchenbach	DE	50.9969	8.1106	16467
Wadern	DE	49.5412	6.8877	16453
Wendelstein	DE	49.3523	11.1507	16446
Hofgeismar	DE	51.4961	9.385	16444
Königslutter am Elm	DE	52.2512	10.8168	16419
Bad Salzungen	DE	50.8134	10.2361	16410
Petersberg	DE	50.56	9.7129	16410
Seeheim-Jugenheim	DE	49.765	8.6519	16395
Loxstedt	DE	53.471	8.6458	16382
Kirchhain	DE	50.8272	8.9281	16381
Sulzbach	DE	49.2988	7.057	16376
Hückeswagen	DE	51.1498	7.3447	16369
Großostheim	DE	49.9198	9.076	16346
Kirchlengern	DE	52.2	8.6333	16338
Hünfeld	DE	50.6797	9.7673	16323
Weilerswist	DE	50.7529	6.8459	16321
Remagen	DE	50.5788	7.227	16280
Baiersbronn	DE	48.5032	8.377	16248
Leopoldshöhe	DE	52.0125	8.6983	16219
Vechelde	DE	52.2604	10.3649	16219
Boppard	DE	50.2308	7.5899	16215
Halstenbek	DE	53.633	9.8394	16212
Glinde	DE	53.5405	10.213	16210
Bassum	DE	52.8506	8.7279	16191
Neuenhagen	DE	52.5299	13.6891	16170
Brake (Unterweser)	DE	53.3333	8.4833	16150
Schrobenhausen	DE	48.5607	11.2607	16143
Rahden	DE	52.4342	8.6127	16140
Lohr am Main	DE	49.9892	9.5722	16127
Künzell	DE	50.5442	9.7179	16124
Brüggen	DE	51.2405	6.1838	16105
Erwitte	DE	51.6127	8.3384	16081
Penzberg	DE	47.7529	11.377	16079
Witzenhausen	DE	51.341	9.8554	16055
Bad Segeberg	DE	53.9378	10.3074	16052
Ginsheim-Gustavsburg	DE	49.9711	8.3453	16043
Damme	DE	52.5215	8.1977	16024
Wardenburg	DE	53.0594	8.1967	16019
Grefrath	DE	51.3363	6.3407	16016
Oschatz	DE	51.3	13.1098	16000
Beckingen	DE	49.4	6.7	15983
Blankenburg	DE	51.7903	10.9551	15963
Hövelhof	DE	51.8167	8.65	15962
Uslar	DE	51.6569	9.635	15951
Hettstedt	DE	51.6503	11.5115	15949
Alsfeld	DE	50.7518	9.2708	15945
Neustadt in Holstein	DE	54.1071	10.8145	15930
Ratekau	DE	53.9465	10.7312	15921
Ebersbach an der Fils	DE	48.716	9.5236	15919
Freilassing	DE	47.8409	12.9811	15909
Bruckmühl	DE	47.8786	11.911	15851
Olsberg	DE	51.3561	8.489	15814
Schiffweiler	DE	49.3667	7.1333	15780
Lubnjow	DE	51.8622	13.9517	15778
Preetz	DE	54.2358	10.2793	15768
Bad Essen	DE	52.3167	8.3333	15732
Wendlingen am Neckar	DE	48.6712	9.3763	15728
Kelheim	DE	48.9173	11.8862	15723
Weener	DE	53.1654	7.3497	15718
Zeulenroda-Triebes	DE	50.6503	11.9838	15677
Königstein im Taunus	DE	50.1794	8.4713	15661
Riegelsberg	DE	49.3	6.9333	15647
Klingenstein	DE	48.4185	9.9081	15643
Spenge	DE	52.1402	8.4848	15625
Eberbach	DE	49.4668	8.9902	15624
Odenthal	DE	51.0333	7.1167	15619
Füssen	DE	47.5714	10.7017	15608
Marbach am Neckar	DE	48.9396	9.2599	15604
Hude	DE	53.1066	8.4678	15567
Bad Bentheim	DE	52.3007	7.1576	15508
Niederkrüchten	DE	51.2	6.2167	15487
Schwarzenberg	DE	50.5379	12.7852	15475
Angermünde	DE	53.015	13.9992	15453
Bad Neustadt an der Saale	DE	50.3217	10.2067	15434
Ober-Ramstadt	DE	49.8308	8.7489	15367
Bürstadt	DE	49.6427	8.4594	15348
Clausthal-Zellerfeld	DE	51.8095	10.3382	15345
Ribnitz-Damgarten	DE	54.2422	12.4567	15333
Straelen	DE	51.4419	6.2664	15325
Altdorf bei Nürnberg	DE	49.3856	11.3573	15312
Oyten	DE	53.055	9.0199	15286
Lauda-Königshofen	DE	49.5653	9.7082	15278
Neu-Anspach	DE	50.3167	8.5	15276
Karlstadt	DE	49.9603	9.7724	15272
Beverungen	DE	51.668	9.3742	15266
Drensteinfurt	DE	51.7953	7.7382	15260
Freiberg am Neckar	DE	48.932	9.2024	15235
Wurzen	DE	51.3707	12.7394	15233
Much	DE	50.9038	7.4031	15231
Wickede	DE	51.5337	7.6164	15225
Eggenstein-Leopoldshafen	DE	49.0901	8.3988	15189
Ascheberg	DE	51.7833	7.6167	15184
Bad Laasphe	DE	50.9314	8.425	15184
Bad Lippspringe	DE	51.7833	8.8168	15175
Dieburg	DE	49.8974	8.8461	15168
Brackenheim	DE	49.0779	9.066	15083
Künzelsau	DE	49.2818	9.6835	15070
Trossingen	DE	48.0767	8.6441	15040
Weißwasser	DE	51.504	14.6402	15002
Regenstauf	DE	49.1201	12.1303	14999
Gehrden	DE	52.3136	9.6003	14955
Burbach	DE	50.751	8.0794	14942
Homberg	DE	51.0299	9.4026	14903
Walldorf	DE	49.3064	8.6424	14842
Bebra	DE	50.9744	9.7956	14839
Schwarzenbek	DE	53.5051	10.4823	14832
Neustadt bei Coburg	DE	50.3297	11.1206	14824
Fritzlar	DE	51.1318	9.2756	14814
Zehdenick	DE	52.9785	13.3316	14809
Landau an der Isar	DE	48.6725	12.6932	14801
Neustadt an der Donau	DE	48.807	11.7695	14778
Wiefelstede	DE	53.2556	8.1169	14775
Langwedel	DE	52.9791	9.1843	14755
Oberndorf	DE	48.2905	8.5722	14740
Lubin	DE	51.9381	13.8883	14713
Stadtbergen	DE	48.3664	10.8464	14705
Anklam	DE	53.8564	13.6897	14694
Gernsbach	DE	48.7703	8.3431	14649
Pocking	DE	48.4015	13.3132	14646
Plochingen	DE	48.7107	9.4195	14611
Winterberg	DE	51.1925	8.5347	14601
Ismaning	DE	48.2333	11.6833	14596
Spiesen-Elversberg	DE	49.3167	7.1333	14570
Taucha	DE	51.3833	12.4833	14552
Quierschied	DE	49.3167	7.05	14545
Kalkar	DE	51.7391	6.291	14513
Niedernhausen	DE	50.1631	8.3134	14494
Lauterbach	DE	50.6356	9.3978	14487
Münsingen	DE	48.4113	9.497	14479
Immenstadt im Allgäu	DE	47.56	10.2139	14431
Isny	DE	47.6926	10.0386	14424
Kraichtal	DE	49.1462	8.7328	14416
Markgröningen	DE	48.9049	9.0806	14414
Bissendorf	DE	52.2333	8.1667	14402
Schriesheim	DE	49.4737	8.6636	14379
Breisach am Rhein	DE	48.0328	7.5829	14367
Niederzier	DE	50.8833	6.4667	14363
Bad Salzdetfurth	DE	52.0578	10.0058	14349
Sandhausen	DE	49.3428	8.6592	14336
Neckargemünd	DE	49.389	8.7959	14335
Murrhardt	DE	48.9819	9.5705	14331
Bad Wurzach	DE	47.908	9.8969	14323
Pegnitz	DE	49.7522	11.5419	14279
Sassenberg	DE	51.9922	8.0407	14273
Brühl	DE	49.3972	8.5336	14262
Ottweiler	DE	49.4013	7.1642	14255
Sahlkamp	DE	52.4187	9.7708	14246
Malsch	DE	48.8833	8.3333	14243
Grünberg	DE	50.594	8.9587	14233
Neunkirchen	DE	50.8	8.0	14225
Barsinghausen	DE	52.3	9.45	14200
Bad Camberg	DE	50.297	8.269	14195
Ritterhude	DE	53.1829	8.7355	14192
Schwalbach am Taunus	DE	50.15	8.5333	14192
Eppelheim	DE	49.4019	8.6364	14190
Langenau	DE	48.4962	10.1185	14175
Grünstadt	DE	49.563	8.1628	14169
Schleiden	DE	50.529	6.4769	14160
Schiffdorf	DE	53.5318	8.6559	14143
Wennigsen	DE	52.274	9.5729	14137
Mindelheim	DE	48.0458	10.4922	14122
Altes Lager	DE	48.4175	9.5361	14092
Uhingen	DE	48.7047	9.5857	14031
Bad Wörishofen	DE	48.0067	10.5967	14028
Langerwehe	DE	50.8167	6.35	14027
Münster	DE	49.9228	8.8678	14018
Edingen-Neckarhausen	DE	49.4572	8.6064	14009
Melsungen	DE	51.1303	9.5524	14004
Bovenden	DE	51.5884	9.9222	13964
Mainburg	DE	48.6418	11.7809	13959
Bad Soden-Salmünster	DE	50.2757	9.3671	13953
Neuenkirchen	DE	52.2447	7.3718	13953
Brunsbüttel	DE	53.8962	9.1046	13950
Grafing bei München	DE	48.046	11.968	13942
Jever	DE	53.5734	7.9004	13937
Stein	DE	49.4158	11.016	13902
Belm	DE	52.3	8.1333	13897
Pattensen	DE	52.2645	9.7644	13883
Groß-Zimmern	DE	49.8741	8.829	13870
Höchstadt an der Aisch	DE	49.7062	10.8133	13867
Kelsterbach	DE	50.0613	8.5292	13836
Mahlow	DE	52.3602	13.4095	13828
Linnich	DE	50.98	6.2705	13827
Lohfelden	DE	51.2667	9.5333	13825
Weilburg	DE	50.4844	8.2625	13798
Steinheim	DE	51.8707	9.0914	13797
Biedenkopf	DE	50.9113	8.5302	13788
Grenzach-Wyhlen	DE	47.55	7.6833	13776
Hüllhorst	DE	52.275	8.669	13776
Aßlar	DE	50.5916	8.4627	13772
Wilsdruff	DE	51.052	13.5366	13772
Erbach	DE	49.6615	8.994	13771
Zeulenroda	DE	50.6528	11.9838	13763
Marienheide	DE	51.0832	7.5309	13759
Leinefelde-Worbis	DE	51.388	10.3262	13740
Hünxe	DE	51.6341	6.6974	13732
Rödental	DE	50.2952	11.0412	13712
Rellingen	DE	53.651	9.829	13707
Großenkneten	DE	52.9438	8.2532	13698
Schermbeck	DE	51.6833	6.8667	13682
Frankenberg	DE	50.913	13.0401	13659
Bargteheide	DE	53.7299	10.2674	13640
Sankt Georgen im Schwarzwald	DE	48.1272	8.3351	13636
Ratzeburg	DE	53.6996	10.7726	13623
Raunheim	DE	50.0132	8.4525	13622
Saarwellingen	DE	49.3543	6.8049	13616
Bergen	DE	52.8084	9.9637	13609
Lotte	DE	52.2833	7.9167	13580
Haßfurt	DE	50.0352	10.5156	13562
Schmölln	DE	50.8968	12.3534	13542
Lich	DE	50.5209	8.8157	13534
Denzlingen	DE	48.0667	7.8833	13511
Usingen	DE	50.3355	8.5369	13511
Hatten	DE	53.05	8.3833	13499
Dorfen	DE	48.2704	12.1606	13487
Pritzwalk	DE	53.1495	12.174	13485
Feucht	DE	49.376	11.2143	13482
Bad Fallingbostel	DE	52.866	9.6949	13473
Bergen auf Rügen	DE	54.4182	13.4335	13457
Preußisch Oldendorf	DE	52.3059	8.4934	13447
Genthin	DE	52.4067	12.1592	13416
Hagen	DE	52.1963	7.9804	13412
Mickten	DE	51.0827	13.7087	13389
Thale	DE	51.7486	11.041	13386
Weißenhorn	DE	48.305	10.1605	13377
Eppstein	DE	50.1428	8.3923	13374
Büttelborn	DE	49.9033	8.5233	13338
Erbach	DE	48.3284	9.8875	13331
Sendenhorst	DE	51.843	7.83	13316
Tostedt	DE	53.2741	9.7194	13315
Mittegroßefehn	DE	53.3905	7.5605	13314
Tauberbischofsheim	DE	49.6247	9.6628	13293
Jüterbog	DE	51.9961	13.0798	13292
Hessisch Lichtenau	DE	51.1995	9.7186	13291
Wolfhagen	DE	51.3261	9.1701	13266
Schöningen	DE	52.138	10.9674	13265
Pfullendorf	DE	47.9261	9.2578	13258
Solms	DE	50.5362	8.407	13250
Schwabmünchen	DE	48.1793	10.7568	13232
Vöhringen	DE	48.2784	10.0824	13207
Hösbach	DE	50.0065	9.2076	13203
Fehmarn	DE	54.4378	11.1935	13200
Meckenbeuren	DE	47.7	9.5667	13183
Bad Bramstedt	DE	53.9183	9.8824	13177
Langelsheim	DE	51.9379	10.3326	13169
Tholey	DE	49.4837	7.0369	13157
Wiesmoor	DE	53.4151	7.7364	13157
Bohmte	DE	52.3667	8.3167	13153
Nordstemmen	DE	52.162	9.7835	13148
Peißenberg	DE	47.8047	11.0699	13148
Treuchtlingen	DE	48.9547	10.9083	13141
Burladingen	DE	48.2911	9.1129	13131
Eichstätt	DE	48.8885	11.1967	13125
Ketsch	DE	49.3678	8.5311	13124
Herbrechtingen	DE	48.6217	10.176	13110
Perleberg	DE	53.0752	11.8574	13102
Löningen	DE	52.7364	7.7574	13096
Wettbergen	DE	52.33	9.6949	13091
Tornesch	DE	53.6994	9.7172	13079
Bad Freienwalde	DE	52.7873	14.0304	13075
Velen	DE	51.8945	6.9881	13074
Hilpoltstein	DE	49.1905	11.1906	13069
Plön	DE	54.162	10.4276	13068
Markranstädt	DE	51.3015	12.2202	13053
Wehr	DE	47.6298	7.9042	13037
Lengede	DE	52.2049	10.3078	12993
Gräfelfing	DE	48.1188	11.4294	12978
Kirchhundem	DE	51.0856	8.0889	12966
Stahnsdorf	DE	52.3833	13.2167	12964
Kleinblittersdorf	DE	49.1578	7.0373	12948
Monschau	DE	50.5546	6.24	12945
Rotenburg an der Fulda	DE	50.9956	9.7284	12937
Petershagen	DE	52.5208	13.7875	12931
Alpen	DE	51.5833	6.5167	12908
Bitburg	DE	49.9679	6.5273	12908
Scheeßel	DE	53.1687	9.4826	12907
Altötting	DE	48.2253	12.6767	12902
Trebur	DE	49.9264	8.4073	12897
Östringen	DE	49.2191	8.7119	12880
Asperg	DE	48.9053	9.135	12870
Eggenfelden	DE	48.4051	12.7575	12860
Winsen	DE	52.6825	9.9096	12838
Sulingen	DE	52.6829	8.8127	12835
Bad Urach	DE	48.4911	9.4001	12831
Bad Dürrheim	DE	48.0209	8.5306	12829
Mering	DE	48.2656	10.9846	12820
Cremlingen	DE	52.2479	10.6551	12808
Krumbach	DE	48.2418	10.3632	12805
Eching	DE	48.3	11.6167	12804
Herzberg am Harz	DE	51.6555	10.3394	12792
Sulz am Neckar	DE	48.3624	8.6331	12763
Lappersdorf	DE	49.0469	12.0913	12744
Lorsch	DE	49.65	8.5667	12744
Ubstadt-Weiher	DE	49.163	8.6317	12730
Quakenbrück	DE	52.674	7.949	12727
Neubiberg	DE	48.0771	11.6581	12717
Oelsnitz	DE	50.4147	12.1695	12686
Kaufungen	DE	51.2811	9.6186	12683
Wolgast	DE	54.052	13.7711	12664
Erlensee	DE	50.163	8.9782	12663
Langenselbold	DE	50.1766	9.04	12660
Twistringen	DE	52.8001	8.6389	12645
Dinklage	DE	52.662	8.126	12626
Neutraubling	DE	48.9874	12.201	12620
Friedland	DE	51.4192	9.9176	12607
Zeven	DE	53.2957	9.2756	12607
Bopfingen	DE	48.8585	10.3542	12606
Neuenrade	DE	51.2828	7.7825	12602
Gaildorf	DE	49.0003	9.7695	12571
Abensberg	DE	48.8168	11.8498	12570
Haselünne	DE	52.6731	7.4867	12562
Bad Abbach	DE	48.9375	12.0449	12545
Mettingen	DE	52.3167	7.7833	12532
Hauzenberg	DE	48.6496	13.6265	12522
Wernau	DE	48.6931	9.4153	12518
Maisach	DE	48.2167	11.2667	12507
Wickede	DE	51.4964	7.8659	12504
Westerland	DE	54.9079	8.3033	12500
Demmin	DE	53.9076	13.0314	12495
Mülsen	DE	50.75	12.5667	12489
Markdorf	DE	47.7192	9.3903	12486
Gladenbach	DE	50.7685	8.5808	12482
Burgstädt	DE	50.9133	12.806	12477
Barßel	DE	53.1698	7.7501	12475
Beelitz	DE	52.2381	12.9714	12475
Mengede	DE	51.5725	7.3839	12470
Oberhaching	DE	48.0245	11.5974	12470
Spaichingen	DE	48.0748	8.7351	12466
Wächtersbach	DE	50.2551	9.2956	12464
Neustadt an der Aisch	DE	49.5795	10.6113	12448
Schongau	DE	47.8124	10.8966	12442
Bad Wünnenberg	DE	51.52	8.6993	12439
Altenstadt	DE	50.2875	8.9437	12437
Wittingen	DE	52.7269	10.7361	12427
Hersbruck	DE	49.5108	11.4315	12404
Plattling	DE	48.7787	12.8751	12390
Mutterstadt	DE	49.4414	8.3561	12383
Wasserburg am Inn	DE	48.0525	12.2234	12375
Drochtersen	DE	53.7101	9.3846	12364
Barsbüttel	DE	53.5691	10.1679	12363
Philippsburg	DE	49.2317	8.4607	12359
Harsefeld	DE	53.4536	9.5044	12350
Montabaur	DE	50.4359	7.8232	12345
Niefern-Öschelbronn	DE	48.9167	8.7833	12341
Harsum	DE	52.2105	9.9649	12331
Drolshagen	DE	51.0236	7.7736	12310
Regen	DE	48.9719	13.1282	12296
Mömbris	DE	50.0692	9.1637	12287
Langgöns	DE	50.5	8.6667	12283
Balve	DE	51.3315	7.8642	12281
Garrel	DE	52.9548	8.0264	12273
Borken	DE	51.045	9.2844	12268
Oelsnitz	DE	50.7258	12.701	12268
Feuchtwangen	DE	49.1629	10.3385	12267
Dinkelsbühl	DE	49.0694	10.3199	12260
Hemsbach	DE	49.5907	8.6478	12247
Ilsede	DE	52.2634	10.1992	12241
Röthenbach an der Pegnitz	DE	49.483	11.2412	12224
Ottersberg	DE	53.109	9.1465	12205
Roßdorf	DE	49.8597	8.7617	12199
Sankt Leon-Rot	DE	49.2659	8.618	12192
Fuldatal	DE	51.3833	9.5667	12186
Bretzfeld	DE	49.1794	9.4383	12162
Zella-Mehlis	DE	50.6564	10.6605	12157
Olfen	DE	51.7079	7.3789	12133
Hadamar	DE	50.4459	8.0425	12131
Tamm	DE	48.9199	9.1156	12129
Hagenow	DE	53.432	11.1916	12128
Glückstadt	DE	53.7882	9.4241	12121
Pasewalk	DE	53.5063	13.99	12120
Walldürn	DE	49.5836	9.3664	12113
Ludwigslust	DE	53.3245	11.4971	12112
Peiting	DE	47.7955	10.9295	12106
Wentorf bei Hamburg	DE	53.495	10.2542	12104
Burglengenfeld	DE	49.2038	12.0445	12095
Scharbeutz	DE	54.0239	10.7521	12087
Gerstetten	DE	48.6225	10.0198	12086
Bischofsheim	DE	49.9939	8.3672	12075
Überherrn	DE	49.2419	6.6984	12071
Havixbeck	DE	51.9833	7.4167	12034
Bad Windsheim	DE	49.5027	10.4154	12022
Titisee-Neustadt	DE	47.921	8.1906	12019
Schönefeld	DE	52.389	13.5037	12015
Jork	DE	53.532	9.6808	12014
Hammelburg	DE	50.1163	9.8914	12004
Bad Belzig	DE	52.1418	12.5927	11999
Ettenheim	DE	48.257	7.8125	11995
Buchloe	DE	48.0372	10.7255	11978
Pößneck	DE	50.6936	11.5923	11960
Murnau am Staffelsee	DE	47.6808	11.2012	11958
Rielasingen-Worblingen	DE	47.7347	8.8401	11953
Geisenheim	DE	49.9847	7.9684	11949
Blankenfelde	DE	52.3372	13.4121	11929
Schöneiche	DE	52.4729	13.6923	11907
Kall	DE	50.5422	6.563	11903
Pfarrkirchen	DE	48.432	12.9381	11894
Teningen	DE	48.1295	7.8121	11887
Besigheim	DE	48.998	9.1427	11883
Osterhofen	DE	48.7	13.0222	11870
Gardelegen	DE	52.5252	11.3952	11868
Kronshagen	DE	54.3373	10.0821	11856
Weinsberg	DE	49.1513	9.2876	11855
Wilkau-Haßlau	DE	50.675	12.5148	11850
Rosdorf	DE	51.5	9.9	11840
Lauenburg	DE	53.372	10.5565	11814
Neustadt in Sachsen	DE	51.0284	14.2179	11810
Recke	DE	52.3689	7.7212	11800
Blaubeuren	DE	48.4121	9.7843	11797
Bad Lauterberg im Harz	DE	51.6327	10.4703	11784
Lehre	DE	52.3279	10.669	11777
Bestwig	DE	51.3608	8.4008	11764
Gärtringen	DE	48.6418	8.9007	11760
Schalksmühle	DE	51.2412	7.5279	11753
Erkner	DE	52.42	13.7544	11741
Rosbach vor der Höhe	DE	50.3033	8.6898	11741
Rudersberg	DE	48.8852	9.5293	11726
Wald-Michelbach	DE	49.57	8.8317	11720
Zschopau	DE	50.7482	13.0769	11705
Billerbeck	DE	51.9783	7.2926	11699
Graben-Neudorf	DE	49.1669	8.4924	11697
Zetel	DE	53.4158	7.9677	11684
Neuenburg am Rhein	DE	47.8143	7.5601	11682
Trostberg an der Alz	DE	48.028	12.558	11676
Durmersheim	DE	48.9333	8.2667	11675
Zündorf	DE	50.8678	7.0471	11671
Bad Sassendorf	DE	51.5833	8.1667	11659
Eichenau	DE	48.1667	11.3167	11637
Hildburghausen	DE	50.4255	10.7318	11632
Morsbach	DE	50.8666	7.7279	11630
Holzgerlingen	DE	48.6397	9.0115	11613
Dossenheim	DE	49.4503	8.6747	11612
Linkenheim-Hochstetten	DE	49.132	8.4124	11599
Harrislee	DE	54.8	9.3833	11596
Poing	DE	48.17	11.8186	11592
Lindenberg	DE	47.6028	9.8855	11587
Werther	DE	52.0777	8.4179	11575
Burgthann	DE	49.352	11.3115	11567
Schotten	DE	50.5035	9.1252	11566
Gundelfingen	DE	48.0425	7.8657	11563
Bad Doberan	DE	54.1071	11.9005	11559
Möhnesee	DE	51.5	8.1333	11559
Münchberg	DE	50.1895	11.7882	11557
Bad Iburg	DE	52.1549	8.0422	11554
Zwönitz	DE	50.6303	12.81	11547
Heddesheim	DE	49.5056	8.6036	11544
Großräschen	DE	51.5876	14.0109	11523
Bad Dürrenberg	DE	51.2955	12.0658	11521
Braunfels	DE	50.5155	8.3892	11510
Lauingen	DE	48.5677	10.4271	11510
Hirschaid	DE	49.8179	10.9892	11508
Velten	DE	52.6885	13.1768	11498
Ochsenfurt	DE	49.6643	10.0623	11492
Gangelt	DE	50.9925	5.998	11484
Nörvenich	DE	50.806	6.6395	11481
Ladenburg	DE	49.4731	8.609	11479
Schüttorf	DE	52.3228	7.2218	11465
Neuhausen auf den Fildern	DE	48.6833	9.2833	11462
Waltershausen	DE	50.8983	10.5579	11445
Friedrichsthal	DE	49.3279	7.0962	11440
Eisenberg	DE	50.9686	11.9021	11438
Ergolding	DE	48.5765	12.171	11438
Neuhof	DE	50.4531	9.6175	11422
Lorch	DE	48.7983	9.6914	11418
Vienenburg	DE	51.9524	10.5637	11417
Vilsbiburg	DE	48.453	12.356	11416
Roding	DE	49.1943	12.5196	11406
Westerkappeln	DE	52.3167	7.8833	11397
Raubling	DE	47.7905	12.1109	11382
Gemünden am Main	DE	50.0495	9.7059	11375
Schwarzenbach an der Saale	DE	50.2228	11.935	11375
Steinheim an der Murr	DE	48.9682	9.2771	11374
Marpingen	DE	49.4523	7.0582	11358
Altdorf	DE	48.1537	12.1842	11355
Miesbach	DE	47.789	11.8338	11354
Rodenbach	DE	50.15	9.0333	11344
Calbe	DE	51.9067	11.7748	11322
Welzheim	DE	48.8768	9.6343	11306
Steinau an der Straße	DE	50.314	9.4634	11302
Rüthen	DE	51.4909	8.436	11299
Lügde	DE	51.9583	9.2471	11290
Oberschleißheim	DE	48.25	11.5667	11290
Dassel	DE	51.8018	9.689	11287
Brand-Erbisdorf	DE	50.8664	13.3229	11284
Geeste	DE	52.6	7.2667	11281
Lichtenau	DE	51.6171	8.8966	11268
Altensteig	DE	48.5865	8.6039	11266
Emstek	DE	52.834	8.1572	11257
Isselburg	DE	51.8323	6.4643	11239
Manching	DE	48.7166	11.4939	11239
Gengenbach	DE	48.4048	8.0143	11234
Gräfenhainichen	DE	51.7289	12.4565	11228
Felsberg	DE	51.1376	9.4214	11219
Raesfeld	DE	51.7667	6.85	11218
Meitingen	DE	48.5459	10.8518	11201
Fürth	DE	49.6508	8.7847	11181
Bockenem	DE	52.0099	10.132	11177
Kirchlinde	DE	51.5265	7.3667	11170
Ahlem	DE	52.3781	9.6644	11167
Salem	DE	47.7626	9.2903	11164
Olbernhau	DE	50.6587	13.3425	11162
Kissing	DE	48.3038	10.9709	11150
Morbach	DE	49.8077	7.1271	11149
Flöha	DE	50.8561	13.0741	11143
Meßstetten	DE	48.1832	8.9657	11132
Stollberg	DE	50.71	12.7803	11127
Bad Schwalbach	DE	50.142	8.0696	11112
Niesky	DE	51.2924	14.8211	11111
Rothenburg ob der Tauber	DE	49.3788	10.1871	11106
Bad Gandersheim	DE	51.8717	10.0254	11099
Sinzheim	DE	48.7667	8.1667	11078
Stelle	DE	53.3842	10.1114	11073
Essenbach	DE	48.6133	12.2183	11070
Lauffen am Neckar	DE	49.0734	9.1457	11068
Jessen	DE	51.7934	12.9576	11065
Donzdorf	DE	48.6854	9.8105	11051
Boizenburg	DE	53.3808	10.7376	11048
Schwaigern	DE	49.1449	9.0552	11047
Eichenzell	DE	50.4954	9.6967	11042
Ebersberg	DE	48.0771	11.9706	11041
Herzberg	DE	51.6869	13.2202	11033
Hasbergen	DE	52.2375	7.9611	11032
Marktheidenfeld	DE	49.8454	9.6036	11024
Burgkirchen an der Alz	DE	48.1675	12.7325	11006
Ueckermünde	DE	53.7379	14.0447	11003
Rheinau	DE	48.666	7.9366	10997
Apen	DE	53.2213	7.8095	10992
Sassenburg	DE	52.5167	10.6333	10982
Grevesmühlen	DE	53.8613	11.1905	10975
Wolnzach	DE	48.6038	11.6257	10973
Dippoldiswalde	DE	50.8962	13.6691	10959
Prien am Chiemsee	DE	47.856	12.3462	10915
Wietmarschen	DE	52.5181	7.1341	10903
Rehburg-Loccum	DE	52.4695	9.1996	10894
Bad Liebenwerda	DE	51.5183	13.3946	10890
Lichtenstein	DE	50.7566	12.6303	10875
Merchweiler	DE	49.35	7.05	10863
Wolmirstedt	DE	52.2486	11.6295	10860
Markt Schwaben	DE	48.1895	11.8691	10857
Laichingen	DE	48.4894	9.6861	10853
Bannewitz	DE	50.9929	13.7171	10851
Anröchte	DE	51.5667	8.3333	10847
Gaimersheim	DE	48.807	11.368	10840
Grünwald	DE	48.0395	11.5232	10836
Haigerloch	DE	48.3661	8.8036	10828
Diez	DE	50.3742	8.0074	10822
Malente	DE	54.1723	10.5597	10817
Nußloch	DE	49.3239	8.6956	10815
Visselhövede	DE	52.986	9.581	10808
Böhl-Iggelheim	DE	49.3806	8.3039	10797
Sassnitz	DE	54.5157	13.6445	10779
Waldkirchen	DE	48.7327	13.6008	10757
Aerzen	DE	52.0495	9.2586	10755
Limburgerhof	DE	49.4244	8.3919	10753
Ruppichteroth	DE	50.8437	7.4841	10749
Michendorf	DE	52.3135	13.03	10743
Schwieberdingen	DE	48.8764	9.0744	10736
Reiskirchen	DE	50.6	8.8333	10734
Neuenhaus	DE	52.4973	6.9666	10732
Nideggen	DE	50.6927	6.4844	10727
Leutenbach	DE	48.8879	9.3927	10717
Eningen unter Achalm	DE	48.4869	9.2595	10715
Klarenthal	DE	50.0883	8.202	10704
Ostrhauderfehn	DE	53.1386	7.6194	10699
Nohfelden	DE	49.5869	7.1428	10687
Gernsheim	DE	49.7531	8.4886	10685
Maxhütte-Haidhof	DE	49.1996	12.0923	10674
Grimmen	DE	54.1121	13.0405	10671
Torgelow	DE	53.6337	14.0123	10665
Ostbevern	DE	52.0402	7.8423	10644
Kriftel	DE	50.0841	8.4698	10633
Langenzenn	DE	49.4946	10.7923	10629
Bad Staffelstein	DE	50.102	11.0013	10618
Birkenfeld	DE	48.8667	8.6333	10609
Friedeburg	DE	53.4536	7.8315	10607
Winzerla	DE	50.8926	11.5844	10605
Salzhemmendorf	DE	52.067	9.5872	10603
Leingarten	DE	49.1464	9.1169	10579
Bischofswerda	DE	51.1277	14.1797	10576
Brachenfeld-Ruthenberg	DE	54.0715	10.0092	10573
Gemeinde Friedland	DE	51.4167	9.9333	10568
Mörlenbach	DE	49.5992	8.7347	10568
Betzdorf	DE	50.7909	7.8719	10560
Penig	DE	50.9334	12.7042	10557
Debschwitz	DE	50.8562	12.0723	10540
Oberderdingen	DE	49.0656	8.8031	10515
Planegg	DE	48.1067	11.4248	10510
Blumberg	DE	47.8406	8.5333	10500
Nauheim	DE	49.9508	8.4633	10500
Unterföhring	DE	48.1925	11.6429	10500
Kirchlinteln	DE	52.9424	9.3181	10487
Luckau	DE	51.8524	13.7073	10471
Korb	DE	48.843	9.3626	10459
Weinböhla	DE	51.1667	13.5667	10456
Gottmadingen	DE	47.7351	8.7769	10452
Mülheim-Kärlich	DE	50.3851	7.4989	10451
Lößnitz	DE	50.6218	12.7315	10433
Herxheim am Berg	DE	49.5092	8.1792	10424
Möglingen	DE	48.8874	9.1269	10405
Feldkirchen-Westerham	DE	47.9075	11.8427	10399
Riedlingen	DE	48.1546	9.4756	10394
Brieselang	DE	52.5886	12.9947	10379
Kümmersbruck	DE	49.4192	11.8883	10365
Denkendorf	DE	48.6955	9.3168	10357
Kirkel	DE	49.2833	7.2333	10330
Zwiesel	DE	49.0169	13.2377	10327
Birkenau	DE	49.5625	8.7069	10318
Wunsiedel	DE	50.0392	12.0034	10295
Veitshöchheim	DE	49.8328	9.8817	10279
Kyritz	DE	52.9421	12.397	10274
Bogen	DE	48.9112	12.6896	10259
Hambühren	DE	52.6296	9.9717	10259
Schlitz	DE	50.6742	9.561	10258
Bad Nenndorf	DE	52.337	9.379	10255
Nordkirchen	DE	51.7383	7.522	10231
Kolkwitz	DE	51.75	14.25	10225
Rutesheim	DE	48.8081	8.9454	10222
Höchst im Odenwald	DE	49.7997	8.9994	10209
Laubach	DE	50.542	8.9903	10205
Mengen	DE	48.0495	9.33	10205
Königstädten	DE	49.9628	8.4497	10200
Schönaich	DE	48.6587	9.0601	10190
Wildberg	DE	48.6234	8.7452	10187
Bad Orb	DE	50.2279	9.3478	10186
Hilter	DE	52.1357	8.1471	10173
Steinbach am Taunus	DE	50.1677	8.5728	10170
Heubach	DE	48.7927	9.9337	10167
Süßen	DE	48.6793	9.7553	10167
Cadolzburg	DE	49.4573	10.8533	10164
Oberzent	DE	49.5677	8.9737	10153
Doberlug-Kirchhain	DE	51.6258	13.5623	10151
Meuselwitz	DE	51.0431	12.2994	10148
Wendeburg	DE	52.3296	10.3925	10147
Büdelsdorf	DE	54.3182	9.673	10144
Lollar	DE	50.6465	8.705	10143
Weeze	DE	51.6268	6.1979	10131
Steinen	DE	47.6445	7.7391	10128
Obernkirchen	DE	52.2721	9.1291	10120
Bobenheim-Roxheim	DE	49.5875	8.3578	10106
Premnitz	DE	52.5318	12.3484	10105
Rödinghausen	DE	52.25	8.4833	10101
Oftersheim	DE	49.3653	8.5831	10100
Ottendorf-Okrilla	DE	51.1833	13.8333	10093
Kaldenkirchen	DE	51.3203	6.1983	10090
Zeuthen	DE	52.348	13.6217	10084
Aulendorf	DE	47.9508	9.6374	10063
Rehau	DE	50.2492	12.0342	10058
Roßtal	DE	49.3957	10.8885	10052
Werneck	DE	49.982	10.0988	10051
Dießen am Ammersee	DE	47.9509	11.1031	10050
Goldbach	DE	49.9995	9.1844	10044
Weil im Schönbuch	DE	48.6227	9.0635	10037
Ainring	DE	47.8131	12.9405	10028
Diedorf	DE	48.3532	10.7821	10006
Eisenberg	DE	49.5586	8.072	10006
Herrsching am Ammersee	DE	47.9989	11.1768	10000
Simbach am Inn	DE	48.2655	13.0231	9979
Altusried	DE	47.8041	10.2143	9950
Fürstenau	DE	52.5167	7.6767	9946
Oldenburg in Holstein	DE	54.295	10.8904	9940
Rüdesheim am Rhein	DE	49.9789	7.9244	9921
Tangermünde	DE	52.5446	11.9765	9912
Giesen	DE	52.1972	9.8989	9909
Königsbach-Stein	DE	48.9659	8.6057	9906
Augustdorf	DE	51.9094	8.7317	9889
Tungendorf	DE	54.0988	9.9966	9882
Runkel	DE	50.4057	8.1546	9872
Adendorf	DE	53.2819	10.4379	9865
Vetschau	DE	51.7864	14.0794	9857
Kaufering	DE	48.0912	10.8791	9820
Hohenhameln	DE	52.2576	10.0642	9815
Vahrenheide	DE	52.4155	9.7481	9808
Altenberge	DE	52.05	7.4667	9796
Höhr-Grenzhausen	DE	50.4347	7.669	9794
Bleckede	DE	53.2873	10.7349	9793
Hohenmölsen	DE	51.1577	12.1	9772
Geisenfeld	DE	48.6843	11.6123	9769
Marten	DE	51.5134	7.3765	9755
Altenholz	DE	54.3979	10.1279	9737
Bad Ems	DE	50.3354	7.7137	9735
Wallerfangen	DE	49.3275	6.711	9733
Kirchzarten	DE	47.9667	7.95	9730
Brandis	DE	51.336	12.6102	9728
Erlenbach am Main	DE	49.8034	9.1631	9717
Bad Frankenhausen	DE	51.3561	11.0998	9715
Nalbach	DE	49.3833	6.7833	9715
Borgentreich	DE	51.5692	9.2411	9713
Dörverden	DE	52.8482	9.237	9710
Elsterwerda	DE	51.4604	13.52	9694
Bad König	DE	49.7432	9.0075	9687
Lüchow	DE	52.9674	11.158	9678
Kappeln	DE	54.6612	9.9313	9677
Furtwangen	DE	48.0516	8.2072	9655
Egelsbach	DE	49.9679	8.6634	9645
Brechten	DE	51.5761	7.4674	9635
Weilheim an der Teck	DE	48.6157	9.5375	9634
Herbolzheim	DE	48.2188	7.7775	9632
Emsbüren	DE	52.4	7.3	9623
Pliezhausen	DE	48.5593	9.2075	9618
Bad Liebenzell	DE	48.7743	8.7297	9616
Miltenberg	DE	49.7045	9.2673	9613
Wölfersheim	DE	50.4	8.8167	9610
Ostercappeln	DE	52.35	8.2333	9605
Volkach	DE	49.8635	10.2281	9585
Elze	DE	52.1226	9.736	9582
Burgau	DE	48.4316	10.4099	9576
Everswinkel	DE	51.926	7.8469	9576
Bad Wildbad	DE	48.7507	8.5504	9565
Plüderhausen	DE	48.7987	9.5959	9559
Weingarten	DE	49.0546	8.5268	9556
Stephanskirchen	DE	47.8539	12.1856	9554
Twist	DE	52.6379	7.0662	9554
Wahlstedt	DE	53.9531	10.2127	9553
Tecklenburg	DE	52.2196	7.8136	9552
Storkow	DE	52.2566	13.9334	9550
Teterow	DE	53.7736	12.5755	9544
Falkenstein	DE	50.4779	12.3713	9528
Barmstedt	DE	53.7918	9.7702	9521
Tutzing	DE	47.9094	11.2803	9517
Hainichen	DE	50.9704	13.1229	9511
Ehringshausen	DE	50.6	8.3833	9505
Gnarrenburg	DE	53.3863	9.0051	9504
Köngen	DE	48.6833	9.3667	9499
Helmbrechts	DE	50.2356	11.7159	9493
Liebenburg	DE	52.0218	10.4317	9492
Furth im Wald	DE	49.3096	12.8416	9480
Höhenkirchen-Siegertsbrunn	DE	48.0193	11.7191	9465
Nordwalde	DE	52.0833	7.4833	9453
Schieder-Schwalenberg	DE	51.8771	9.1954	9443
Lenggries	DE	47.6827	11.5747	9432
Sülldorf	DE	53.5786	9.7998	9430
Oberhausen-Rheinhausen	DE	49.2739	8.4717	9420
Nonnweiler	DE	49.6076	6.9699	9417
Worpswede	DE	53.2211	8.9259	9417
Fehrbellin	DE	52.8135	12.7644	9413
Tirschenreuth	DE	49.8826	12.3311	9410
Kirchberg	DE	50.6219	12.5245	9400
Steinfeld	DE	52.5853	8.2107	9392
Töging am Inn	DE	48.2602	12.5846	9392
Wehrheim	DE	50.3	8.5667	9383
Heilsbronn	DE	49.3357	10.7874	9374
Höchberg	DE	49.7845	9.8822	9372
Sande	DE	53.5049	8.0142	9359
Kirchen	DE	50.8085	7.8863	9342
Karlsdorf-Neuthard	DE	49.1347	8.5303	9329
Bisingen	DE	48.3101	8.9174	9321
Neuenstadt am Kocher	DE	49.235	9.3322	9312
Elsfleth	DE	53.2375	8.4566	9310
Heiligenhafen	DE	54.3704	10.9763	9308
Waldfeucht	DE	51.0661	5.9882	9305
Eslohe	DE	51.2537	8.1695	9304
Alsbach-Hähnlein	DE	49.7386	8.5958	9300
Kalawa	DE	51.744	13.9533	9299
Barth	DE	54.3635	12.7249	9298
Schwaikheim	DE	48.8773	9.3496	9295
Hirschberg an der Bergstraße	DE	49.5071	8.6569	9294
Aidlingen	DE	48.6785	8.8952	9285
Oberstdorf	DE	47.4072	10.2794	9279
Dettingen an der Erms	DE	48.5308	9.3446	9271
Dissen	DE	52.1159	8.1996	9265
Markt Indersdorf	DE	48.3606	11.3779	9263
Werlte	DE	52.8513	7.6749	9255
Aken	DE	51.8527	12.0446	9240
Nittendorf	DE	49.0246	11.9613	9226
Breckerfeld	DE	51.2593	7.4681	9217
Großrosseln	DE	49.203	6.8415	9215
Plankstadt	DE	49.3944	8.5961	9211
Trebbin	DE	52.2167	13.225	9199
Treuen	DE	50.5425	12.3034	9189
Nersingen	DE	48.4283	10.1236	9177
Ehrang	DE	49.8161	6.6982	9175
Kirchseeon	DE	48.0714	11.8887	9174
Visbek	DE	52.8363	8.3112	9164
Ortenberg	DE	50.3558	9.056	9155
Bad Laer	DE	52.1	8.0833	9151
Glienicke	DE	52.6335	13.3256	9144
Schlangen	DE	51.8098	8.846	9137
Rangsdorf	DE	52.2913	13.4195	9134
Klingenthal	DE	50.3596	12.4646	9132
Steinbach-Hallenberg	DE	50.6962	10.5654	9130
Timmendorfer Strand	DE	53.9953	10.7768	9127
Vettweiß	DE	50.7333	6.6	9116
Neustadt (Hessen)	DE	50.85	9.1167	9115
Osternienburger Land	DE	51.8	12.0167	9115
Sebnitz	DE	50.9754	14.2758	9114
Rheinsberg	DE	53.0997	12.8988	9113
Goldenstedt	DE	52.7883	8.432	9110
Kenzingen	DE	48.1963	7.7697	9095
Auerbach	DE	49.692	11.6333	9089
Willstätt	DE	48.5407	7.8931	9061
Magstadt	DE	48.7447	8.9667	9058
Waltenhofen	DE	47.6732	10.307	9045
Schmitten	DE	50.2667	8.45	9042
Reichelsheim	DE	49.7121	8.839	9036
Endingen	DE	48.1422	7.7005	9034
Gudensberg	DE	51.1771	9.3675	9032
Unterhausen	DE	48.4298	9.255	9030
Bad Lausick	DE	51.145	12.6445	9026
Südlohn	DE	51.9447	6.8672	9024
Querfurt	DE	51.3812	11.6005	9019
Teisendorf	DE	47.8492	12.8192	9019
Steinheim am Albuch	DE	48.6909	10.0638	9013
Großhansdorf	DE	53.6653	10.2855	9009
Memmelsdorf	DE	49.9301	10.9592	9001
Waldheim	DE	51.0728	13.02	9001
Dielheim	DE	49.2842	8.7381	8999
Bad Düben	DE	51.5917	12.5849	8998
Landstuhl	DE	49.4131	7.5702	8989
Delligsen	DE	51.9412	9.8027	8986
Schleiz	DE	50.5787	11.8102	8976
Bad Breisig	DE	50.5052	7.2886	8959
Vallendar	DE	50.3959	7.6243	8959
Wertingen	DE	48.5631	10.6815	8958
Biblis	DE	49.6917	8.4586	8953
Ebersbach	DE	51.0076	14.5862	8952
Ochsenhausen	DE	48.0703	9.9503	8950
Bockhorn	DE	53.3951	8.0201	8924
Bad Sooden-Allendorf	DE	51.2709	9.9748	8915
Reinsdorf	DE	50.6977	12.5556	8907
Florstadt	DE	50.3167	8.8667	8905
Zwenkau	DE	51.2187	12.3301	8905
Pfedelbach	DE	49.1781	9.505	8879
Grafenau	DE	48.8577	13.3974	8870
Wetter	DE	50.9025	8.7237	8867
Obernburg am Main	DE	49.8358	9.131	8853
Asseln	DE	51.5283	7.5891	8850
Eil	DE	50.8936	7.0797	8849
Sulzbach	DE	50.134	8.528	8846
Flieden	DE	50.4239	9.5666	8843
Frickenhausen	DE	48.5935	9.36	8841
Kochendorf	DE	49.2233	9.2202	8841
Willebadessen	DE	51.6256	9.0369	8821
Hemmoor	DE	53.6884	9.1524	8817
Mendig	DE	50.3667	7.2833	8813
Holzen	DE	51.445	7.5258	8805
Altlandsberg	DE	52.565	13.7281	8804
Waldenbuch	DE	48.6383	9.1326	8803
Lienen	DE	52.15	7.9833	8797
Garching an der Alz	DE	48.1345	12.5815	8796
Schaafheim	DE	49.9242	9.0094	8784
Freisen	DE	49.55	7.25	8778
Blankenheim	DE	50.4333	6.65	8770
Großenlüder	DE	50.5925	9.5423	8768
Kirn	DE	49.7891	7.4577	8762
Osthofen	DE	49.7038	8.3242	8758
Borgholzhausen	DE	52.1034	8.3021	8754
Naunhof	DE	51.2777	12.5883	8753
Niebüll	DE	54.7866	8.8285	8752
Neuötting	DE	48.241	12.69	8741
Meßkirch	DE	47.9946	9.1148	8736
Bad Endbach	DE	50.75	8.5	8734
Faldera	DE	54.0613	9.9484	8734
Mittenwalde	DE	52.2601	13.5395	8730
Elsenfeld	DE	49.8429	9.1636	8727
Schömberg	DE	48.7871	8.6449	8725
Dörentrup	DE	52.0411	9.0028	8713
Weilmünster	DE	50.4314	8.3767	8704
Bad Bevensen	DE	53.0792	10.5813	8700
Berching	DE	49.1069	11.4414	8696
Schellerten	DE	52.1853	10.1023	8694
Schwarzenbruck	DE	49.3578	11.2433	8690
Taufkirchen	DE	48.3499	12.132	8690
Treuenbrietzen	DE	52.0975	12.8726	8675
Viechtach	DE	49.08	12.8857	8653
Ahrensbök	DE	54.0086	10.5743	8643
Hermannsburg	DE	52.8325	10.0896	8634
Hemau	DE	49.054	11.782	8627
Sontra	DE	51.0717	9.9356	8624
Hardegsen	DE	51.6523	9.8305	8621
Uedem	DE	51.6652	6.2737	8619
Kißlegg	DE	47.7889	9.8838	8604
Liederbach	DE	50.1222	8.494	8602
Haibach	DE	49.9644	9.2072	8600
Budenheim	DE	50.0167	8.1667	8598
Urbach	DE	48.8168	9.5769	8593
Hohenbrunn	DE	48.0478	11.7022	8590
Pullach im Isartal	DE	48.0612	11.5215	8589
Hellenthal	DE	50.4833	6.4333	8582
Zorneding	DE	48.0843	11.8245	8581
Freystadt	DE	49.2001	11.3303	8555
Wissen	DE	50.7792	7.7347	8547
Rimbach	DE	49.625	8.7631	8537
Weida	DE	50.7745	12.0603	8528
Daun	DE	50.1972	6.8294	8523
Laufenburg	DE	47.5651	8.0604	8515
Nörten-Hardenberg	DE	51.6288	9.9359	8514
Nieder-Olm	DE	49.9117	8.2053	8511
Dornstadt	DE	48.467	9.9443	8502
Ichenhausen	DE	48.3712	10.3071	8499
Coswig	DE	51.8862	12.4501	8495
Bellheim	DE	49.1983	8.2794	8494
Borsdorf	DE	51.35	12.5333	8489
Hallstadt	DE	49.929	10.8754	8485
Nittenau	DE	49.1942	12.2674	8478
Beeskow	DE	52.1729	14.246	8468
Titz	DE	51.0062	6.4248	8461
Groß Kreutz	DE	52.4028	12.7794	8453
Naila	DE	50.3303	11.7046	8441
Rain	DE	48.6903	10.9161	8438
Bad Griesbach	DE	48.4518	13.1933	8431
Dannenberg	DE	53.0967	11.09	8413
Arnstein	DE	49.9777	9.9698	8409
Kleinostheim	DE	50.0	9.0667	8409
Gomaringen	DE	48.4535	9.0958	8400
Kandel	DE	49.0828	8.1972	8385
Mainaschaff	DE	49.9817	9.09	8382
Oberkochen	DE	48.7838	10.1052	8373
Söhlde	DE	52.189	10.2324	8361
Staufenberg	DE	50.662	8.7316	8346
Reinfeld	DE	53.8311	10.4923	8340
Schwaig	DE	49.4695	11.2006	8340
Spelle	DE	52.3667	7.4667	8327
Meinersen	DE	52.4744	10.3525	8322
Bad Schussenried	DE	48.0047	9.6574	8319
Möckmühl	DE	49.3249	9.3584	8304
Großbottwar	DE	49.0015	9.2935	8294
Kusterdingen	DE	48.5229	9.1198	8282
Küps	DE	50.1927	11.276	8282
Algermissen	DE	52.2533	9.9692	8280
Medebach	DE	51.1971	8.7064	8276
Heek	DE	52.1167	7.1	8272
Neresheim	DE	48.7551	10.3304	8271
Hilzingen	DE	47.7667	8.7833	8258
Colditz	DE	51.1282	12.8029	8249
Bad Sachsa	DE	51.595	10.5555	8244
Neunkirchen am Brand	DE	49.612	11.1297	8243
Frielendorf	DE	50.9707	9.3227	8239
Schnaittach	DE	49.5596	11.3433	8238
Efringen-Kirchen	DE	47.65	7.5667	8235
Selters	DE	50.5168	8.2895	8235
Schonungen	DE	50.0501	10.3081	8230
Siegsdorf	DE	47.8228	12.6428	8230
Wietze	DE	52.6512	9.8454	8216
Dornstetten	DE	48.472	8.4982	8215
Ilsfeld	DE	49.0555	9.246	8214
Wriezen	DE	52.7209	14.1342	8213
Langenberg	DE	51.7721	8.3181	8207
Malchin	DE	53.7384	12.7688	8202
Althengstett	DE	48.7233	8.7943	8201
Essen	DE	52.7228	7.9372	8185
Hausham	DE	47.7466	11.8407	8177
Roetgen	DE	50.65	6.2	8177
Mühlhausen	DE	49.2486	8.7267	8176
Neunburg vorm Wald	DE	49.3478	12.3862	8172
Barop	DE	51.4817	7.432	8170
Eichlinghofen	DE	51.4793	7.4086	8170
Schöppingen	DE	52.1	7.2333	8165
Laage	DE	53.9263	12.3494	8156
Heiden	DE	51.8283	6.9333	8147
Bützow	DE	53.8413	11.9815	8146
Rohr	DE	48.7185	9.0921	8146
Bühlertal	DE	48.6857	8.1888	8144
Lengenfeld	DE	50.5694	12.3641	8141
Aspach	DE	48.9667	9.4	8131
Wenzenbach	DE	49.0756	12.1995	8101
Ottobeuren	DE	47.9413	10.2997	8095
Moritzburg	DE	51.1592	13.6802	8085
Ramstein-Miesenbach	DE	49.4445	7.5553	8078
Hallbergmoos	DE	48.3275	11.7514	8074
Kandern	DE	47.7139	7.6624	8070
Ballenstedt	DE	51.719	11.2326	8064
Heikendorf	DE	54.3667	10.2	8056
Allersberg	DE	49.2513	11.2366	8054
Oberstenfeld	DE	49.0261	9.3208	8046
Reichenbach an der Fils	DE	48.7101	9.4643	8046
Dietmannsried	DE	47.8079	10.2895	8044
Zell	DE	48.6923	8.063	8043
Uhldingen-Mühlhofen	DE	47.7333	9.25	8013
Kirchheimbolanden	DE	49.6625	8.0151	8006
Mittenwald	DE	47.4422	11.2619	7996
Münnerstadt	DE	50.2464	10.2019	7987
Frohburg	DE	51.0572	12.5575	7983
Simmern	DE	49.982	7.5235	7979
Niederwerrn	DE	50.0615	10.1827	7974
Elz	DE	50.4167	8.0333	7972
Sonnenberg	DE	50.098	8.2616	7960
Egestorf	DE	52.2857	9.5168	7959
Bersenbrück	DE	52.5502	7.9483	7958
Lenningen	DE	48.5505	9.4767	7955
Löffingen	DE	47.8841	8.3438	7939
Strullendorf	DE	49.8443	10.9721	7926
Kellinghusen	DE	53.952	9.7196	7921
Rülzheim	DE	49.1531	8.2929	7917
Lugau	DE	50.7384	12.7486	7907
Coppenbrügge	DE	52.1185	9.5487	7901
Nettersheim	DE	50.4937	6.629	7901
Wettringen	DE	52.2094	7.319	7897
Burkardroth	DE	50.2713	9.9916	7893
Pfronten	DE	47.5822	10.5496	7890
Gundelfingen	DE	48.5535	10.3722	7889
Gedern	DE	50.4248	9.1984	7879
Schipkau	DE	51.5177	13.8974	7876
Homberg	DE	50.7311	8.9964	7863
Oststeinbek	DE	53.5432	10.1694	7858
Grömitz	DE	54.1505	10.9601	7847
Winterbach	DE	48.7992	9.4791	7844
Neuendettelsau	DE	49.2833	10.7833	7836
Kressbronn am Bodensee	DE	47.5976	9.5971	7834
Falkenberg	DE	51.5856	13.2435	7830
Nordenstadt	DE	50.0646	8.3432	7829
Georgenthal	DE	50.8321	10.6627	7824
Wachtendonk	DE	51.4092	6.3389	7823
Radeburg	DE	51.2152	13.7281	7812
Hohberg	DE	48.3227	7.8997	7809
Altrip	DE	49.4356	8.4947	7802
Bruchmühlbach-Miesau	DE	49.3833	7.4333	7800
Hermsdorf	DE	50.8969	11.8555	7800
Waldeck	DE	51.2062	9.0629	7785
Neunkirchen am Main	DE	49.923	11.6479	7784
Neuenbürg	DE	48.8452	8.5957	7780
Salach	DE	48.692	9.7371	7778
Werneuchen	DE	52.6328	13.7344	7767
Calden	DE	51.4094	9.4019	7752
Herrieden	DE	49.2378	10.5035	7751
Hüfingen	DE	47.9254	8.4883	7747
Bad Berka	DE	50.8998	11.2825	7744
Nierstein	DE	49.87	8.3365	7729
Wustermark	DE	52.55	12.95	7729
Fürstenzell	DE	48.5216	13.3175	7719
Meldorf	DE	54.0918	9.0687	7719
Rimpar	DE	49.8569	9.9571	7718
Weissach	DE	48.8469	8.9283	7712
Bordesholm	DE	54.1761	10.0315	7709
Molbergen	DE	52.858	7.9255	7709
Wabern	DE	51.1	9.35	7708
Rottenburg an der Laaber	DE	48.7023	12.0272	7702
Berchtesgaden	DE	47.6324	13.0019	7697
Grasberg	DE	53.1833	8.9833	7697
Wahn-Heide	DE	50.8589	7.1066	7692
Trittau	DE	53.6104	10.4057	7688
Erndtebrück	DE	50.9893	8.2529	7685
Inden	DE	50.8431	6.36	7683
Sohland	DE	51.0409	14.419	7682
Hemmingen	DE	48.8667	9.0333	7670
Wörrstadt	DE	49.8486	8.1242	7668
Ilvesheim	DE	49.474	8.5674	7667
Gerolstein	DE	50.2222	6.6598	7664
Stockstadt am Main	DE	49.9701	9.0715	7663
Heidberg	DE	52.2274	10.531	7661
Herscheid	DE	51.179	7.7435	7658
Langweid	DE	48.4909	10.8531	7653
Ehningen	DE	48.6588	8.9412	7652
Schweich	DE	49.8222	6.7526	7643
Namborn	DE	49.5217	7.1407	7642
Bad Bergzabern	DE	49.1024	8.0009	7641
Detmerode	DE	52.3902	10.7448	7640
Weißenthurm	DE	50.4172	7.4507	7639
Rodalben	DE	49.2394	7.6396	7638
Bad Blankenburg	DE	50.6819	11.2737	7625
Dittelbrunn	DE	50.0721	10.2197	7620
Neukirchen	DE	50.8691	9.3466	7620
Nordholz	DE	53.7845	8.6135	7616
Eiterfeld	DE	50.7667	9.8	7613
Raisdorf	DE	54.2813	10.2492	7611
Reisbach	DE	48.5701	12.628	7610
Groitzsch	DE	51.1554	12.2828	7607
Bous	DE	49.2773	6.8013	7605
Salzbergen	DE	52.3333	7.35	7602
Grünheide	DE	52.4234	13.8132	7599
Leck	DE	54.7667	8.9833	7593
Aldingen	DE	48.1	8.7	7589
Bunde	DE	53.1839	7.2733	7588
Nossen	DE	51.058	13.2965	7588
Katlenburg-Lindau	DE	51.6833	10.1	7581
Woltersdorf	DE	52.4555	13.7499	7581
Rodewisch	DE	50.5308	12.4133	7577
Weikersheim	DE	49.4787	9.8998	7569
Roßwein	DE	51.0659	13.1831	7568
Kremmen	DE	52.7622	13.0252	7567
Untergruppenbach	DE	49.0894	9.2752	7567
Gundelsheim	DE	49.2833	9.1604	7551
Hengersberg	DE	48.7726	13.0549	7551
Vohenstrauß	DE	49.6238	12.3381	7550
Heuchelheim	DE	50.5833	8.6333	7541
Forst	DE	49.1586	8.5808	7539
Bischofswiesen	DE	47.6311	12.9831	7535
Kuppenheim	DE	48.8279	8.2542	7533
Krailling	DE	48.1	11.4	7528
Bad Herrenalb	DE	48.7979	8.4362	7521
Neukirchen	DE	50.7796	12.8675	7517
Hardheim	DE	49.6119	9.4719	7513
Langenargen	DE	47.5986	9.5416	7513
Moringen	DE	51.6992	9.8711	7513
Bösel	DE	53.0045	7.9542	7511
Greifenstein	DE	50.6167	8.3	7507
Waldsassen	DE	50.0017	12.3043	7505
Uetze	DE	52.4651	10.2047	7500
Ergoldsbach	DE	48.6926	12.2044	7482
Pleinfeld	DE	49.1047	10.9819	7482
Bönnigheim	DE	49.0402	9.0939	7477
Stolzenau	DE	52.5172	9.0699	7473
Berg	DE	49.8142	12.1416	7472
Kötzting	DE	49.1765	12.8552	7471
Neuried	DE	48.0932	11.4656	7469
Bad Endorf	DE	47.909	12.298	7465
Knittlingen	DE	49.0249	8.7561	7454
Ostseebad Kühlungsborn	DE	54.1476	11.7432	7453
Schulzendorf	DE	52.3582	13.5984	7452
Mühlenberg	DE	52.3435	9.6908	7448
Nordheim	DE	49.1086	9.1278	7440
Dallgow-Döberitz	DE	52.5427	13.0584	7439
Heroldsberg	DE	49.5325	11.1555	7429
Kahla	DE	50.8065	11.5852	7422
Königsbronn	DE	48.7432	10.1119	7420
Lauchringen	DE	47.627	8.3144	7416
Rauenberg	DE	49.2694	8.7034	7411
Teublitz	DE	49.2229	12.0873	7405
Großalmerode	DE	51.2586	9.7845	7393
Waldmünchen	DE	49.378	12.709	7392
Malchow	DE	53.4748	12.4221	7384
Abtsgmünd	DE	48.895	10.0017	7381
Albbruck	DE	47.5908	8.1295	7372
Aldenhoven	DE	50.9	6.2833	7364
Kreiensen	DE	51.8536	9.9648	7359
Postbauer-Heng	DE	49.3053	11.3572	7358
Friedrichroda	DE	50.8575	10.5651	7352
Holle	DE	52.0872	10.1601	7349
Immenhausen	DE	51.4276	9.4802	7348
Schierling	DE	48.8342	12.1395	7347
Baienfurt	DE	47.8286	9.6516	7342
Oebisfelde	DE	52.4337	10.989	7341
Villmar	DE	50.3929	8.1931	7334
Ransbach-Baumbach	DE	50.465	7.7283	7327
Neuhofen	DE	49.4278	8.4247	7326
Ober-Saulheim	DE	49.8638	8.1353	7325
Lützelbach	DE	49.7423	8.7669	7321
Ortenburg	DE	48.546	13.2225	7317
Annweiler am Trifels	DE	49.2061	7.9753	7316
Waldstetten	DE	48.7662	9.8214	7316
Großröhrsdorf	DE	51.1453	14.0192	7306
Bad Brückenau	DE	50.3085	9.7898	7304
Pulsnitz	DE	51.1832	14.0142	7301
Bad Rothenfelde	DE	52.1167	8.1667	7299
Faßberg	DE	52.8985	10.1674	7299
Reichertshofen	DE	48.6578	11.4661	7298
Erzhausen	DE	49.9553	8.6475	7297
Zwingenberg	DE	49.7239	8.6108	7291
Bomlitz	DE	52.903	9.6606	7287
Neustadt an der Orla	DE	50.7364	11.7462	7282
Flintbek	DE	54.25	10.0667	7276
Altomünster	DE	48.3877	11.2569	7275
Gersheim	DE	49.15	7.2	7264
Hinte	DE	53.4065	7.1993	7264
Kalefeld	DE	51.8	10.0333	7264
Mitterteich	DE	49.9514	12.2421	7252
Adelsdorf	DE	49.4702	10.6852	7245
Herdorf	DE	50.777	7.9537	7239
Greding	DE	49.047	11.357	7238
Kurl-Husen	DE	51.5557	7.5946	7235
Osterburg	DE	52.787	11.7543	7231
Bindlach	DE	49.9817	11.6139	7229
Dannstadt-Schauernheim	DE	49.4403	8.3086	7228
Hartha	DE	51.0986	12.9739	7227
Müncheberg	DE	52.507	14.1372	7214
Boxberg	DE	49.4796	9.6401	7209
Illingen	DE	48.9562	8.9246	7205
Bad Feilnbach	DE	47.7733	12.0097	7203
Kahl am Main	DE	50.0698	9.0055	7198
Niedergörsdorf	DE	51.9794	12.9854	7197
Großkrotzenburg	DE	50.0833	8.9833	7196
Scheßlitz	DE	49.9757	11.033	7195
Oberstaufen	DE	47.5557	10.0224	7190
Enkenbach-Alsenborn	DE	49.4833	7.9	7189
Karstädt	DE	53.1621	11.7424	7189
Alfdorf	DE	48.8439	9.7186	7187
Ankum	DE	52.5415	7.8748	7186
Lichtentanne	DE	50.6925	12.4259	7163
Wellinghofen	DE	51.4693	7.4904	7160
Pfaffenhofen an der Roth	DE	48.3545	10.1618	7158
Heringen	DE	50.888	10.0072	7146
Oederan	DE	50.8606	13.1716	7143
Wagenfeld	DE	52.5485	8.5889	7132
Schelklingen	DE	48.3757	9.7327	7130
Lemwerder	DE	53.1628	8.615	7125
Birkenwerder	DE	52.6911	13.2783	7122
Schutterwald	DE	48.45	7.8833	7105
Vohburg an der Donau	DE	48.7698	11.6184	7101
Ruhstorf	DE	48.5398	12.683	7098
Markneukirchen	DE	50.3114	12.3295	7095
Elzach	DE	48.1725	8.0699	7088
Cölbe	DE	50.851	8.7809	7083
Havelberg	DE	52.8309	12.0755	7078
Baiersdorf	DE	49.6581	11.0359	7071
Burkhardtsdorf	DE	50.7333	12.9167	7067
Bad Königshofen im Grabfeld	DE	50.3008	10.4689	7066
Jesteburg	DE	53.3097	9.9526	7066
Asbach	DE	50.6667	7.4167	7060
Sulzbach am Main	DE	49.9115	9.1532	7057
Allensbach	DE	47.7154	9.0715	7053
Pfalzgrafenweiler	DE	48.5265	8.5658	7038
Obertraubling	DE	48.9667	12.1667	7037
Rednitzhembach	DE	49.301	11.08	7034
Seefeld	DE	48.035	11.214	7033
Saerbeck	DE	52.1737	7.6339	7027
Reilingen	DE	49.2947	8.5692	7022
Alpirsbach	DE	48.3451	8.402	7011
Goddelau	DE	49.8336	8.4981	7000
Lohne	DE	52.5007	7.2209	7000
Oberkassel	DE	50.7138	7.1664	7000
Teutschenthal	DE	51.45	11.8	6996
Burgkunstadt	DE	50.1409	11.2521	6991
Freyung	DE	48.8095	13.5477	6987
Böhlen	DE	51.2006	12.3862	6982
Königsee	DE	50.6614	11.0975	6979
Heidesheim	DE	49.5825	8.1954	6976
Jockgrim	DE	49.0929	8.2747	6970
Renchen	DE	48.5885	8.0132	6969
Bad Wimpfen	DE	49.2297	9.1565	6968
Leisnig	DE	51.1574	12.9279	6968
Friedland	DE	53.672	13.5506	6966
Otterndorf	DE	53.8116	8.9021	6965
Westerfilde	DE	51.5444	7.3742	6965
Nieheim	DE	51.805	9.113	6961
Volkmarsen	DE	51.4089	9.1181	6959
Bergkirchen	DE	48.2567	11.3649	6955
Neustadt-Glewe	DE	53.3785	11.5926	6952
Derne	DE	51.5708	7.5201	6950
Birkenfeld	DE	49.6525	7.1667	6947
Beerfelden	DE	49.5686	8.9744	6942
Diekholzen	DE	52.0962	9.9194	6941
Leuna	DE	51.3178	12.0159	6929
Blankenhain	DE	50.8599	11.3439	6920
Kiefersfelden	DE	47.6141	12.191	6912
Bodenheim	DE	49.9353	8.32	6907
Haslach im Kinzigtal	DE	48.2777	8.0894	6893
Dettelbach	DE	49.803	10.1652	6888
Maxdorf	DE	49.4881	8.2917	6882
Bernkastel-Kues	DE	49.916	7.0766	6880
Bonndorf	DE	47.8186	8.3414	6875
Haslach	DE	48.5653	8.0566	6874
Geiselhöring	DE	48.825	12.3965	6872
Laufen	DE	47.9357	12.9286	6869
Glandorf	DE	52.0847	7.9994	6867
Breidenbach	DE	50.8873	8.4575	6866
Großkarolinenfeld	DE	47.891	12.081	6865
Jettingen-Scheppach	DE	48.3896	10.4381	6865
Ebermannstadt	DE	49.7815	11.1817	6864
Nachrodt-Wiblingwerde	DE	51.3167	7.6167	6860
Schwanau	DE	48.3667	7.7624	6858
Esens	DE	53.6487	7.6127	6856
Rochlitz	DE	51.0501	12.7975	6847
Nünchritz	DE	51.2999	13.3856	6846
Ostrach	DE	47.95	9.3833	6841
Michelau	DE	50.1623	11.1121	6839
Mainleus	DE	50.0999	11.3766	6836
Großbeeren	DE	52.3586	13.3099	6835
Sögel	DE	52.8412	7.5191	6825
Horstmar	DE	52.081	7.3054	6822
Leipheim	DE	48.45	10.2228	6822
Murg	DE	47.5549	8.0218	6821
Emlichheim	DE	52.6112	6.8506	6820
Rahm	DE	51.5236	7.3871	6820
Maulbronn	DE	48.9996	8.8034	6817
Reichelsheim	DE	50.3564	8.8745	6814
Salzweg	DE	48.6167	13.4833	6805
Stegaurach	DE	49.8654	10.8438	6804
Höchstädt an der Donau	DE	48.6112	10.5682	6795
Oberlungwitz	DE	50.7823	12.7079	6794
Gammertingen	DE	48.2524	9.2235	6790
Grafenwöhr	DE	49.7173	11.9064	6790
Oppenheim	DE	49.8547	8.3597	6789
Engen	DE	47.8553	8.7734	6787
Zierenberg	DE	51.3695	9.3016	6782
Gerolzhofen	DE	49.9002	10.3483	6781
Bienenbüttel	DE	53.1416	10.4868	6775
Wollmatingen	DE	47.6923	9.1459	6775
Fürstenberg	DE	53.1853	13.1455	6774
Parsberg	DE	49.1607	11.7183	6772
Wüstenrot	DE	49.0808	9.4606	6770
Ruhla	DE	50.893	10.3657	6757
Machern	DE	51.3667	12.6333	6747
Dinkelscherben	DE	48.3483	10.5889	6742
Mallersdorf-Pfaffenberg	DE	48.7664	12.231	6742
Neue Kolonie Westhausen	DE	51.55	7.3667	6735
Legden	DE	52.0333	7.1	6725
Sinzing	DE	49.0	12.0333	6724
Winterlingen	DE	48.1833	9.1167	6722
Burghaun	DE	50.6968	9.7245	6713
Eibenstock	DE	50.4943	12.5998	6706
Wallersdorf	DE	48.7377	12.7474	6702
Bad Füssing	DE	48.351	13.312	6701
Reppenstedt	DE	53.2483	10.3527	6699
Stadtroda	DE	50.8568	11.7268	6695
Ketzin	DE	52.4781	12.8453	6684
Lastrup	DE	52.7947	7.8671	6684
Durach	DE	47.6944	10.3445	6675
Wutöschingen	DE	47.6602	8.3675	6675
Rheurdt	DE	51.4667	6.4667	6669
Edenkoben	DE	49.2839	8.1271	6668
Knetzgau	DE	49.9833	10.55	6647
Schwarzheide	DE	51.4767	13.8556	6646
Bernau am Chiemsee	DE	47.8117	12.3757	6645
Tuntenhausen	DE	47.9351	12.0152	6642
Gangkofen	DE	48.437	12.5642	6638
Trochtelfingen	DE	48.3084	9.2449	6638
Sinn	DE	50.65	8.3333	6634
Türkheim	DE	48.064	10.6416	6632
Wusterhausen	DE	52.8912	12.4602	6632
Ensdorf	DE	49.3	6.7833	6631
Dietenheim	DE	48.2107	10.0716	6630
Biebesheim	DE	49.7809	8.467	6626
Böcklersiedlung-Bugenhagen	DE	54.0744	9.9553	6626
Eichendorf	DE	48.6327	12.8559	6617
Deizisau	DE	48.7122	9.3861	6608
Klein Schwülper	DE	52.3415	10.429	6606
Braunsbedra	DE	51.286	11.8899	6599
Butjadingen	DE	53.5472	8.335	6597
Polch	DE	50.2997	7.3132	6590
Georgensgmünd	DE	49.1897	11.0167	6582
Birstein	DE	50.35	9.3	6581
Oberthal	DE	49.5126	7.0838	6581
Sandersdorf	DE	51.6284	12.2649	6580
Großschönau	DE	50.9	14.6833	6571
Arnstorf	DE	48.5584	12.8167	6570
Vilseck	DE	49.6148	11.8026	6560
Flein	DE	49.1031	9.2108	6558
Holdorf	DE	52.581	8.1273	6557
Lemsahl-Mellingstedt	DE	53.69	10.0965	6554
Gau-Algesheim	DE	49.9567	8.0157	6553
Gransee	DE	53.007	13.1575	6544
Uffenheim	DE	49.5442	10.2329	6542
Adelebsen	DE	51.5827	9.7546	6541
Leegebruch	DE	52.7234	13.193	6541
Loßburg	DE	48.4	8.45	6533
Aschheim	DE	48.1711	11.7167	6531
Eberdingen	DE	48.8794	8.965	6518
Weiler-Simmerberg	DE	47.5826	9.9135	6510
Gochsheim	DE	50.0167	10.2833	6495
Bammental	DE	49.3561	8.7794	6493
Metelen	DE	52.1443	7.2127	6490
Neulußheim	DE	49.2933	8.5219	6489
Velden	DE	48.3663	12.256	6488
Altentreptow	DE	53.6927	13.2561	6486
Neuhaus am Rennweg	DE	50.5101	11.1379	6485
Bad Sobernheim	DE	49.7864	7.6515	6479
Nattheim	DE	48.6996	10.2421	6468
Artern	DE	51.3643	11.2917	6462
Geithain	DE	51.0553	12.6967	6459
Bleicherode	DE	51.4403	10.572	6456
Leinburg	DE	49.4517	11.31	6446
Ottersweier	DE	48.6702	8.1132	6441
Mutlangen	DE	48.8259	9.7971	6431
Wathlingen	DE	52.5365	10.1501	6431
Grafenau	DE	48.7143	8.9122	6425
Obergünzburg	DE	47.8454	10.4182	6424
Ellrich	DE	51.5866	10.6633	6423
Altbach	DE	48.7227	9.3808	6422
Ruhpolding	DE	47.7667	12.65	6419
Schliersee	DE	47.7362	11.8594	6416
Untermeitingen	DE	48.1608	10.8069	6415
Ladbergen	DE	52.1333	7.75	6414
Burgebrach	DE	49.8283	10.7434	6412
Rosenfeld	DE	48.2864	8.7236	6405
Wixhausen	DE	49.9308	8.6497	6400
Schwarzenfeld	DE	49.3877	12.1348	6398
Nortorf	DE	54.1674	9.8544	6396
Wiernsheim	DE	48.8833	8.85	6391
Mücheln	DE	51.2969	11.8076	6389
Altenkirchen	DE	50.6859	7.6418	6385
Zusmarshausen	DE	48.4001	10.5992	6384
Essingen	DE	48.8086	10.0277	6383
Fockbek	DE	54.305	9.5988	6380
Ebersdorf	DE	50.329	11.1527	6378
Schönkirchen	DE	54.3333	10.2333	6375
Hofbieber	DE	50.5863	9.8353	6372
Osterburken	DE	49.43	9.4225	6371
Geisenhausen	DE	48.4761	12.2582	6367
Moordorf	DE	53.4735	7.3998	6366
Neuffen	DE	48.5546	9.3755	6365
Zellingen	DE	49.8974	9.8175	6365
Mudersbach	DE	50.8252	7.9435	6358
Lübz	DE	53.4626	12.0292	6355
Nette	DE	51.5608	7.3898	6355
Gersfeld	DE	50.4514	9.9142	6351
Beelen	DE	51.9291	8.1112	6344
Riedenberg	DE	48.737	9.214	6342
Drebkau	DE	51.6541	14.2232	6336
Thannhausen	DE	48.2833	10.4692	6336
Ilsenburg	DE	51.867	10.6782	6326
Grassau	DE	47.781	12.4536	6323
Kropp	DE	54.4121	9.5085	6320
Schöffengrund	DE	50.4935	8.4718	6316
Weiskirchen	DE	49.55	6.8167	6316
Pöttmes	DE	48.5838	11.0876	6315
Eggolsheim	DE	49.7696	11.057	6313
Schwendi	DE	48.1742	9.9754	6309
Neckartenzlingen	DE	48.5898	9.2348	6308
Wilthen	DE	51.0975	14.3929	6304
Gettorf	DE	54.407	9.978	6297
Vöhl	DE	51.2056	8.9451	6296
Klingenberg am Main	DE	49.7851	9.1802	6294
Untergriesbach	DE	48.5743	13.6672	6294
Waging am See	DE	47.9341	12.7339	6291
Strasburg	DE	53.5069	13.7445	6286
Bispingen	DE	53.0831	9.9977	6284
Speichersdorf	DE	49.8713	11.7812	6284
Stolpen	DE	51.049	14.0794	6284
Isenbüttel	DE	52.435	10.579	6277
Cappeln	DE	52.8105	8.1141	6274
Grabow	DE	53.279	11.5637	6268
Bestensee	DE	52.2398	13.6373	6265
Schlangenbad	DE	50.0932	8.1031	6265
Ihringshausen	DE	51.3516	9.5267	6264
Wittichenau	DE	51.385	14.244	6261
Neugersdorf	DE	50.9773	14.6088	6260
Hirschau	DE	49.544	11.9462	6258
Rodenberg	DE	52.3115	9.3564	6258
Mellrichstadt	DE	50.4285	10.3033	6254
Wassertrüdingen	DE	49.0433	10.5991	6245
Muggensturm	DE	48.8667	8.2833	6243
Neuenstein	DE	49.2049	9.58	6240
Grebenstein	DE	51.4465	9.4125	6238
Windsbach	DE	49.2479	10.8265	6235
Neumarkt-Sankt Veit	DE	48.3605	12.5072	6231
Hohenlockstedt	DE	53.9682	9.6202	6224
Edertal	DE	51.1672	9.0779	6223
Saarburg	DE	49.6064	6.5437	6222
Glücksburg	DE	54.835	9.5522	6220
Haag in Oberbayern	DE	48.162	12.1794	6218
Pleidelsheim	DE	48.9592	9.2031	6217
Roßleben	DE	51.2989	11.4344	6216
Königsfeld im Schwarzwald	DE	48.1381	8.4197	6212
Oestrich	DE	51.5641	7.3711	6210
Treffurt	DE	51.1369	10.2336	6206
Zell im Wiesental	DE	47.7056	7.8525	6206
Bruchhausen-Vilsen	DE	52.8293	8.9907	6205
Gräfenhausen	DE	49.9295	8.6039	6200
Röhrmoos	DE	48.3297	11.4467	6199
Güglingen	DE	49.0664	9.0017	6198
Emskirchen	DE	49.5528	10.7128	6197
Pilsting	DE	48.7012	12.651	6194
Veitsbronn	DE	49.5124	10.888	6194
Ampfing	DE	48.254	12.4152	6188
Bodenwerder	DE	51.9716	9.5193	6187
Großschirma	DE	50.966	13.2859	6179
Dietfurt	DE	49.0358	11.5862	6161
Klipphausen	DE	51.0684	13.5137	6161
Dornhan	DE	48.3501	8.509	6157
Möckern	DE	52.141	11.952	6154
Neustadt an der Waldnaab	DE	49.7329	12.1777	6153
Handewitt	DE	54.7667	9.3333	6152
Kitzscher	DE	51.1644	12.5526	6152
Gerbrunn	DE	49.7753	9.9936	6149
Bräunlingen	DE	47.9296	8.4481	6141
Laudenbach	DE	49.6133	8.6539	6141
Dohna	DE	50.9562	13.8584	6140
Sottrum	DE	53.1136	9.2323	6131
Deißlingen	DE	48.1123	8.6074	6129
Dötlingen	DE	52.9363	8.3816	6122
Weisendorf	DE	49.6228	10.8253	6118
Einfeld	DE	54.1211	9.989	6117
Jahnsdorf	DE	50.7451	12.8541	6117
Leun	DE	50.5513	8.3584	6116
Wolfschlugen	DE	48.65	9.2833	6108
Lambsheim	DE	49.5136	8.2878	6104
Beilstein	DE	49.0414	9.3137	6103
Litzendorf	DE	49.9144	11.0103	6101
Offenbach an der Queich	DE	49.1955	8.1978	6097
Steinenbronn	DE	48.6667	9.1167	6089
Gmund am Tegernsee	DE	47.7512	11.7381	6086
Tittmoning	DE	48.0616	12.7676	6084
Schrozberg	DE	49.3453	9.9794	6082
Stadtoldendorf	DE	51.8824	9.6265	6082
Emmering	DE	48.1833	11.2833	6081
Arzberg	DE	50.0577	12.1868	6075
Wermsdorf	DE	51.2833	12.95	6074
Murr	DE	48.9621	9.2592	6063
Zimmern ob Rottweil	DE	48.1666	8.5944	6061
Ilshofen	DE	49.1701	9.9183	6058
Neuhaus	DE	50.6833	10.9333	6052
Barnstorf	DE	52.7101	8.5026	6050
Geisingen	DE	47.925	8.65	6048
Klausdorf	DE	54.309	10.2137	6047
Spangenberg	DE	51.1164	9.6627	6039
Tangerhütte	DE	52.4353	11.8072	6039
Hänigsen	DE	52.485	10.0854	6033
Dunningen	DE	48.2124	8.5062	6032
Gadebusch	DE	53.7018	11.1166	6030
Bardowick	DE	53.2935	10.3881	6026
Bietigheim	DE	48.9092	8.252	6026
Dierdorf	DE	50.5465	7.6527	6023
Duvenstedt	DE	53.7081	10.1044	6022
Traben-Trarbach	DE	49.9508	7.1156	6018
Zeil	DE	50.0099	10.5947	6016
Rohrbach	DE	48.6167	11.5667	6015
Linz am Rhein	DE	50.5688	7.2844	6008
Ispringen	DE	48.9167	8.6667	6007
Lindenhorst	DE	51.5474	7.4502	6005
Niedereschach	DE	48.1333	8.5333	6004
Lommatzsch	DE	51.1954	13.3092	5999
Wolfach	DE	48.2932	8.2158	5998
Nabburg	DE	49.4535	12.18	5994
Gommern	DE	52.0739	11.823	5992
Sauerlach	DE	47.9717	11.6538	5991
Seelow	DE	52.5339	14.3813	5981
Thalheim	DE	50.7008	12.85	5968
Ober-Mörlen	DE	50.3735	8.6909	5967
Petershausen	DE	48.4097	11.4706	5965
Schöppenstedt	DE	52.1431	10.7745	5961
Schönenberg-Kübelberg	DE	49.4074	7.3723	5957
Jade	DE	53.3317	8.2004	5953
Echzell	DE	50.3889	8.886	5951
Geislingen	DE	48.2877	8.8124	5951
Hutthurm	DE	48.6728	13.4715	5950
Norderney	DE	53.708	7.1572	5949
Olbersdorf	DE	50.873	14.7704	5948
Immenstaad am Bodensee	DE	47.6667	9.3667	5946
Immendingen	DE	47.9333	8.7333	5945
Zschorlau	DE	50.5667	12.65	5944
Tangstedt	DE	53.7332	10.0868	5937
Einhausen	DE	49.6767	8.5483	5933
Bodelshausen	DE	48.3889	8.977	5929
Sölderholz	DE	51.4825	7.5933	5925
Dahme	DE	51.8701	13.4274	5924
Ludweiler-Warndt	DE	49.2207	6.812	5922
Oedheim	DE	49.2403	9.2533	5921
Oberkotzau	DE	50.2624	11.9348	5920
Ingelfingen	DE	49.3003	9.653	5914
Kleinschwabhausen	DE	48.4016	11.3573	5911
Rombergpark-Lücklemberg	DE	51.4626	7.47	5900
Billigheim	DE	49.3486	9.2539	5899
Barleben	DE	52.2019	11.6177	5895
Thum	DE	50.6708	12.9509	5892
Alt-Sanitz	DE	53.8136	13.5879	5889
Westhausen	DE	48.8833	10.1833	5884
Plau am See	DE	53.4582	12.2625	5883
Helsa	DE	51.2598	9.6887	5882
Mittelschöntal	DE	48.9462	9.3952	5872
Bernsdorf	DE	51.3735	14.0689	5871
Westerburg	DE	50.5594	7.9748	5863
Eisfeld	DE	50.4265	10.907	5855
Külsheim	DE	49.6694	9.5236	5854
Broitzem	DE	52.2346	10.4772	5853
Eichwalde	DE	52.3667	13.6167	5849
Zeitlarn	DE	49.0785	12.1117	5849
Hage	DE	53.6028	7.2844	5848
Schlüsselfeld	DE	49.7562	10.6187	5848
Waldbrunn	DE	50.5187	8.1081	5847
Schleusingen	DE	50.5108	10.7566	5842
Fraureuth	DE	50.7	12.35	5841
Rothenburg	DE	51.334	14.9687	5841
Schallstadt	DE	47.9586	7.7576	5841
Zeithain	DE	51.3336	13.3381	5839
Appen	DE	53.6581	9.7458	5838
Bad Marienberg	DE	50.6495	7.9496	5838
Eppertshausen	DE	49.9506	8.8539	5838
Pyrbaum	DE	49.2962	11.2866	5836
Ihringen	DE	48.043	7.6476	5833
Wernberg-Köblitz	DE	49.5393	12.1613	5830
Kölleda	DE	51.1874	11.2449	5824
Haiterbach	DE	48.5207	8.6443	5820
Bischberg	DE	49.9109	10.8321	5819
Wegscheid	DE	48.6014	13.7873	5817
Kleinwallstadt	DE	49.8746	9.1693	5816
Lütjenburg	DE	54.2919	10.5894	5814
Wittorf	DE	54.0565	9.967	5809
Adorf	DE	50.3201	12.2599	5806
Lachendorf	DE	52.6172	10.2421	5805
Plaidt	DE	50.3926	7.3925	5797
Kuchen	DE	48.6358	9.7999	5790
Kappelrodeck	DE	48.5918	8.1169	5787
Waldems	DE	50.25	8.3333	5782
Lohra	DE	50.7333	8.6333	5775
Böhmenkirch	DE	48.6833	9.9333	5774
Bad Hönningen	DE	50.5169	7.312	5772
Callenberg	DE	50.85	12.6333	5763
Waibstadt	DE	49.2951	8.9177	5762
Ovelgönne	DE	53.3419	8.4218	5756
Sickte	DE	52.2185	10.6424	5755
Lathen	DE	52.8602	7.3243	5754
Buttenwiesen	DE	48.6	10.7167	5750
Trendelburg	DE	51.5741	9.4209	5749
Hausach	DE	48.2843	8.176	5748
Putzbrunn	DE	48.0758	11.7157	5747
Rockenhausen	DE	49.6297	7.8213	5744
Stockstadt am Rhein	DE	49.8094	8.4728	5741
Heitersheim	DE	47.8747	7.6572	5739
Grasbrunn	DE	48.0791	11.7436	5737
Kupferzell	DE	49.2278	9.69	5736
Pöcking	DE	47.9667	11.3	5734
Bondorf	DE	48.5206	8.837	5730
Ebensfeld	DE	50.0664	10.9583	5721
Allendorf	DE	51.0299	8.6723	5719
Gadeland	DE	54.0556	10.0255	5718
Mockrehna	DE	51.5076	12.8142	5718
Wehrda	DE	50.8381	8.7556	5718
Markt Erlbach	DE	49.4937	10.6526	5716
Tarp	DE	54.6667	9.4	5711
Hermeskeil	DE	49.6553	6.9441	5710
Dietenhofen	DE	49.4	10.6898	5709
Dudenhofen	DE	49.3186	8.3886	5709
Tacherting	DE	48.0782	12.5701	5704
Battenberg	DE	51.0139	8.646	5703
Niedenstein	DE	51.2334	9.3103	5702
Igersheim	DE	49.4944	9.8169	5700
Walluf	DE	50.04	8.1555	5698
Mengkofen	DE	48.7189	12.4405	5695
Harburg	DE	48.7867	10.6893	5694
Neuenkirchen	DE	53.0326	9.7064	5693
Hachenburg	DE	50.66	7.8228	5690
Laer	DE	52.0555	7.3578	5690
Sinnersdorf	DE	51.0245	6.8179	5690
Riedenburg	DE	48.9638	11.6888	5689
Vogtsburg	DE	48.0969	7.6418	5686
Mainhardt	DE	49.0761	9.5564	5680
Bakum	DE	52.7412	8.1955	5678
Hüttlingen	DE	48.8927	10.1006	5678
Willingen	DE	51.2942	8.6091	5672
Vorst	DE	51.2148	6.584	5670
Wemding	DE	48.8746	10.7245	5669
Windischeschenbach	DE	49.8011	12.1571	5659
Sontheim an der Brenz	DE	48.5523	10.291	5656
Brannenburg	DE	47.74	12.0917	5646
Braunshardt	DE	49.9142	8.5672	5640
Mengerskirchen	DE	50.5639	8.1555	5633
Erdweg	DE	48.3318	11.3034	5629
Saal	DE	48.901	11.932	5626
Blaichach	DE	47.5421	10.2585	5625
Tharandt	DE	50.9853	13.5803	5624
Deggingen	DE	48.5971	9.7189	5623
Müden	DE	52.5277	10.3601	5621
Münzenberg	DE	50.4535	8.7743	5619
Eltmann	DE	49.9715	10.6671	5614
Altenkunstadt	DE	50.125	11.2503	5608
Großpösna	DE	51.2667	12.5	5608
Sölde	DE	51.4969	7.5879	5605
Kolitzheim	DE	49.9167	10.2333	5602
Cunewalde	DE	51.1	14.5167	5601
Sasbach	DE	48.6397	8.0938	5599
Eggesin	DE	53.6783	14.0853	5598
Bernhardswald	DE	49.0912	12.2474	5596
Kirchardt	DE	49.205	8.9917	5592
Leutershausen	DE	49.2987	10.4119	5592
Issum	DE	51.5333	6.4333	5590
Kronau	DE	49.2225	8.6311	5585
Baltmannsweiler	DE	48.7422	9.4494	5584
Beratzhausen	DE	49.0952	11.8097	5583
Eutingen an der Enz	DE	48.9125	8.749	5583
Tiefenbronn	DE	48.824	8.8013	5583
Friedrichsdorf	DE	51.938	8.487	5580
Feldkirchen	DE	48.1481	11.731	5573
Johanngeorgenstadt	DE	50.4325	12.7114	5573
Dettingen unter Teck	DE	48.6167	9.45	5567
Neukirch/Lausitz	DE	51.0973	14.3079	5567
Pfreimd	DE	49.4911	12.1807	5565
Naumburg	DE	51.2482	9.1657	5563
Rechberghausen	DE	48.7308	9.6442	5557
Horneburg	DE	53.5067	9.5755	5547
Bad Schlema	DE	50.6026	12.6729	5540
Neubulach	DE	48.6609	8.6961	5540
Adelsheim	DE	49.4015	9.3925	5536
Bad Birnbach	DE	48.4449	13.091	5533
Heiningen	DE	48.6618	9.6498	5532
Ostseebad Binz	DE	54.3999	13.6105	5531
Neersen	DE	51.2537	6.4775	5530
Meersburg	DE	47.6942	9.2711	5528
Niederaula	DE	50.8	9.6	5526
Bad Lobenstein	DE	50.4522	11.6393	5523
Bad Kösen	DE	51.1343	11.722	5522
Röbel	DE	53.3755	12.6037	5521
Glessen	DE	50.9674	6.7493	5520
Ertingen	DE	48.1	9.4667	5516
Rohrbach	DE	48.2893	12.556	5513
Biesenthal	DE	52.7662	13.6442	5512
Pottenstein	DE	49.7713	11.4078	5501
Ellerau	DE	53.7558	9.9313	5500
Niederstetten	DE	49.4	9.9194	5496
Hagenbach	DE	49.0173	8.2502	5495
Geltendorf	DE	48.1174	11.0322	5490
Pentling	DE	48.9834	12.0587	5485
Abenberg	DE	49.2428	10.964	5484
Ronneburg	DE	50.8634	12.1867	5482
Benningen am Neckar	DE	48.9467	9.2421	5481
Forbach	DE	48.6833	8.35	5477
Neuhausen	DE	48.7926	8.7765	5475
Hambergen	DE	53.3083	8.8252	5472
Ebstorf	DE	53.0279	10.4184	5471
Fischbachau	DE	47.7195	11.9508	5471
Prüm	DE	50.2079	6.4202	5471
Stetten am Kalten Markt	DE	48.1242	9.0777	5471
Lachen-Speyerdorf	DE	49.3305	8.1998	5470
Sulzbach an der Murr	DE	49.003	9.5003	5469
Waakirchen	DE	47.7725	11.6731	5464
Sittensen	DE	53.2762	9.5043	5462
Rohrdorf	DE	47.7971	12.1701	5460
Lindenfels	DE	49.6837	8.7815	5456
Nienberge	DE	51.9956	7.5553	5450
Gronau	DE	52.0846	9.7768	5444
Bodenkirchen	DE	48.3833	12.3833	5442
Büchen	DE	53.4801	10.6176	5442
Thalmässing	DE	49.0883	11.2215	5442
Brensbach	DE	49.7739	8.8844	5438
Oberboihingen	DE	48.65	9.3667	5435
Guxhagen	DE	51.2	9.4833	5433
Lingenfeld	DE	49.2539	8.3386	5433
Pommelsbrunn	DE	49.5044	11.511	5432
Sonsbeck	DE	51.6074	6.3792	5430
Stockum	DE	51.47	7.3683	5430
Au in der Hallertau	DE	48.5584	11.7414	5427
Waldmohr	DE	49.3833	7.3333	5426
Triftern	DE	48.3947	13.0063	5419
Oerlenbach	DE	50.15	10.1333	5411
Aschau im Chiemgau	DE	47.7769	12.323	5410
Grafenwald	DE	51.5701	6.9115	5410
Rhade	DE	51.7519	6.9361	5410
Meckesheim	DE	49.3217	8.8194	5409
Kirchentellinsfurt	DE	48.5331	9.1473	5406
Klötze	DE	52.6279	11.1675	5398
Wanzleben	DE	52.0609	11.4408	5397
Amöneburg	DE	50.7959	8.9233	5390
Dettenhausen	DE	48.6076	9.1004	5390
Willingshausen	DE	50.85	9.2	5385
Waldsee	DE	49.3953	8.4403	5384
Glashütten	DE	50.2167	8.4	5382
Mehrhoog	DE	51.7383	6.5116	5380
Wiesenburg	DE	52.1146	12.4553	5380
Velburg	DE	49.2321	11.6716	5373
Worbis	DE	51.42	10.3633	5371
Steyerberg	DE	52.5682	9.0234	5368
Kirchdorf am Inn	DE	48.2475	12.9845	5366
Erbendorf	DE	49.8398	12.0459	5364
Ehrenfriedersdorf	DE	50.6493	12.9701	5360
Laufach	DE	50.0167	9.3	5354
Löchgau	DE	49.0036	9.1064	5352
Blaufelden	DE	49.2978	9.9739	5348
Schwaan	DE	53.9396	12.1109	5345
Sonnefeld	DE	50.2167	11.1333	5345
Oberammergau	DE	47.5981	11.0669	5344
Babenhausen	DE	48.145	10.2532	5342
Könnern	DE	51.6712	11.7707	5339
Bickenbach	DE	49.7592	8.6175	5338
Süsel	DE	54.0814	10.7017	5338
Jöhlingen	DE	49.0322	8.5735	5336
Oettingen in Bayern	DE	48.9527	10.6046	5336
Hemhofen	DE	49.6833	10.9333	5322
Kemnath	DE	49.8701	11.8908	5322
Dasing	DE	48.3848	11.0467	5321
Gartenstadt	DE	54.0926	9.9697	5321
Röttgen	DE	50.678	7.0713	5320
Laboe	DE	54.4032	10.2265	5315
Riedering	DE	47.8387	12.2078	5315
Schönau am Königssee	DE	47.6005	12.987	5315
Elmpt	DE	51.2103	6.1532	5310
Kreuzau	DE	50.747	6.4907	5310
Schönheide	DE	50.5046	12.5216	5310
Hambrücken	DE	49.19	8.5406	5302
Obrigheim	DE	49.3519	9.0908	5299
Stühlingen	DE	47.7458	8.4481	5297
Boll	DE	48.6436	9.6129	5296
Altlußheim	DE	49.3017	8.4992	5289
Dusslingen	DE	48.4536	9.0555	5286
Stockheim	DE	50.3064	11.2817	5286
Kastellaun	DE	50.0692	7.4415	5285
Schäftlarn	DE	47.9903	11.4559	5281
Reken	DE	51.8304	7.0454	5280
Walheim - Hahn	DE	50.707	6.1779	5280
Seelbach	DE	48.3105	7.9407	5278
Triberg	DE	48.1317	8.2332	5275
Barntrup	DE	51.9904	9.1164	5270
Ühlingen-Birkendorf	DE	47.7167	8.3167	5269
Stadtilm	DE	50.776	11.0826	5265
Gruiten	DE	51.2182	7.0107	5260
Piding	DE	47.7667	12.9167	5259
Hahnbach	DE	49.5339	11.803	5257
Büchenbach	DE	49.2678	11.0589	5255
Dietramszell	DE	47.8487	11.5953	5252
Schladen	DE	52.0222	10.5397	5251
Nufringen	DE	48.6225	8.8901	5249
Grävenwiesbach	DE	50.3902	8.4569	5245
Bötzingen	DE	48.0764	7.7248	5239
Rabenau	DE	50.6775	8.8643	5239
Heimsheim	DE	48.8066	8.8674	5234
Rottendorf	DE	49.7923	10.0259	5234
Buldern	DE	51.8662	7.3672	5230
Westerrönfeld	DE	54.2795	9.6503	5227
Isen	DE	48.212	12.0567	5222
Niederwiesa	DE	50.8667	13.0167	5221
Dingden	DE	51.7701	6.6131	5220
Spalt	DE	49.1755	10.9245	5216
Cochem	DE	50.1451	7.1638	5215
Otterberg	DE	49.503	7.7699	5215
Driedorf	DE	50.6333	8.1833	5213
Osterrönfeld	DE	54.2901	9.699	5213
Dahlen	DE	51.365	12.9988	5211
Rommerskirchen	DE	51.0333	6.6833	5210
Esterwegen	DE	52.9929	7.6333	5208
Schliengen	DE	47.757	7.5765	5208
Umkirch	DE	48.0333	7.7667	5208
Grebenhain	DE	50.4892	9.3385	5207
Ochtendung	DE	50.35	7.3833	5207
Hollfeld	DE	49.9379	11.2915	5206
Augustusburg	DE	50.8119	13.102	5202
Wirges	DE	50.4719	7.7984	5201
Niederwenigern	DE	51.4045	7.1391	5200
Hofheim in Unterfranken	DE	50.1367	10.5232	5199
Münstertal/Schwarzwald	DE	47.8547	7.7842	5199
Sersheim	DE	48.9667	9.0167	5199
Herbstein	DE	50.5611	9.3459	5198
Kirchheim am Neckar	DE	49.045	9.1422	5193
Rangendingen	DE	48.3817	8.8894	5187
Borkum	DE	53.5809	6.6915	5186
Horst	DE	53.8096	9.6246	5183
Weitramsdorf	DE	50.256	10.8799	5183
Bischofsheim in der Rhön	DE	50.4024	10.0075	5181
Sankt Johann	DE	48.454	9.344	5181
Zons	DE	51.1236	6.8447	5180
Peitz	DE	51.8584	14.4114	5179
Satteldorf	DE	49.1695	10.0796	5176
Hitzacker	DE	53.1525	11.0442	5173
Weßling	DE	48.0745	11.2482	5172
Affing	DE	48.4667	10.9833	5171
Jestetten	DE	47.65	8.5667	5171
Uelsen	DE	52.4944	6.8827	5171
Simmerath	DE	50.6	6.3	5170
Altenberg	DE	50.7656	13.7533	5167
Moosinning	DE	48.2771	11.8445	5166
Rot am See	DE	49.25	10.0167	5166
Braunlage	DE	51.7265	10.6109	5159
Langquaid	DE	48.8232	12.0513	5159
Schwarmstedt	DE	52.6779	9.6177	5159
Breitenbrunn	DE	50.4755	12.7665	5157
Munderkingen	DE	48.2357	9.644	5156
Elsterberg	DE	50.6084	12.1679	5153
Oberthulba	DE	50.199	9.9588	5151
Dornheim	DE	49.8778	8.4839	5150
Freren	DE	52.4868	7.5442	5150
Belgern	DE	51.4826	13.1238	5148
Bredstedt	DE	54.6187	8.9644	5146
Reichenau	DE	47.6889	9.0635	5144
Weitnau	DE	47.6417	10.1273	5143
Altenbeken	DE	51.7645	8.942	5140
Lunzenau	DE	50.9627	12.7559	5138
Kusel	DE	49.5377	7.4047	5134
Bad Münstereifel	DE	50.5567	6.7642	5130
Wadersloh	DE	51.7333	8.25	5130
Großheubach	DE	49.7283	9.2228	5126
Geringswalde	DE	51.0768	12.9072	5125
Hebertshausen	DE	48.2896	11.4653	5121
Schöllnach	DE	48.7541	13.1778	5120
Westhofen	DE	51.423	7.5331	5120
Petersaurach	DE	49.3	10.75	5116
Rotthalmünster	DE	48.3582	13.2016	5115
Trappenkamp	DE	54.0399	10.215	5113
Lenzkirch	DE	47.8683	8.2021	5111
Waldfischbach-Burgalben	DE	49.2833	7.6667	5111
Rottach-Egern	DE	47.6897	11.7706	5106
Forchtenberg	DE	49.2887	9.5603	5105
Wilhermsdorf	DE	49.4831	10.7156	5105
Eibau	DE	50.9827	14.6621	5103
Neudenau	DE	49.2918	9.2698	5102
Oberding	DE	48.3167	11.85	5101
Pfalzdorf	DE	51.7084	6.1638	5100
Waldbüttelbrunn	DE	49.7883	9.8467	5099
Mudau	DE	49.5344	9.2044	5094
Gschwend	DE	48.9333	9.7444	5092
Hohenwestedt	DE	54.0889	9.6536	5092
Wannweil	DE	48.5167	9.15	5092
Kranenburg	DE	51.7833	6.0167	5090
Wenden	DE	50.9667	7.8667	5090
Molfsee	DE	54.2637	10.0656	5086
Lensahn	DE	54.2165	10.8833	5085
Ebersbach	DE	51.2333	13.65	5077
Todtnau	DE	47.8294	7.9438	5072
Bruckberg	DE	48.5224	11.9945	5071
Eckersdorf	DE	50.0287	11.3961	5071
Mömlingen	DE	49.8597	9.0833	5066
Wiggensbach	DE	47.7478	10.2299	5065
Ahlerstedt	DE	53.4068	9.4539	5063
Egling	DE	47.9232	11.5052	5061
Belecke	DE	51.4811	8.332	5060
Heroldsbach	DE	49.6934	10.9988	5058
Nackenheim	DE	49.9153	8.3389	5054
Nandlstadt	DE	48.5364	11.8073	5044
Hartenstein	DE	50.6624	12.6697	5043
Ranstadt	DE	50.3574	8.9838	5042
Wittenburg	DE	53.5065	11.079	5041
Hilgen - Dünweg	DE	51.1025	7.1517	5040
Kippenheim	DE	48.2956	7.8251	5040
Niederfischbach	DE	50.85	7.8667	5035
Seubersdorf	DE	49.1621	11.6271	5035
Schilksee	DE	54.4183	10.1719	5030
Welver	DE	51.6167	7.9667	5030
Contwig	DE	49.25	7.4333	5029
Lauter	DE	50.5626	12.7351	5028
Lichtenau	DE	48.7261	8.0049	5023
Oberviechtach	DE	49.4581	12.4167	5022
Waldkappel	DE	51.1446	9.877	5022
Krauchenwies	DE	48.0165	9.2476	5020
Mittenaar	DE	50.7	8.3833	5020
Bad Lauchstädt	DE	51.3865	11.8696	5018
Lamme	DE	52.2692	10.4413	5017
Zapfendorf	DE	50.0178	10.9324	5017
Nassau	DE	50.3145	7.8003	5015
Rennertshofen	DE	48.7594	11.0454	5013
Karlshuld	DE	48.6819	11.285	5012
Heideck	DE	49.1337	11.1273	5011
Sechtem	DE	50.7912	6.9531	5010
Tönning	DE	54.3173	8.941	5008
Copenhagen	DK	55.6759	12.5655	1153615
Århus	DK	56.1567	10.2108	285273
Odense	DK	55.3959	10.3883	180863
Aalborg	DK	57.048	9.9187	142937
Frederiksberg	DK	55.6794	12.5346	95029
Esbjerg	DK	55.4703	8.4519	71698
Randers	DK	56.4607	10.0364	62802
Kolding	DK	55.4904	9.4722	61638
Horsens	DK	55.8607	9.8503	61074
Vejle	DK	55.7093	9.5357	60231
Hvidovre	DK	55.643	12.4771	53527
Avedøre	DK	55.6272	12.4564	53443
Klinteby Frihed	DK	55.197	11.596	53443
Roskilde	DK	55.6415	12.0803	51916
Herning	DK	56.1362	8.9766	50565
Silkeborg	DK	56.1697	9.5451	49747
Hørsholm	DK	55.881	12.5011	47680
Greve	DK	55.5833	12.3	47671
Hedensted	DK	55.7704	9.7011	47099
Næstved	DK	55.2299	11.7609	44331
Viborg	DK	56.4532	9.402	41239
Fredericia	DK	55.5657	9.7526	40886
Rødovre	DK	55.6806	12.4537	40652
Ballerup	DK	55.7317	12.3633	40000
Charlottenlund	DK	55.7524	12.5745	40000
Køge	DK	55.458	12.1821	38304
Hillerød	DK	55.9279	12.3008	35357
Taastrup	DK	55.6501	12.3016	35238
Helsingør	DK	56.0361	12.6136	35048
Holstebro	DK	56.3601	8.6161	32072
Slagelse	DK	55.4028	11.3546	31896
Viby	DK	56.1226	10.1515	31756
Albertslund	DK	55.6569	12.3638	30000
Holbæk	DK	55.7175	11.7128	29608
Sønderborg	DK	54.909	9.7892	27766
Svendborg	DK	55.0598	10.6068	27300
Allerød	DK	55.8704	12.3574	25867
Hjørring	DK	57.4642	9.9823	25644
Nørresundby	DK	57.0588	9.9228	24831
Glostrup	DK	55.6666	12.4038	23128
Ringsted	DK	55.4426	11.7901	23086
Frederikshavn	DK	57.4407	10.5366	22672
Haderslev	DK	55.2494	9.4877	22011
Birkerød	DK	55.8476	12.4279	21242
Farum	DK	55.8086	12.3607	20312
Skive	DK	56.567	9.0271	20190
Brøndbyvester	DK	55.6455	12.4101	20000
Stenløse	DK	55.7683	12.1972	19998
Nykøbing Falster	DK	54.7691	11.8742	19976
Ishøj	DK	55.6154	12.3518	19453
Karlebo	DK	55.9193	12.41	19163
Hedehusene	DK	55.6495	12.1983	17953
Vordingborg	DK	55.008	11.9106	17868
Nyborg	DK	55.3127	10.7896	17525
Frederikssund	DK	55.8396	12.069	16850
Lillerød	DK	55.875	12.3458	16741
Vallensbæk	DK	55.622	12.3851	16515
Aabenraa	DK	55.0443	9.4174	16401
Tønder	DK	54.9331	8.8667	16401
Middelfart	DK	55.5059	9.7305	16277
Kalundborg	DK	55.6795	11.0886	16211
Tilst	DK	56.1938	10.1128	15617
Virum	DK	55.7949	12.451	15200
Gammel Virum	DK	55.79	12.4696	15000
Skovlunde	DK	55.7156	12.398	14757
Ikast	DK	56.1388	9.1577	14692
Korsør	DK	55.3299	11.1386	14290
Grenaa	DK	56.4158	10.8782	14176
Varde	DK	55.6211	8.4807	14039
Rønne	DK	55.1009	14.7066	13807
Skanderborg	DK	56.0343	9.9318	13543
Thisted	DK	56.9552	8.6949	13461
Værløse	DK	55.7825	12.3686	13197
Frederiksværk	DK	55.9707	12.0225	12718
Brønderslev	DK	57.2702	9.941	12549
Odder	DK	55.9731	10.153	12454
Dragør	DK	55.5928	12.6722	12401
Løsning	DK	55.8024	9.6954	12220
Haslev	DK	55.3235	11.9639	12119
Hobro	DK	56.6431	9.7903	12071
Nakskov	DK	54.8304	11.1357	11969
Brøndby Strand	DK	55.6178	12.4222	11915
Tranekær	DK	54.9976	10.8438	11841
Espergærde	DK	55.9946	12.5473	11524
Gjellerup	DK	56.1568	10.1301	11406
Struer	DK	56.492	8.594	11317
Fløng	DK	55.6621	12.187	11108
Jyllinge	DK	55.7529	12.1031	10920
Kongens Lyngby	DK	55.7704	12.5038	10600
Lystrup	DK	56.4984	10.4689	10116
Lystrup	DK	56.2375	10.2378	10116
Mørkhøj	DK	55.7259	12.4702	10000
Skødstrup	DK	56.2635	10.3041	10000
Tårnby	DK	55.6303	12.6004	10000
Ringkøbing	DK	56.0901	8.244	9894
Alholm	DK	54.6648	11.723	9848
Grindsted	DK	55.7573	8.9275	9750
Smørumnedre	DK	55.7423	12.3028	9507
Beder	DK	56.0603	10.2118	9430
Støvring	DK	56.8854	9.8384	9089
Nykøbing Mors	DK	56.7933	8.8528	9033
Sæby	DK	57.3319	10.5225	9012
Humlebæk	DK	55.9618	12.5341	8965
Fredensborg	DK	55.9756	12.4031	8941
Løkken	DK	57.3705	9.7147	8828
Måløv	DK	55.7553	12.3233	8663
Hinnerup	DK	56.7347	9.0587	8628
Løgten	DK	56.2746	10.3118	8623
Helsinge	DK	56.0228	12.1975	8616
Hundested	DK	55.964	11.8504	8609
Trørød	DK	55.8395	12.5443	8576
Hørning	DK	56.087	10.0372	8572
Vejen	DK	55.4812	9.138	8525
Aars	DK	56.804	9.5144	8474
Ribe	DK	55.3305	8.7697	8403
Hørning	DK	56.412	10.2002	8395
Hadsten	DK	56.3282	10.0493	8254
Hinnerup	DK	56.2661	10.063	8164
Svenstrup	DK	56.9723	9.8481	8002
Svenstrup	DK	56.6026	9.9436	8002
Sorø	DK	55.4318	11.5555	7999
Nivå	DK	55.934	12.5048	7997
Vojens	DK	55.2464	9.306	7475
Billund	DK	55.7335	9.1078	7446
Ebeltoft	DK	56.1944	10.6821	7437
Hasselager	DK	56.1056	10.1	7437
Bjerringbro	DK	56.378	9.6607	7407
Hammel	DK	56.2576	9.8632	7373
Lemvig	DK	56.5486	8.3102	7330
Tranbjerg	DK	56.0952	10.136	7307
Brande	DK	55.9432	9.128	7289
Skagen	DK	57.7209	10.5839	7250
Ry	DK	56.0904	9.7651	7151
Skjern	DK	55.95	8.5	7145
Bramming	DK	55.4695	8.7001	7111
Slangerup	DK	55.85	12.1833	6953
Faaborg	DK	55.0951	10.2423	6822
Gilleleje	DK	56.122	12.3106	6598
Svinninge	DK	55.7211	11.4655	6588
Ringe	DK	55.2383	10.4786	6474
Hornslet	DK	56.3155	10.3204	6446
Skælskør	DK	55.2506	11.2935	6334
Åbybro	DK	57.1625	9.73	6318
Malling	DK	56.0363	10.1963	6194
Rødekro	DK	55.0708	9.3353	6182
Assens	DK	55.2702	9.9008	6050
Bellinge	DK	55.3353	10.3204	5881
Hellebæk	DK	56.0682	12.5578	5790
Ålsgårde	DK	56.0756	12.5399	5765
Kerteminde	DK	55.449	10.6577	5748
Klarup	DK	57.0119	10.0562	5745
Maribo	DK	54.7766	11.5002	5722
Nibe	DK	56.9815	9.6392	5703
Tune	DK	55.5929	12.1697	5681
Nordborg	DK	55.0573	9.7408	5661
Stavnsholt	DK	55.8148	12.4055	5658
Neder Holluf	DK	55.3645	10.4482	5612
Munkebo	DK	55.4555	10.5543	5538
Ølstykke	DK	55.7957	12.1551	5348
Strib	DK	55.5402	9.7675	5285
Hirtshals	DK	57.5881	9.9592	5265
Otterup	DK	55.5153	10.3976	5264
Viby	DK	55.5487	12.0239	5227
Give	DK	55.8452	9.2377	5215
Mårslet	DK	56.0669	10.1611	5176
Hadsund	DK	56.7148	10.1168	5066
Borup	DK	55.6937	11.6342	5063
Borup	DK	55.4947	11.9758	5063
Kolt	DK	56.1084	10.0699	5061
Nykøbing Sjælland	DK	55.9249	11.6711	5002
Algiers	DZ	36.7323	3.0875	2364230
Oran	DZ	35.6991	-0.6359	803329
Constantine	DZ	36.365	6.6147	448028
Annaba	DZ	36.9	7.7667	342703
Blida	DZ	36.47	2.8277	331779
Batna	DZ	35.556	6.1741	289504
Bab Ezzouar	DZ	36.7261	3.1829	275630
Djelfa	DZ	34.6728	3.263	265833
Sétif	DZ	36.1911	5.4137	252127
Sidi Bel Abbes	DZ	35.1899	-0.6309	210146
Biskra	DZ	34.8504	5.728	204661
Tébessa	DZ	35.4042	8.1242	194461
Skikda	DZ	36.8762	6.9092	182903
Tiaret	DZ	35.371	1.317	178915
Chlef	DZ	36.1653	1.3345	178616
Béjaïa	DZ	36.7559	5.0843	176139
Tlemcen	DZ	34.8783	-1.315	173531
Mostaganem	DZ	35.9312	0.0892	162885
Bordj Bou Arreridj	DZ	36.0739	4.7614	158812
El Achir	DZ	36.0639	4.6274	158333
Souk Ahras	DZ	36.2864	7.9511	153479
Médéa	DZ	36.2642	2.7539	145441
El Eulma	DZ	36.1528	5.6902	145380
Saïda	DZ	34.8303	0.1517	142497
M'Sila	DZ	35.7089	4.5372	132975
Jijel	DZ	36.821	5.7635	131513
Relizane	DZ	35.7373	0.556	123255
Bordj el Kiffan	DZ	36.7487	3.1925	123246
Guelma	DZ	36.4621	7.4261	120004
Rouiba	DZ	36.7383	3.2808	117558
Aïn Beïda	DZ	35.7964	7.3928	116064
Khenchela	DZ	35.4358	7.1433	114472
Bou Saâda	DZ	35.2086	4.174	111787
Mascara	DZ	35.3966	0.1403	108629
Baraki	DZ	36.6666	3.0961	105402
Tizi Ouzou	DZ	36.7118	4.0459	104312
Barika	DZ	35.389	5.3658	98141
Aïn Oussera	DZ	35.4514	2.9058	98107
Messaad	DZ	34.1543	3.5031	97091
Aflou	DZ	34.1128	2.1023	93585
Beni Mered	DZ	36.5239	2.8613	92749
El Khroub	DZ	36.2633	6.6936	90122
Maghnia	DZ	34.8497	-1.7275	87373
Hamma Bouziane	DZ	36.4121	6.596	83603
Khemis Miliana	DZ	36.261	2.2201	80512
Hassi Bahbah	DZ	35.0711	3.0299	77000
Birkhadem	DZ	36.715	3.05	71722
Sougueur	DZ	35.1857	1.4961	71036
Aïn Temouchent	DZ	35.2975	-1.1404	70810
Bir el Ater	DZ	34.7449	8.0602	70749
Bouïra	DZ	36.3749	3.902	68545
Bir el Djir	DZ	35.72	-0.545	68032
Oum el Bouaghi	DZ	35.8754	7.1135	67201
Sidi Aïssa	DZ	35.8855	3.7724	66856
Besbes	DZ	36.7022	7.8472	66287
Cheria	DZ	35.2731	7.7519	66160
Tissemsilt	DZ	35.6072	1.8108	66084
Aïn M’Lila	DZ	36.0369	6.5722	65371
Ali Mendjeli	DZ	36.2459	6.5671	64120
Mila	DZ	36.4503	6.2644	63251
Mohammadia	DZ	35.5886	0.0686	62410
Kolea	DZ	36.6389	2.7685	61643
Sig	DZ	35.5283	-0.1937	61373
District of Taher	DZ	36.772	5.8982	60426
Ech Chettia	DZ	36.1959	1.2554	60170
Ksar el Boukhari	DZ	35.8889	2.749	59634
Ouled Djellal	DZ	34.43	5.0614	58481
Larbaâ	DZ	36.5647	3.1543	58295
Arzew	DZ	35.8505	-0.318	58162
Boufarik	DZ	36.5741	2.9121	57162
Boudouaou	DZ	36.7274	3.4099	56398
Berrouaghia	DZ	36.1352	2.9108	55775
Aïn Touta	DZ	35.3768	5.9	55736
Oued Rhiou	DZ	35.9612	0.919	55430
Aïn Defla	DZ	36.264	1.9679	55259
Drean	DZ	36.6848	7.7511	55147
Reghaïa	DZ	36.7359	3.3402	54962
Boghni	DZ	36.5422	3.9531	54666
Chelghoum el Aïd	DZ	36.1629	6.1665	54495
Assi Bou Nif	DZ	35.6922	-0.4994	53700
Bordj el Bahri	DZ	36.7907	3.2495	52816
Mansoûra	DZ	34.8616	-1.3394	52285
En Nedjma	DZ	35.6478	-0.5695	51665
Ksar Chellala	DZ	35.2122	2.3189	51451
Aïn Oulmene	DZ	35.923	5.296	51207
Tolga	DZ	34.7222	5.3784	50575
Frenda	DZ	35.0654	1.0494	49376
Aïn Fakroun	DZ	35.9711	6.8737	48804
Merouana	DZ	35.6311	5.9119	47646
Ouenza	DZ	35.9533	8.1292	47312
Khemis el Khechna	DZ	36.65	3.3308	46965
Douéra	DZ	36.67	2.9444	46266
El Milia	DZ	36.7547	6.2725	45945
Sedrata	DZ	36.1287	7.5338	45300
Sidi Amar	DZ	36.8202	7.7164	45148
Râs el Oued	DZ	35.9441	5.0311	44947
Bordj Menaïel	DZ	36.7433	3.7173	44572
Oued Fodda	DZ	36.185	1.533	44523
Boû Arfa	DZ	36.463	2.8146	44143
Sour el Ghozlane	DZ	36.1477	3.6912	43985
Miliana	DZ	36.3055	2.2248	43366
Lakhdaria	DZ	36.5646	3.5933	42886
Tadjenanet	DZ	36.1213	5.9867	41833
Tazoult-Lambese	DZ	35.4817	6.2607	41636
Draa el Mizan	DZ	36.5363	3.8334	41263
Timizart	DZ	36.8	4.2667	41158
Bou Ismaïl	DZ	36.6426	2.6901	40984
Meftah	DZ	36.6204	3.2225	40878
Souma	DZ	36.5183	2.9053	40745
Ouled Moussa	DZ	36.6839	3.3666	40692
Rouached	DZ	36.4577	6.0427	40263
Héliopolis	DZ	36.5036	7.4428	40139
Tighenif	DZ	35.4172	0.3298	39938
Beni Saf	DZ	35.301	-1.3823	39749
Es Senia	DZ	35.6478	-0.624	39064
Sidi Khaled	DZ	34.387	4.9878	38987
Bougara	DZ	36.5418	3.081	38352
Akbou	DZ	36.4575	4.5349	38291
’Aïn Azel	DZ	35.8185	5.5111	37970
Dar el Beïda	DZ	36.7133	3.2125	37311
Aïn el Bya	DZ	35.8039	-0.3018	37241
Chetouane	DZ	34.9213	-1.2951	36776
Arris	DZ	35.2588	6.3471	36641
M’Daourouch	DZ	36.0782	7.8196	36351
’Aïn el Turk	DZ	35.7438	-0.7693	36326
’Aïn Deheb	DZ	34.8422	1.547	36146
Sidi ech Chahmi	DZ	35.659	-0.5217	35512
El Kala	DZ	36.8956	8.4433	35449
El Affroun	DZ	36.4701	2.6253	35074
Makouda	DZ	36.7857	4.0627	34515
’Aïn Merane	DZ	36.1628	0.9704	34413
Cherchell	DZ	36.605	2.1908	34372
Râs el Aïoun	DZ	35.6738	5.6453	34167
Bordj Ghdir	DZ	35.9011	4.8981	34136
Beni Tamou	DZ	36.5383	2.8217	33846
Hadjout	DZ	36.5126	2.4138	33830
Azzaba	DZ	36.7394	7.1053	33766
Beni Douala	DZ	36.6195	4.0828	33611
Aïn Taya	DZ	36.7933	3.2869	33575
El Attaf	DZ	36.2239	1.6719	33349
El Arrouch	DZ	36.6531	6.8364	33085
El Aouinet	DZ	35.8669	7.8867	32971
’Aïn el Melh	DZ	34.8415	4.1638	32880
Gdyel	DZ	35.7811	-0.4258	32774
Kaïs	DZ	35.4947	6.9249	32668
Tamalous	DZ	36.8376	6.6402	32579
Sebdou	DZ	34.637	-1.3314	32570
Aïn Bessem	DZ	36.2933	3.6732	32548
Aïn Smara	DZ	36.2674	6.5014	32057
Djidiouia	DZ	35.9299	0.8287	31996
Barbacha	DZ	36.5667	4.9667	31983
Bougaa	DZ	36.3329	5.0884	31922
’Aïn el Bell	DZ	34.3438	3.2247	31916
el hed	DZ	36.65	4.7736	31890
Remchi	DZ	35.062	-1.4336	31837
Mehdia daira de meghila	DZ	35.4306	1.7571	31396
’Aïn Benian	DZ	36.8028	2.9219	31102
Freha	DZ	36.7523	4.3155	31068
Sidi Moussa	DZ	36.6064	3.0878	30887
L’Arbaa Naït Irathen	DZ	36.6311	4.1986	30609
Aïn Kercha	DZ	35.9247	6.6953	30575
Oued Sly	DZ	36.1012	1.1995	30504
Bouinan	DZ	36.5317	2.9919	30271
Meskiana	DZ	35.6306	7.6661	30071
Lardjem	DZ	35.7492	1.5478	30000
Rais Hamidou	DZ	36.8169	3.0127	30000
El Idrissia	DZ	34.4454	2.5275	29856
Ahmed Bel Hadj	DZ	36.8015	7.6081	29629
Mekla	DZ	36.6818	4.2638	29560
Sidi Okba	DZ	34.7451	5.8983	29499
’Aïn Abid	DZ	36.2319	6.9433	29486
N’Gaous	DZ	35.555	5.6106	29453
Draa Ben Khedda	DZ	36.7344	3.9622	29403
Collo	DZ	37.0056	6.5605	29354
Ténès	DZ	36.5108	1.3081	29220
Ouled Haddaj	DZ	36.7146	3.3422	29012
Boumerdas	DZ	36.7664	3.4772	28996
Zighout Youcef	DZ	36.5331	6.7124	28764
Ain el Hadjel	DZ	35.67	3.8815	28728
Boukadir	DZ	36.0663	1.126	28652
Mouzaïa	DZ	36.4669	2.6899	28552
Grarem	DZ	36.5161	6.3272	28551
Hammamet	DZ	35.4486	7.9518	28536
Ghazaouet	DZ	35.0958	-1.8577	28433
Ben Mehidi	DZ	36.7697	7.9064	28398
’Aïn el Hammam	DZ	36.5647	4.3062	28029
Tizi Gheniff	DZ	36.5884	3.7744	27974
Sfizef	DZ	35.2346	-0.2444	27914
Cheraga	DZ	36.7677	2.9592	27835
Nedroma	DZ	35.0136	-1.748	27742
Charef	DZ	34.621	2.795	27700
Theniet el Had	DZ	35.8711	2.0281	27628
Bou Hanifia el Hamamat	DZ	35.3147	-0.0504	27576
Ouled Slama Fouaga	DZ	36.5483	3.1101	27573
Ammi Moussa	DZ	35.8678	1.1114	27530
Oued Zenati	DZ	36.3161	7.1636	27441
El Abadia	DZ	36.2695	1.6861	27185
Kerkera	DZ	36.9292	6.5856	27177
Feidh el Botma	DZ	34.5	3.7667	26857
Birine	DZ	35.635	3.225	26670
Dar Chioukh	DZ	34.8964	3.4854	26605
Sidi Akkacha	DZ	36.4647	1.3026	26558
Azazga	DZ	36.7447	4.3722	26515
Hennaya	DZ	34.9514	-1.3681	26515
El Amria	DZ	35.5244	-1.0158	26407
Dellys	DZ	36.9172	3.9131	26384
Tirmitine	DZ	36.6539	3.9814	26261
Telerghma	DZ	36.1165	6.3543	26248
Fedj M’Zala	DZ	36.4094	5.9446	26176
Bou Tlelis	DZ	35.5727	-0.8996	26144
Maâtkas	DZ	36.6047	3.9844	26142
Chellalat el Adhaouara	DZ	35.9397	3.4159	26077
El Hadjar	DZ	36.8038	7.7368	26060
El Kseur	DZ	36.6794	4.8555	26050
Hammam Bou Hadjar	DZ	35.3789	-0.9678	25912
Amizour	DZ	36.6402	4.9013	25825
Didouche Mourad	DZ	36.4525	6.6364	25764
Melouza	DZ	35.98	4.1867	25701
Ouled Mimoun	DZ	34.9047	-1.0339	25377
Aïn Arnat	DZ	36.1868	5.3135	25315
Sidi Mérouane	DZ	36.5206	6.2611	25129
Abou el Hassan	DZ	36.4166	1.1962	24022
Arhribs	DZ	36.7936	4.3116	23958
Sidi Abdelli	DZ	35.0694	-1.1371	23543
Salah Bey	DZ	35.8545	5.2905	23339
Chiffa	DZ	36.4629	2.7387	23218
Zeribet el Oued	DZ	34.6828	6.5111	23187
Boumahra Ahmed	DZ	36.4583	7.5139	23022
Oued el Abtal	DZ	35.456	0.6878	22819
Tizi-n-Tleta	DZ	36.5457	4.0571	22404
Mazouna	DZ	36.1223	0.8986	22366
Mansourah	DZ	36.0872	4.4519	22117
Zemoura	DZ	35.7225	0.7551	21770
Feraoun	DZ	36.5604	4.8545	21700
Chemini	DZ	36.6	4.6167	21585
Bensekrane	DZ	35.0746	-1.2243	21283
Oued el Alleug	DZ	36.5553	2.7903	21146
Tadmaït	DZ	36.7441	3.9005	20952
Boudjima	DZ	36.8022	4.1519	20557
Chorfa	DZ	36.365	4.3264	20556
Mers el Kebir	DZ	35.7279	-0.7081	20178
Chebli	DZ	36.5772	3.0092	19901
Seddouk	DZ	36.5472	4.6861	19884
Beni Mester	DZ	34.8704	-1.4232	19808
Bordj Zemoura	DZ	36.2746	4.8567	19782
Chabet el Ameur	DZ	36.6371	3.6947	19522
El Malah	DZ	35.3914	-1.0924	19415
Berrahal	DZ	36.8353	7.4533	19294
Babor	DZ	36.4899	5.5393	18445
Beni Amrane	DZ	36.6677	3.5911	18414
Tizi Rached	DZ	36.6718	4.1918	17872
Zeralda	DZ	36.7117	2.8424	17563
Arbatache	DZ	36.6377	3.3713	17481
Saoula	DZ	36.7046	3.0246	16812
’Aïn el Berd	DZ	35.364	-0.5128	16548
Bou Hadjar	DZ	36.5037	8.1074	16385
Thenia	DZ	36.7254	3.5566	16180
Naciria	DZ	36.7463	3.8316	15387
Tipasa	DZ	36.5897	2.4489	15180
Ighram	DZ	36.4629	4.5053	15030
Bougzoul	DZ	35.7056	2.846	14095
Aïn Lechiakh	DZ	36.1585	2.4051	13745
El Tarf	DZ	36.7672	8.3138	13346
’Aïn el Hadjar	DZ	34.7585	0.1453	12996
Ouzera	DZ	36.2542	2.8472	12650
Ziama Mansouria	DZ	36.6732	5.4812	12642
Aziz	DZ	35.8233	2.4515	12500
’Aïn Boucif	DZ	35.8912	3.1585	11989
Timgad	DZ	35.4928	6.47	11828
Sidi Ben Adda	DZ	35.3059	-1.1814	11695
Oumache	DZ	34.6929	5.6809	10424
Hammam Righa	DZ	36.3797	2.3989	8488
Boumagueur	DZ	35.5052	5.5525	8474
Sidi Senoussi سيدي سنوسي	DZ	34.9969	-1.0945	7500
Draâ Esmar	DZ	36.2735	2.717	7465
Aghlal	DZ	35.2011	-1.0696	7146
Tallinn	EE	59.437	24.7535	394024
Tartu	EE	58.3806	26.7251	91407
Narva	EE	59.3772	28.1903	54409
Pärnu	EE	58.3859	24.4971	40228
Kohtla-Järve	EE	59.3986	27.2731	35395
Viljandi	EE	58.3632	25.5916	17407
Maardu	EE	59.4653	24.9822	16630
Rakvere	EE	59.3481	26.3578	14984
Kuressaare	EE	58.2538	22.4922	12698
Sillamäe	EE	59.397	27.7633	12480
Võru	EE	57.8339	27.0194	12367
Tori	EE	58.4789	24.8242	11879
Valga	EE	57.7778	26.0473	11792
Jõhvi	EE	59.3592	27.4211	10130
Keila	EE	59.3036	24.4131	10068
Haapsalu	EE	58.9394	23.5413	9595
Paide	EE	58.8877	25.5404	7793
Haabneeme	EE	59.5136	24.8223	7265
Kuusalu	EE	59.4439	25.4414	6464
Jõgeva	EE	58.7467	26.3939	6396
Peetri	EE	59.3947	24.8145	6352
Saue	EE	59.3226	24.5497	5810
Elva	EE	58.2225	26.4211	5616
Tapa	EE	59.2606	25.9586	5168
Laagri	EE	59.3508	24.6142	5165
Raasiku	EE	59.3664	25.1831	5161
Rapla	EE	59.0076	24.7939	5132
Põlva	EE	58.0603	27.0694	5115
Türi	EE	58.8086	25.4325	5064
Kärdla	EE	58.9978	22.7492	3160
Madrid	ES	40.4165	-3.7026	3255944
Barcelona	ES	41.3888	2.159	1686208
Valencia	ES	39.4739	-0.3797	824340
Zaragoza	ES	41.6561	-0.8773	686986
Sevilla	ES	37.3828	-5.9732	686741
Málaga	ES	36.7202	-4.4203	592346
Murcia	ES	37.987	-1.13	471982
Palma	ES	39.5694	2.6502	438234
Alicante	ES	38.3452	-0.4815	348901
Bilbao	ES	43.2627	-2.9253	347342
Córdoba	ES	37.8916	-4.7728	325708
Valladolid	ES	41.6554	-4.7235	300618
Vigo	ES	42.2328	-8.7226	293642
Gijón	ES	43.5357	-5.6615	271780
Gasteiz / Vitoria	ES	42.85	-2.6727	257407
L'Hospitalet de Llobregat	ES	41.3597	2.1003	257038
A Coruña	ES	43.3713	-8.396	250438
Elche	ES	38.2622	-0.7011	234765
Granada	ES	37.1882	-3.6067	233532
Ciudad Lineal	ES	40.4451	-3.6513	228171
Oviedo	ES	43.3603	-5.8448	220027
Terrassa	ES	41.5667	2.0167	218535
Badalona	ES	41.45	2.2474	217741
Cartagena	ES	37.602	-0.984	213943
Jerez de la Frontera	ES	36.6865	-6.1361	212879
Sabadell	ES	41.5433	2.1094	211734
Pamplona	ES	42.8169	-1.6432	208243
Móstoles	ES	40.3223	-3.865	207095
Almería	ES	36.8381	-2.4597	196851
Alcalá de Henares	ES	40.4821	-3.36	193751
Fuenlabrada	ES	40.2842	-3.7942	190496
Leganés	ES	40.3272	-3.7635	188425
Getafe	ES	40.3057	-3.733	187525
Donostia / San Sebastián	ES	43.3128	-1.975	185357
Castelló de la Plana	ES	39.9857	-0.0493	183711
Burgos	ES	42.3411	-3.7018	176418
Santander	ES	43.4659	-3.8049	173635
Albacete	ES	38.9942	-1.8564	173050
Alcorcón	ES	40.3458	-3.8249	172384
Marbella	ES	36.5154	-4.8858	156295
Logroño	ES	42.4661	-2.4512	151164
Badajoz	ES	38.8779	-6.9706	150530
Salamanca	ES	40.9688	-5.6639	144825
Huelva	ES	37.2664	-6.94	144258
Tarragona	ES	41.1191	1.2454	141542
Lleida	ES	41.6167	0.6222	140797
Chamartín	ES	40.4621	-3.6766	140000
Mataró	ES	41.5421	2.4445	126988
León	ES	42.6	-5.5703	124772
Dos Hermanas	ES	37.2829	-5.9209	122943
Algeciras	ES	36.1333	-5.4505	121414
Santa Coloma de Gramenet	ES	41.4515	2.2081	118821
Torrejón de Ardoz	ES	40.4554	-3.4697	118162
Cadiz	ES	36.5267	-6.2891	116979
Alcobendas	ES	40.5475	-3.642	116037
Parla	ES	40.236	-3.7675	115611
Jaén	ES	37.7692	-3.7903	113457
Ourense	ES	42.3367	-7.8641	105233
Reus	ES	41.1561	1.1069	103477
Orihuela	ES	38.0848	-0.944	101321
Barakaldo	ES	43.2964	-2.9881	100435
Girona	ES	41.9831	2.8249	100266
Santiago de Compostela	ES	42.8805	-8.5457	99536
Lugo	ES	43.0099	-7.556	98025
Cáceres	ES	39.4765	-6.3722	96068
Las Rozas de Madrid	ES	40.4929	-3.8737	95550
San Fernando	ES	36.4759	-6.1982	95174
Roquetas de Mar	ES	36.7642	-2.6147	94925
Guadalajara	ES	40.6286	-3.1618	93470
Lorca	ES	37.6712	-1.7017	93079
Talavera de la Reina	ES	39.9635	-4.8308	88856
El Puerto de Santa María	ES	36.5939	-6.233	88364
Cornellà de Llobregat	ES	41.35	2.0833	87173
Toledo	ES	39.8581	-4.0226	86526
Melilla	ES	35.2937	-2.9383	85985
El Ejido	ES	36.7763	-2.8146	84710
Chiclana de la Frontera	ES	36.4198	-6.1437	83831
Ceuta	ES	35.8892	-5.3204	83179
Pontevedra	ES	42.431	-8.6443	82802
Torrevieja	ES	37.9787	-0.6822	82599
Pozuelo de Alarcón	ES	40.4329	-3.8134	82428
Sant Boi de Llobregat	ES	41.3436	2.0366	82428
Coslada	ES	40.4238	-3.5613	81860
Getxo	ES	43.3569	-3.0115	80770
Mijas	ES	36.5958	-4.6373	80630
Sant Cugat del Vallès	ES	41.4706	2.0861	79253
Avilés	ES	43.5547	-5.9248	78715
Palencia	ES	42.0095	-4.5241	78629
Torrent	ES	39.437	-0.4655	78543
Manresa	ES	41.7281	1.824	76250
San Sebastián de los Reyes	ES	40.5555	-3.6273	75912
Valdemoro	ES	40.1908	-3.6789	74745
Ciudad Real	ES	38.9863	-3.9291	74743
Vélez-Málaga	ES	36.7811	-4.1027	74190
Gandia	ES	38.9667	-0.1833	73829
Rubí	ES	41.4923	2.033	72987
Fuengirola	ES	36.54	-4.6247	71482
Benidorm	ES	38.5382	-0.131	70450
Alcalá de Guadaira	ES	37.3379	-5.8395	70155
Ponferrada	ES	42.5466	-6.5962	68736
Rivas-Vaciamadrid	ES	40.3261	-3.5109	68405
Majadahonda	ES	40.4735	-3.8718	68110
Sanlúcar de Barrameda	ES	36.7781	-6.3515	68037
Campiña	ES	38.219	-2.9807	67904
Estepona	ES	36.4276	-5.1459	67012
Ferrol	ES	43.4845	-8.2329	66799
Castelldefels	ES	41.2779	1.9703	66375
Viladecans	ES	41.3141	2.0143	66168
Sagunto	ES	39.6833	-0.2667	66070
Vilanova i la Geltrú	ES	41.2239	1.7251	65890
Torremolinos	ES	36.6204	-4.4998	65448
La Línea de la Concepción	ES	36.1681	-5.3478	64595
Molina de Segura	ES	38.0546	-1.2076	64065
Paterna	ES	39.5026	-0.4408	64023
El Prat de Llobregat	ES	41.3278	2.0947	63418
Collado-Villalba	ES	40.6351	-4.0049	63074
Grao de Murviedro	ES	39.6417	-0.2389	62368
Irun	ES	43.339	-1.7894	61983
Zamora	ES	41.5063	-5.7446	61827
Alcoy	ES	38.7054	-0.4743	61552
Granollers	ES	41.608	2.2877	60981
Motril	ES	36.7507	-3.5179	60592
Santutxu	ES	43.2535	-2.9161	60000
Mérida	ES	38.918	-6.3429	59857
Benalmádena	ES	36.5961	-4.5727	58854
Cerdanyola del Vallès	ES	41.4911	2.1408	58747
Ávila	ES	40.6572	-4.6995	57657
Linares	ES	38.0952	-3.636	57414
San Vicent del Raspeig	ES	38.3964	-0.5255	56715
Torrelavega	ES	43.3494	-4.0479	55297
Elda	ES	38.4778	-0.7916	55168
Cuenca	ES	40.0667	-2.1333	54898
Aranjuez	ES	40.0311	-3.6025	54055
Huesca	ES	42.1362	-0.4087	53956
Boadilla del Monte	ES	40.405	-3.8784	52626
Utrera	ES	37.1852	-5.7809	52617
Mollet del Vallès	ES	41.5403	2.2131	52484
Puertollano	ES	38.6871	-4.1073	51842
Calvià	ES	39.5657	2.5062	51774
Segovia	ES	40.9481	-4.1184	51683
Arganda	ES	40.3008	-3.4372	51489
Vila-real	ES	39.9383	-0.1009	50577
Ibiza	ES	38.9088	1.433	49727
Santurtzi	ES	43.3284	-3.0325	46978
Figueres	ES	42.2664	2.9616	46381
Esplugues de Llobregat	ES	41.3773	2.0881	46355
Mislata	ES	39.4752	-0.4183	46131
Gavà	ES	41.306	2.0012	45994
Mairena del Aljarafe	ES	37.3446	-6.0639	45890
Portugalete	ES	43.321	-3.0206	45826
Antequera	ES	37.0194	-4.5612	45168
Alzira	ES	39.15	-0.4333	44393
Mieres	ES	43.25	-5.7667	44070
Llefià	ES	41.4381	2.2195	43827
Colmenar Viejo	ES	40.6591	-3.7676	43700
Pinto	ES	40.2415	-3.7	43501
Sant Feliu de Llobregat	ES	41.3833	2.05	42919
Basauri	ES	43.2397	-2.8858	42657
Manacor	ES	39.5696	3.2096	42631
Lucena	ES	37.4088	-4.4852	42248
Tres Cantos	ES	40.6009	-3.7081	41896
Denia	ES	38.8408	0.1057	41733
Alcantarilla	ES	37.9694	-1.2171	41084
Puerto Real	ES	36.5282	-6.1901	40183
Plasencia	ES	40.0312	-6.0884	40141
Blanes	ES	41.6742	2.7904	40047
Sama	ES	43.2957	-5.6842	39984
Écija	ES	37.5422	-5.0826	39882
Vic	ES	41.9301	2.2549	39844
San Fernando de Henares	ES	40.4239	-3.5326	39466
Miranda de Ebro	ES	42.6865	-2.947	39264
Soria	ES	41.764	-2.4688	39112
Igualada	ES	41.581	1.6172	38918
Errenteria	ES	43.312	-1.9023	38767
Rincón de la Victoria	ES	36.7171	-4.2758	38666
Burjassot	ES	39.5098	-0.4133	38433
Vilafranca del Penedès	ES	41.3462	1.6971	38425
Ripollet	ES	41.4969	2.1574	38347
Ontinyent	ES	38.8219	-0.606	37735
Narón	ES	43.5018	-8.1908	37712
Vilagarcía de Arousa	ES	42.5963	-8.7643	37576
Lloret de Mar	ES	41.6999	2.8457	37350
Andújar	ES	38.0392	-4.0508	37113
Don Benito	ES	38.9563	-5.8616	37010
Ronda	ES	36.7423	-5.1671	36827
Los Palacios y Villafranca	ES	37.1618	-5.9243	36824
Marratxí	ES	39.6214	2.7253	36725
Sant Adrià de Besòs	ES	41.4307	2.2186	36669
Teruel	ES	40.3456	-1.1065	36240
Tomelloso	ES	39.1576	-3.0216	36091
Llucmajor	ES	39.4909	2.8911	36078
La Rinconada	ES	37.4861	-5.9809	35928
El Vendrell	ES	41.2167	1.5333	35821
Torre-Pacheco	ES	37.7429	-0.954	35614
Oleiros	ES	43.3333	-8.3167	35559
Villena	ES	38.6373	-0.8657	35222
Mazarrón	ES	37.5992	-1.3149	35221
Tortosa	ES	40.8125	0.5216	35143
Alhaurín de la Torre	ES	36.664	-4.5614	35114
Yecla	ES	38.6136	-1.1147	35025
San Pedro Alcántara	ES	36.4884	-4.9912	34922
Cieza	ES	38.24	-1.4199	34889
Tudela	ES	42.0617	-1.6045	34717
Azuqueca de Henares	ES	40.5657	-3.2675	34685
Úbeda	ES	38.0133	-3.3705	34602
Burriana	ES	39.889	-0.085	34544
Águilas	ES	37.4063	-1.5829	34533
Villajoyosa	ES	38.5075	-0.2335	33797
Olot	ES	42.181	2.4901	33524
Almendralejo	ES	38.6832	-6.4075	33468
Montcada i Reixac	ES	41.4833	2.1833	33453
Aranda de Duero	ES	41.6704	-3.6892	33187
Cambrils	ES	41.07	1.0595	32422
Sant Joan Despí	ES	41.3672	2.0574	32030
Castro-Urdiales	ES	43.3828	-3.2204	31977
Galapagar	ES	40.5783	-4.0043	31820
Santa Pola	ES	38.1917	-0.5658	31760
Aldaia	ES	39.4657	-0.4601	31492
San Javier	ES	37.8063	-0.8374	31432
Arroyomolinos	ES	40.2695	-3.9195	31396
Santa Eulària des Riu	ES	38.9846	1.5341	31314
Carballo	ES	43.213	-8.691	31261
Arcos de la Frontera	ES	36.7507	-5.8106	31210
Leioa	ES	43.3269	-2.9888	31197
Valdepeñas	ES	38.7621	-3.3848	31147
Barberà del Vallès	ES	41.5159	2.1246	31144
Hellín	ES	38.5106	-1.701	30976
San Andrés del Rabanedo	ES	42.6117	-5.6167	30820
Alcázar de San Juan	ES	39.3901	-3.2083	30686
Coria del Río	ES	37.2877	-6.0541	30657
Salt	ES	41.9749	2.7928	30622
Manises	ES	39.4914	-0.4635	30508
Camargo	ES	43.4074	-3.885	30263
Puente-Genil	ES	37.3894	-4.7669	30241
Culleredo	ES	43.2879	-8.3886	30221
Xirivella	ES	39.4659	-0.4259	30002
Atamaría	ES	37.5999	-0.8068	30000
Arteixo	ES	43.3048	-8.5075	29762
Xàtiva	ES	38.9904	-0.5185	29386
Alaquàs	ES	39.4557	-0.461	29341
Inca	ES	39.7211	2.9109	29308
San Roque	ES	36.2098	-5.3845	29249
Galdakao	ES	43.2307	-2.8429	29226
Totana	ES	37.7688	-1.5023	29211
Redondela	ES	42.2834	-8.6096	29194
Ciutadella	ES	40.0011	3.8414	29160
Maó	ES	39.8885	4.2658	29125
Crevillente	ES	38.2499	-0.8097	28957
Sueca	ES	39.2026	-0.3111	28908
Rota	ES	36.6236	-6.36	28848
Camas	ES	37.402	-6.0331	28620
Carmona	ES	37.4712	-5.6461	28620
Oliva	ES	38.9197	-0.1193	28419
Sant Pere de Ribes	ES	41.2604	1.7739	28353
Vinaròs	ES	40.4703	0.4756	28273
Durango	ES	43.1712	-2.6338	28229
Javea	ES	38.7833	0.1667	28016
Sant Vicenç dels Horts	ES	41.3932	2.0069	27901
El Campello	ES	38.4288	-0.3977	27893
Martorell	ES	41.474	1.9306	27850
Morón de la Frontera	ES	37.1208	-5.454	27844
Almuñécar	ES	36.7325	-3.6917	27696
Sitges	ES	41.2351	1.8119	27668
Villaviciosa de Odón	ES	40.3581	-3.9043	27596
Ribeira	ES	42.7381	-8.4411	27518
Sestao	ES	43.3098	-3.0072	27445
Eibar	ES	43.1849	-2.4716	27406
Premià de Mar	ES	41.4921	2.3652	27399
Algemesí	ES	39.1904	-0.4357	27285
Novelda	ES	38.3848	-0.7677	27135
Santa Uxía de Ribeira	ES	42.5535	-8.9909	27067
Catarroja	ES	39.4	-0.4	27035
Salou	ES	41.0766	1.1416	26775
Pineda de Mar	ES	41.6276	2.6889	26659
Benicarló	ES	40.4165	0.4271	26655
Villarrobledo	ES	39.2699	-2.6012	26642
Níjar	ES	36.9665	-2.206	26516
Lebrija	ES	36.9208	-6.0753	26434
Caravaca	ES	38.1056	-1.8634	26415
Sant Andreu de la Barca	ES	41.4466	1.9719	26401
Marín	ES	42.3914	-8.7014	25969
Lepe	ES	37.2548	-7.2043	25886
Almassora	ES	39.9473	-0.0631	25831
Villanueva de la Serena	ES	38.9766	-5.7974	25759
Almonte	ES	37.2647	-6.5167	25751
Cangas do Morrazo	ES	42.2641	-8.7846	25748
Jumilla	ES	38.4792	-1.325	25685
Quart de Poblet	ES	39.4814	-0.4394	25499
Valls	ES	41.2861	1.2499	25092
Santa Perpètua de Mogoda	ES	41.5333	2.1833	25048
Onda	ES	39.965	-0.2604	24850
Calahorra	ES	42.3051	-1.9652	24787
Martos	ES	37.7211	-3.9726	24655
Almansa	ES	38.8692	-1.0971	24537
Adra	ES	36.7483	-3.0208	24373
Calafell	ES	41.2	1.5683	24265
Erandio	ES	43.3044	-2.9735	24262
Alboraya	ES	39.5	-0.35	24222
Cullera	ES	39.1667	-0.25	24121
Ibi	ES	38.6253	-0.5723	24113
Molins de Rei	ES	41.4167	2.0167	24067
Castellar del Vallès	ES	41.6167	2.0833	24036
Altea	ES	38.5988	-0.0515	23780
San Pedro del Pinatar	ES	37.8357	-0.791	23738
Paiporta	ES	39.4281	-0.4177	23519
Los Barrios	ES	36.1848	-5.4921	23513
El Palmar	ES	37.9394	-1.1609	23361
Baza	ES	37.4907	-2.7726	23359
El Masnou	ES	41.4798	2.3188	23340
Calp	ES	38.6447	0.0445	23326
Alhaurín el Grande	ES	36.643	-4.6873	23319
Olesa de Montserrat	ES	41.5437	1.8941	23301
Cambre	ES	43.2944	-8.3474	23231
Ponteareas	ES	42.1748	-8.504	23172
Montilla	ES	37.5863	-4.638	23031
Llíria	ES	39.6289	-0.5978	22972
Vícar	ES	36.8316	-2.6427	22853
Alcalá la Real	ES	37.4614	-3.923	22783
Tomares	ES	37.3728	-6.0459	22772
Zarautz	ES	43.2844	-2.1699	22627
Priego de Córdoba	ES	37.4381	-4.1952	22585
Barbate	ES	36.1924	-5.9219	22551
Mutxamel	ES	38.4158	-0.4453	22510
Mejorada del Campo	ES	40.3928	-3.4819	22488
Conil de la Frontera	ES	36.2772	-6.0885	22427
Palafrugell	ES	41.9174	3.1631	22365
Ciempozuelos	ES	40.1591	-3.621	22132
Arrasate / Mondragón	ES	43.0644	-2.4898	22019
Ribarroja del Turia	ES	39.5459	-0.5707	21992
Torre del Mar	ES	36.742	-4.0929	21980
Sant Feliu de Guíxols	ES	41.7833	3.0333	21977
Sant Joan d'Alacant	ES	38.4015	-0.4362	21939
Moncada	ES	39.5455	-0.3955	21900
Coín	ES	36.6595	-4.7564	21866
Esparreguera	ES	41.5381	1.8702	21855
Sant Antoni de Portmany	ES	38.9807	1.3036	21852
Nerja	ES	36.7528	-3.8744	21811
Torrelodones	ES	40.5765	-3.9266	21781
Laguna de Duero	ES	41.5815	-4.7233	21762
Carcaixent	ES	39.1218	-0.4481	21735
Navalcarnero	ES	40.2891	-4.012	21584
Loja	ES	37.1689	-4.1513	21574
Medina del Campo	ES	41.3124	-4.9141	21540
Pilar de la Horadada	ES	37.8659	-0.7926	21418
Armilla	ES	37.1439	-3.6253	21380
Cabra	ES	37.4725	-4.4421	21352
Isla Cristina	ES	37.2	-7.3167	21324
Cártama	ES	36.7107	-4.633	21313
Illescas	ES	40.1221	-3.847	21264
Amposta	ES	40.7099	0.5786	21240
Palma del Río	ES	37.7002	-5.2812	21159
Las Torres de Cotillas	ES	38.0282	-1.2419	21062
l'Alfàs del Pi	ES	38.5806	-0.1032	21011
La Felguera	ES	43.3075	-5.6909	21000
Baena	ES	37.6167	-4.3224	20915
Ayamonte	ES	37.2133	-7.4081	20883
Vila-seca	ES	41.1112	1.1476	20866
Alfafar	ES	39.4167	-0.3833	20853
Maracena	ES	37.2076	-3.6349	20815
San Juan de Aznalfarache	ES	37.3581	-6.0373	20779
Vilassar de Mar	ES	41.5051	2.3923	20764
Bétera	ES	39.5911	-0.4615	20740
A Estrada	ES	42.6891	-8.4884	20661
Manlleu	ES	42.0023	2.2848	20647
Almoradí	ES	38.1088	-0.792	20542
Mairena del Alcor	ES	37.373	-5.7495	20510
Rojales	ES	38.088	-0.7254	20510
La Pobla de Vallbona	ES	39.5975	-0.5547	20431
Requena	ES	39.4883	-1.1004	20227
Hernani	ES	43.2662	-1.9762	20222
Algete	ES	40.5971	-3.4974	20204
Aspe	ES	38.3451	-0.7672	20180
Lalín	ES	42.6609	-8.1128	20158
Barañáin	ES	42.8057	-1.6773	20039
Calatayud	ES	41.3535	-1.6432	20035
Natahoyo	ES	43.5403	-5.6823	20000
Alhama de Murcia	ES	37.851	-1.4251	19860
Alcúdia	ES	39.8532	3.1214	19793
Picassent	ES	39.3635	-0.4595	19786
Marchena	ES	37.329	-5.4168	19768
Banyoles	ES	42.1167	2.7667	19615
Moguer	ES	37.2756	-6.8385	19569
El Arahal	ES	37.2627	-5.5453	19565
Monforte de Lemos	ES	42.5217	-7.5142	19546
Chipiona	ES	36.7366	-6.437	19386
Lora del Río	ES	37.659	-5.5275	19352
Roses	ES	42.262	3.1769	19319
El Viso del Alcor	ES	37.3911	-5.7199	19191
Manzanares	ES	38.9992	-3.3699	19186
Benavente	ES	42.0025	-5.6783	19119
El Goloso	ES	40.5534	-3.6997	19036
Puçol	ES	39.6167	-0.3	19018
Moaña	ES	42.2781	-8.7392	19014
Zubia	ES	37.1191	-3.584	18995
Silla	ES	39.3626	-0.4117	18979
Burlata	ES	42.8256	-1.6167	18934
Boiro	ES	42.6472	-8.8846	18883
Bailén	ES	38.0964	-3.7779	18785
Calella	ES	41.6138	2.6542	18728
Guadix	ES	37.2993	-3.1392	18718
Bormujos	ES	37.3736	-6.0723	18590
Daimiel	ES	39.07	-3.615	18527
Malgrat de Mar	ES	41.6466	2.7414	18472
Sant Quirze del Vallès	ES	41.5333	2.0833	18462
Laudio / Llodio	ES	43.1432	-2.962	18314
Felanitx	ES	39.4696	3.1483	18270
San Martín de la Vega	ES	40.2073	-3.5706	18256
Archena	ES	38.1163	-1.3004	18202
Tavernes de la Valldigna	ES	39.072	-0.2662	18195
Tarifa	ES	36.0139	-5.607	18169
El Astillero	ES	43.4009	-3.8205	18108
Humanes de Madrid	ES	40.2504	-3.8306	18098
Benicàssim	ES	40.05	0.0667	18055
L'Eliana	ES	39.5667	-0.5333	18050
Tolosa	ES	43.1348	-2.078	18044
Nigrán	ES	42.1415	-8.8066	18021
Son Rapinya	ES	39.5893	2.619	17993
Aljaraque	ES	37.2699	-7.0231	17960
Callosa de Segura	ES	38.125	-0.8782	17924
Cartaya	ES	37.2811	-7.1507	17905
Palamós	ES	41.8484	3.1291	17898
San Lorenzo de El Escorial	ES	40.5914	-4.1474	17889
la Nucia	ES	38.6137	-0.1269	17874
Osuna	ES	37.2376	-5.1031	17851
Amorebieta	ES	43.2167	-2.7333	17842
Oria	ES	43.2554	-2.0187	17842
Teo	ES	42.795	-8.548	17807
Lasarte	ES	43.2677	-2.0217	17782
Arroyo de la Miel	ES	36.5992	-4.5351	17763
La Unión	ES	37.6191	-0.878	17737
Utebo	ES	41.7083	-0.9992	17677
Pozoblanco	ES	38.3791	-4.8483	17669
Huercal-Overa	ES	37.3892	-1.943	17645
Parets del Vallès	ES	41.5748	2.2331	17632
Porriño	ES	42.1616	-8.6198	17475
Ejea de los Caballeros	ES	42.1263	-1.1372	17331
La Pineda	ES	41.077	1.1789	17305
Vilaseca	ES	42.0617	2.2553	17305
Tui	ES	42.0471	-8.6443	17262
Pollença	ES	39.8768	3.0163	17260
Navalmoral de la Mata	ES	39.8916	-5.5406	17228
Sanxenxo	ES	42.4	-8.807	17212
Berga	ES	42.1043	1.8463	17160
Castilleja de la Cuesta	ES	37.3859	-6.0526	17150
Albolote	ES	37.2309	-3.6551	17089
Monzón	ES	41.9108	0.1941	17042
Poio	ES	42.4477	-8.6859	17018
Villaquilambre	ES	42.6469	-5.5583	17013
Ubrique	ES	36.6778	-5.446	16979
Mula	ES	38.041	-1.4901	16941
Bermeo	ES	43.4209	-2.7215	16937
Barbastro	ES	42.0356	0.1269	16924
Torrox	ES	36.7579	-3.9523	16890
Caldes de Montbui	ES	41.6333	2.1667	16885
Sant Celoni	ES	41.6892	2.4897	16860
Balaguer	ES	41.7912	0.8109	16841
Villanueva de la Cañada	ES	40.4469	-4.0043	16804
Cardedeu	ES	41.6398	2.3574	16596
Tàrrega	ES	41.647	1.1396	16539
Hondarribia	ES	43.3686	-1.7962	16458
Zafra	ES	38.4254	-6.4173	16424
Alcañiz	ES	41.05	-0.1333	16392
Las Cabezas de San Juan	ES	36.9838	-5.9393	16379
Las Gabias	ES	37.1355	-3.6703	16369
Guardamar del Segura	ES	38.0903	-0.6556	16329
La Algaba	ES	37.4633	-6.0111	16301
Baeza	ES	37.9938	-3.471	16253
Ermua	ES	43.1872	-2.5026	16252
Gernika-Lumo	ES	43.3167	-2.6833	16244
Viveiro	ES	43.6623	-7.5934	16238
Montijo	ES	38.9084	-6.6178	16236
Seseña	ES	40.1047	-3.6979	16231
Mungia	ES	43.3546	-2.8452	16209
La Roda	ES	39.2073	-2.1572	16060
El Grao	ES	39.9736	0.0128	16026
Canovelles	ES	41.6167	2.2833	16023
Pasaia	ES	43.3253	-1.9271	15990
Corvera de Asturias	ES	43.5355	-5.8889	15955
Barrio de Peral	ES	37.6251	-0.9879	15937
El Escorial	ES	40.5825	-4.1285	15842
Sant Just Desvern	ES	41.3839	2.0676	15811
Los Alcázares	ES	37.7443	-0.8504	15674
Tarancón	ES	40.0085	-3.0073	15651
Carlet	ES	39.2266	-0.5214	15527
La Solana	ES	38.9442	-3.2381	15523
Sant Carles de la Ràpita	ES	40.6167	0.6	15511
Montornès del Vallès	ES	41.5421	2.2675	15509
Albal	ES	39.4	-0.4167	15443
Santafé	ES	37.1886	-3.7189	15430
Atarfe	ES	37.2248	-3.6869	15399
Piera	ES	41.5223	1.7508	15362
Tordera	ES	41.6991	2.7189	15345
Santomera	ES	38.0615	-1.0488	15319
Miguelturra	ES	38.9644	-3.8905	15316
Benetússer	ES	39.4226	-0.3969	15313
Arenys de Mar	ES	41.5819	2.5494	15307
La Carolina	ES	38.2756	-3.6153	15306
Torredembarra	ES	41.145	1.3986	15272
Massamagrell	ES	39.5667	-0.3333	15210
Sant Agustí	ES	39.5506	2.5974	15136
Villanueva del Pardillo	ES	40.4901	-3.9638	15087
Berja	ES	36.8469	-2.9497	15035
Cehegín	ES	38.0924	-1.7985	15022
Béjar	ES	40.3864	-5.7634	15007
Campo de Criptana	ES	39.4046	-3.1249	15006
la Garriga	ES	41.6833	2.2833	14991
Puerto Lumbreras	ES	37.5633	-1.8097	14981
Huércal de Almería	ES	36.8851	-2.4376	14937
Guadarrama	ES	40.6727	-4.0895	14800
Azpeitia	ES	43.1825	-2.2669	14786
Sarriguren	ES	42.8129	-1.5981	14779
Punta Umbría	ES	37.1821	-6.9661	14708
Bergara	ES	43.1151	-2.4175	14707
Andoain	ES	43.2166	-2.0253	14679
Mos	ES	43.1612	-7.5432	14650
Santa Marta de Tormes	ES	40.9507	-5.6272	14630
Torre del Campo	ES	37.7705	-3.8973	14627
Teulada	ES	38.7294	0.1038	14620
Cangas del Narcea	ES	43.1833	-6.55	14589
Sada	ES	43.3562	-8.258	14487
Arnedo	ES	42.228	-2.1008	14457
Villaviciosa	ES	43.4813	-5.4357	14430
Paracuellos de Jarama	ES	40.5035	-3.5278	14329
Mollerussa	ES	41.6333	0.9	14319
Fraga	ES	41.5229	0.3489	14302
Estella-Lizarra	ES	42.6718	-2.0323	14238
Vilalba	ES	43.2981	-7.6813	14226
Las Matas	ES	40.5578	-3.8917	14213
Torredonjimeno	ES	37.7675	-3.9578	14181
Torelló	ES	42.0463	2.2668	14172
Chiva	ES	39.4667	-0.7167	14167
Fene	ES	43.45	-8.15	14165
Lliçà d'Amunt	ES	41.6167	2.2333	14143
Canet de Mar	ES	41.5905	2.5812	14123
Bollullos par del Condado	ES	37.3413	-6.5397	14114
Ciudad Rodrigo	ES	40.6	-6.5333	14080
Vallirana	ES	41.3868	1.9321	14066
Sóller	ES	39.7662	2.7152	14041
Lugones	ES	43.4027	-5.8121	14000
Vera	ES	37.2435	-1.8591	13985
Llanera	ES	43.4396	-5.8508	13948
Canals	ES	38.9625	-0.5844	13941
O Carballiño	ES	42.4316	-8.079	13939
Aguadulce	ES	36.8141	-2.5724	13886
Corbera de Llobregat	ES	41.417	1.9197	13843
Gondomar	ES	42.1116	-8.7497	13841
La Llagosta	ES	41.5144	2.193	13820
Verín	ES	41.9415	-7.4381	13817
Manilva	ES	36.3764	-5.2503	13813
Cubelles	ES	41.2077	1.6727	13711
Cambados	ES	42.5122	-8.8131	13708
Betanzos	ES	43.2804	-8.2147	13680
Llanes	ES	43.4198	-4.7549	13639
Beasain	ES	43.0502	-2.2009	13557
Valdés	ES	36.7584	-4.2424	13529
Pinos Puente	ES	37.2511	-3.7497	13515
Aguilar	ES	37.5148	-4.6572	13509
Sarria	ES	42.7815	-7.4143	13508
Nules	ES	39.8536	-0.1564	13490
Gines	ES	37.3865	-6.0773	13471
O Barco de Valdeorras	ES	42.4164	-6.9901	13463
Jaca	ES	42.569	-0.5499	13396
San Antonio Abad	ES	37.6177	-0.9967	13395
Pilas	ES	37.3034	-6.301	13386
Villafranca de los Barros	ES	38.5614	-6.3381	13356
Zizur Mayor	ES	42.788	-1.6906	13345
Tomiño	ES	41.9877	-8.755	13315
San Agustín del Guadalix	ES	40.6788	-3.6164	13273
Godella	ES	39.5333	-0.4167	13240
Alginet	ES	39.2667	-0.4667	13226
Benissa	ES	38.7149	0.0485	13221
La Carlota	ES	37.6736	-4.9312	13182
Socuéllamos	ES	39.2858	-2.7921	13163
Ogíjares	ES	37.1191	-3.6077	13119
Torrijos	ES	39.9819	-4.2835	13117
Abarán	ES	38.2055	-1.3991	13030
Cuevas del Almanzora	ES	37.2968	-1.8822	13025
Vejer de la Frontera	ES	36.2521	-5.9672	12973
Alora	ES	36.8236	-4.7058	12951
Mont-roig del Camp	ES	41.0868	0.9593	12906
Coria	ES	39.9841	-6.536	12896
Alpedrete	ES	40.6589	-4.0251	12797
Valverde del Camino	ES	37.5751	-6.7543	12780
sa Pobla	ES	39.7692	3.0239	12766
Sanlúcar la Mayor	ES	37.3876	-6.2035	12749
Salobreña	ES	36.7428	-3.5872	12747
Quintanar de la Orden	ES	39.5937	-3.0417	12736
Santanyí	ES	39.3546	3.1291	12664
Vilanova del Camí	ES	41.5716	1.6375	12649
Espartinas	ES	37.3815	-6.1258	12648
Estepa	ES	37.2926	-4.879	12632
Ordes	ES	43.0765	-8.409	12632
Pola de Siero	ES	43.3923	-5.6634	12615
Puente Tocinos	ES	37.9934	-1.1025	12529
Villamartín	ES	36.8598	-5.6448	12526
Bullas	ES	38.0467	-1.6723	12493
Bolaños de Calatrava	ES	38.9069	-3.6635	12490
Brenes	ES	37.5494	-5.8714	12460
Arrigorriaga	ES	43.2101	-2.8856	12435
Utiel	ES	39.5667	-1.2	12420
Meco	ES	40.5527	-3.3289	12419
Sopela	ES	43.3789	-2.9831	12359
Bueu	ES	42.3246	-8.785	12331
Cunit	ES	41.1983	1.6364	12279
Haro	ES	42.5763	-2.8476	12261
Gibraleón	ES	37.3763	-6.969	12258
Sant Sadurní d'Anoia	ES	41.4256	1.7852	12237
Son Servera	ES	39.6207	3.3601	12215
Benifaió	ES	39.2844	-0.426	12204
Monóvar	ES	38.4381	-0.8406	12175
Jódar	ES	37.8406	-3.3526	12157
Castelló d'Empúries	ES	42.2567	3.0745	12111
Baiona	ES	42.1167	-8.85	12091
Astorga	ES	42.4588	-6.056	12078
La Seu d'Urgell	ES	42.3588	1.4614	12041
Churriana de la Vega	ES	37.145	-3.6462	12001
Castellbisbal	ES	41.4753	1.9817	11977
Olivenza	ES	38.6827	-7.1005	11977
L'Alcúdia	ES	39.1972	-0.5054	11938
Capdepera	ES	39.7024	3.4353	11911
Peñarroya-Pueblonuevo	ES	38.3	-5.2667	11883
La Puebla del Río	ES	37.2679	-6.0626	11879
Abrera	ES	41.5168	1.901	11815
Rianxo	ES	42.6498	-8.8176	11769
Deltebre	ES	40.7194	0.7084	11751
Albatera	ES	38.179	-0.8706	11745
Santa Coloma de Farners	ES	41.8667	2.6667	11739
Arroyo de la Encomienda	ES	41.6096	-4.7969	11716
Andratx	ES	39.5755	2.4202	11685
Medina Sidonia	ES	36.4569	-5.9272	11658
Argentona	ES	41.5534	2.4011	11633
Ciudad Quesada	ES	38.065	-0.7167	11622
Torroella de Montgrí	ES	42.0425	3.127	11598
Moralzarzal	ES	40.6782	-3.9707	11582
Santoña	ES	43.4439	-3.4576	11569
Velilla de San Antonio	ES	40.3652	-3.4848	11553
Santa Margalida	ES	39.7014	3.1021	11537
Los Corrales de Buelna	ES	43.2636	-4.0726	11519
Cocentaina	ES	38.7398	-0.4398	11467
As Pontes de García Rodríguez	ES	43.4527	-7.8518	11431
Madridejos	ES	39.4682	-3.532	11404
Tafalla	ES	42.5269	-1.6745	11394
Huétor Vega	ES	37.1453	-3.5696	11324
Laracha	ES	43.2537	-8.5854	11302
Villacarrillo	ES	38.1156	-3.0848	11294
Santa Cruz de Bezana	ES	43.4437	-3.9032	11279
Azkoitia	ES	43.1774	-2.3113	11266
Sonseca	ES	39.6775	-3.9745	11265
Beniaján	ES	37.9739	-1.0706	11233
Elgoibar	ES	43.216	-2.4133	11220
Tarazona	ES	41.9047	-1.7268	11211
Villarrubia de los Ojos	ES	39.2208	-3.608	11191
Albox	ES	37.3886	-2.1495	11178
Alberic	ES	39.1167	-0.5167	11175
Laredo	ES	43.4098	-3.4161	11148
Tineo	ES	43.3376	-6.4145	11146
Alcaudete	ES	37.5909	-4.0824	11135
Pallejà	ES	41.4239	1.995	11134
Pego	ES	38.843	-0.1171	11133
Palos de la Frontera	ES	37.2346	-6.8947	11112
Guillena	ES	37.5426	-6.0563	11109
Pola de Lena	ES	43.1609	-5.8288	11086
La Bañeza	ES	42.3003	-5.8977	11057
Ripoll	ES	42.2006	2.1903	11057
Picanya	ES	39.4333	-0.4333	11053
Valdemorillo	ES	40.5006	-4.0671	11045
La Puebla de Cazalla	ES	37.2216	-5.3115	11033
Benaguasil	ES	39.6	-0.5833	11011
Mancha Real	ES	37.7863	-3.6123	10972
Fuensalida	ES	40.0529	-4.2072	10967
Beniel	ES	38.0464	-1.0023	10933
Consuegra	ES	39.4625	-3.608	10932
Peligros	ES	37.2323	-3.629	10910
Oñati	ES	43.0326	-2.41	10896
Sant Andreu de Llavaneres	ES	41.5667	2.4833	10877
Alcalá del Río	ES	37.5178	-5.9818	10869
Fuente Palmera	ES	37.7049	-5.0996	10788
Sant Joan de Vilatorrada	ES	41.7455	1.8048	10779
La Palma del Condado	ES	37.386	-6.5523	10762
Santa Ponsa	ES	39.5087	2.4766	10736
Alovera	ES	40.5937	-3.2453	10734
Vilanova de Arousa	ES	42.564	-8.828	10719
O Grove	ES	42.4944	-8.865	10700
Villacañas	ES	39.6237	-3.3381	10645
Calonge	ES	41.8587	3.0793	10637
Cantillana	ES	37.6103	-5.8247	10627
Rute	ES	37.3269	-4.3683	10559
Mora	ES	39.6849	-3.7739	10554
Santa Comba	ES	43.0331	-8.8093	10487
Illora	ES	37.2877	-3.8811	10440
l'Alcora	ES	40.0667	-0.2	10430
Premià de Dalt	ES	41.5	2.35	10429
Luanco	ES	43.6152	-5.7934	10427
l'Escala	ES	42.1256	3.1326	10417
Meliana	ES	39.5333	-0.3333	10395
la Bisbal d'Empordà	ES	41.95	3.05	10385
Sabiñánigo	ES	42.5192	-0.3661	10378
Castell-Platja d'Aro	ES	41.8175	3.0674	10376
Atarrabia	ES	42.8323	-1.6074	10341
Miajadas	ES	39.1513	-5.9084	10338
Caudete	ES	38.7068	-0.9872	10330
Castalla	ES	38.5969	-0.6721	10327
Reinosa	ES	42.9996	-4.138	10307
Amurrio	ES	43.05	-3.0	10286
Montgat	ES	41.4686	2.28	10270
Jerez de los Caballeros	ES	38.3206	-6.7726	10237
La Roca del Vallès	ES	41.5833	2.3333	10214
s'Arenal	ES	39.5	2.75	10207
Calasparra	ES	38.23	-1.6999	10178
Ceuti	ES	38.0786	-1.2747	10174
Xinzo de Limia	ES	42.0635	-7.7246	10161
Bembibre	ES	42.6177	-6.4154	10071
Villanueva de Córdoba	ES	38.3228	-4.6287	10057
Sax	ES	38.5373	-0.8178	10054
Caldas de Reis	ES	42.6047	-8.6423	10036
El Casar	ES	38.5309	-5.9251	10031
La Manga del Mar Menor	ES	37.6413	-0.7165	10000
Muros	ES	42.7762	-9.0603	9999
Mengibar	ES	37.9698	-3.8088	9927
Alcàsser	ES	39.3679	-0.4445	9908
Grado	ES	43.388	-6.0743	9839
Zumarraga	ES	43.0886	-2.3141	9834
La Gangosa Vistasol	ES	36.8058	-2.6217	9780
Campos	ES	39.431	3.0194	9765
Sangonera la Verde	ES	37.9286	-1.2079	9648
Foz	ES	43.5692	-7.2544	9642
Porto do Son	ES	42.7248	-9.0053	9613
Cuéllar	ES	41.4016	-4.3147	9588
Alfaro	ES	42.1803	-1.7502	9574
Salvatierra de Miño	ES	42.0833	-8.5	9566
Toro	ES	41.5242	-5.3953	9556
Ondarroa	ES	43.3167	-2.4167	9546
Buñol	ES	39.4167	-0.7833	9517
Piedras Blancas	ES	43.5591	-5.9756	9510
Pulpí	ES	37.4115	-1.745	9502
Fuente-Álamo de Murcia	ES	37.7239	-1.1697	9500
A Pobra do Caramiñal	ES	42.6029	-8.9382	9440
Montoro	ES	38.0241	-4.3834	9436
Zierbena	ES	43.35	-3.0833	9418
Alcanar	ES	40.5432	0.4808	9402
Fernán-Núñez	ES	37.6704	-4.7264	9374
El Álamo	ES	40.2307	-3.9945	9353
Ribadeo	ES	43.537	-7.0409	9343
Chantada	ES	42.6088	-7.7711	9339
Trujillo	ES	39.4579	-5.882	9317
Pola de Laviana	ES	43.2454	-5.5629	9106
Huétor-Tájar	ES	37.1983	-4.0469	9105
Tocina	ES	37.609	-5.734	9067
Padrón	ES	42.7388	-8.6606	9039
Tavernes Blanques	ES	39.5	-0.3667	9033
Silleda	ES	42.696	-8.2465	9018
Navia	ES	43.5354	-6.7194	9006
Villablino	ES	42.9393	-6.3194	8919
Binéfar	ES	41.8514	0.2943	8890
Alella	ES	41.4938	2.2945	8859
Puigcerdà	ES	42.4316	1.9282	8845
Arenys de Munt	ES	41.6142	2.5397	8838
Oropesa del Mar	ES	40.0913	0.1411	8830
Sant Cristòfol de les Fonts	ES	42.1696	2.4994	8791
Montmeló	ES	41.55	2.2419	8784
Sedaví	ES	39.4333	-0.3833	8778
Olivares	ES	37.418	-6.156	8759
Zumaia	ES	43.2947	-2.2534	8751
Cervera	ES	41.67	1.2721	8724
Villanueva del Arzobispo	ES	38.1684	-3.0074	8716
Soto del Real	ES	40.7526	-3.7802	8694
Alaior	ES	39.9303	4.1404	8671
El Molar	ES	40.7321	-3.5797	8666
Almagro	ES	38.8894	-3.7113	8546
Moratalla	ES	38.1893	-1.8918	8530
Olvera	ES	36.9342	-5.2668	8515
Archidona	ES	37.0965	-4.3887	8506
Cassà de la Selva	ES	41.8878	2.8752	8504
Zalla	ES	43.2333	-3.1333	8379
Segorbe	ES	39.85	-0.4833	8371
Ortuella	ES	43.3111	-3.0562	8360
Solsona	ES	41.9939	1.5171	8343
Burela de Cabo	ES	43.662	-7.367	8338
Tordesillas	ES	41.502	-5.0015	8277
Azuaga	ES	38.2667	-5.6833	8242
Berriozar	ES	42.8307	-1.6665	8199
Binissalem	ES	39.6874	2.844	8143
Los Santos de Maimona	ES	38.45	-6.3833	8126
Sant Vicenç de Castellet	ES	41.6667	1.8667	8096
Castro del Río	ES	37.6912	-4.4806	8065
Santiago de la Ribera	ES	37.7968	-0.8054	8058
Cabezón de la Sal	ES	43.3082	-4.2357	8057
Villalbilla	ES	40.4304	-3.299	8055
Caspe	ES	41.234	-0.0394	8054
Cazorla	ES	37.9149	-3.0034	8039
Campillos	ES	37.0483	-4.8631	8014
Empuriabrava	ES	42.2469	3.1206	8000
Moraleja	ES	40.0668	-6.6598	7995
Muro del Alcoy	ES	38.7812	-0.4361	7983
Matadepera	ES	41.5989	2.0265	7970
Fortuna	ES	38.1814	-1.1259	7943
Malagón	ES	39.1667	-3.8542	7923
Guardo	ES	42.7897	-4.8482	7920
Outes	ES	42.8506	-8.9265	7902
Gelves	ES	37.3348	-6.026	7897
Andorra	ES	40.9766	-0.4472	7890
Tobarra	ES	38.5921	-1.6919	7884
Herencia	ES	39.3662	-3.3573	7879
Puig	ES	39.5887	-0.3033	7851
Bujalance	ES	37.8956	-4.3807	7848
Pinoso	ES	38.4016	-1.042	7845
La Almunia de Doña Godina	ES	41.4767	-1.3745	7819
La Mojonera	ES	37.2923	-2.4373	7819
Brunete	ES	40.4053	-3.9985	7799
Nájera	ES	42.4182	-2.7287	7789
Pedro Muñoz	ES	39.4029	-2.9466	7789
Bornos	ES	36.8168	-5.7445	7750
El Cuervo	ES	36.853	-6.0378	7745
Santa Maria de Palautordera	ES	41.6942	2.4457	7739
Bargas	ES	39.9411	-4.0198	7731
Alguazas	ES	38.0536	-1.2505	7725
Castellet	ES	41.2628	1.6337	7713
Torres de la Alameda	ES	40.4026	-3.3577	7712
Cobeña	ES	40.5667	-3.5	7702
La Puebla de Montalbán	ES	39.863	-4.3592	7695
Arévalo	ES	41.0626	-4.7204	7689
Balmaseda	ES	43.2	-3.2	7684
Coristanco	ES	43.2	-8.75	7674
Santa Marta de Ortigueira	ES	43.6833	-7.85	7663
L'Olleria	ES	38.9167	-0.55	7648
Marmolejo	ES	38.0455	-4.1703	7643
Sentmenat	ES	41.6086	2.1353	7633
Monserrat	ES	39.3667	-0.6	7583
Cee	ES	42.9547	-9.188	7576
Corella	ES	42.1151	-1.7856	7576
Santiponce	ES	37.4355	-6.0411	7561
Hinojosa del Duque	ES	38.5006	-5.1465	7555
Quintanar del Rey	ES	39.3333	-1.9333	7539
El Plan	ES	37.65	-1.0167	7497
Almodóvar del Río	ES	37.8107	-5.0204	7486
Griñón	ES	40.2125	-3.8548	7484
Onil	ES	38.6261	-0.6731	7474
Collado Mediano	ES	40.6933	-4.0228	7463
Almussafes	ES	39.2833	-0.4167	7459
Cedeira	ES	43.6604	-8.0572	7455
Peníscola	ES	40.3574	0.4069	7447
Es Castell	ES	39.8776	4.2899	7440
Centelles	ES	41.7975	2.219	7423
Altsasu	ES	42.9	-2.1652	7407
Villa del Río	ES	37.9811	-4.29	7407
L'Entregu/El Entrego	ES	43.2875	-5.638	7400
Guissona	ES	41.7833	1.3	7390
La Rambla	ES	37.6076	-4.7396	7374
Huéscar	ES	37.811	-2.5412	7367
Posadas	ES	37.8021	-5.1073	7364
Porto Cristo	ES	39.5395	3.333	7355
Aracena	ES	37.894	-6.5612	7351
Cabrils	ES	41.5276	2.37	7348
Pizarra	ES	36.7654	-4.7083	7345
Talayuela	ES	39.987	-5.6098	7345
Fuentes de Andalucía	ES	37.4641	-5.3461	7344
Valencina de la Concepción	ES	37.4162	-6.0742	7343
Tauste	ES	41.918	-1.2534	7334
L'Ametlla del Vallès	ES	41.6667	2.2667	7319
Villarejo de Salvanés	ES	40.1666	-3.2728	7291
Aguilar de Campoo	ES	42.7945	-4.2589	7280
Padul	ES	37.0246	-3.6268	7266
Can Picafort	ES	39.7657	3.1549	7257
Cheste	ES	39.4833	-0.6833	7255
Lekeitio	ES	43.3642	-2.5049	7254
Villa del Prado	ES	40.2785	-4.3053	7253
Daganzo de Arriba	ES	40.5429	-3.4546	7242
Reocín	ES	43.3391	-4.094	7230
Trigueros	ES	37.3861	-6.8268	7221
Carboneras	ES	36.9967	-1.8965	7199
Cabanillas del Campo	ES	40.6338	-3.2294	7194
Candás	ES	43.5892	-5.7674	7193
Colindres	ES	43.3967	-3.4536	7179
Argés	ES	39.8062	-4.057	7178
Bigues i Riells	ES	41.6833	2.2333	7175
Colmenarejo	ES	40.5606	-4.0171	7173
Cervelló	ES	41.3959	1.9592	7151
Masquefa	ES	41.5035	1.8114	7150
Dolores	ES	38.14	-0.7709	7132
Los Barreros	ES	37.6283	-0.9977	7127
Nuevo Baztán	ES	40.3673	-3.2412	7126
Sallent	ES	41.826	1.8955	7107
Villanueva de Castellón	ES	39.0774	-0.5117	7095
Hoyo de Manzanares	ES	40.6227	-3.9073	7093
Santa Coloma de Cervelló	ES	41.3674	2.0143	7086
Paradas	ES	37.2905	-5.497	7084
La Pobla de Farnals	ES	39.5657	-0.2843	7080
Tiana	ES	41.482	2.267	7052
Elorrio	ES	43.1292	-2.5406	7041
Palmanova	ES	39.5247	2.5392	7040
Zarandona	ES	38.0097	-1.1111	7020
Guareña	ES	38.8595	-6.0999	7006
Iznalloz	ES	37.3926	-3.5276	7005
Puerto Serrano	ES	36.9221	-5.543	6996
Miraflores de la Sierra	ES	40.8155	-3.7621	6990
Las Pedroñeras	ES	39.45	-2.6739	6986
Suances	ES	43.4334	-4.0434	6984
Colmenar de Oreja	ES	40.1067	-3.3855	6968
San Martín de Valdeiglesias	ES	40.3618	-4.3983	6965
Tona	ES	41.8479	2.2281	6955
Porcuna	ES	37.871	-4.185	6951
Garrucha	ES	37.1814	-1.8225	6920
Dúrcal	ES	36.9879	-3.566	6913
Ocaña	ES	39.9579	-3.4982	6913
Argamasilla de Alba	ES	39.1292	-3.0925	6902
Almodóvar del Campo	ES	38.7094	-4.1791	6893
Sant Lluís	ES	39.8494	4.2582	6892
Briviesca	ES	42.5499	-3.3232	6880
Negreira	ES	42.904	-8.7427	6877
Xixona	ES	38.5409	-0.5026	6865
Montellano	ES	36.9953	-5.5714	6851
Valdoviño	ES	43.6	-8.1333	6838
San Juan del Puerto	ES	37.3167	-6.8414	6834
Malpica	ES	43.3228	-8.8105	6832
Guadalix de la Sierra	ES	40.785	-3.6935	6813
Cubas	ES	40.189	-3.8353	6807
Trebujena	ES	36.8708	-6.1759	6806
Torreperogil	ES	38.0354	-3.29	6786
San Clemente	ES	39.4041	-2.4282	6765
Constantina	ES	37.8667	-5.6167	6757
Benalup-Casas Viejas	ES	36.3438	-5.8128	6754
Fuente del Maestre	ES	38.5266	-6.4478	6748
Cercedilla	ES	40.741	-4.0564	6747
Vilamarxant	ES	39.5692	-0.6245	6730
Llagostera	ES	41.8269	2.8937	6713
Campo Real	ES	40.3333	-3.3833	6711
Santa María de Cayón	ES	43.3085	-3.8368	6710
Cintruénigo	ES	42.0794	-1.8046	6708
Villaverde del Río	ES	37.5892	-5.8744	6703
Güeñes	ES	43.2125	-3.095	6681
Jimena de la Frontera	ES	36.4352	-5.4539	6681
Jaraíz de la Vera	ES	40.06	-5.7543	6672
Arroyo de la Luz	ES	39.4851	-6.584	6671
Montblanc	ES	41.3764	1.1616	6632
Montefrío	ES	37.3231	-4.009	6631
Velez Rubio	ES	37.6484	-2.0769	6630
Cangas de Onís	ES	43.3514	-5.1292	6623
Alcalà de Xivert	ES	40.3	0.2333	6615
Muro	ES	39.7366	3.0556	6610
Arzúa	ES	42.9333	-8.15	6597
Iscar	ES	41.3612	-4.5335	6567
Pedreguer	ES	38.7931	0.0341	6547
Arenas de San Pedro	ES	40.2104	-5.0869	6539
Tarazona de la Mancha	ES	39.25	-1.9167	6514
Abanilla	ES	38.2054	-1.0415	6510
Redován	ES	38.1162	-0.9098	6507
Bollullos de la Mitación	ES	37.3401	-6.1372	6499
Membrilla	ES	38.972	-3.3433	6466
Bergondo	ES	43.3167	-8.2333	6446
Sevilla La Nueva	ES	40.3477	-4.0273	6445
Camariñas	ES	43.1311	-9.1817	6440
Esparragal	ES	38.0333	-1.0833	6420
Cox	ES	38.1416	-0.8874	6411
Pedrezuela	ES	40.7428	-3.5998	6391
Cala Rajada	ES	39.7117	3.4631	6390
Oroso	ES	42.9833	-8.4333	6378
Salas	ES	43.4118	-6.2602	6350
Aretxabaleta	ES	43.0341	-2.5046	6319
Tudela de Duero	ES	41.5845	-4.5809	6302
Cenes de la Vega	ES	37.1601	-3.5355	6295
Lorquí	ES	38.0826	-1.251	6293
Artà	ES	39.6932	3.3498	6287
San Miguel de Salinas	ES	37.9797	-0.789	6281
Moncofa	ES	39.8091	-0.147	6278
Ulldecona	ES	40.5973	0.4472	6273
Becerril de la Sierra	ES	40.717	-3.9886	6267
Peñaranda de Bracamonte	ES	40.9011	-5.2003	6260
Albaida	ES	38.838	-0.5172	6257
Olula del Río	ES	37.3544	-2.2975	6244
Manzanares el Real	ES	40.7263	-3.8626	6231
Alpicat	ES	41.6657	0.5556	6230
Herrera	ES	37.364	-4.8498	6230
Súria	ES	41.8333	1.75	6230
Los Yébenes	ES	39.5816	-3.8706	6224
Santo Domingo de la Calzada	ES	42.4402	-2.9537	6223
Lardero	ES	42.4269	-2.4615	6214
Polinyà	ES	41.55	2.15	6176
Huelma	ES	37.6478	-3.4598	6159
Morata de Tajuña	ES	40.2268	-3.4327	6159
Albuñol	ES	36.792	-3.205	6157
Catral	ES	38.1606	-0.8021	6147
Valga	ES	42.6979	-8.6396	6143
Alagón	ES	41.7696	-1.1191	6141
Valencia de Alcántara	ES	39.4115	-7.2443	6129
Calamonte	ES	38.8886	-6.3879	6117
Zuera	ES	41.8678	-0.7898	6098
Macael	ES	37.3332	-2.3009	6090
Alhama de Granada	ES	37.0069	-3.9896	6080
San Adrián	ES	42.3343	-1.9351	6076
Berango	ES	43.365	-2.996	6064
Blanca	ES	38.1791	-1.3747	6054
Son Ferrer	ES	39.4967	2.501	6054
Rocafort	ES	39.5333	-0.4	6049
Foios	ES	39.5333	-0.35	6035
Guitiriz	ES	43.1817	-7.8966	6033
O Rosal	ES	41.9354	-8.8368	6029
Mota del Cuervo	ES	39.5019	-2.8699	6020
Nerva	ES	37.6963	-6.5497	6009
Sant Vicenç de Montalt	ES	41.5785	2.5088	6007
Santa Maria del Camí	ES	39.6511	2.7732	6007
Monforte del Cid	ES	38.3803	-0.7285	6001
Quesada	ES	37.8434	-3.0656	5987
Cistérniga	ES	41.6129	-4.687	5983
Torrelles de Llobregat	ES	41.35	1.9833	5945
Santaella	ES	37.5629	-4.8436	5933
Castuera	ES	38.732	-5.5439	5921
Venta de Baños	ES	41.9211	-4.4909	5918
Betxí	ES	39.9333	-0.2	5902
Port de Pollença	ES	39.9075	3.0814	5900
Benigànim	ES	38.95	-0.4333	5899
Lezo	ES	43.3214	-1.8974	5867
Prado del Rey	ES	36.7876	-5.5559	5851
Monachil	ES	37.1332	-3.5372	5843
La Canonja	ES	41.1211	1.1806	5842
Aznalcóllar	ES	37.5191	-6.2699	5839
Infantes	ES	38.7367	-3.0122	5835
Urnieta	ES	43.2473	-1.9908	5827
Castro	ES	42.7667	-7.5833	5822
Villabona	ES	43.1854	-2.053	5822
Santa Eulàlia de Ronçana	ES	41.65	2.2333	5814
Teià	ES	41.498	2.3221	5805
Gerena	ES	37.5296	-6.1548	5803
Ondara	ES	38.8282	0.0172	5798
Almazán	ES	41.4865	-2.5309	5773
Bigastro	ES	38.0624	-0.8984	5770
Gelida	ES	41.4333	1.8667	5750
Parres	ES	43.35	-5.15	5749
Corral de Almaguer	ES	39.7599	-3.1645	5743
Ribadesella	ES	43.4614	-5.0595	5730
Peralta	ES	42.3383	-1.8003	5722
Llerena	ES	38.2333	-6.0167	5716
Benacazón	ES	37.3529	-6.1966	5698
Navàs	ES	41.9	1.8776	5696
Montehermoso	ES	40.088	-6.3498	5693
Castro de Rei	ES	43.2087	-7.4003	5685
Elexalde	ES	43.4149	-2.9368	5683
Oliva de la Frontera	ES	38.276	-6.9187	5682
Algar	ES	37.6474	-0.867	5681
Riudoms	ES	41.1333	1.05	5679
Algodonales	ES	36.8804	-5.4054	5672
Chinchón	ES	40.1402	-3.4227	5670
Móra d'Ebre	ES	41.0833	0.6333	5649
Órgiva	ES	36.9026	-3.4238	5649
Artés	ES	41.798	1.9543	5648
Arjona	ES	37.9349	-4.0548	5645
Alcalá de los Gazules	ES	36.4621	-5.7238	5639
Tremp	ES	42.167	0.8949	5639
La Puebla de Almoradiel	ES	39.5986	-3.1178	5629
Torreblanca	ES	40.2203	0.1965	5626
Almacelles	ES	41.7322	0.4372	5623
Alburquerque	ES	39.2208	-7.0023	5619
Yuncos	ES	40.0859	-3.8711	5615
Motilla del Palancar	ES	39.5667	-1.8833	5607
Puebla de la Calzada	ES	38.8944	-6.6259	5604
Riañu	ES	43.328	-5.7184	5600
Constantí	ES	41.1539	1.2126	5597
Cabeza del Buey	ES	38.7223	-5.2195	5590
Los Gabatos	ES	37.6333	-1.0	5581
Taradell	ES	41.8749	2.2866	5577
Guadassuar	ES	39.1866	-0.4786	5568
Nueva-Carteya	ES	37.5863	-4.4676	5561
Usurbil	ES	43.2716	-2.0491	5559
Navarcles	ES	41.7517	1.9036	5548
Begues	ES	41.3333	1.9333	5538
Celanova	ES	42.153	-7.9551	5533
Umbrete	ES	37.3688	-6.1585	5527
Carral	ES	43.2286	-8.3554	5525
Fuente el Saz	ES	40.6322	-3.5115	5524
Medina de Pomar	ES	42.9294	-3.488	5524
Mazaricos	ES	42.9403	-8.9719	5523
Campanario	ES	38.8644	-5.6174	5522
Anglès	ES	41.9562	2.636	5519
Mugardos	ES	43.4604	-8.2551	5514
Ayora	ES	39.0585	-1.0563	5508
Moraleja de Enmedio	ES	40.2612	-3.8596	5506
Meaño	ES	42.4466	-8.7812	5505
Cúllar-Vega	ES	37.1536	-3.6707	5487
Enguera	ES	38.9797	-0.6868	5484
La Muela	ES	41.5801	-1.1172	5479
Bunyola	ES	39.6963	2.6995	5475
Villanueva del Ariscal	ES	37.3962	-6.1408	5471
Peñafiel	ES	41.6016	-4.1142	5455
Abegondo	ES	43.2167	-8.2833	5454
Fuente Obejuna	ES	38.2667	-5.4167	5451
Pereiro de Aguiar	ES	42.3452	-7.8001	5443
Villamuriel de Cerrato	ES	41.9494	-4.5158	5437
San Ildefonso	ES	40.9018	-4.0069	5426
Pozo Alcón	ES	37.7026	-2.9337	5414
Aceuchal	ES	38.6463	-6.4864	5408
Cuntis	ES	42.634	-8.5626	5398
Allariz	ES	42.1904	-7.8018	5392
Can Pastilla	ES	39.5361	2.7177	5390
Casariche	ES	37.2939	-4.7597	5389
Vielha	ES	42.702	0.7956	5385
Talavera La Real	ES	38.8779	-6.7686	5376
Argamasilla de Calatrava	ES	38.7298	-4.0763	5371
Los Dolores	ES	37.6398	-1.0046	5369
Otura	ES	37.0885	-3.6332	5362
Agramunt	ES	41.7869	1.0968	5351
Ares	ES	43.4299	-8.2425	5342
Magaluf	ES	39.5111	2.5353	5339
Torrejón de la Calzada	ES	40.1989	-3.797	5339
Olías del Rey	ES	39.9444	-3.9868	5336
Alcalá del Valle	ES	36.9045	-5.1724	5323
El Altet	ES	38.273	-0.5397	5323
Paterna de Rivera	ES	36.5225	-5.8658	5306
Turís	ES	39.3833	-0.7	5305
Benejúzar	ES	38.0773	-0.8394	5295
Lloseta	ES	39.7185	2.8669	5295
Los Villares	ES	37.6915	-3.8187	5289
Renedo	ES	43.3528	-3.9503	5283
Dosrius	ES	41.5833	2.4167	5281
Gata de Gorgos	ES	38.7744	0.0854	5281
La Campana	ES	37.5689	-5.4267	5281
Peal de Becerro	ES	37.9134	-3.1215	5277
Mondariz	ES	42.2311	-8.4584	5259
Bonares	ES	37.3242	-6.6807	5257
Deba	ES	43.2957	-2.3521	5253
Beas de Segura	ES	38.2524	-2.8887	5251
Quintana de la Serena	ES	38.746	-5.6723	5242
Alameda	ES	37.2087	-4.6586	5241
Moral de Calatrava	ES	38.8299	-3.5781	5236
Cardona	ES	41.9137	1.6785	5226
Guijuelo	ES	40.5576	-5.6707	5221
Villanueva del Río y Minas	ES	37.655	-5.7137	5213
Cala Millor	ES	39.605	3.3867	5197
Capellades	ES	41.5301	1.6865	5187
La Poveda	ES	40.3	-3.4667	5183
Villafranca de los Caballeros	ES	39.4282	-3.3608	5181
Carnota	ES	42.8233	-9.0891	5171
Miguel Esteban	ES	39.5245	-3.0762	5170
Mojacar	ES	37.1402	-1.851	5154
Fabero	ES	42.768	-6.6265	5150
Alcarràs	ES	41.5667	0.5167	5133
Cacabelos	ES	42.6002	-6.7237	5120
Port d'Alcúdia	ES	39.8418	3.1329	5099
Boalo	ES	40.716	-3.9166	5094
Miño	ES	43.35	-8.2	5092
Santa Cristina d'Aro	ES	41.8167	3.0	5089
Moià	ES	41.8111	2.0984	5086
Navas de San Juan	ES	38.1838	-3.316	5083
San Ginés de la Jara	ES	37.6411	-0.8228	5081
Cudillero	ES	43.5622	-6.1459	5078
Sant Pol de Mar	ES	41.6018	2.6174	5076
Añover de Tajo	ES	39.9887	-3.7658	5075
Algarrobo	ES	36.7739	-4.0395	5073
Ribadumia	ES	42.5167	-8.75	5069
Vedra	ES	42.7782	-8.4764	5069
Villanueva del Trabuco	ES	37.0283	-4.3389	5067
Candeleda	ES	40.1552	-5.2405	5062
Medina de Ríoseco	ES	41.8833	-5.0441	5059
El Burgo de Osma	ES	41.5862	-3.0652	5054
Castillo de Locubín	ES	37.5286	-3.9422	5052
Pedrera	ES	37.226	-4.8942	5049
Porreres	ES	39.5143	3.022	5037
Camarma de Esteruelas	ES	40.5503	-3.3729	5032
Almenara	ES	39.75	-0.2167	5031
Sangüesa/Zangoza	ES	42.5748	-1.2828	5030
Ribadavia	ES	42.288	-8.1436	5028
Gójar	ES	37.1046	-3.6056	5024
Cerceda	ES	40.6989	-3.9337	5023
Illa de Arousa	ES	42.5638	-8.8726	5020
Doña Mencía	ES	37.5535	-4.356	5019
El Coronil	ES	37.0795	-5.6341	5011
Fisterra	ES	42.9049	-9.2629	5005
Las Navas del Marqués	ES	40.6024	-4.3345	5005
Outeiro de Rei	ES	43.102	-7.615	5001
Tossa de Mar	ES	41.7167	2.9333	5001
Valdetorres de Jarama	ES	40.6937	-3.5116	5001
Helsinki	FI	60.1695	24.9354	658864
Espoo	FI	60.2052	24.6522	323910
Tampere	FI	61.4991	23.7871	260646
Vantaa	FI	60.2941	25.041	252724
Oulu	FI	65.0124	25.4682	216066
Turku	FI	60.4515	22.2687	206655
Jyväskylä	FI	62.2415	25.7209	148744
Kuopio	FI	62.8924	27.677	125462
Lahti	FI	60.9827	25.6615	121622
Pori	FI	61.4807	21.7852	83157
Joensuu	FI	62.6012	29.7632	78398
Kouvola	FI	60.8667	26.7	78094
Lappeenranta	FI	61.0587	28.1887	72909
Vaasa	FI	63.096	21.6158	69819
Hämeenlinna	FI	60.996	24.4643	68473
Seinäjoki	FI	62.7945	22.8282	66848
Rovaniemi	FI	66.499	25.6887	65670
Porvoo	FI	60.3923	25.6651	51853
Mikkeli	FI	61.6886	27.2723	51661
Salo	FI	60.3833	23.1333	50794
Kotka	FI	60.4664	26.9458	50157
Kokkola	FI	63.8385	23.1307	48361
Järvenpää	FI	60.4737	25.0899	46942
Lohja	FI	60.2486	24.0653	45686
Nurmijärvi	FI	60.4641	24.8073	45356
Hyvinge	FI	60.6333	24.8667	43515
Tuusula	FI	60.4037	25.0264	42624
Kirkkonummi	FI	60.1238	24.4385	41821
Rauma	FI	61.1272	21.5113	38909
Kerava	FI	60.4034	25.105	38535
Kaarina	FI	60.4072	22.369	36631
Nokia	FI	61.4667	23.5	36486
Kajaani	FI	64.2273	27.7285	36458
Kangasala	FI	61.4638	24.076	34315
Ylöjärvi	FI	61.5563	23.5961	33731
Savonlinna	FI	61.8699	28.88	31283
Vihti	FI	60.417	24.3196	28864
Riihimäki	FI	60.7377	24.7773	28610
Raseborg	FI	59.9774	23.4397	26982
Raisio	FI	60.4859	22.1689	25846
Lempäälä	FI	61.3167	23.75	25036
Imatra	FI	61.1718	28.7524	24581
Sastamala	FI	61.3494	22.9093	24495
Raahe	FI	64.6833	24.4833	23566
Sibbo	FI	60.3775	25.2691	22903
Karhula	FI	60.5216	26.9312	22867
Hollola	FI	61.0	25.5	22843
Siilinjärvi	FI	63.0833	27.6667	21383
Pirkkala	FI	61.4612	23.6323	21204
Klaukkala	FI	60.3824	24.751	21019
Mäntsälä	FI	60.6333	25.3167	20966
Tornio	FI	65.8481	24.1466	20932
Valkeakoski	FI	61.2642	24.0312	20859
Lieto	FI	60.5103	22.4618	20694
Iisalmi	FI	63.5592	27.1907	20330
Naantali	FI	60.4674	22.0243	20312
Jakobstad	FI	63.6749	22.7026	19668
Varkaus	FI	62.3153	27.873	19603
Kurikka	FI	62.6167	22.4167	19474
Kemi	FI	65.7364	24.5637	19332
Hamina	FI	60.5697	27.1979	19305
Jämsä	FI	61.8642	25.19	19209
Laukaa	FI	62.4141	25.9519	18876
Myyrmäki	FI	60.2671	24.8471	18393
Heinola	FI	61.2056	26.0381	17746
Äänekoski	FI	62.6	25.7333	17614
Haukipudas	FI	65.1765	25.3523	17298
Pieksämäki	FI	62.3	27.1333	17243
Korsholm	FI	63.1142	21.6822	17176
Vammala	FI	61.3333	22.9	16635
Forssa	FI	60.8146	23.6215	16368
Janakkala	FI	60.9	24.6	15995
Orimattila	FI	60.8049	25.7296	15628
Väståboland	FI	60.2997	22.3004	15498
Ylivieska	FI	64.0833	24.55	15375
Loimaa	FI	60.8497	23.0561	15248
Kontiolahti	FI	62.7602	29.8471	15092
Kauhava	FI	63.103	23.0713	15066
Nastola	FI	60.948	25.9288	14911
Kuusamo	FI	65.9645	29.1888	14784
Uusikaupunki	FI	60.8004	21.4084	14750
Ekenäs	FI	59.9736	23.4339	14377
Lovisa	FI	60.4566	26.225	14362
Kempele	FI	64.9131	25.5034	14293
Lapua	FI	62.9693	23.0088	14016
Martinlaakso	FI	60.2741	24.8507	13992
Kannelmäki	FI	60.2418	24.8858	13272
Kankaanpää	FI	61.8	22.4167	12571
Kauhajoki	FI	62.4333	22.1833	12500
Ilmajoki	FI	62.7333	22.5667	12473
Hakunila	FI	60.2782	25.1034	12435
Ulvila	FI	61.4284	21.871	12345
Kalajoki	FI	64.25	23.95	12231
Kiiminki	FI	65.1314	25.7974	12069
Pargas	FI	60.3067	22.301	11962
Liperi	FI	62.5333	29.3667	11927
Pedersöre	FI	63.65	22.6833	11330
Laaksolahti	FI	60.2416	24.7585	11320
Paimio	FI	60.4567	22.6869	11241
Kivistö	FI	60.3257	24.8384	11125
Saunalahti	FI	60.1631	24.6201	11114
Eura	FI	61.1333	22.1333	11093
Nöykkiö	FI	60.1607	24.6681	11063
Alavus	FI	62.5833	23.6167	10722
Muurame	FI	62.1333	25.6667	10662
Joutseno	FI	61.118	28.5076	10603
Lintuvaara	FI	60.2344	24.8135	10554
Nivala	FI	63.9167	24.9667	10397
Patola	FI	60.2326	24.9537	10352
Hämeenkyrö	FI	61.6391	23.1953	10351
Älajärvi	FI	63.0003	23.8159	10308
Kauniainen	FI	60.2121	24.7276	10200
Liminka	FI	64.8098	25.4154	10166
Sotkamo	FI	64.1333	28.4167	10164
Lieksa	FI	63.3167	30.0167	10002
Hanko	FI	59.8333	22.95	9962
Ii	FI	65.3174	25.3731	9800
Masku	FI	60.5708	22.0988	9628
Huittinen	FI	61.1833	22.7	9618
Närpes	FI	62.4728	21.3371	9559
Oulunsalo	FI	64.9346	25.4112	9556
Kitee	FI	62.1	30.15	9483
Halikko	FI	60.4	23.0833	9344
Keuruu	FI	62.2667	24.7	9088
Eurajoki	FI	61.2	21.7333	9000
Saarenkylä	FI	66.5192	25.7674	9000
Leppävirta	FI	62.4901	27.7826	8974
Nurmes	FI	63.5421	29.1396	8924
Lapinlahti	FI	63.3667	27.4	8856
Karis	FI	60.0718	23.6616	8853
Orivesi	FI	61.6777	24.3572	8846
Saarijärvi	FI	62.7049	25.254	8831
Tikkurila	FI	60.2935	25.0376	8815
Alajärvi	FI	63.0	23.8167	8793
Elimäki	FI	60.7167	26.4667	8751
Tapulikaupunki	FI	60.2752	25.0216	8741
Jalasjärvi	FI	62.4902	22.759	8662
Havukoski	FI	60.3216	25.0717	8581
Malminkartano	FI	60.2474	24.8616	8495
Laitila	FI	60.8757	21.6976	8492
Hämeenkylä	FI	60.2712	24.8001	8437
Somero	FI	60.6167	23.5333	8423
Kivenlahti	FI	60.1537	24.6326	8397
Karkkila	FI	60.5342	24.2098	8391
Akaa	FI	61.1667	23.8667	8258
Siltamäki	FI	60.2781	24.9834	8241
Muhos	FI	64.808	25.9931	8232
Simonkylä	FI	60.31	25.0301	8191
Soukka	FI	60.1416	24.6713	8069
Sodankylä	FI	67.4167	26.6	8067
Laihia	FI	62.9761	22.0114	8020
Pöytyä	FI	60.7667	22.6667	8000
Viertola	FI	60.2914	25.0101	7974
Hausjärvi	FI	60.7833	24.9333	7923
Asikkala	FI	61.2167	25.5	7870
Nurmijärven kirkonkylä	FI	60.4596	24.8063	7841
Loppi	FI	60.7167	24.45	7622
Keminmaa	FI	65.8016	24.5448	7591
Nykarleby	FI	63.5228	22.5307	7462
Jämsänkoski	FI	61.919	25.1701	7442
Kuhmo	FI	64.1333	29.5167	7413
Pihlajamäki	FI	60.2359	25.0113	7406
Korso	FI	60.3511	25.0781	7368
Kiuruvesi	FI	63.65	26.6167	7338
Pudasjärvi	FI	65.3833	26.9167	7226
Pyhäselkä	FI	62.4333	29.9667	7210
Mäntyharju	FI	61.4167	26.8833	7076
Inari	FI	68.906	27.0288	7049
Pohjois-Tapiola	FI	60.1869	24.797	7029
Länsi-Pakila	FI	60.2415	24.927	7001
Suomussalmi	FI	64.8868	28.9078	7001
Kemijärvi	FI	66.7131	27.4306	6918
Kaitaa	FI	60.1456	24.687	6911
Eno	FI	62.8051	30.1542	6891
Oulainen	FI	64.2667	24.8	6887
Kallahti	FI	60.1929	25.1368	6854
Ikaalinen	FI	61.7695	23.0658	6713
Kokemäki	FI	61.2565	22.3564	6662
Kittilä	FI	67.6647	24.8936	6658
Ylä-Malmi	FI	60.2542	25.0086	6623
Suonenjoki	FI	62.6167	27.1333	6615
Harjavalta	FI	61.3167	22.1333	6605
Piikkiö	FI	60.4248	22.516	6553
Tyrnävä	FI	64.7647	25.6523	6538
Jokela	FI	60.5541	24.963	6500
Haapajärvi	FI	63.75	25.3333	6482
Nilsiä	FI	63.2075	28.0822	6474
Mänttä	FI	62.0301	24.6279	6459
Iitti	FI	60.8949	26.3387	6410
Outokumpu	FI	62.7268	29.0159	6404
Rusko	FI	60.5333	22.2167	6397
Jokiniemi	FI	60.5665	26.4583	6363
Haapavesi	FI	64.1333	25.3667	6347
Kronoby	FI	63.7286	23.0339	6318
Mynämäki	FI	60.6791	21.9927	6271
Vörå	FI	63.1361	22.2522	6264
Siuntio	FI	60.1386	24.2272	6251
Säkylä	FI	61.0333	22.3333	6237
Pälkäne	FI	61.3342	24.272	6203
Vuokatti	FI	64.1447	28.282	6183
Virrat	FI	62.2476	23.78	6165
Metsola	FI	60.3485	25.09	6144
Kristinestad	FI	62.2743	21.376	6131
Kauklahti	FI	60.1927	24.6004	6119
Pyhäjärvi	FI	67.0701	27.2176	6094
Parkano	FI	62.0167	23.0167	6092
Noormarkku	FI	61.5927	21.8685	6076
Kello	FI	65.1285	25.3567	6030
Kaivoksela	FI	60.2677	24.8687	5963
Larsmo	FI	63.7539	22.7473	5934
Haukilahti	FI	60.1589	24.7706	5873
Länsimäki	FI	60.2463	25.1178	5865
Kerimäki	FI	61.9107	29.2823	5841
Tammela	FI	60.8103	23.7682	5810
Perniö	FI	60.2	23.1333	5809
Viitasaari	FI	63.0667	25.8667	5787
Koivukylä	FI	60.3224	25.0586	5702
Ala-Malmi	FI	60.2482	25.0133	5678
Lammi	FI	61.0833	25.0167	5634
Juva	FI	61.9	27.85	5628
Jakomäki	FI	60.2594	25.078	5625
Asola	FI	60.3297	25.0511	5522
Malax	FI	62.9423	21.5731	5517
Juankoski	FI	63.0647	28.3292	5514
Ylästö	FI	60.2842	24.9139	5509
Viiala	FI	61.2102	23.7674	5472
Vilppula	FI	62.0212	24.5048	5422
Ingå	FI	60.0459	24.0046	5416
Suolahti	FI	62.5642	25.8536	5399
Hiekkaharju	FI	60.3036	25.0441	5333
Meri-Rastila	FI	60.1997	25.1186	5327
Pojo	FI	60.0963	23.5276	5257
Kannus	FI	63.9	23.9	5255
Viherlaakso	FI	60.2288	24.7408	5206
Ähtäri	FI	62.554	24.0619	5180
Ristiina	FI	61.5058	27.2464	5171
Kangasniemi	FI	61.9936	26.6478	5057
Korpilahti	FI	62.0167	25.55	5050
Jääli	FI	65.093	25.6852	5022
Tórshavn	FO	62.0097	-6.7716	13200
Klaksvík	FO	62.2266	-6.589	5013
Fuglafjørður	FO	62.244	-6.814	1542
Miðvágur	FO	62.0511	-7.1939	1040
Tvøroyri	FO	61.5556	-6.8111	862
Sandur	FO	61.8425	-6.8078	608
Paris	FR	48.8534	2.3488	2138551
Marseille	FR	43.297	5.3811	877215
Lyon	FR	45.7491	4.8479	520774
Toulouse	FR	43.6043	1.4437	511684
Nice	FR	43.7031	7.2661	342669
Nantes	FR	47.2172	-1.5534	325070
Marne La Vallée	FR	48.8358	2.6424	318325
Strasbourg	FR	48.5839	7.7455	274845
Bordeaux	FR	44.8412	-0.5805	265328
Montpellier	FR	43.6109	3.8763	248252
Lille	FR	50.6339	3.0551	238695
Paris 15 Vaugirard	FR	48.8412	2.3003	229713
Rennes	FR	48.1111	-1.6743	227830
Reims	FR	49.2653	4.0285	196565
Le Havre	FR	49.4935	0.1079	185972
Paris 20 Ménilmontant	FR	48.8646	2.3984	185140
Cergy-Pontoise	FR	49.0389	2.0781	183430
Paris 18 Buttes-Montmartre	FR	48.8925	2.3444	183127
Paris 13 Gobelins	FR	48.8322	2.3561	181271
Paris 19 Buttes-Chaumont	FR	48.8817	2.3822	178691
Saint-Étienne	FR	45.4339	4.39	176280
Toulon	FR	43.1244	5.9284	168701
Angers	FR	47.4716	-0.552	168279
Dijon	FR	47.3134	5.0139	159941
Paris 16 Passy	FR	48.8637	2.2769	159386
Paris 17 Batignolles-Monceau	FR	48.8835	2.3219	159212
Grenoble	FR	45.1787	5.7148	158552
Nîmes	FR	43.8366	4.3579	148236
Clermont-Ferrand	FR	45.7797	3.0868	147865
Aix-en-Provence	FR	43.5283	5.4497	146821
Saint-Quentin-en-Yvelines	FR	48.7719	2.0189	146598
Brest	FR	48.3903	-4.4863	144899
Le Mans	FR	48.0021	0.2025	144515
Amiens	FR	49.9	2.3	143086
Tours	FR	47.3948	0.704	141621
Limoges	FR	45.8336	1.2476	141176
Paris 11 Popincourt	FR	48.8574	2.3795	138170
Paris 12 Reuilly	FR	48.8412	2.3876	138024
Paris 14 Observatoire	FR	48.8331	2.3264	136455
Villeurbanne	FR	45.766	4.8795	131445
Besançon	FR	47.2488	6.0182	128426
Metz	FR	49.1191	6.1727	123914
Orléans	FR	47.9025	1.9041	116344
Rouen	FR	49.4431	1.0993	116331
Mulhouse	FR	47.752	7.3287	111430
Montreuil	FR	48.8642	2.4432	111240
Perpignan	FR	42.6976	2.8954	110706
Caen	FR	49.1859	-0.3591	110624
Boulogne-Billancourt	FR	48.8355	2.2413	108782
Nancy	FR	48.6844	6.185	105058
Argenteuil	FR	48.9479	2.2474	101475
Roubaix	FR	50.6942	3.1746	99507
Tourcoing	FR	50.7239	3.1612	99160
Saint-Denis	FR	48.9356	2.3539	96128
Avignon	FR	43.9483	4.8089	89769
Marseille 13	FR	43.3186	5.4084	89316
Asnières-sur-Seine	FR	48.9167	2.2833	86742
Nanterre	FR	48.892	2.2067	86719
Dunkirk	FR	51.0344	2.3768	86263
Poitiers	FR	46.5826	0.3435	85960
Versailles	FR	48.8036	2.1342	85416
Courbevoie	FR	48.8967	2.2567	85158
Créteil	FR	48.7927	2.4657	84833
Paris 10 Entrepôt	FR	48.8709	2.3561	83873
Pau	FR	43.3112	-0.3558	82697
Colombes	FR	48.9188	2.254	82300
Vitry-sur-Seine	FR	48.7872	2.4033	81001
Aulnay-sous-Bois	FR	48.9381	2.494	80615
Marseille 08	FR	43.2708	5.3821	78837
Marseille 15	FR	43.3722	5.3539	77770
Marseille 09	FR	43.2543	5.4057	76868
La Rochelle	FR	46.1631	-1.1522	76810
Champigny-sur-Marne	FR	48.8164	2.4937	76726
Rueil-Malmaison	FR	48.8765	2.1897	76616
Antibes	FR	43.5813	7.1249	76393
Gare	FR	48.8334	2.3751	75580
Saint-Maur-des-Fossés	FR	48.794	2.4932	75402
Cannes	FR	43.5513	7.0127	74545
Calais	FR	50.9519	1.8563	74433
Béziers	FR	43.3412	3.214	74081
Aubervilliers	FR	48.9167	2.3833	70914
Mérignac	FR	44.8425	-0.6451	69791
Bourges	FR	47.0833	2.4	67987
Saint-Nazaire	FR	47.2751	-2.2179	67054
Colmar	FR	48.0808	7.3558	65405
Maison Blanche	FR	48.8259	2.3508	64302
Valence	FR	44.9256	4.9096	63864
Quimper	FR	47.996	-4.0979	63849
Drancy	FR	48.9258	2.4453	62488
Noisy-le-Grand	FR	48.8498	2.5627	62420
Villeneuve-d'Ascq	FR	50.6167	3.1666	62400
La Seyne-sur-Mer	FR	43.1032	5.8782	62330
Levallois-Perret	FR	48.8939	2.2886	62178
Marseille 14	FR	43.3445	5.38	61920
Chambéry	FR	45.5663	5.9208	61640
Issy-les-Moulineaux	FR	48.821	2.2772	61447
Neuilly-sur-Seine	FR	48.8846	2.2696	61300
Troyes	FR	48.3007	4.0852	60785
Juan-les-Pins	FR	43.5695	7.1131	60000
Antony	FR	48.7533	2.2967	59845
La Roche-sur-Yon	FR	46.6697	-1.4276	59410
Marseille 12	FR	43.2961	5.4362	58734
Lorient	FR	47.7482	-3.3718	58112
Sarcelles	FR	48.9974	2.3782	57979
Pessac	FR	44.8056	-0.6324	57944
Ivry-sur-Seine	FR	48.8157	2.3849	57897
Évreux	FR	49.0241	1.1508	57795
Vénissieux	FR	45.6971	4.8859	57584
Cergy	FR	49.0365	2.0761	57576
Clichy	FR	48.9002	2.3095	57467
Paris 09 Opéra	FR	48.8718	2.3399	57271
Marseille 11	FR	43.2907	5.4384	56792
Saint-Quentin	FR	49.8489	3.2876	55407
Paris 05 Panthéon	FR	48.8448	2.3471	55252
Niort	FR	46.3231	-0.4588	54660
Belfort	FR	47.6422	6.8539	54562
Ajaccio	FR	41.9189	8.7381	54364
Vannes	FR	47.6569	-2.762	54020
Sartrouville	FR	48.9482	2.1917	53980
Maisons-Alfort	FR	48.8117	2.4394	53964
Meaux	FR	48.9601	2.8788	53811
Blois	FR	47.5943	1.3291	53660
Brive-la-Gaillarde	FR	45.1589	1.5333	53466
Arles	FR	43.6768	4.6303	53431
Beauvais	FR	49.4333	2.0833	53393
Châteauroux	FR	46.8125	1.6936	53301
Cholet	FR	47.0589	-0.8797	53160
Fréjus	FR	43.4333	6.7355	53098
Pantin	FR	48.8944	2.4093	52922
Saint-Brieuc	FR	48.5151	-2.7684	52774
Montauban	FR	44.0176	1.3542	52434
Charleville-Mézières	FR	49.7685	4.7249	52415
Albi	FR	43.9298	2.148	52409
Tarbes	FR	43.2341	0.0714	52106
Fontenay-sous-Bois	FR	48.8544	2.4827	52075
Évry	FR	48.6328	2.4405	51900
Clamart	FR	48.803	2.2669	51400
Marseille 10	FR	43.2789	5.4152	51299
Châlons-en-Champagne	FR	48.9539	4.3672	51257
Narbonne	FR	43.184	3.0014	50776
Saint-Malo	FR	48.6474	-2.0088	50676
Laval	FR	48.0725	-0.7702	50489
Hyères	FR	43.1204	6.1286	50487
Carcassonne	FR	43.2165	2.3486	49600
Angoulême	FR	45.65	0.1535	49468
Annecy	FR	45.9088	6.1257	49232
Bondy	FR	48.9018	2.4893	48268
Le Blanc-Mesnil	FR	48.9387	2.4614	48077
Villejuif	FR	48.7939	2.3599	48048
Paris 07 Palais-Bourbon	FR	48.8565	2.321	48015
Grasse	FR	43.6578	6.9254	47581
Sevran	FR	48.9447	2.5275	47334
Castres	FR	43.6053	2.2409	47275
Chalon-sur-Saône	FR	46.7811	4.8537	47251
Marseille 04	FR	43.3021	5.4014	47193
Arras	FR	50.293	2.7819	47052
Boulogne-sur-Mer	FR	50.7249	1.6137	47013
Chelles	FR	48.8811	2.593	46947
Cagnes-sur-Mer	FR	43.6635	7.1479	46923
Saint-Herblain	FR	47.2115	-1.651	46898
Douai	FR	50.3707	3.0792	46531
Épinay-sur-Seine	FR	48.9535	2.3151	46145
Vincennes	FR	48.8486	2.4377	45923
Martigues	FR	43.4074	5.0553	45749
Marseille 03	FR	43.3026	5.3758	45414
Bourg-en-Bresse	FR	46.2057	5.2258	45340
Bobigny	FR	48.9098	2.4501	44962
Montluçon	FR	46.3402	2.6025	44960
Aubagne	FR	43.2928	5.5707	44844
Valenciennes	FR	50.3591	3.5251	44821
Suresnes	FR	48.8714	2.2293	44697
Meudon	FR	48.8138	2.235	44652
Marseille 05	FR	43.2955	5.4005	44583
Bayonne	FR	43.4932	-1.473	44396
Istres	FR	43.5134	4.9875	44373
Thionville	FR	49.3599	6.1604	44311
Mantes-la-Jolie	FR	48.9905	1.7167	44263
Compiègne	FR	49.4179	2.8261	44243
Nevers	FR	46.9896	3.159	43988
Chartres	FR	48.4468	1.4892	43838
Marseille 06	FR	43.2876	5.3792	43360
Le Cannet	FR	43.5766	7.0191	43353
Wattrelos	FR	50.7012	3.2181	42826
Caluire-et-Cuire	FR	45.7946	4.8464	42763
Gap	FR	44.5586	6.0787	42715
Talence	FR	44.8085	-0.5891	42579
Alès	FR	44.1249	4.0808	42410
Gennevilliers	FR	48.9333	2.3	42294
Saint-Priest	FR	45.6965	4.9439	41641
Rosny-sous-Bois	FR	48.8702	2.4991	41627
Auxerre	FR	47.7996	3.5703	41516
Salon-de-Provence	FR	43.6423	5.0948	41397
Saint-Germain-en-Laye	FR	48.8964	2.0904	41142
Bastia	FR	42.7022	9.4512	41001
Marseille 01	FR	43.2981	5.3841	40919
Sète	FR	43.4028	3.6928	40736
Anglet	FR	43.4892	-1.5192	40658
Puteaux	FR	48.8834	2.2389	40646
Corbeil-Essonnes	FR	48.606	2.4876	40527
Paris 06 Luxembourg	FR	48.8493	2.33	40389
Garges-lès-Gonesse	FR	48.9679	2.3978	39847
Roanne	FR	46.0362	4.068	39840
Savigny-sur-Orge	FR	48.6768	2.3483	39698
Livry-Gargan	FR	48.9193	2.5431	39518
Épinal	FR	48.1832	6.453	39518
Saint-Ouen	FR	48.9065	2.3334	39353
Rezé	FR	47.1906	-1.5689	39248
Montigny-le-Bretonneux	FR	48.7664	2.0341	39063
Noisy-le-Sec	FR	48.8915	2.4645	38955
Melun	FR	48.5457	2.6536	38953
Bagneux	FR	48.7957	2.308	38900
Massy	FR	48.7269	2.283	38768
Haguenau	FR	48.8156	7.7905	38721
Montrouge	FR	48.8162	2.3139	38708
Marcq-en-Barœul	FR	50.6667	3.0833	38629
Vitrolles	FR	43.46	5.2486	38591
Draguignan	FR	43.5369	6.4646	38573
Lens	FR	50.433	2.8279	38265
Gagny	FR	48.8833	2.5333	38134
Saint-Chamond	FR	45.4759	4.5129	38014
Bron	FR	45.7386	4.913	37825
Vaulx-en-Velin	FR	45.7869	4.9251	37489
Joué-lès-Tours	FR	47.3491	0.6651	37466
Alfortville	FR	48.8058	2.4204	37290
La Courneuve	FR	48.928	2.3963	37287
Châtellerault	FR	46.8171	0.5452	37210
Villepinte	FR	48.962	2.5325	37114
Cambrai	FR	50.176	3.2347	36492
Poissy	FR	48.929	2.0495	36431
Conflans-Sainte-Honorine	FR	49.0016	2.0969	36358
Mont-de-Marsan	FR	43.8902	-0.4971	36205
Plaisir	FR	48.8232	1.9541	36121
Marseille 07	FR	43.2829	5.3602	35981
Marignane	FR	43.4173	5.2146	35873
Dieppe	FR	49.9216	1.0777	35707
Montélimar	FR	44.5547	4.7547	35637
Tremblay-en-France	FR	48.9496	2.5684	35591
Choisy-le-Roi	FR	48.7685	2.4187	35590
Saint-Martin-d'Hères	FR	45.1787	5.7628	35528
Mâcon	FR	46.3141	4.8282	35484
Paris 08 Élysée	FR	48.8763	2.3183	35317
Romans-sur-Isère	FR	45.0496	5.066	35002
Saint-Raphaël	FR	43.4233	6.7735	34918
Pontault-Combault	FR	48.7981	2.6068	34798
Six-Fours-les-Plages	FR	43.0917	5.8247	34779
Périgueux	FR	45.1869	0.7144	34770
Aurillac	FR	44.9254	2.4398	34724
Neuilly-sur-Marne	FR	48.8537	2.549	34465
Liévin	FR	50.4198	2.7807	34370
Agen	FR	44.202	0.6206	34367
Franconville	FR	48.9833	2.2333	34284
Sainte-Geneviève-des-Bois	FR	48.6468	2.3197	33689
Maubeuge	FR	50.2788	3.9727	33684
Bagnolet	FR	48.8667	2.4167	33504
Saumur	FR	47.2593	-0.0781	33229
Biarritz	FR	43.4806	-1.5568	33188
La Ciotat	FR	43.1748	5.6045	33113
Échirolles	FR	45.146	5.7144	33088
Villefranche-sur-Saône	FR	45.9897	4.7196	32994
Châtenay-Malabry	FR	48.7651	2.2666	32715
Stains	FR	48.95	2.3833	32601
Châtillon	FR	48.8024	2.2935	32383
Vienne	FR	45.5257	4.8748	32293
Schiltigheim	FR	48.6075	7.7493	32289
Paris 03 Temple	FR	48.8637	2.3615	32179
Les Mureaux	FR	48.9917	1.9097	32134
Le Perreux-sur-Marne	FR	48.85	2.5	32015
Guyancourt	FR	48.7733	2.0739	31989
Palaiseau	FR	48.7183	2.2498	31987
Saint-Dizier	FR	48.6377	4.9489	31918
Creil	FR	49.2567	2.4848	31863
Vandœuvre-lès-Nancy	FR	48.6611	6.1711	31785
Thonon-les-Bains	FR	46.3705	6.4798	31684
Béthune	FR	50.5296	2.64	31568
Colomiers	FR	43.6106	1.3347	31363
Nogent-sur-Marne	FR	48.8367	2.4825	31236
Athis-Mons	FR	48.7052	2.3915	31225
Viry-Châtillon	FR	48.6721	2.3932	31131
Houilles	FR	48.9216	2.1926	31121
Soissons	FR	49.3817	3.3236	31100
Dreux	FR	48.7365	1.3657	31058
Charenton-le-Pont	FR	48.8221	2.4122	30910
Villeneuve-Saint-Georges	FR	48.7322	2.4493	30881
Élancourt	FR	48.7842	1.9552	30831
Alençon	FR	48.4348	0.0931	30786
Sotteville-lès-Rouen	FR	49.4097	1.09	30619
Orange	FR	44.1381	4.8102	30530
Villenave-d'Ornon	FR	44.7794	-0.5671	30347
Pontoise	FR	49.05	2.1	30290
Villiers-sur-Marne	FR	48.831	2.5484	30252
Chatou	FR	48.8898	2.1586	30091
Goussainville	FR	49.0137	2.4659	30047
Lomme	FR	50.6436	2.9872	29892
Vierzon	FR	47.2219	2.0684	29876
Saint-Médard-en-Jalles	FR	44.8955	-0.7178	29742
Thiais	FR	48.765	2.3961	29724
Carpentras	FR	44.0551	5.0481	29709
L'Haÿ-les-Roses	FR	48.7794	2.3373	29703
Menton	FR	43.7765	7.5043	29649
Saint-Laurent-du-Var	FR	43.6732	7.19	29516
Saintes	FR	45.7474	-0.6349	29512
Rochefort	FR	45.943	-0.9677	29427
Malakoff	FR	48.82	2.3	29420
Draveil	FR	48.6847	2.4142	29316
Saint-Leu	FR	46.7306	4.5008	29278
Saint-Sébastien-sur-Loire	FR	47.2077	-1.5033	29238
Le Chesnay	FR	48.8222	2.1221	29154
Tournefeuille	FR	43.5887	1.3192	29124
Clichy-sous-Bois	FR	48.9102	2.5532	29062
Chaumont	FR	48.1112	5.1413	28981
Saint-Étienne-du-Rouvray	FR	49.3779	1.1047	28953
Meyzieu	FR	45.7664	5.0028	28929
Yerres	FR	48.7178	2.4934	28897
Montbéliard	FR	47.5096	6.7982	28865
Saint-Cloud	FR	48.846	2.2029	28839
Sens	FR	48.1974	3.2833	28700
Laon	FR	49.5631	3.6271	28688
Lambersart	FR	50.65	3.0333	28613
Trappes	FR	48.7741	2.0178	28367
Rodez	FR	44.3526	2.5734	28337
Bergerac	FR	44.8516	0.4817	28317
Annemasse	FR	46.1944	6.2378	28275
La Garde	FR	43.1247	6.0103	28257
Ermont	FR	48.99	2.258	28117
Rillieux-la-Pape	FR	45.8167	4.9	28076
Villemomble	FR	48.8833	2.5	28001
Pierrefitte-sur-Seine	FR	48.9669	2.361	27914
Le Kremlin-Bicêtre	FR	48.8147	2.3607	27867
Champs-sur-Marne	FR	48.85	2.6	27776
Aix-les-Bains	FR	45.6917	5.9086	27651
Bezons	FR	48.9243	2.2128	27570
Paris 04 Hôtel-de-Ville	FR	48.8601	2.3507	27332
Vallauris	FR	43.578	7.0545	27286
Taverny	FR	49.0254	2.2169	27271
Illkirch-Graffenstaden	FR	48.5289	7.7152	27261
La Teste-de-Buch	FR	44.6328	-1.1451	27253
Épernay	FR	49.04	3.9592	27082
Villiers-le-Bel	FR	49.0087	2.3982	27028
Vichy	FR	46.1271	3.4258	27019
Sannois	FR	48.9667	2.25	26869
Gonesse	FR	48.9869	2.4489	26758
Vigneux-sur-Seine	FR	48.7029	2.4136	26692
Cavaillon	FR	43.8312	5.0359	26689
Rambouillet	FR	48.6437	1.8299	26674
Cherbourg	FR	49.6398	-1.6164	26655
Armentières	FR	50.6857	2.8821	26646
Lunel	FR	43.6778	4.1361	26588
Cachan	FR	48.7963	2.3366	26540
Le Grand-Quevilly	FR	49.4008	1.0458	26522
Abbeville	FR	50.1052	1.8355	26461
La Garenne-Colombes	FR	48.9047	2.2469	26385
Montigny-lès-Metz	FR	49.0956	6.1527	26369
Quinze-Vingts	FR	48.8466	2.3744	26265
Vanves	FR	48.8235	2.2902	26068
Vernon	FR	49.0929	1.4633	26037
Savigny-le-Temple	FR	48.5741	2.5829	25925
Dole	FR	47.0922	5.4897	25878
Villeneuve-sur-Lot	FR	44.4085	0.7042	25869
Les Ulis	FR	48.6817	2.1694	25785
Marseille 02	FR	43.2966	5.3703	25779
Oyonnax	FR	46.2592	5.6573	25697
Oullins	FR	45.714	4.8075	25592
Le Creusot	FR	46.8071	4.4163	25590
Hénin-Beaumont	FR	50.4136	2.9649	25371
Orvault	FR	47.2712	-1.6236	25338
Coudekerque-Branche	FR	51.0229	2.3936	25201
Herblay-sur-Seine	FR	48.9899	2.1699	25153
Ris-Orangis	FR	48.6511	2.4141	25082
Sucy-en-Brie	FR	48.7687	2.5347	25014
Grigny	FR	48.6541	2.3934	24940
Fresnes	FR	48.7557	2.3224	24803
Romainville	FR	48.8854	2.4348	24772
Fontenay-aux-Roses	FR	48.7933	2.2927	24680
Décines-Charpieu	FR	45.7687	4.9588	24674
Saint-Dié-des-Vosges	FR	48.2843	6.9492	24628
Fontaine	FR	45.1927	5.6882	24588
Auch	FR	43.6456	0.5886	24494
Bruay-la-Buissière	FR	50.4833	2.55	24474
Lisieux	FR	49.1466	0.2293	24473
Sarreguemines	FR	49.1099	7.0675	24446
Torcy	FR	48.8506	2.6508	24386
Gradignan	FR	44.7736	-0.6139	24385
Lanester	FR	47.7632	-3.3393	24352
Brétigny-sur-Orge	FR	48.6114	2.3059	24317
Muret	FR	43.46	1.3254	24313
Bois-Colombes	FR	48.9194	2.2748	24300
Blagnac	FR	43.6367	1.3897	24263
Hérouville-Saint-Clair	FR	49.2109	-0.3065	24258
Libourne	FR	44.9145	-0.2419	24240
Le Bouscat	FR	44.8649	-0.5986	24232
Miramas	FR	43.5851	5.0027	24173
Beaune	FR	47.0241	4.8389	24162
Brunoy	FR	48.6942	2.4922	24096
Eaubonne	FR	48.9971	2.2825	24096
Villeparisis	FR	48.9421	2.6146	23931
Montfermeil	FR	48.8982	2.5791	23829
Sèvres	FR	48.8229	2.2176	23724
Fougères	FR	48.3516	-1.1996	23719
Saint-Pol-sur-Mer	FR	51.0312	2.3398	23635
La Madeleine	FR	50.646	3.0758	23572
Gif-sur-Yvette	FR	48.6833	2.1333	23541
Bègles	FR	44.8076	-0.5514	23504
Cahors	FR	44.4491	1.4366	23331
Hazebrouck	FR	50.7237	2.5373	23307
Millau	FR	44.0997	3.0785	23307
Grande-Synthe	FR	51.0154	2.2997	23213
La Valette-du-Var	FR	43.1376	5.9832	23134
Moulins	FR	46.5646	3.3324	23095
Mont-Saint-Aignan	FR	49.4631	1.0936	23078
Étampes	FR	48.4351	2.1623	23012
Mons-en-Barœul	FR	50.6333	3.1167	23006
Agde	FR	43.3108	3.4758	23001
Saint-Ouen-l'Aumône	FR	49.0435	2.1213	22977
Vertou	FR	47.1688	-1.4729	22921
Montgeron	FR	48.7054	2.4504	22843
Maisons-Laffitte	FR	48.9526	2.1452	22772
Le Puy-en-Velay	FR	45.0437	3.8852	22718
Le Petit-Quevilly	FR	49.4134	1.0615	22691
Lormont	FR	44.8765	-0.5192	22636
Olivet	FR	47.8622	1.8991	22604
Ozoir-la-Ferrière	FR	48.767	2.6687	22530
Le Plessis-Robinson	FR	48.7889	2.2708	22510
Cenon	FR	44.8561	-0.5335	22393
Combs-la-Ville	FR	48.665	2.5696	22322
Dax	FR	43.7103	-1.0537	22305
Frontignan	FR	43.4477	3.7552	22251
Voiron	FR	45.3647	5.5856	22114
Loos	FR	50.6098	3.0187	22107
Le Mée-sur-Seine	FR	48.5316	2.6283	22058
Villeneuve-la-Garenne	FR	48.9393	2.3148	22036
Fécamp	FR	49.7579	0.3746	22003
Cormeilles-en-Parisis	FR	48.9711	2.2049	21973
Sainte-Foy-lès-Lyon	FR	45.7338	4.8026	21893
Verdun	FR	49.1596	5.3829	21798
Vélizy-Villacoublay	FR	48.782	2.194	21741
Saint-Lô	FR	49.1162	-1.0903	21722
Achères	FR	48.9612	2.0688	21660
Lunéville	FR	48.5927	6.4938	21582
Deuil-la-Barre	FR	48.9767	2.3272	21560
La Celle-Saint-Cloud	FR	48.8503	2.1452	21539
Annecy-le-Vieux	FR	45.9197	6.1439	21521
Sceaux	FR	48.7764	2.2903	21511
Lannion	FR	48.7326	-3.4566	21473
Denain	FR	50.3293	3.3943	21412
Allauch	FR	43.3357	5.482	21406
Concarneau	FR	47.8754	-3.919	21397
Eysines	FR	44.8844	-0.6514	21394
Croix	FR	50.6785	3.1493	21361
Forbach	FR	49.1885	6.8925	21358
Manosque	FR	43.8288	5.7869	21351
Saint-Mandé	FR	48.8386	2.4158	21261
Montmorency	FR	48.9883	2.3434	21156
Gardanne	FR	43.4549	5.4691	21140
Les Lilas	FR	48.8799	2.4206	21124
Fleury-les-Aubrais	FR	47.9333	1.9181	21085
Dammarie-les-Lys	FR	48.5167	2.65	21066
Roissy-en-Brie	FR	48.7916	2.6475	20933
Saint-Genis-Laval	FR	45.6954	4.7932	20883
Saint-Louis	FR	47.5921	7.5592	20871
Cognac	FR	45.6958	-0.3287	20868
Saint-Michel-sur-Orge	FR	48.6348	2.3083	20824
Longjumeau	FR	48.6931	2.2943	20771
Bressuire	FR	46.8416	-0.4904	20743
Vauréal	FR	49.0333	2.0333	20699
Lons-le-Saunier	FR	46.6754	5.5557	20678
Ploemeur	FR	47.7351	-3.4295	20652
Lagny-sur-Marne	FR	48.8667	2.7167	20649
Sedan	FR	49.7019	4.9403	20620
Orly	FR	48.7479	2.3925	20528
Pontarlier	FR	46.9035	6.3554	20313
Chamalières	FR	45.7736	3.067	20298
Meylan	FR	45.2098	5.7776	20267
Montceau-les-Mines	FR	46.6667	4.3667	20221
Halluin	FR	50.7863	3.1261	20171
Riom	FR	45.8936	3.1126	20142
Chevilly-Larue	FR	48.7648	2.3503	20125
Croulebarbe	FR	48.81	2.354	20062
Romorantin-Lanthenay	FR	47.3667	1.75	19953
Mantes-la-Ville	FR	48.9737	1.7025	19947
Pertuis	FR	43.6942	5.5029	19926
Morsang-sur-Orge	FR	48.6618	2.3534	19917
Vesoul	FR	47.626	6.1425	19892
Saint-Jean-de-Braye	FR	47.913	1.977	19874
Les Pennes-Mirabeau	FR	43.4101	5.3084	19871
Paris 02 Bourse	FR	48.8655	2.3426	19847
Cluses	FR	46.0625	6.575	19789
Bourg-lès-Valence	FR	44.947	4.8946	19770
Villefontaine	FR	45.6128	5.1506	19749
Saint-Gratien	FR	48.9735	2.2873	19737
Les Pavillons-sous-Bois	FR	48.9068	2.5065	19730
Fontainebleau	FR	48.4091	2.7018	19717
Hem	FR	50.6526	3.1868	19699
Nogent-sur-Oise	FR	49.2716	2.4707	19690
Bagnols-sur-Cèze	FR	44.1626	4.6197	19640
Couëron	FR	47.2147	-1.7245	19466
Écully	FR	45.7744	4.7776	19437
Cran-Gevrier	FR	45.9	6.1	19354
Wasquehal	FR	50.6704	3.1338	19320
Mandelieu-la-Napoule	FR	43.5458	6.9373	19292
Vendôme	FR	47.7929	1.0656	19226
Louviers	FR	49.2167	1.1667	19220
Gujan-Mestras	FR	44.636	-1.0681	19184
Sanary-sur-Mer	FR	43.1198	5.8015	19166
Senlis	FR	49.2072	2.5866	19160
Albertville	FR	45.6745	6.3906	19113
Limeil-Brévannes	FR	48.7448	2.487	19104
Jouy-le-Moutier	FR	49.0107	2.0403	19087
Marmande	FR	44.5036	0.1655	19069
Royan	FR	45.6281	-1.0315	19017
Maurepas	FR	48.7649	1.9292	19009
Digne-les-Bains	FR	44.0925	6.232	18986
Mougins	FR	43.6007	6.9952	18973
Challans	FR	46.8458	-1.8794	18947
Sélestat	FR	48.2619	7.4489	18941
Garches	FR	48.8423	2.1823	18930
Bourg-la-Reine	FR	48.7789	2.3178	18870
Chilly-Mazarin	FR	48.7149	2.3164	18870
Équeurdreville-Hainneville	FR	49.6487	-1.6531	18862
Cournon-d'Auvergne	FR	45.7412	3.1964	18848
Chaville	FR	48.8056	2.1886	18735
Neuilly-Plaisance	FR	48.8634	2.506	18725
Bonneuil-sur-Marne	FR	48.7695	2.4793	18723
Sorgues	FR	44.0102	4.8738	18681
Vence	FR	43.7225	7.1118	18668
Le Plessis-Trévise	FR	48.8107	2.5736	18618
Bar-le-Duc	FR	48.7728	5.1611	18595
Seynod	FR	45.8855	6.0883	18590
Mitry-Mory	FR	48.9833	2.6167	18562
Carvin	FR	50.4924	2.9581	18561
Limay	FR	48.9955	1.7408	18559
La Flèche	FR	47.6981	-0.0755	18536
Plaisance-du-Touch	FR	43.5655	1.2965	18501
La Chapelle-sur-Erdre	FR	47.2996	-1.5524	18481
Avion	FR	50.4104	2.8305	18470
Annonay	FR	45.2399	4.6707	18423
Ronchin	FR	50.5988	3.0906	18331
Mauguio	FR	43.6169	4.0074	18320
Chennevières-sur-Marne	FR	48.797	2.5405	18314
Autun	FR	46.951	4.2987	18283
Saint-Avold	FR	49.1046	6.704	18281
Tourlaville	FR	49.6383	-1.5664	18273
Saint-Omer	FR	50.7483	2.2609	18250
Argentan	FR	48.7444	-0.0202	18230
Givors	FR	45.5906	4.7688	18198
Joinville-le-Pont	FR	48.8254	2.4746	18154
Carquefou	FR	47.2972	-1.4921	18056
Cestas	FR	44.7447	-0.6819	18036
Castelnau-le-Lez	FR	43.636	3.9014	18011
Montigny-lès-Cormeilles	FR	48.982	2.2003	17910
La Crau	FR	43.1496	6.074	17905
Firminy	FR	45.3896	4.2886	17902
Orsay	FR	48.6957	2.1873	17817
Saint-Amand-les-Eaux	FR	50.4472	3.4308	17808
Le Pré-Saint-Gervais	FR	48.8855	2.4042	17786
Lucé	FR	48.4369	1.4636	17780
Les Clayes-sous-Bois	FR	48.8221	1.9868	17776
La Baule-Escoublac	FR	47.2922	-2.3639	17775
Salpêtrière	FR	48.8373	2.3582	17708
Sin-le-Noble	FR	50.3616	3.1311	17682
Toul	FR	48.6808	5.8911	17680
Marseille 16	FR	43.3598	5.3342	17630
Villeneuve-le-Roi	FR	48.7368	2.4008	17575
Saint-Jean-de-la-Ruelle	FR	47.9113	1.8648	17522
Morlaix	FR	48.5778	-3.8279	17516
Montargis	FR	47.997	2.7326	17457
Soisy-sous-Montmorency	FR	48.9881	2.3016	17436
Bischheim	FR	48.6161	7.7534	17434
Flers	FR	48.7372	-0.5747	17430
Marly-le-Roi	FR	48.8667	2.0833	17404
Lattes	FR	43.5677	3.9028	17390
Saint-Cyr-sur-Loire	FR	47.4	0.6667	17337
Fos-sur-Mer	FR	43.4377	4.9446	17317
Arcueil	FR	48.7999	2.3326	17308
Lingolsheim	FR	48.5575	7.6825	17284
Vitré	FR	48.1228	-1.2098	17266
Vitry-le-François	FR	48.7247	4.5844	17250
Elbeuf	FR	49.2867	1.0029	17231
Pamiers	FR	43.1165	1.6108	16997
Montereau-Fault-Yonne	FR	48.3833	2.95	16993
Tulle	FR	45.2658	1.7723	16969
L'Isle-sur-la-Sorgue	FR	43.9197	5.0514	16968
Octeville	FR	49.6261	-1.6435	16951
Tassin-la-Demi-Lune	FR	45.755	4.7881	16920
Bouguenais	FR	47.1794	-1.6247	16824
Verneuil-sur-Seine	FR	48.9739	1.9648	16790
Verrières-le-Buisson	FR	48.7456	2.268	16789
Pontivy	FR	48.0684	-2.9665	16752
Le Vésinet	FR	48.8928	2.1331	16740
Sallanches	FR	45.9442	6.6316	16725
Montivilliers	FR	49.5452	0.1877	16706
Domont	FR	49.0278	2.3264	16684
Blanquefort	FR	44.9106	-0.6376	16636
Douarnenez	FR	48.0954	-4.329	16590
Osny	FR	49.0701	2.0628	16545
Le Pecq	FR	48.8932	2.1037	16534
Guérande	FR	47.3283	-2.4293	16523
Floirac	FR	44.8306	-0.5268	16497
Saint-Cyr-l'École	FR	48.7987	2.0681	16365
Laxou	FR	48.6837	6.1493	16323
Fontenay-le-Comte	FR	46.4667	-0.8062	16316
Moissy-Cramayel	FR	48.626	2.6012	16259
Saran	FR	47.9501	1.876	16243
Bry-sur-Marne	FR	48.8381	2.5249	16226
Cesson-Sévigné	FR	48.1212	-1.603	16222
Le Pontet	FR	43.9612	4.8601	16182
Montbrison	FR	45.6075	4.0652	16164
Faches-Thumesnil	FR	50.5833	3.0667	16163
Viroflay	FR	48.8008	2.1618	16137
Les Sables-d'Olonne	FR	46.4969	-1.7847	16105
Saint-Leu-la-Forêt	FR	49.0167	2.25	16075
Saint-Fons	FR	45.7088	4.8533	16053
Landerneau	FR	48.4515	-4.2518	16052
Saint-Avertin	FR	47.3636	0.7399	16007
Châteaudun	FR	48.0709	1.3378	16006
Issoire	FR	45.5442	3.249	15984
Gien	FR	47.6933	2.6309	15966
Bayeux	FR	49.2773	-0.7039	15963
Gentilly	FR	48.8129	2.3417	15939
Château-Thierry	FR	49.0464	3.403	15938
Port-de-Bouc	FR	43.4066	4.9809	15934
Saint-Égrève	FR	45.2331	5.6815	15904
Villers-lès-Nancy	FR	48.6733	6.1528	15899
Brie-Comte-Robert	FR	48.6925	2.6109	15892
Boissy-Saint-Léger	FR	48.7515	2.5116	15877
Guéret	FR	46.1718	1.8717	15853
Chenôve	FR	47.2932	5.0046	15791
Lourdes	FR	43.0946	-0.0461	15786
Wittenheim	FR	47.8109	7.3276	15747
Canteleu	FR	49.4406	1.0246	15742
Crépy-en-Valois	FR	49.2336	2.8881	15694
Haubourdin	FR	50.6083	2.9914	15694
Berck-Plage	FR	50.407	1.5645	15675
Les Herbiers	FR	46.871	-1.0156	15664
Yutz	FR	49.3557	6.1926	15659
Outreau	FR	50.7054	1.5897	15648
Berck	FR	50.4	1.6	15609
Mayenne	FR	48.3034	-0.6138	15583
Audincourt	FR	47.4833	6.8534	15577
Balma	FR	43.6111	1.4994	15553
Hautmont	FR	50.2508	3.9214	15540
Lognes	FR	48.8354	2.63	15519
Hayange	FR	49.3288	6.0628	15501
Tergnier	FR	49.6561	3.3011	15475
Carrières-sous-Poissy	FR	48.9495	2.0407	15465
Illzach	FR	47.7742	7.3518	15457
Pont-à-Mousson	FR	48.907	6.0564	15411
Cugnaux	FR	43.5363	1.3443	15393
Éragny	FR	49.0167	2.1	15385
Noisiel	FR	48.8487	2.6244	15362
Saint-Pierre-des-Corps	FR	47.3862	0.7485	15284
Coulommiers	FR	48.8145	3.085	15274
Montesson	FR	48.9092	2.1375	15256
Saint-Maximin-la-Sainte-Baume	FR	43.4481	5.8608	15225
Noyon	FR	49.5833	3.0	15138
Paris 01 Louvre	FR	48.8592	2.3417	15114
Brignoles	FR	43.4058	6.0617	15027
Avon	FR	48.4022	2.7202	15009
Billère	FR	43.3026	-0.3973	14914
Bailleul	FR	50.7359	2.7359	14884
Courcouronnes	FR	48.6143	2.4076	14856
Rive-de-Gier	FR	45.5275	4.6159	14852
Mende	FR	44.5216	3.4998	14837
Beaucaire	FR	43.8081	4.6442	14766
Wattignies	FR	50.5864	3.0439	14766
Tarascon	FR	43.8058	4.6603	14735
Sablé-sur-Sarthe	FR	47.8376	-0.3329	14734
Montmagny	FR	48.9734	2.3469	14708
Bollène	FR	44.2812	4.7489	14703
Longwy	FR	49.5217	5.7619	14695
Sarrebourg	FR	48.7356	7.0572	14677
Mennecy	FR	48.569	2.4438	14646
La Chapelle-Saint-Luc	FR	48.3173	4.0399	14623
Vire	FR	48.8385	-0.8893	14603
Romilly-sur-Seine	FR	48.5108	3.7263	14566
Cusset	FR	46.1345	3.4564	14562
Bruz	FR	48.0246	-1.7471	14533
Saint-Jean-de-Luz	FR	43.3887	-1.6627	14514
Freyming-Merlebach	FR	49.15	6.7833	14507
Anzin	FR	50.372	3.5039	14443
Creutzwald	FR	49.2053	6.6967	14416
Hendaye	FR	43.3581	-1.7744	14415
Issoudun	FR	46.9485	1.9936	14385
Villeneuve-Loubet	FR	43.6579	7.1223	14354
Saint-Just-Saint-Rambert	FR	45.4997	4.2414	14313
Granville	FR	48.8379	-1.5971	14289
Hennebont	FR	47.8048	-3.2781	14288
Saint-Maurice	FR	48.8218	2.4272	14282
Châlette-sur-Loing	FR	48.0134	2.7359	14268
Châteaurenard	FR	43.8817	4.8549	14205
Fourmies	FR	50.0153	4.0478	14151
Berre-l'Étang	FR	43.4781	5.1704	14062
Villefranche-de-Rouergue	FR	44.3517	2.037	14030
Nemours	FR	48.2751	2.6908	13933
Ollioules	FR	43.1399	5.8477	13916
Lons	FR	43.315	-0.4111	13872
Caudry	FR	50.1249	3.4119	13862
Plérin	FR	48.5345	-2.7698	13860
Longuenesse	FR	50.734	2.2352	13838
Val-de-Reuil	FR	49.2739	1.2102	13824
Lys-lez-Lannoy	FR	50.6667	3.2167	13803
Guipavas	FR	48.4341	-4.402	13755
Thiers	FR	45.8565	3.5476	13739
Pont-Sainte-Maxence	FR	49.3017	2.6047	13732
Avrillé	FR	47.5066	-0.5896	13723
Woippy	FR	49.1511	6.1513	13721
Raismes	FR	50.3833	3.4833	13719
Bois-Guillaume	FR	49.4602	1.1222	13711
Moissac	FR	44.1045	1.0847	13703
Plougastel-Daoulas	FR	48.3737	-4.3698	13679
Rixheim	FR	47.7497	7.402	13608
Saint-Brice-sous-Forêt	FR	49.0013	2.3536	13606
Sainte-Maxime	FR	43.3091	6.6385	13582
Saint-François	FR	46.4154	3.9054	13577
Harnes	FR	50.4464	2.9048	13569
Méru	FR	49.2333	2.1333	13528
La Motte-Servolex	FR	45.597	5.8672	13499
Voisins-le-Bretonneux	FR	48.7579	2.0514	13486
Bois-d'Arcy	FR	48.7997	2.0232	13475
Seyssinet-Pariset	FR	45.1767	5.6939	13473
Villeneuve-lès-Avignon	FR	43.9677	4.7926	13451
Barentin	FR	49.5453	0.9552	13441
Pasteur	FR	43.7211	7.2829	13440
Yzeure	FR	46.566	3.3545	13435
Château-d'Olonne	FR	46.5038	-1.741	13420
Roncq	FR	50.7533	3.1213	13387
Beausoleil	FR	43.7431	7.4225	13376
Le Chambon-Feugerolles	FR	45.3914	4.3215	13371
Mouvaux	FR	50.6994	3.1343	13285
Ambérieu-en-Bugey	FR	45.9593	5.3516	13260
Castelsarrasin	FR	44.0404	1.1067	13260
Le Raincy	FR	48.8992	2.523	13246
Saint-Gilles	FR	43.6766	4.4302	13231
Bouc-Bel-Air	FR	43.4522	5.413	13184
Chauny	FR	49.6151	3.2186	13176
Gravelines	FR	50.9865	2.1281	13137
Aubenas	FR	44.6198	4.3903	13134
Bolbec	FR	49.5732	0.4734	13133
Nogent-le-Rotrou	FR	48.3216	0.8218	13128
Plouzané	FR	48.3813	-4.6181	13118
Amilly	FR	47.9728	2.7719	13106
Stiring-Wendel	FR	49.202	6.9317	13085
Rumilly	FR	45.8612	5.9451	13077
Graulhet	FR	43.7669	1.9894	13057
Sainte-Luce-sur-Loire	FR	47.2551	-1.4827	13056
Châteaubriant	FR	47.7167	-1.3764	13024
Valfin-lès-Saint-Claude	FR	46.4376	5.8551	12966
Ambarès-et-Lagrave	FR	44.9274	-0.4914	12955
Andrésy	FR	48.9823	2.0569	12929
Les Ponts-de-Cé	FR	47.4231	-0.5248	12915
Pornic	FR	47.1158	-2.1033	12897
Genas	FR	45.7313	5.0021	12878
Carrières-sur-Seine	FR	48.9069	2.1792	12829
Épinay-sous-Sénart	FR	48.6897	2.5119	12826
Arnouville	FR	48.9833	2.4167	12783
Juvignac	FR	43.6139	3.8106	12783
Riedisheim	FR	47.7485	7.3672	12724
Pierrelatte	FR	44.3755	4.7031	12691
Kingersheim	FR	47.791	7.3265	12690
Le Bourget	FR	48.934	2.4358	12690
Amboise	FR	47.4125	0.9827	12685
Provins	FR	48.559	3.2994	12685
Bruges	FR	44.8829	-0.6122	12650
Valbonne	FR	43.6329	6.9991	12633
Fontenay-le-Fleury	FR	48.8125	2.0486	12611
Oloron-Sainte-Marie	FR	43.1944	-0.6107	12611
Valentigney	FR	47.4639	6.8317	12608
Gaillac	FR	43.9016	1.8969	12600
Saint-Orens-de-Gameville	FR	43.5518	1.5341	12576
Triel-sur-Seine	FR	48.9782	2.0074	12574
Ramonville-Saint-Agne	FR	43.5462	1.4749	12573
Comines	FR	50.7615	3.0106	12548
Guebwiller	FR	47.9167	7.2	12548
Vaires-sur-Marne	FR	48.8765	2.6398	12547
Roquebrune-sur-Argens	FR	43.4431	6.6377	12485
Saverne	FR	48.7416	7.3622	12439
Castelnaudary	FR	43.3181	1.9534	12432
Brignais	FR	45.6738	4.7542	12427
Saint-Claude	FR	46.3868	5.8647	12418
Saint-Martin-Boulogne	FR	50.7269	1.6186	12414
Maromme	FR	49.4793	1.0237	12412
Bernay	FR	49.0889	0.5986	12399
Juvisy-sur-Orge	FR	48.6833	2.3833	12376
Gisors	FR	49.2818	1.7801	12363
Lamballe	FR	48.4681	-2.5178	12344
Le Pradet	FR	43.1054	6.0235	12343
Arcachon	FR	44.6613	-1.1725	12321
Quimperlé	FR	47.8721	-3.5499	12312
Somain	FR	50.3596	3.2811	12310
Bischwiller	FR	48.7683	7.8541	12308
Beaumont	FR	45.7516	3.0829	12295
Château-Gontier	FR	47.827	-0.7051	12292
Fameck	FR	49.2989	6.1091	12291
Auray	FR	47.6669	-2.9842	12269
Rognac	FR	43.4876	5.2339	12254
Dinan	FR	48.4555	-2.0505	12237
Seclin	FR	50.5487	3.0273	12214
Saint-Gaudens	FR	43.1081	0.7232	12193
Saint-Cyr-sur-Mer	FR	43.1805	5.7012	12185
Ponthierry	FR	48.5337	2.5442	12158
L'Union	FR	43.6604	1.4826	12139
Obernai	FR	48.4631	7.481	12138
Saint-Fargeau-Ponthierry	FR	48.5571	2.5284	12097
Talant	FR	47.3369	5.0089	12082
Francheville	FR	45.7364	4.7636	12053
Solliès-Pont	FR	43.1901	6.0412	12052
L'Isle-d'Abeau	FR	45.6196	5.2247	12033
Montataire	FR	49.259	2.4378	12031
Villetaneuse	FR	48.9583	2.3417	12025
Dinard	FR	48.6329	-2.0627	11993
Saint-Amand-Montrond	FR	46.7228	2.5049	11976
Bully-les-Mines	FR	50.4438	2.727	11975
Nœux-les-Mines	FR	50.4833	2.6667	11970
Valenton	FR	48.7453	2.4647	11969
Le Pont-de-Claix	FR	45.1232	5.6978	11963
Allonnes	FR	47.9674	0.1602	11949
Aubergenville	FR	48.96	1.8547	11934
Le Relecq-Kerhuon	FR	48.4082	-4.3968	11911
Orthez	FR	43.4883	-0.7727	11857
Saint-Paul-lès-Dax	FR	43.7257	-1.0528	11839
Roquebrune-Cap-Martin	FR	43.7641	7.4821	11834
La Queue-en-Brie	FR	48.7852	2.5811	11826
Porto-Vecchio	FR	41.591	9.2795	11820
Vernouillet	FR	48.7209	1.3695	11783
Vaux-le-Pénil	FR	48.528	2.6917	11758
Trélazé	FR	47.4463	-0.4665	11740
Bonneville	FR	46.0802	6.4073	11722
Bellegarde-sur-Valserine	FR	46.1079	5.8242	11699
Bruay-sur-l'Escaut	FR	50.3992	3.5438	11690
Marly	FR	50.3456	3.5496	11681
Gaillard	FR	46.1853	6.2069	11660
Cosne-Cours-sur-Loire	FR	47.411	2.9253	11613
Passy	FR	45.9234	6.6956	11613
Apt	FR	43.8764	5.3963	11609
Parthenay	FR	46.6483	-0.2467	11599
Mondeville	FR	49.175	-0.3224	11582
Méricourt	FR	50.4012	2.8625	11580
Briançon	FR	44.8998	6.642	11577
Ploufragan	FR	48.49	-2.7961	11577
Castanet-Tolosan	FR	43.5159	1.4986	11561
Saint-Martin-de-Crau	FR	43.6395	4.8127	11555
Tarnos	FR	43.5417	-1.4628	11554
Saint-Junien	FR	45.8875	0.9016	11553
Joigny	FR	47.9829	3.401	11527
Thouars	FR	46.9815	-0.2117	11517
Châteauneuf-les-Martigues	FR	43.3838	5.164	11496
Oissel-sur-Seine	FR	49.3331	1.0941	11495
Figeac	FR	44.6089	2.0316	11491
Mazamet	FR	43.4928	2.3736	11479
Ville-d'Avray	FR	48.8236	2.1931	11431
Mions	FR	45.663	4.9529	11424
Auchel	FR	50.5035	2.4735	11419
Étaples	FR	50.5219	1.6332	11397
Ussel	FR	45.548	2.3092	11384
Morangis	FR	48.7038	2.3391	11369
Guilherand-Granges	FR	44.9328	4.8737	11365
Saint-Saulve	FR	50.3714	3.5561	11303
Bondues	FR	50.702	3.095	11285
Ostwald	FR	48.5437	7.711	11261
Yvetot	FR	49.6174	0.7581	11232
Soyaux	FR	45.6405	0.1975	11220
Saint-André-les-Vergers	FR	48.2853	4.0521	11203
Sainte-Savine	FR	48.2964	4.0464	11172
L'Isle-Adam	FR	49.1074	2.2282	11160
Olonne-sur-Mer	FR	46.5352	-1.7729	11157
Canet-en-Roussillon	FR	42.7	3.0167	11148
Hirson	FR	49.9226	4.0826	11133
Cernay	FR	47.8097	7.177	11127
Sarlat-la-Canéda	FR	44.889	1.2166	11126
Plan-de-Cuques	FR	43.3475	5.464	11125
Saint-Max	FR	48.7043	6.2069	11123
Le Portel	FR	50.7056	1.5757	11100
Chantilly	FR	49.1946	2.4712	11085
Claye-Souilly	FR	48.9449	2.6857	11069
Aubière	FR	45.7508	3.1108	11054
Clermont	FR	49.379	2.4126	11025
Marly	FR	49.0638	6.1543	10997
Héricourt	FR	47.5731	6.7614	10985
Jeumont	FR	50.2966	4.1011	10964
Enghien-les-Bains	FR	48.9667	2.3167	10951
Rombas	FR	49.2495	6.094	10942
Saint-André-lez-Lille	FR	50.6667	3.05	10931
Hœnheim	FR	48.6222	7.7555	10921
Chambray-lès-Tours	FR	47.3354	0.7029	10910
Carros	FR	43.7925	7.1875	10883
Pernes-les-Fontaines	FR	43.998	5.0591	10868
Limoux	FR	43.0549	2.2217	10844
Marquette-lez-Lille	FR	50.6763	3.0661	10832
Monteux	FR	44.0362	4.9963	10828
Tarare	FR	45.8961	4.433	10806
Vauvert	FR	43.6939	4.2759	10798
Vieux-Condé	FR	50.4594	3.5674	10773
Riorges	FR	46.0438	4.0426	10763
Florange	FR	49.3237	6.1212	10758
Croissy-sur-Seine	FR	48.8792	2.1384	10751
Biscarrosse	FR	44.3945	-1.1672	10716
Montigny-en-Gohelle	FR	50.4254	2.939	10713
Dugny	FR	48.9537	2.4173	10709
Sassenage	FR	45.2127	5.6629	10641
Sallaumines	FR	50.4175	2.8617	10637
Chevigny-Saint-Sauveur	FR	47.2991	5.1337	10620
Chamonix-Mont-Blanc	FR	45.9237	6.8693	10614
Oignies	FR	50.4633	2.9938	10609
Albert	FR	50.0009	2.651	10588
Pornichet	FR	47.2668	-2.3379	10584
Tournon-sur-Rhône	FR	45.0667	4.8333	10571
Saint-Rémy-de-Provence	FR	43.7885	4.8317	10562
Loudéac	FR	48.1776	-2.7558	10552
Déville-lès-Rouen	FR	49.4694	1.0521	10548
Fosses	FR	49.0981	2.5096	10543
Annoeullin	FR	50.5292	2.9318	10528
Mainvilliers	FR	48.45	1.4561	10505
Varennes-Vauzelles	FR	47.0168	3.1404	10464
Carmaux	FR	44.0496	2.1581	10413
Bures-sur-Yvette	FR	48.6998	2.1706	10411
Saint-Estève	FR	42.7131	2.8415	10403
Aire-sur-la-Lys	FR	50.6387	2.3988	10397
Saint-Brevin-les-Pins	FR	47.2469	-2.1665	10396
Quetigny	FR	47.3167	5.1167	10372
Roche-la-Molière	FR	45.4309	4.3282	10372
Courrières	FR	50.457	2.9472	10330
Douchy-les-Mines	FR	50.3008	3.3927	10296
Dourdan	FR	48.5277	2.0111	10261
Jarville-la-Malgrange	FR	48.667	6.2027	10248
Andernos-les-Bains	FR	44.7457	-1.1036	10236
Behren-lès-Forbach	FR	49.1695	6.9393	10225
Septèmes-les-Vallons	FR	43.3983	5.366	10220
Wittelsheim	FR	47.8095	7.2415	10220
Condé-sur-l'Escaut	FR	50.4544	3.5888	10215
Voreppe	FR	45.2948	5.6319	10214
Valréas	FR	44.3849	4.9912	10211
La Ferté-Bernard	FR	48.1872	0.6525	10201
Tinqueux	FR	49.25	3.9833	10197
Eybens	FR	45.1477	5.7501	10195
Amnéville	FR	49.2567	6.1341	10162
Lavaur	FR	43.6989	1.8121	10148
Luçon	FR	46.4549	-1.1663	10140
Montlouis-sur-Loire	FR	47.3884	0.8321	10137
La Trinité	FR	43.7405	7.314	10128
Aniche	FR	50.3299	3.2535	10108
Saint-Julien-en-Genevois	FR	46.1443	6.0826	10108
Caudebec-lès-Elbeuf	FR	49.2808	1.0219	10104
Lillers	FR	50.5635	2.4804	10104
Bourg-de-Péage	FR	45.0315	5.0499	10090
Gérardmer	FR	48.0735	6.8779	10084
Villers-Cotterêts	FR	49.2531	3.09	10068
Isbergues	FR	50.6233	2.459	10067
Panazol	FR	45.8387	1.3099	10055
Argeles	FR	42.5471	3.0225	10044
Bussy-Saint-Georges	FR	48.841	2.7016	10043
La Roche-sur-Foron	FR	46.0711	6.3045	10026
Pont-Saint-Esprit	FR	44.2566	4.6478	10002
Carabacel	FR	43.708	7.2789	9984
Villebon-sur-Yvette	FR	48.7059	2.2402	9983
Pierre-Bénite	FR	45.7036	4.8242	9971
Igny	FR	48.7444	2.2243	9968
Vernouillet	FR	48.9715	1.9808	9965
Molsheim	FR	48.5404	7.492	9953
Ormesson-sur-Marne	FR	48.7863	2.5447	9922
Villepreux	FR	48.8282	1.9976	9895
Thorigny-sur-Marne	FR	48.8869	2.7181	9887
Auriol	FR	43.3716	5.6341	9872
Foix	FR	42.9654	1.6071	9860
Maizières-lès-Metz	FR	49.2133	6.1596	9845
Paray-le-Monial	FR	46.4546	4.1158	9840
Cogolin	FR	43.2529	6.5298	9838
Leers	FR	50.6822	3.2443	9823
Tonneins	FR	44.3948	0.3101	9823
Guidel-Plage	FR	47.7677	-3.5218	9800
Lillebonne	FR	49.5203	0.5362	9797
Portet-sur-Garonne	FR	43.5232	1.4051	9794
Villerupt	FR	49.4671	5.932	9763
Corbas	FR	45.668	4.902	9753
Arpajon	FR	48.5887	2.2467	9742
Trets	FR	43.4482	5.6833	9734
Lescar	FR	43.3336	-0.4346	9710
Hombourg-Haut	FR	49.1282	6.7707	9702
Fondettes	FR	47.4035	0.5969	9684
Saint-Vallier	FR	46.6411	4.3711	9670
Pont-Audemer	FR	49.35	0.5167	9666
Pithiviers	FR	48.1718	2.2519	9659
Coutances	FR	49.0454	-1.4452	9657
Les Andelys	FR	49.2456	1.4117	9655
Erstein	FR	48.4237	7.6626	9647
Bondoufle	FR	48.6129	2.3777	9619
Ifs	FR	49.14	-0.349	9617
Grand-Couronne	FR	49.3556	1.0065	9569
Arques	FR	50.7338	2.3024	9551
Privas	FR	44.735	4.5992	9545
Feyzin	FR	45.6729	4.8589	9539
Vedène	FR	43.9774	4.9043	9538
Saint-Jean-de-Maurienne	FR	45.2753	6.3529	9536
Beauchamp	FR	49.0167	2.2	9532
La Chapelle-Saint-Mesmin	FR	47.8865	1.8345	9532
Longvic	FR	47.2875	5.0634	9527
Gouvieux	FR	49.187	2.4144	9526
Chanteloup-les-Vignes	FR	48.9761	2.0326	9521
Épinay-sur-Orge	FR	48.6734	2.3107	9507
Chambly	FR	49.1667	2.25	9506
Méry-sur-Oise	FR	49.0588	2.1911	9490
Escaudain	FR	50.3332	3.3443	9479
Pont-du-Château	FR	45.7983	3.2484	9474
Redon	FR	47.6516	-2.0842	9472
La Londe-les-Maures	FR	43.1384	6.2336	9471
Brumath	FR	48.734	7.711	9459
Andrézieux-Bouthéon	FR	45.5262	4.2602	9452
La Ferté-sous-Jouarre	FR	48.9514	3.1272	9443
Le Passage	FR	44.2014	0.6035	9434
Saint-Doulchard	FR	47.1037	2.352	9433
Neuville-en-Ferrain	FR	50.7484	3.1568	9428
Buxerolles	FR	46.6167	0.4833	9415
Lure	FR	47.6829	6.4966	9415
Chassieu	FR	45.7458	4.9709	9412
Chinon	FR	47.167	0.2428	9405
Gerzat	FR	45.8258	3.1447	9382
Saint-Cyprien-Plage	FR	42.6323	3.0333	9369
Saint-Hilaire-de-Riez	FR	46.7211	-1.9459	9358
Betton	FR	48.1827	-1.6448	9343
Remiremont	FR	48.0175	6.5882	9339
Mouans-Sartoux	FR	43.621	6.9714	9330
Louvres	FR	49.0446	2.5048	9323
Quéven	FR	47.7889	-3.4162	9316
Persan	FR	49.1534	2.2722	9314
Avranches	FR	48.6844	-1.3569	9295
Miribel	FR	45.8258	4.9544	9282
Villeneuve-Tolosane	FR	43.5232	1.341	9258
Dombasle-sur-Meurthe	FR	48.6186	6.3554	9256
Aulnoye-Aymeries	FR	50.2014	3.8384	9242
Fleury-Mérogis	FR	48.6373	2.3638	9241
Champagnole	FR	46.7445	5.9135	9239
Fontaine-lès-Dijon	FR	47.3424	5.0201	9234
Maxéville	FR	48.7132	6.1666	9226
Magny-les-Hameaux	FR	48.7435	2.0615	9203
Luxeuil-les-Bains	FR	47.8171	6.365	9200
Gex	FR	46.3332	6.0577	9177
Carqueiranne	FR	43.0949	6.0735	9175
Marck	FR	50.949	1.9433	9158
Larmor-Plage	FR	47.7065	-3.3834	9151
Saint-Jean	FR	43.6652	1.5046	9147
Gignac-la-Nerthe	FR	43.3929	5.2359	9146
Belley	FR	45.7592	5.6881	9145
Saint-Jean-de-Védas	FR	43.5776	3.826	9134
Rouvroy	FR	50.3925	2.904	9122
Falaise	FR	48.8922	-0.1953	9107
Merville	FR	50.6433	2.6412	9104
Cabestany	FR	42.6814	2.9409	9103
Coulounieix-Chamiers	FR	45.1577	0.688	9103
Sophia Antipolis	FR	43.6223	7.0472	9102
Moyeuvre-Grande	FR	49.2529	6.0447	9099
Ouistreham	FR	49.2757	-0.2591	9067
Darnétal	FR	49.4453	1.1514	9064
Pélissanne	FR	43.6326	5.1522	9064
Beuvry	FR	50.5167	2.6854	9052
Lézignan-Corbières	FR	43.2009	2.7574	9042
Hagondange	FR	49.2488	6.1637	9039
Crolles	FR	45.2772	5.8784	9026
Saint-Jean-le-Blanc	FR	47.8933	1.9154	9025
Guingamp	FR	48.5626	-3.1529	9023
Domérat	FR	46.3604	2.5345	9015
Beaumont-sur-Oise	FR	49.1423	2.287	9011
Péronne	FR	49.9322	2.9363	9011
Villecresnes	FR	48.72	2.5394	8978
Marguerittes	FR	43.8596	4.4452	8974
Bagnères-de-Bigorre	FR	43.065	0.1488	8967
Ézanville	FR	49.0279	2.3679	8950
Digoin	FR	46.4812	3.9795	8941
La Riche	FR	47.39	0.6707	8934
Saint-Avé	FR	47.6865	-2.7349	8907
Bougival	FR	48.8622	2.1415	8895
Léognan	FR	44.729	-0.6005	8890
Le Haillan	FR	44.8716	-0.6769	8880
Cuers	FR	43.2375	6.0718	8869
Irigny	FR	45.6731	4.8224	8869
Bellerive-sur-Allier	FR	46.1165	3.4041	8841
Notre-Dame-de-Gravenchon	FR	49.4894	0.5719	8839
Rivesaltes	FR	42.7693	2.8738	8836
Meulan-en-Yvelines	FR	49.0077	1.906	8829
Wingles	FR	50.4938	2.855	8815
Wissembourg	FR	49.0371	7.9455	8800
Romagnat	FR	45.7296	3.1006	8771
Petit-Couronne	FR	49.3833	1.0167	8761
Pérols	FR	43.5647	3.9503	8753
Gleizé	FR	45.9892	4.6971	8749
Landivisiau	FR	48.5091	-4.0691	8747
Avallon	FR	47.49	3.9083	8740
L'Isle-Jourdain	FR	43.6122	1.0866	8729
Fouesnant	FR	47.8934	-4.0124	8722
Revel	FR	43.4589	2.0044	8710
Castelginest	FR	43.6938	1.4344	8709
Villars	FR	45.4678	4.3554	8709
Jarny	FR	49.1587	5.8764	8704
Onnaing	FR	50.3858	3.5996	8703
Wambrechies	FR	50.6828	3.0478	8699
Saint-Germain-lès-Arpajon	FR	48.5973	2.2648	8695
Vaucresson	FR	48.8408	2.1565	8693
Portes-lès-Valence	FR	44.8758	4.8742	8675
Pézenas	FR	43.46	3.4226	8647
Langres	FR	47.8626	5.3331	8638
Migennes	FR	47.9655	3.5179	8637
Déols	FR	46.8293	1.7043	8635
Golbey	FR	48.1976	6.4397	8623
Le Teil	FR	44.5453	4.6822	8620
Dardilly	FR	45.8056	4.7532	8612
Pacé	FR	48.1485	-1.7744	8608
Saint-Gély-du-Fesc	FR	43.6929	3.8058	8605
Paimpol	FR	48.7783	-3.0466	8603
Saint-Pierre-lès-Elbeuf	FR	49.279	1.0431	8602
Crosne	FR	48.7192	2.4573	8592
Bihorel	FR	49.4547	1.1223	8589
Le Beausset	FR	43.1982	5.8027	8568
Mèze	FR	43.4275	3.605	8557
Dammartin-en-Goële	FR	49.0542	2.6778	8552
Saint-Affrique	FR	43.9558	2.8891	8548
Bandol	FR	43.1425	5.7472	8546
Lamorlaye	FR	49.1625	2.4469	8540
Meythet	FR	45.9184	6.0942	8538
Billy-Montigny	FR	50.4171	2.9029	8533
Crest	FR	44.7264	5.0152	8517
Loudun	FR	47.0079	0.083	8510
Mont-Saint-Martin	FR	49.5436	5.7834	8509
Charvieu-Chavagneux	FR	45.75	5.15	8506
Le Taillan-Médoc	FR	44.9043	-0.67	8505
Rethel	FR	49.5098	4.3674	8505
Saint-Jacques-de-la-Lande	FR	48.0647	-1.7209	8505
Port-Saint-Louis-du-Rhône	FR	43.3882	4.8036	8503
Gueugnon	FR	46.6036	4.0629	8486
Saint-Aubin-lès-Elbeuf	FR	49.3036	1.0106	8486
Le Muy	FR	43.4728	6.5664	8474
Pontchâteau	FR	47.4387	-2.0942	8474
Séné	FR	47.619	-2.737	8465
Craponne	FR	45.7453	4.7232	8460
Unieux	FR	45.404	4.2709	8456
Libercourt	FR	50.4832	3.0158	8443
Livron-sur-Drôme	FR	44.7769	4.8418	8440
Thann	FR	47.8079	7.103	8429
Eu	FR	50.0461	1.4208	8425
Ploërmel	FR	47.9317	-2.3975	8422
Lésigny	FR	48.7437	2.6152	8421
Pibrac	FR	43.6204	1.2854	8413
Jouy-en-Josas	FR	48.7591	2.1697	8383
Chantonnay	FR	46.6872	-1.0511	8375
Cassis	FR	43.2157	5.5385	8361
Pfastatt	FR	47.7692	7.303	8354
Villeneuve-lès-Maguelone	FR	43.5322	3.8605	8343
Aytré	FR	46.1342	-1.1183	8335
Grigny-sur-Rhône	FR	45.6084	4.7898	8331
Les Angles	FR	43.9545	4.7664	8318
Lempdes	FR	45.771	3.1936	8315
Sainte-Adresse	FR	49.5089	0.0845	8310
Tournan-en-Brie	FR	48.7415	2.772	8309
Bourg-Saint-Andéol	FR	44.3734	4.6441	8301
Cappelle-la-Grande	FR	50.9998	2.3585	8293
Saint-Laurent-de-la-Salanque	FR	42.774	2.9904	8293
Chaponost	FR	45.7102	4.7422	8286
Harfleur	FR	49.5066	0.1983	8286
Vert-Saint-Denis	FR	48.5682	2.6201	8275
Blain	FR	47.4756	-1.7645	8274
Nangis	FR	48.5553	3.0131	8271
Carhaix-Plouguer	FR	48.2759	-3.5733	8270
Lorgues	FR	43.4933	6.3615	8237
Noisy-le-Roi	FR	48.8445	2.0635	8218
Roquevaire	FR	43.3502	5.6041	8210
Évian-les-Bains	FR	46.4011	6.5879	8207
Veauche	FR	45.5633	4.2919	8189
Talange	FR	49.2358	6.1717	8175
Aulnoy-lez-Valenciennes	FR	50.3333	3.5333	8172
Ceret	FR	42.4853	2.748	8171
Basse-Goulaine	FR	47.2151	-1.466	8160
Honfleur	FR	49.4198	0.2329	8148
Claix	FR	45.1199	5.6729	8127
Crozon	FR	48.2464	-4.4899	8123
Cabriès	FR	43.4413	5.3788	8122
Houplines	FR	50.695	2.9152	8119
Bourg-Saint-Maurice	FR	45.6146	6.7684	8114
Cébazat	FR	45.8314	3.0999	8114
Vern-sur-Seiche	FR	48.0459	-1.6024	8110
Mourenx	FR	43.3703	-0.6299	8109
Malzéville	FR	48.7124	6.1847	8095
Essey-lès-Nancy	FR	48.705	6.2269	8090
Doué-la-Fontaine	FR	47.1933	-0.2763	8089
Isle	FR	45.8046	1.2262	8085
Lambesc	FR	43.6538	5.2621	8084
Roussillon	FR	45.3739	4.815	8082
Saint-Rémy-lès-Chevreuse	FR	48.7071	2.0769	8072
Perros-Guirec	FR	48.8141	-3.4437	8062
Saint-Grégoire	FR	48.151	-1.6858	8058
Linselles	FR	50.7371	3.0788	8049
Monistrol-sur-Loire	FR	45.2926	4.1723	8049
Neufchâteau	FR	48.3556	5.696	8047
Saint-Paul-Trois-Châteaux	FR	44.3459	4.7636	8028
Bessancourt	FR	49.0376	2.2094	8026
Thaon-les-Vosges	FR	48.25	6.4167	8009
Ingré	FR	47.92	1.8278	8001
La Ricamarie	FR	45.4054	4.3694	7997
Velaux	FR	43.5284	5.2566	7963
Vizille	FR	45.0782	5.7707	7962
Montmorillon	FR	46.4265	0.8696	7960
Revin	FR	49.9404	4.635	7960
Auxonne	FR	47.1925	5.3873	7958
Le Luc	FR	43.3945	6.3125	7953
Thuir	FR	42.6322	2.7558	7933
Vidauban	FR	43.4272	6.4318	7931
Venelles	FR	43.5986	5.4798	7917
Beynes	FR	48.8563	1.8726	7914
Coulaines	FR	48.0241	0.2041	7912
Groslay	FR	48.9856	2.3474	7902
Ambert	FR	45.5494	3.7416	7901
Feurs	FR	45.7334	4.2275	7901
Saint-Yrieix-la-Perche	FR	45.5145	1.2033	7895
Moirans	FR	45.3314	5.5543	7886
Valognes	FR	49.5088	-1.4705	7873
Aureilhan	FR	43.2437	0.0959	7859
Fuveau	FR	43.4558	5.5615	7845
Wintzenheim	FR	48.0727	7.2907	7845
Uzès	FR	44.0125	4.4197	7841
Ancenis	FR	47.3667	-1.1667	7840
Auby	FR	50.4146	3.054	7836
Beuvrages	FR	50.3841	3.4942	7834
Gretz-Armainvilliers	FR	48.7412	2.7311	7831
Mably	FR	46.0648	4.0601	7830
Notre-Dame-de-Bondeville	FR	49.4833	1.05	7817
Quincy-sous-Sénart	FR	48.6729	2.5342	7808
Évron	FR	48.1559	-0.4024	7808
Wavrin	FR	50.5739	2.9363	7770
Pérenchies	FR	50.6701	2.9702	7761
Marcoussis	FR	48.6403	2.2386	7756
Breuillet	FR	48.5706	2.1742	7755
Fonsorbes	FR	43.539	1.2288	7745
Ferney-Voltaire	FR	46.2586	6.1106	7742
Biot	FR	43.6285	7.0953	7737
Libération	FR	43.712	7.2625	7736
Barlin	FR	50.4524	2.6195	7734
Condom	FR	43.9582	0.372	7732
Tomblaine	FR	48.6838	6.2162	7703
Ugine	FR	45.7557	6.415	7703
Orchies	FR	50.4667	3.2333	7692
Tullins	FR	45.3024	5.4908	7689
Nérac	FR	44.136	0.3384	7688
Achicourt	FR	50.2743	2.7578	7683
Coutras	FR	45.0407	-0.1289	7682
Saint-Loubès	FR	44.9172	-0.4286	7678
Wimereux	FR	50.7696	1.6114	7663
Saint-Pierre-du-Mont	FR	43.8845	-0.5219	7660
Beaugency	FR	47.7802	1.6271	7659
Chécy	FR	47.894	2.023	7655
Saint-Nicolas-de-Port	FR	48.6286	6.2967	7653
Nieppe	FR	50.7043	2.8351	7638
Saint-Denis-en-Val	FR	47.8732	1.966	7632
Saint-Pol-de-Léon	FR	48.6849	-3.9876	7627
Houdain	FR	50.4504	2.5378	7622
Le Crès	FR	43.6476	3.9388	7621
Bompas	FR	42.731	2.9333	7619
Sausset-les-Pins	FR	43.3314	5.1043	7619
Sisteron	FR	44.19	5.9464	7605
Lisses	FR	48.6022	2.4224	7601
Saint-Benoît	FR	46.5502	0.3418	7598
Ruelle-sur-Touvre	FR	45.6798	0.2293	7597
Saint-Marcellin	FR	45.1491	5.3167	7592
La Couronne	FR	45.6113	0.0995	7590
Mazingarbe	FR	50.4711	2.7154	7587
Plabennec	FR	48.5023	-4.4261	7585
Écouen	FR	49.0206	2.3831	7583
Urrugne	FR	43.3624	-1.7002	7580
Fresnes-sur-Escaut	FR	50.4338	3.5775	7573
Le Coteau	FR	46.0192	4.0923	7571
Chantepie	FR	48.0882	-1.6169	7560
Paray-Vieille-Poste	FR	48.714	2.3628	7559
Cesson	FR	48.562	2.6082	7557
Soisy-sur-Seine	FR	48.6487	2.4522	7552
Sorbiers	FR	45.4911	4.4416	7549
Boucau	FR	43.5277	-1.4656	7532
Chauvigny	FR	46.5698	0.6435	7526
Louveciennes	FR	48.8612	2.1146	7523
Bassens	FR	44.9035	-0.517	7521
Biganos	FR	44.6442	-0.9784	7521
Lodève	FR	43.7318	3.3196	7515
Saint-Flour	FR	45.0337	3.093	7499
Waziers	FR	50.3872	3.1149	7498
Vallet	FR	47.1613	-1.2671	7483
Saint-Germain-lès-Corbeil	FR	48.6221	2.4878	7481
Éguilles	FR	43.5687	5.3557	7480
Meximieux	FR	45.9082	5.1992	7467
Noyelles-sous-Lens	FR	50.4308	2.8722	7467
Peymeinade	FR	43.6424	6.8758	7465
Téteghem	FR	51.0186	2.4445	7465
Commentry	FR	46.2888	2.7416	7461
Neuville-sur-Saône	FR	45.8762	4.841	7453
Brioude	FR	45.2942	3.3842	7451
Givet	FR	50.138	4.8255	7448
Châteauneuf-sur-Loire	FR	47.8657	2.219	7446
Louvroil	FR	50.2643	3.9627	7446
Saint-Genis-Pouilly	FR	46.2436	6.0212	7428
Segré	FR	47.6867	-0.8727	7428
Le Plessis-Bouchard	FR	49.0	2.2333	7420
Saint-Jean-de-Monts	FR	46.7931	-2.0608	7414
Geispolsheim	FR	48.516	7.6482	7410
Guénange	FR	49.2995	6.2054	7409
Seyssins	FR	45.1622	5.6867	7408
Sautron	FR	47.2634	-1.6722	7405
Gray	FR	47.4457	5.5922	7402
Villard-Bonnot	FR	45.2346	5.8832	7400
Ballan-Miré	FR	47.3406	0.6147	7398
Capbreton	FR	43.6424	-1.4312	7387
Uckange	FR	49.303	6.1492	7385
Lavelanet	FR	42.9327	1.8484	7382
La Ferté-Macé	FR	48.59	-0.358	7372
Feignies	FR	50.2981	3.9153	7370
Auterive	FR	43.3508	1.4746	7369
La Grande-Motte	FR	43.5608	4.0848	7335
Nyons	FR	44.3608	5.1405	7330
Guilers	FR	48.427	-4.5598	7328
Jumelles	FR	47.4352	-0.1037	7328
Ergué-Gabéric	FR	47.9966	-4.0244	7326
Blanzy	FR	46.7001	4.3883	7312
Aussillon	FR	43.499	2.3631	7309
Pierrelaye	FR	49.0211	2.1548	7295
Divion	FR	50.4717	2.5055	7290
Yssingeaux	FR	45.1428	4.1237	7286
Saint-Gilles-Croix-de-Vie	FR	46.6997	-1.9465	7280
Decazeville	FR	44.5605	2.2509	7268
Mehun-sur-Yèvre	FR	47.1378	2.2111	7257
Villemoisson-sur-Orge	FR	48.6663	2.3366	7250
La Tour-du-Pin	FR	45.566	5.4449	7248
Caudan	FR	47.81	-3.3426	7241
Saint-Renan	FR	48.4311	-4.6217	7231
Tonnay-Charente	FR	45.944	-0.8919	7229
Verneuil-sur-Avre	FR	48.7395	0.9273	7229
Saint-Prix	FR	49.0167	2.2667	7226
Corte	FR	42.3096	9.1492	7217
Entraigues-sur-la-Sorgue	FR	44.0032	4.9266	7206
La Mulatière	FR	45.7282	4.8121	7185
Bethoncourt	FR	47.5351	6.805	7182
La Ferté-Saint-Aubin	FR	47.7169	1.939	7178
Thouaré-sur-Loire	FR	47.2696	-1.4435	7172
Loos-en-Gohelle	FR	50.4579	2.7921	7150
Lesneven	FR	48.5716	-4.3175	7144
Parempuyre	FR	44.9507	-0.606	7143
Guichen	FR	47.9681	-1.7958	7142
Commercy	FR	48.7613	5.5907	7138
Loches	FR	47.1286	0.9952	7132
Trignac	FR	47.3178	-2.1892	7132
Fontaines-sur-Saône	FR	45.8357	4.8449	7129
La Tronche	FR	45.2051	5.7463	7125
Malemort-sur-Corrèze	FR	45.1707	1.5639	7124
Frouard	FR	48.7599	6.1304	7119
Sarzeau	FR	47.5275	-2.77	7116
Villefranche-sur-Mer	FR	43.7039	7.3109	7105
Langon	FR	44.5528	-0.2499	7102
Saint-Victoret	FR	43.4196	5.234	7100
Othis	FR	49.0739	2.675	7084
Saint-Florent-sur-Cher	FR	46.9955	2.2508	7083
Chartres-de-Bretagne	FR	48.0397	-1.7054	7074
Embrun	FR	44.5639	6.4953	7069
Farébersviller	FR	49.119	6.8691	7068
Saint-Jean-d'Angély	FR	45.9441	-0.5213	7066
Jœuf	FR	49.2333	6.0167	7064
L'Île-Saint-Denis	FR	48.9367	2.3394	7061
Bourbourg	FR	50.9478	2.1958	7059
Le Thor	FR	43.9294	4.9954	7055
Monts	FR	47.2772	0.6247	7054
Luisant	FR	48.4295	1.4738	7049
Cuincy	FR	50.3793	3.053	7048
Carnoux-en-Provence	FR	43.2564	5.5644	7042
Jurançon	FR	43.2883	-0.3869	7041
Liffré	FR	48.2137	-1.509	7034
Ville-la-Grand	FR	46.203	6.2501	7033
Lançon-Provence	FR	43.5927	5.1279	7031
Le Blanc	FR	46.6337	1.0627	7026
Charnay-lès-Mâcon	FR	46.3075	4.7848	7019
Lieusaint	FR	48.6348	2.5481	7018
Margny-lès-Compiègne	FR	49.4256	2.8181	7011
Fouquières-lès-Lens	FR	50.4284	2.9132	7008
Elne	FR	42.6043	2.9718	7007
Juigné	FR	47.7188	-0.3941	7007
Saint-Girons	FR	42.9849	1.1459	7004
Émerainville	FR	48.8128	2.6214	7002
Ballancourt-sur-Essonne	FR	48.5252	2.386	7001
Morières-lès-Avignon	FR	43.9403	4.9011	7001
Languidic	FR	47.8336	-3.1581	7000
Mirecourt	FR	48.3009	6.1328	6998
Saint-Juéry	FR	43.9484	2.2091	6997
La Colle-sur-Loup	FR	43.6865	7.1038	6987
Lagord	FR	46.1891	-1.1539	6987
Saint-Mandrier-sur-Mer	FR	43.078	5.929	6987
Moëlan-sur-Mer	FR	47.814	-3.6288	6984
Marseillan	FR	43.3567	3.528	6981
Léguevin	FR	43.6003	1.2324	6976
Ludres	FR	48.6203	6.1675	6974
Petite-Rosselle	FR	49.2118	6.8561	6973
Auvers-sur-Oise	FR	49.0716	2.1698	6972
Homécourt	FR	49.2207	5.9924	6971
Neuves-Maisons	FR	48.6181	6.1054	6971
Soultz-Haut-Rhin	FR	47.8885	7.2286	6963
Trévoux	FR	45.9428	4.7714	6957
Gargenville	FR	48.988	1.8118	6952
Carentan	FR	49.3031	-1.2481	6950
Vineuil	FR	47.5838	1.376	6950
Pontcharra	FR	45.4359	6.0178	6948
Champigneulles	FR	48.734	6.1618	6947
Puget-sur-Argens	FR	43.4558	6.6852	6943
Couzeix	FR	45.8764	1.2384	6942
Vif	FR	45.0565	5.672	6942
Ensisheim	FR	47.8658	7.3505	6940
Châtillon-sur-Seine	FR	47.8585	4.5738	6939
Sérignan	FR	43.2792	3.2766	6936
Beaupréau	FR	47.2021	-0.9947	6932
Hettange-Grande	FR	49.4065	6.1523	6922
Saint-Péray	FR	44.9487	4.8451	6922
La Farlède	FR	43.1687	6.0432	6918
Le Mesnil-Saint-Denis	FR	48.7448	1.9559	6915
Bédarieux	FR	43.616	3.1589	6907
Saint-Chamas	FR	43.5505	5.035	6901
Saint-Berthevin	FR	48.0692	-0.8261	6887
Domène	FR	45.2029	5.8334	6882
Le Péage-de-Roussillon	FR	45.3738	4.7973	6869
Trélissac	FR	45.1962	0.7826	6867
Contes	FR	43.8128	7.3144	6864
Bormes-les-Mimosas	FR	43.1517	6.3422	6857
Leforest	FR	50.4387	3.0648	6843
Prades	FR	42.6176	2.4218	6836
Saint-Yrieix-sur-Charente	FR	45.6752	0.1271	6832
Saint-Jean-d'Illac	FR	44.8098	-0.7839	6826
Langueux	FR	48.4953	-2.7182	6822
Gaillon	FR	49.161	1.3402	6818
Nouzonville	FR	49.8137	4.7474	6817
Allières-et-Risset	FR	45.0993	5.6792	6815
Ciboure	FR	43.3849	-1.6682	6814
Saint-Étienne-de-Montluc	FR	47.2762	-1.7801	6809
Martignas-sur-Jalle	FR	44.8451	-0.783	6803
La Talaudière	FR	45.476	4.4261	6791
Pont-l'Abbé	FR	47.8669	-4.2242	6791
Boussy-Saint-Antoine	FR	48.691	2.5306	6786
Rosporden	FR	47.9606	-3.8349	6779
Divonne-les-Bains	FR	46.3571	6.1349	6775
Trégunc	FR	47.8556	-3.8527	6775
Savenay	FR	47.3611	-1.9421	6770
Épône	FR	48.9548	1.8223	6770
La Ravoire	FR	45.5627	5.9583	6768
Scionzier	FR	46.0601	6.5527	6766
Montoir-de-Bretagne	FR	47.3282	-2.1488	6762
Carbon-Blanc	FR	44.895	-0.5018	6760
Liancourt	FR	49.3303	2.4659	6758
Saint-Julien-de-Concelles	FR	47.2536	-1.3857	6758
Saint-Philbert-de-Grand-Lieu	FR	47.0357	-1.6409	6757
Saint-Pierre-d'Oléron	FR	45.9437	-1.3059	6751
Donges	FR	47.3182	-2.0754	6749
Nandy	FR	48.583	2.5629	6741
Soustons	FR	43.7516	-1.3298	6738
Fouillard	FR	48.1582	-1.5792	6737
Saint-Sulpice-la-Pointe	FR	43.775	1.6851	6714
Vendin-le-Vieil	FR	50.4738	2.8667	6713
Pecquencourt	FR	50.3785	3.2128	6703
Les Sorinières	FR	47.1474	-1.53	6698
Chemillé-Melay	FR	47.2148	-0.7249	6683
Terville	FR	49.3467	6.1335	6667
Meung-sur-Loire	FR	47.8312	1.6958	6659
Roye	FR	49.7004	2.7896	6655
La Fare-les-Oliviers	FR	43.551	5.1943	6646
Loon-Plage	FR	50.9965	2.2177	6640
Saint-Ismier	FR	45.2523	5.8307	6630
La Gaude	FR	43.7221	7.153	6626
Courtry	FR	48.9191	2.6043	6610
Hersin-Coupigny	FR	50.448	2.6494	6609
Champagne-sur-Seine	FR	48.3979	2.7978	6608
Fabrègues	FR	43.5513	3.7761	6607
Lannemezan	FR	43.1252	0.384	6606
Decize	FR	46.8285	3.4619	6605
Le Rheu	FR	48.1019	-1.7956	6601
Artigues-près-Bordeaux	FR	44.8589	-0.4972	6582
Faverges	FR	45.7512	6.2915	6580
Cognin	FR	45.5595	5.8911	6577
Mamers	FR	48.3504	0.3694	6575
Lallaing	FR	50.3901	3.1695	6573
Treillières	FR	47.3312	-1.6268	6572
Baillargues	FR	43.6613	4.0128	6570
Mimizan	FR	44.2013	-1.2287	6565
Fleurance	FR	43.8494	0.663	6564
Montdidier	FR	49.648	2.5699	6556
Saint-Thibault-des-Vignes	FR	48.8711	2.6804	6545
Saint-Julien-les-Villas	FR	48.2713	4.099	6542
Bouchemaine	FR	47.4223	-0.6089	6534
Aizenay	FR	46.7405	-1.6091	6531
Montluel	FR	45.8519	5.0578	6528
Aigues-Mortes	FR	43.5668	4.1907	6526
Le Mesnil-le-Roi	FR	48.9382	2.1255	6515
Liverdun	FR	48.7497	6.0637	6500
Villemandeur	FR	47.987	2.718	6498
Quesnoy-sur-Deûle	FR	50.7136	3.0	6496
Morez	FR	46.5254	6.0259	6495
Colombelles	FR	49.2049	-0.2957	6493
Grenay	FR	50.4496	2.7517	6491
Corbie	FR	49.9067	2.5068	6486
Grenade	FR	43.7713	1.2928	6486
Mordelles	FR	48.0751	-1.8459	6484
Clisson	FR	47.0871	-1.283	6480
Cormontreuil	FR	49.2167	4.05	6479
Eyguières	FR	43.6948	5.0313	6475
Louhans	FR	46.6264	5.2247	6466
Seysses	FR	43.498	1.3108	6466
Nort-sur-Erdre	FR	47.4399	-1.4991	6461
Étréchy	FR	48.4947	2.1949	6461
Périgny	FR	46.1545	-1.0969	6460
Briare	FR	47.6334	2.7438	6455
Lagnieu	FR	45.9024	5.344	6454
Gournay-en-Bray	FR	49.4828	1.7247	6449
Saint-Pierre-lès-Nemours	FR	48.2673	2.6797	6435
Carry-le-Rouet	FR	43.3314	5.1524	6434
Mortagne-sur-Sèvre	FR	46.9921	-0.9529	6428
La Verrière	FR	48.752	1.9465	6427
Lesquin	FR	50.5823	3.119	6424
Raon-l'Étape	FR	48.4041	6.8386	6420
Sainte-Livrade-sur-Lot	FR	44.3982	0.5893	6420
Frouzins	FR	43.5148	1.3252	6418
Limours	FR	48.6463	2.0769	6414
Péronnas	FR	46.1834	5.2105	6411
Poisy	FR	45.9214	6.0636	6399
L'Arbresle	FR	45.8356	4.6169	6398
Questembert	FR	47.661	-2.4532	6392
Gouesnou	FR	48.453	-4.4649	6388
Balaruc-les-Bains	FR	43.4417	3.6778	6387
Le Mesnil-Esnard	FR	49.4132	1.1452	6380
Le Soler	FR	42.6818	2.7931	6377
Algrange	FR	49.3628	6.0509	6375
Huningue	FR	47.6048	7.5778	6375
Terrasson-Lavilledieu	FR	45.1301	1.3014	6371
Le Grau-du-Roi	FR	43.5388	4.1356	6368
Condé-sur-Noireau	FR	48.8488	-0.5521	6364
Trith-Saint-Léger	FR	50.3167	3.4833	6357
Montlhéry	FR	48.64	2.2746	6351
Pignan	FR	43.5844	3.7585	6348
Souffelweyersheim	FR	48.6354	7.7414	6344
Barr	FR	48.4076	7.4487	6343
Morteau	FR	47.0578	6.6072	6343
Malesherbes	FR	48.2957	2.4093	6335
Sucé-sur-Erdre	FR	47.3333	-1.5333	6335
Caussade	FR	44.1613	1.5369	6333
Mutzig	FR	48.5397	7.4559	6329
Heillecourt	FR	48.6505	6.1951	6327
Guer	FR	47.904	-2.1203	6308
Rochefort-du-Gard	FR	43.9745	4.6898	6303
Chabeuil	FR	44.8984	5.0144	6302
Saint-Quentin-Fallavier	FR	45.6433	5.1127	6302
Belleville	FR	46.1087	4.7492	6299
Bohain-en-Vermandois	FR	49.9873	3.453	6299
Gières	FR	45.18	5.7893	6299
Doullens	FR	50.1572	2.3402	6295
La Salvetat-Saint-Gilles	FR	43.5762	1.2719	6289
Sully-sur-Loire	FR	47.7637	2.3724	6285
Châteaugiron	FR	48.0482	-1.5036	6274
Le Poiré-sur-Vie	FR	46.7687	-1.5091	6273
Maule	FR	48.9106	1.8526	6272
Manduel	FR	43.8186	4.4725	6260
Courdimanche	FR	49.0351	2.001	6256
Eckbolsheim	FR	48.5808	7.6877	6253
La Penne-sur-Huveaune	FR	43.2821	5.5164	6253
Pavilly	FR	49.567	0.9545	6251
Hasparren	FR	43.3839	-1.3052	6250
La Ville-du-Bois	FR	48.6552	2.2683	6224
Gond-Pontouvre	FR	45.6833	0.1667	6218
Villers-Saint-Paul	FR	49.2888	2.4897	6216
Aire-sur-l'Adour	FR	43.7025	-0.2628	6215
Les Essarts-le-Roi	FR	48.7167	1.9009	6213
Vaison-la-Romaine	FR	44.239	5.0746	6207
Le Perray-en-Yvelines	FR	48.6944	1.8564	6206
Courcelles-lès-Lens	FR	50.4167	3.0167	6205
La Verpillière	FR	45.6342	5.1456	6205
Aucamville	FR	43.6705	1.4277	6202
Quiévrechain	FR	50.3917	3.6681	6201
Marles-les-Mines	FR	50.5048	2.5088	6198
Sains-en-Gohelle	FR	50.4451	2.683	6196
Sainte-Marie-aux-Mines	FR	48.2465	7.1838	6189
Grand-Fort-Philippe	FR	50.9996	2.1078	6188
Delle	FR	47.508	6.9997	6186
Rambervillers	FR	48.3424	6.6358	6182
Lutterbach	FR	47.7598	7.2803	6180
Cléon	FR	49.3124	1.0295	6164
Migné	FR	46.6276	0.3148	6164
Escalquens	FR	43.5183	1.5609	6162
Châtillon-sur-Seiche	FR	48.0345	-1.6711	6152
Longpont-sur-Orge	FR	48.6417	2.2928	6149
Saint-Pierre-du-Perray	FR	48.6106	2.4943	6140
Saint-Lys	FR	43.5144	1.1775	6130
Ernée	FR	48.2972	-0.9326	6127
Buc	FR	48.7763	2.1258	6120
Saint-Christol-les-Alès	FR	44.0841	4.0769	6113
Grabels	FR	43.648	3.8014	6107
Calonne-Ricouart	FR	50.485	2.4733	6099
Bain-de-Bretagne	FR	47.8469	-1.6858	6098
Jaunay-Clan	FR	46.685	0.3718	6097
Gannat	FR	46.0999	3.1984	6096
Marvejols	FR	44.5543	3.2904	6086
Bon-Encontre	FR	44.186	0.6713	6076
Saint-Jean-Bonnefonds	FR	45.4561	4.4422	6076
Gournay-sur-Marne	FR	48.8622	2.5845	6073
Nogent-sur-Seine	FR	48.4937	3.5026	6071
Tournus	FR	46.5676	4.9057	6071
Rives	FR	45.3533	5.5008	6067
Le Tréport	FR	50.0598	1.3758	6062
Sénas	FR	43.7437	5.078	6062
Châtelaillon-Plage	FR	46.0729	-1.0884	6059
Châtenoy-le-Royal	FR	46.798	4.8119	6058
Nieul-sur-Mer	FR	46.2038	-1.1678	6058
Palavas-les-Flots	FR	43.5297	3.9304	6055
Machecoul	FR	46.9934	-1.823	6054
Pégomas	FR	43.5966	6.9321	6052
Linas	FR	48.6304	2.2627	6050
Saint-Rémy	FR	46.7633	4.8393	6046
Seloncourt	FR	47.4599	6.8553	6046
Beauzelle	FR	43.6671	1.3752	6043
Marly-la-Ville	FR	49.082	2.5035	6034
Guise	FR	49.9006	3.628	6033
Saint-Macaire-en-Mauges	FR	47.1238	-0.9916	6033
Thônes	FR	45.8812	6.3257	6032
La Bassée	FR	50.5342	2.8062	6027
La Montagne	FR	47.1899	-1.684	6012
Montfort-sur-Meu	FR	48.1376	-1.9559	6007
Bétheny	FR	49.285	4.0549	6002
Souppes-sur-Loing	FR	48.183	2.7352	6002
Port-La Nouvelle	FR	43.0183	3.0499	6000
Saint-Florentin	FR	48.0006	3.7249	5994
Arnage	FR	47.9262	0.1873	5991
Vétraz-Monthoux	FR	46.1743	6.2585	5991
Aubigny-sur-Nère	FR	47.4882	2.439	5984
Marsillargues	FR	43.6648	4.1767	5983
Coulogne	FR	50.9246	1.8814	5979
Estaires	FR	50.6457	2.7278	5979
Trèbes	FR	43.2103	2.4417	5972
Chalonnes-sur-Loire	FR	47.3507	-0.7641	5950
Le Palais-sur-Vienne	FR	45.8639	1.3231	5944
Malaunay	FR	49.5271	1.0429	5943
Saint-Tropez	FR	43.2676	6.6405	5939
Audun-le-Tiche	FR	49.4722	5.9555	5935
Janzé	FR	47.9596	-1.4994	5927
Saint-Priest-en-Jarez	FR	45.4739	4.3768	5924
Tain-l'Hermitage	FR	45.0667	4.8559	5923
Vaujours	FR	48.9302	2.5711	5922
Pouzauges	FR	46.7824	-0.8379	5912
Les Arcs	FR	43.4633	6.4788	5910
Ablon-sur-Seine	FR	48.7273	2.4269	5906
Dives-sur-Mer	FR	49.2818	-0.1013	5906
Bois-le-Roi	FR	48.4735	2.7046	5903
Le Lavandou	FR	43.137	6.366	5902
Templeuve-en-Pévèle	FR	50.5234	3.1781	5901
Saint-Pierre-d'Irube	FR	43.4739	-1.4526	5900
Saint-Vincent-de-Tyrosse	FR	43.6607	-1.3043	5898
Le Pian-Médoc	FR	44.9552	-0.6702	5897
Reignier-Ésery	FR	46.1333	6.2667	5892
Saint-Bonnet-de-Mure	FR	45.6904	5.0291	5890
Surgères	FR	46.1081	-0.7514	5888
Marignier	FR	46.0901	6.5	5883
Plouguerneau	FR	48.6068	-4.5064	5883
Saint-Gervais-les-Bains	FR	45.8913	6.7168	5882
Ceyrat	FR	45.7326	3.0632	5880
Roost-Warendin	FR	50.4192	3.1037	5875
Viriat	FR	46.2548	5.2157	5850
Vendargues	FR	43.6583	3.97	5847
Labruguière	FR	43.5386	2.2627	5846
Wasselonne	FR	48.6378	7.4451	5844
Jassans-Riottier	FR	45.9813	4.7614	5839
Ferrière-la-Grande	FR	50.2552	3.9929	5834
Saint-Memmie	FR	48.9525	4.3841	5833
Mer	FR	47.7056	1.5062	5830
Mourmelon-le-Grand	FR	49.1326	4.3642	5829
Toulouges	FR	42.6708	2.8323	5820
Sarrians	FR	44.0831	4.9711	5817
Brunstatt	FR	47.7213	7.3201	5816
Fumel	FR	44.499	0.9673	5816
Salbris	FR	47.4242	2.0512	5810
Loriol-sur-Drôme	FR	44.747	4.8172	5803
Saujon	FR	45.6724	-0.9265	5803
Pauillac	FR	45.2002	-0.7488	5792
Saint-Genest-Lerpt	FR	45.4435	4.3397	5792
Saint-Nicolas	FR	50.3041	2.7794	5791
Castries	FR	43.6797	3.9822	5790
Château-Renault	FR	47.5919	0.9114	5789
Pluvigner	FR	47.7752	-3.0105	5775
Longuyon	FR	49.4418	5.6051	5773
Veigné	FR	47.2856	0.7408	5771
La Wantzenau	FR	48.6579	7.8307	5765
Lanton	FR	44.7071	-1.0397	5765
Dourges	FR	50.4364	2.9859	5761
Mondelange	FR	49.2615	6.165	5761
Baume-les-Dames	FR	47.3529	6.3612	5759
Saint-Mitre-les-Remparts	FR	43.455	5.0143	5758
Vendenheim	FR	48.6695	7.7098	5757
Saint-Just-en-Chaussée	FR	49.505	2.4329	5756
Cancale	FR	48.6766	-1.8522	5751
Trouville-sur-Mer	FR	49.3659	0.08	5751
Jonage	FR	45.7964	5.0466	5750
Sézanne	FR	48.7205	3.7234	5748
Acigné	FR	48.1354	-1.5337	5746
Arpajon-sur-Cère	FR	44.9039	2.4566	5744
Sausheim	FR	47.7871	7.3727	5744
Montbard	FR	47.6229	4.337	5737
Saint-Hilaire de Talmont	FR	46.4701	-1.6033	5737
Sainte-Sigolène	FR	45.2433	4.2334	5734
Vittel	FR	48.2009	5.9484	5728
Gémenos	FR	43.2975	5.6284	5727
Courthézon	FR	44.0876	4.8841	5723
Bouillargues	FR	43.8001	4.4275	5714
Saint-Laurent-Blangy	FR	50.2945	2.807	5713
Marange-Silvange	FR	49.2082	6.1043	5708
Launaguet	FR	43.6782	1.456	5699
Ham	FR	49.7472	3.073	5698
Saint-Arnoult-en-Yvelines	FR	48.5711	1.9395	5698
Le Touquet-Paris-Plage	FR	50.5243	1.5857	5696
Chevreuse	FR	48.7066	2.0333	5687
Chagny	FR	46.9095	4.7519	5684
Loison-sous-Lens	FR	50.438	2.8532	5683
Oye-Plage	FR	50.9771	2.0428	5683
Cournonterral	FR	43.5589	3.72	5682
Champagne-au-Mont-d'Or	FR	45.7948	4.7908	5681
Châtel-Guyon	FR	45.9226	3.0642	5681
Beaufort-en-Vallée	FR	47.4401	-0.2165	5677
Gauchy	FR	49.8276	3.2737	5676
Melesse	FR	48.2176	-1.6972	5675
Bouaye	FR	47.1434	-1.689	5673
Annezin	FR	50.5319	2.6178	5672
Cavalaire-sur-Mer	FR	43.1726	6.5296	5670
Querqueville	FR	49.6625	-1.6912	5670
Flers-en-Escrebieux	FR	50.3979	3.0604	5669
Bitche	FR	49.0523	7.4299	5668
Ustaritz	FR	43.3999	-1.457	5662
Aixe-sur-Vienne	FR	45.7966	1.1358	5661
Montpon-Ménestérol	FR	45.0096	0.1592	5658
Bouffémont	FR	49.0438	2.298	5652
Itteville	FR	48.5154	2.3438	5650
Naintré	FR	46.7629	0.483	5644
Pia	FR	42.7448	2.9204	5640
Coursan	FR	43.2337	3.0571	5632
Parmain	FR	49.1125	2.2149	5629
Villeneuve-sur-Yonne	FR	48.0825	3.2969	5627
Noyelles-Godault	FR	50.4175	2.9931	5624
Montchanin	FR	46.7496	4.4707	5612
Sainghin-en-Weppes	FR	50.5641	2.898	5611
Laudun-l'Ardoise	FR	44.1048	4.6573	5610
Esbly	FR	48.9052	2.8123	5609
Saint-Pol-sur-Ternoise	FR	50.3811	2.3341	5603
Saint-Martin-le-Vinoux	FR	45.203	5.7163	5589
Mouy	FR	49.3154	2.3195	5588
Seichamps	FR	48.7149	6.2614	5588
Dainville	FR	50.281	2.726	5587
Rungis	FR	48.7461	2.3527	5583
Thourotte	FR	49.4759	2.8821	5581
Villemur-sur-Tarn	FR	43.8671	1.5028	5580
Mundolsheim	FR	48.6422	7.7138	5572
Saint-Jorioz	FR	45.8307	6.1579	5571
Château-du-Loir	FR	47.6941	0.4183	5567
Flines-lez-Raches	FR	50.4167	3.1833	5567
Beaucourt	FR	47.4888	6.9221	5565
Altkirch	FR	47.6242	7.2395	5564
Faulquemont	FR	49.0491	6.5973	5553
Biguglia	FR	42.6269	9.4202	5552
Plédran	FR	48.4456	-2.7461	5550
Changé	FR	47.9871	0.2828	5546
Wallers	FR	50.3743	3.3919	5546
Magnanville	FR	48.968	1.6784	5539
Reichshoffen	FR	48.9329	7.6656	5539
Borgo	FR	42.5549	9.4264	5538
Publier	FR	46.3877	6.5436	5525
Scaër	FR	48.0273	-3.7027	5525
Audenge	FR	44.6837	-1.0134	5522
Ostricourt	FR	50.4515	3.0342	5522
Simiane-Collongue	FR	43.4307	5.4345	5521
Canéjan	FR	44.763	-0.6544	5513
Le Trait	FR	49.4689	0.8163	5506
Nanteuil-lès-Meaux	FR	48.9294	2.8959	5499
Saint-Galmier	FR	45.5979	4.3109	5485
Bourbon-Lancy	FR	46.6221	3.7695	5484
Saint-Pourçain-sur-Sioule	FR	46.3075	3.2893	5480
Pont-Évêque	FR	45.5322	4.9092	5479
Calvi	FR	42.566	8.7571	5477
Ille-sur-Têt	FR	42.6708	2.6207	5470
La Roque-d'Anthéron	FR	43.7154	5.3097	5469
La Charité-sur-Loire	FR	47.1833	3.0167	5460
Genlis	FR	47.242	5.2241	5453
Saint-Alban-Leysse	FR	45.5833	5.95	5452
Magny-en-Vexin	FR	49.1551	1.7867	5444
Pordic	FR	48.5709	-2.8171	5441
Saint-Aubin-de-Médoc	FR	44.9118	-0.7246	5440
Dechy	FR	50.35	3.1167	5439
Le Pouliguen	FR	47.2719	-2.4332	5438
Feytiat	FR	45.81	1.3311	5437
Roques	FR	43.501	1.3714	5436
Nilvange	FR	49.3422	6.0496	5430
Quiberon	FR	47.4837	-3.1199	5430
Bauvin	FR	50.5171	2.894	5426
Mandeure	FR	47.4492	6.8076	5416
Neufchâtel-en-Bray	FR	49.7332	1.4396	5416
Lesparre-Médoc	FR	45.3071	-0.9379	5406
Saint-Georges-de-Didonne	FR	45.6054	-0.9997	5406
Theix	FR	47.6294	-2.6506	5402
Fismes	FR	49.3077	3.6861	5395
Dol-de-Bretagne	FR	48.5498	-1.751	5394
Bar-sur-Aube	FR	48.2332	4.7064	5387
Mûrs-Erigné	FR	47.3959	-0.5529	5384
Thyez	FR	46.0825	6.5378	5383
Menucourt	FR	49.0284	1.9805	5382
Saint-Pryvé-Saint-Mesmin	FR	47.8818	1.8695	5382
Châteaulin	FR	48.1952	-4.0937	5379
Saint-Alban	FR	43.6927	1.4102	5379
Vic-en-Bigorre	FR	43.3868	0.0547	5375
Gan	FR	43.2285	-0.3871	5373
Chambourcy	FR	48.9066	2.041	5372
Châteaubourg	FR	48.1111	-1.4035	5362
Combourg	FR	48.4088	-1.7515	5362
Horbourg-Wihr	FR	48.0811	7.3938	5358
Tonnerre	FR	47.8563	3.9737	5352
Grand-Charmont	FR	47.5267	6.826	5347
Fenain	FR	50.3667	3.3	5346
Gourdon	FR	44.7358	1.3807	5342
Guînes	FR	50.8671	1.8702	5342
Pompey	FR	48.7688	6.1264	5341
Bellegarde	FR	43.754	4.5137	5340
Argenton-sur-Creuse	FR	46.59	1.5198	5335
Blendecques	FR	50.7184	2.286	5331
La Gorgue	FR	50.6379	2.715	5327
Le Loroux-Bottereau	FR	47.238	-1.3496	5326
Saint-Mihiel	FR	48.8875	5.551	5325
Milhaud	FR	43.7899	4.3074	5321
Égletons	FR	45.4064	2.0452	5316
La Souterraine	FR	46.2379	1.486	5311
Saintry-sur-Seine	FR	48.5964	2.4952	5308
Mazan	FR	44.057	5.1268	5307
Nuits-Saint-Georges	FR	47.1368	4.949	5300
Mallemort	FR	43.7317	5.1795	5298
Saint-Pathus	FR	49.0714	2.7989	5296
Dompierre-sur-Mer	FR	46.1883	-1.0635	5295
Roquemaure	FR	44.0516	4.778	5293
Haute-Goulaine	FR	47.199	-1.4301	5290
Saint-Marcel	FR	49.1	1.45	5288
Blaye	FR	45.1276	-0.6623	5277
Garéoult	FR	43.3283	6.0462	5268
Luc-la-Primaube	FR	44.3144	2.5355	5267
Épernon	FR	48.6103	1.6722	5266
Amplepuis	FR	45.9726	4.3303	5261
Égly	FR	48.5783	2.2242	5259
Cornebarrieu	FR	43.6497	1.3259	5256
Ligny-en-Barrois	FR	48.6886	5.3254	5247
Changé	FR	48.0992	-0.7897	5245
Tignieu	FR	45.7516	5.1891	5244
Ploudalmézeau	FR	48.5404	-4.6579	5243
Saulx-les-Chartreux	FR	48.6906	2.2673	5241
Clapiers	FR	43.6583	3.8892	5237
Le Teich	FR	44.6339	-1.0244	5237
Sainte-Menehould	FR	49.0901	4.8973	5237
Salies-de-Béarn	FR	43.4742	-0.9245	5235
Chasse-sur-Rhône	FR	45.5785	4.8098	5229
Aurec-sur-Loire	FR	45.3691	4.2016	5226
Monéteau	FR	47.8492	3.5818	5225
La Chevrolière	FR	47.0911	-1.6112	5220
Saint-Clément-de-Rivière	FR	43.6833	3.8333	5216
Wormhout	FR	50.8813	2.469	5216
Saint-Apollinaire	FR	47.3333	5.0833	5211
Trans-en-Provence	FR	43.5033	6.4864	5209
Labarthe-sur-Lèze	FR	43.4524	1.3997	5208
Arradon	FR	47.6262	-2.8229	5206
Baud	FR	47.8759	-3.0193	5206
Pacy-sur-Eure	FR	49.0167	1.3833	5201
Briey	FR	49.2492	5.9398	5200
Benfeld	FR	48.3706	7.5937	5199
Douvrin	FR	50.5092	2.8305	5199
Beynost	FR	45.8357	4.9991	5198
Nueil-les-Aubiers	FR	46.9333	-0.5833	5195
La Mure	FR	44.9014	5.7887	5190
Barbezieux-Saint-Hilaire	FR	45.4727	-0.1522	5184
Douvres-la-Délivrande	FR	49.2947	-0.3804	5182
Marsannay-la-Côte	FR	47.2709	4.9889	5181
Longueau	FR	49.8723	2.3588	5180
Lezoux	FR	45.8269	3.3792	5170
Laneuveville-devant-Nancy	FR	48.6566	6.2266	5168
Plouay	FR	47.9147	-3.3348	5166
Munster	FR	48.0405	7.1393	5162
Pont-Sainte-Marie	FR	48.3185	4.0945	5161
Reichstett	FR	48.6486	7.7546	5135
Peypin	FR	43.385	5.5779	5133
Bazas	FR	44.4316	-0.2134	5131
Craon	FR	47.8481	-0.95	5130
Megève	FR	45.8569	6.6178	5129
Semur-en-Auxois	FR	47.4833	4.3333	5124
La Bouilladisse	FR	43.3962	5.5931	5122
Haillicourt	FR	50.4752	2.5746	5121
Le Poinçonnet	FR	46.7641	1.7179	5120
La Glacerie	FR	49.6052	-1.5818	5117
Ars-sur-Moselle	FR	49.0779	6.0742	5116
Pont-Saint-Martin	FR	47.1242	-1.5848	5114
Jacou	FR	43.6614	3.9122	5111
Pons	FR	45.5802	-0.5481	5111
Desvres	FR	50.6688	1.8348	5109
La Voulte-sur-Rhône	FR	44.7996	4.7793	5108
Anse	FR	45.9355	4.7193	5099
La Bresse	FR	47.9997	6.865	5096
Leffrinckoucke	FR	51.0346	2.4645	5095
Vigneux-de-Bretagne	FR	47.3254	-1.7373	5095
Bonchamp-lès-Laval	FR	48.0738	-0.7019	5094
Veneux-les-Sablons	FR	48.3787	2.795	5091
Villabé	FR	48.5895	2.451	5090
Arès	FR	44.7658	-1.1342	5081
Orgeval	FR	48.9216	1.9779	5081
Trilport	FR	48.9569	2.9508	5080
Lentilly	FR	45.8187	4.663	5079
Saint-Étienne-au-Mont	FR	50.6779	1.6308	5078
Valdahon	FR	47.15	6.35	5077
Le Cendre	FR	45.7224	3.1871	5072
Brech	FR	47.7208	-2.9971	5071
Montaigu	FR	46.9746	-1.3107	5070
Villennes-sur-Seine	FR	48.9414	1.9914	5070
Santes	FR	50.5932	2.9629	5069
Bannalec	FR	47.9324	-3.6984	5068
Valdoie	FR	47.6704	6.842	5063
Barberaz	FR	45.5618	5.9431	5059
Lambres-lez-Douai	FR	50.3601	3.0648	5057
Saint-Germain-du-Puy	FR	47.1	2.4833	5057
Casteljaloux	FR	44.3147	0.0877	5056
Bizanos	FR	43.2875	-0.3516	5055
Foulayronnes	FR	44.2403	0.6452	5055
Mornant	FR	45.6189	4.6723	5055
Cucq	FR	50.4773	1.6202	5050
Fontenay-Trésigny	FR	48.7065	2.8705	5047
Sury-le-Comtal	FR	45.5374	4.1857	5046
La Grand-Croix	FR	45.5038	4.5591	5045
Luynes	FR	47.3844	0.5547	5045
Le Puy-Sainte-Réparade	FR	43.6639	5.4349	5041
Valence	FR	44.1082	0.891	5039
Plonéour-Lanvern	FR	47.9032	-4.2835	5038
Saint-Martin-des-Champs	FR	48.5767	-3.8453	5033
Saint-Genis-les-Ollières	FR	45.7571	4.7263	5029
Marennes	FR	45.8227	-1.1051	5027
Gignac	FR	43.6521	3.551	5025
Bidart	FR	43.437	-1.5929	5021
Quincy-Voisins	FR	48.9011	2.8756	5018
Agneaux	FR	49.1191	-1.1061	5017
Petite-Forêt	FR	50.3667	3.4833	5017
Saint-Valery-en-Caux	FR	49.8667	0.7333	5017
Blénod-lès-Pont-à-Mousson	FR	48.8849	6.0484	5014
Bédarrides	FR	44.0402	4.8982	5014
Jouars-Pontchartrain	FR	48.7889	1.899	5012
Banyuls de la Marenda	FR	42.4838	3.129	5006
Gourin	FR	48.1395	-3.6077	5005
Ambazac	FR	45.9573	1.3998	5004
Mios	FR	44.6056	-0.9372	5002
London	GB	51.5085	-0.1257	8961989
Birmingham	GB	52.4814	-1.8998	1157603
Glasgow	GB	55.8651	-4.2576	626410
Manchester	GB	53.4809	-2.2374	568996
Sheffield	GB	53.383	-1.4659	556500
Leeds	GB	53.7965	-1.5478	536280
Edinburgh	GB	55.9521	-3.1965	514990
Liverpool	GB	53.4106	-2.9779	496770
Bristol	GB	51.4552	-2.5966	479024
Cardiff	GB	51.48	-3.18	372089
Leicester	GB	52.6386	-1.1317	368600
Bradford	GB	53.7939	-1.7521	366187
Belfast	GB	54.5968	-5.9254	348005
Coventry	GB	52.4066	-1.5122	345324
Birkenhead	GB	53.3934	-3.0148	325264
Nottingham	GB	52.9536	-1.1505	323632
Islington	GB	51.5362	-0.103	319143
Reading	GB	51.4562	-0.9711	318014
Kingston upon Hull	GB	53.7446	-0.3352	314018
Preston	GB	53.7628	-2.7045	313332
Swansea	GB	51.6208	-3.9432	300352
Newcastle upon Tyne	GB	54.9733	-1.614	300125
Southend-on-Sea	GB	51.5378	0.7143	295310
Brighton	GB	50.8284	-0.1395	283870
Derby	GB	52.9228	-1.4766	270468
Southampton	GB	50.904	-1.4043	269781
Wolverhampton	GB	52.5855	-2.123	263700
Plymouth	GB	50.3715	-4.143	260203
Stoke-on-Trent	GB	53.0042	-2.1854	258366
Milton Keynes	GB	52.0417	-0.7558	256385
City of Westminster	GB	51.4975	-0.1357	247614
Northampton	GB	52.25	-0.8833	245899
Oldham	GB	53.5405	-2.1183	237110
Bexley	GB	51.4416	0.1487	228000
Luton	GB	51.8797	-0.4175	225262
Barking	GB	51.5333	0.0833	218534
Archway	GB	51.5673	-0.1341	215667
Portsmouth	GB	50.799	-1.0913	208100
Swindon	GB	51.558	-1.7812	201669
Dudley	GB	52.5	-2.0833	199059
Aberdeen	GB	57.1437	-2.0981	198590
Sutton	GB	51.35	-0.2	187600
St Helens	GB	53.45	-2.7333	183200
Ipswich	GB	52.0592	1.1555	178835
Wigan	GB	53.543	-2.6371	175405
Croydon	GB	51.3833	-0.1	173314
Warrington	GB	53.3925	-2.5802	172330
Walsall	GB	52.5853	-1.984	172141
Mansfield	GB	53.1333	-1.2	171958
Sunderland	GB	54.9046	-1.3822	170134
Ilford	GB	51.5577	0.0728	168168
Slough	GB	51.5095	-0.5954	164793
Bournemouth	GB	50.7205	-1.8795	163600
Peterborough	GB	52.5736	-0.2478	163379
Oxford	GB	51.7522	-1.256	162100
Newport	GB	51.5877	-2.9983	161506
Enfield Town	GB	51.6515	-0.085	156858
York	GB	53.9576	-1.0827	156135
Telford	GB	52.6766	-2.4493	155570
Poole	GB	50.7143	-1.9846	151500
Burnley	GB	53.8	-2.2333	149422
Harrow	GB	51.5784	-0.3321	149246
Huddersfield	GB	53.649	-1.7842	149017
Dundee	GB	56.4691	-2.9749	148210
Blackburn	GB	53.75	-2.4833	146521
Cambridge	GB	52.2	0.1167	145674
Blackpool	GB	53.8167	-3.05	145007
Basildon	GB	51.5684	0.4578	144859
Norwich	GB	52.6278	1.2983	143135
Middlesbrough	GB	54.5762	-1.2348	142707
Bolton	GB	53.5833	-2.4333	141331
Stockport	GB	53.4098	-2.1576	139052
High Wycombe	GB	51.6291	-0.7493	133204
Gloucester	GB	51.8657	-2.2431	132416
Exeter	GB	50.7236	-3.5275	130709
Colchester	GB	51.8892	0.9042	130245
Tottenham	GB	51.6037	-0.0679	130000
Salford	GB	53.4877	-2.2904	129794
Newcastle under Lyme	GB	53.0	-2.2333	127727
Solihull	GB	52.4143	-1.7809	126577
Watford	GB	51.6553	-0.396	125707
Saint Peters	GB	51.3667	1.4167	125370
Crawley	GB	51.113	-0.1831	124008
Burton upon Trent	GB	52.8073	-1.6426	122199
Cheltenham	GB	51.9001	-2.0797	118836
Rotherham	GB	53.4301	-1.3568	117618
Worthing	GB	50.818	-0.3754	113866
Doncaster	GB	53.5228	-1.1312	113566
Chesterfield	GB	53.25	-1.4167	113057
Chelmsford	GB	51.7358	0.4696	111511
Sutton Coldfield	GB	52.5667	-1.8167	109899
Wakefield	GB	53.6833	-1.4977	109766
Walthamstow	GB	51.5907	-0.0208	109424
Dagenham	GB	51.55	0.1667	108368
Basingstoke	GB	51.2625	-1.0871	107642
Maidstone	GB	51.2667	0.5167	107627
Bedford	GB	52.1346	-0.4663	106940
Woking	GB	51.319	-0.5589	103900
Lincoln	GB	53.2268	-0.5379	103813
West Bromwich	GB	52.5187	-1.9945	103112
Eastbourne	GB	50.7687	0.2845	101689
Worcester	GB	52.1893	-2.22	101659
Bath	GB	51.3751	-2.3617	101557
Gillingham	GB	51.3891	0.5486	101187
Rochdale	GB	53.6177	-2.1552	97550
Hemel Hempstead	GB	51.7537	-0.4497	95961
Romford	GB	51.5752	0.1858	95000
Hayes	GB	51.5158	-0.4234	93928
Harlow	GB	51.7766	0.1116	93300
Hastings	GB	50.8557	0.5801	92855
High Peak	GB	53.368	-1.8454	92666
Darlington	GB	54.5243	-1.5504	92363
Stevenage	GB	51.9022	-0.2026	91774
Southport	GB	53.6458	-3.0101	91703
Chester	GB	53.1905	-2.8919	90524
Wembley	GB	51.5524	-0.2969	90045
Grays	GB	51.4757	0.3252	89755
Harrogate	GB	53.9908	-1.5373	89060
Hartlepool	GB	54.6855	-1.2103	88855
Nuneaton	GB	52.5232	-1.4652	88813
Redditch	GB	52.3065	-1.9457	87847
Fulham	GB	51.4803	-0.1993	87161
Grimsby	GB	53.5654	-0.0755	86138
Cannock	GB	52.6904	-2.0309	86121
St Albans	GB	51.75	-0.3333	84561
South Shields	GB	54.9986	-1.4323	83655
Derry	GB	54.9981	-7.3093	83652
Weston-super-Mare	GB	51.346	-2.9766	82903
Halifax	GB	53.7167	-1.85	82624
Edmonton	GB	51.6256	-0.058	82000
Tamworth	GB	52.634	-1.6959	81964
Gosport	GB	50.7951	-1.129	81952
Scunthorpe	GB	53.5791	-0.6544	81576
Chatham	GB	51.3789	0.5279	80596
Stockton-on-Tees	GB	54.5685	-1.3187	79957
Carlisle	GB	54.8951	-2.9382	78470
Southall	GB	51.509	-0.3713	78253
Rugby	GB	52.3709	-1.2642	78117
Gateshead	GB	54.9621	-1.6017	77649
Lisburn	GB	54.5234	-6.0353	77506
Paisley	GB	55.8317	-4.4325	77270
Shrewsbury	GB	52.7101	-2.7521	76782
Fylde	GB	53.8333	-2.9167	76500
Crewe	GB	53.0979	-2.4416	76437
Bracknell	GB	51.4136	-0.7505	76103
East Kilbride	GB	55.7641	-4.1767	75310
Hove	GB	50.8309	-0.1672	75174
Aylesbury	GB	51.8167	-0.8146	74748
Purley	GB	51.3368	-0.112	72000
Guildford	GB	51.2354	-0.5743	71873
Barnsley	GB	53.55	-1.4833	71447
Lowestoft	GB	52.4752	1.7517	71327
Chingford	GB	51.6303	0.0005	70583
Maidenhead	GB	51.5228	-0.7199	70374
Stafford	GB	52.8052	-2.1164	70145
Uxbridge	GB	51.5489	-0.4821	70000
Rhondda	GB	51.659	-3.4489	69506
Royal Tunbridge Wells	GB	51.1332	0.2626	68910
Corby	GB	52.4964	-0.6894	68164
Paignton	GB	50.4357	-3.5679	67520
Rossendale	GB	53.6846	-2.2769	67400
Washington	GB	54.9	-1.5167	67085
Folkestone	GB	51.0817	1.1673	66429
Hounslow	GB	51.4684	-0.3609	66292
Finchley	GB	51.601	-0.1952	65812
Wrexham	GB	53.0466	-2.9913	65692
Ellesmere Port Town	GB	53.2788	-2.9013	65430
Torquay	GB	50.462	-3.5252	65388
Cricklewood	GB	51.5567	-0.2155	65000
Loughborough	GB	52.7667	-1.2	64884
Taunton	GB	51.0149	-3.1029	64621
Waterlooville	GB	50.8807	-1.0304	64350
Bognor Regis	GB	50.7821	-0.6798	63885
Newtownabbey	GB	54.6598	-5.9086	63860
Buckley	GB	53.1667	-3.0833	63576
Great Yarmouth	GB	52.6083	1.7305	63434
Mitcham	GB	51.4032	-0.1683	63393
Feltham	GB	51.4462	-0.4139	63368
Margate	GB	51.3813	1.3862	63322
Ashford	GB	51.1465	0.8738	62787
Sale	GB	53.4252	-2.3244	62550
Tonypandy	GB	51.622	-3.4554	62545
Acton	GB	51.509	-0.2762	62480
Scarborough	GB	54.2797	-0.4044	61749
Widnes	GB	53.3618	-2.7341	61464
Runcorn	GB	53.3417	-2.7312	61145
Bury	GB	53.6	-2.3	61044
Dewsbury	GB	53.6908	-1.6291	61035
Bangor	GB	54.6608	-5.668	61011
Beckenham	GB	51.4088	-0.0253	60739
Farnborough	GB	51.2942	-0.7557	60652
Tynemouth	GB	55.0179	-1.4256	60605
Hereford	GB	52.0568	-2.7148	60415
Stroud	GB	51.75	-2.2	60155
Halesowen	GB	52.4486	-2.0494	60097
Craigavon	GB	54.4471	-6.387	59236
Wallasey	GB	53.4232	-3.065	58794
Littlehampton	GB	50.8114	-0.5408	58714
Streatham	GB	51.429	-0.1318	58055
Bootle	GB	53.4667	-3.0167	57791
Bebington	GB	53.35	-3.0167	57600
Kidderminster	GB	52.3882	-2.25	57400
Morley	GB	53.7401	-1.5988	57385
Stourbridge	GB	52.4561	-2.1432	56950
Livingston	GB	55.9029	-3.5226	56840
Castlereagh	GB	54.5735	-5.8847	56679
Kettering	GB	52.3984	-0.7257	56676
Wellingborough	GB	52.3027	-0.6945	56564
Barrow in Furness	GB	54.1109	-3.2276	55489
South Croydon	GB	51.3622	-0.0942	55198
Canterbury	GB	51.279	1.0799	55087
Dunfermline	GB	56.0716	-3.4589	54990
Huyton	GB	53.4115	-2.8394	54738
Barry	GB	51.3998	-3.2838	54673
Hamilton	GB	55.7667	-4.0333	54480
Meikle Earnock	GB	55.75	-4.0333	54480
Sittingbourne	GB	51.3413	0.7328	54392
Macclesfield	GB	53.2602	-2.1256	54345
Gravesend	GB	51.4421	0.3711	54263
Eastleigh	GB	50.9667	-1.35	54225
Smethwick	GB	52.4927	-1.9674	53653
Braintree	GB	51.8782	0.5529	53477
Weymouth	GB	50.6145	-2.4599	53416
Brentwood	GB	51.6213	0.3056	52586
Esher	GB	51.3697	-0.3669	52392
Dunstable	GB	51.8857	-0.5229	51973
Morecambe	GB	54.0684	-2.8611	51644
Redhill	GB	51.2405	-0.1704	51559
Welwyn Garden City	GB	51.8017	-0.2069	51505
Horsham	GB	51.0631	-0.3276	51472
Dartford	GB	51.4466	0.2142	51240
Staines	GB	51.4309	-0.5061	51040
Royal Leamington Spa	GB	52.2852	-1.52	50923
Hinckley	GB	52.5389	-1.3761	50712
Clacton-on-Sea	GB	51.7897	1.156	50548
Cumbernauld	GB	55.9468	-3.9905	50530
Kirkcaldy	GB	56.1168	-3.16	50370
Bletchley	GB	51.9933	-0.7347	50193
Yeovil	GB	50.9416	-2.6321	50176
Keighley	GB	53.8679	-1.9066	50171
Altrincham	GB	53.3875	-2.3485	49680
Bridgend	GB	51.5058	-3.5772	49597
Llanelli	GB	51.682	-4.1619	49591
Willenhall	GB	52.5851	-2.0593	49587
Eltham	GB	51.4506	0.0522	48964
South Benfleet	GB	51.553	0.5596	48824
Banbury	GB	52.0632	-1.3422	48651
Cwmbran	GB	51.6545	-3.0228	48535
Morden	GB	51.3982	-0.1984	48233
Long Eaton	GB	52.8986	-1.2714	47898
Inverness	GB	57.4791	-4.224	47790
Durham	GB	54.7768	-1.5757	47785
Northwich	GB	53.2588	-2.5202	47421
Perth	GB	56.3952	-3.4314	47350
Lancaster	GB	54.0465	-2.7999	47162
Tipton	GB	52.5296	-2.0677	47000
Kilmarnock	GB	55.6117	-4.4958	46970
Dumfries	GB	55.0696	-3.6114	46500
Banstead	GB	51.3223	-0.2069	46280
Ayr	GB	55.4627	-4.6339	46260
Neath	GB	51.6632	-3.8044	46126
King's Lynn	GB	52.7517	0.3952	46093
Winchester	GB	51.0651	-1.3187	46074
Middleton	GB	53.55	-2.2	45589
Havant	GB	50.8567	-0.9856	45574
Kirkby	GB	53.4814	-2.8921	45564
Carshalton	GB	51.3683	-0.1676	45525
Boston	GB	52.9763	-0.0266	45339
Castleford	GB	53.7259	-1.3626	45106
Catford	GB	51.4449	-0.0204	44905
Salisbury	GB	51.0693	-1.7957	44748
Worksop	GB	53.3018	-1.124	44733
Pontefract	GB	53.6911	-1.3127	44710
Grantham	GB	52.9115	-0.6418	44580
Willesden	GB	51.5333	-0.2333	44295
Coatbridge	GB	55.8622	-4.0247	43950
Merthyr Tydfil	GB	51.7479	-3.3778	43820
Great Sankey	GB	53.3923	-2.6399	43793
Bexhill-on-Sea	GB	50.8502	0.4709	43754
Cheshunt	GB	51.7002	-0.0303	43680
Ashton-under-Lyne	GB	53.4888	-2.0989	43675
Leigh	GB	53.4964	-2.5197	43626
Leatherhead	GB	51.2965	-0.3338	43544
Newark on Trent	GB	53.0667	-0.8167	43363
Wallsend	GB	54.9911	-1.534	42739
Leighton Buzzard	GB	51.9172	-0.658	42727
Lytham St Annes	GB	53.7426	-2.997	42695
Redruth	GB	50.2332	-5.2243	42690
Canning Town	GB	51.5136	0.0195	42667
Andover	GB	51.2114	-1.4939	42276
Fareham	GB	50.8516	-1.1793	42210
Ramsgate	GB	51.3357	1.418	42027
Stretford	GB	53.45	-2.3167	41953
Urmston	GB	53.4485	-2.3542	41731
Dover	GB	51.126	1.3126	41709
Coity	GB	51.522	-3.5553	41352
Newburn	GB	54.9876	-1.7442	41347
Bury St Edmunds	GB	52.2463	0.7111	41280
Greenock	GB	55.9484	-4.7612	41280
Bridgwater	GB	51.1284	-3.0036	41276
Hatfield	GB	51.7634	-0.2242	41265
Wokingham	GB	51.4112	-0.8357	41143
Welling	GB	51.4625	0.1076	41000
Ilkeston	GB	52.9706	-1.3095	40953
Trowbridge	GB	51.3189	-2.2086	40952
Bishops Stortford	GB	51.8711	0.1587	40915
Prescot	GB	53.4295	-2.8003	40889
Kingswood	GB	51.4528	-2.5083	40734
Aldershot	GB	51.2483	-0.7639	40160
Bloxwich	GB	52.6181	-2.0043	40000
North Shields	GB	55.0165	-1.4492	39747
Shepherds Bush	GB	51.505	-0.2211	39724
Batley	GB	53.7029	-1.6337	39013
Cleethorpes	GB	53.5605	-0.0323	38996
Skelmersdale	GB	53.5502	-2.7735	38813
Fleet	GB	51.2833	-0.8333	38726
Abingdon	GB	51.6711	-1.2828	38676
Glenrothes	GB	56.1951	-3.1732	38360
Canvey Island	GB	51.522	0.5809	38170
Surbiton	GB	51.3915	-0.2983	38158
Whitley Bay	GB	55.0397	-1.4471	38055
Greenford	GB	51.5287	-0.3551	38000
Stirling	GB	56.119	-3.9368	37910
Arnold	GB	53.0	-1.1333	37873
Coalville	GB	52.7225	-1.3702	37661
Leyland	GB	53.6979	-2.6876	37614
Chadderton	GB	53.5448	-2.1398	37602
Rushden	GB	52.2893	-0.6018	37584
Yeadon	GB	53.8644	-1.6874	37379
Blyth	GB	55.1271	-1.5086	37339
Eccles	GB	53.4833	-2.3333	37275
Warwick	GB	52.2833	-1.5833	37267
Wigston Magna	GB	52.5813	-1.0925	37260
Redcar	GB	54.6166	-1.06	37073
Heston	GB	51.4836	-0.3758	37045
Farnham	GB	51.2144	-0.8005	36971
Chester-le-Street	GB	54.8586	-1.5741	36917
Great Malvern	GB	52.1116	-2.3251	36770
Houghton-Le-Spring	GB	54.8403	-1.4643	36746
Stratford	GB	51.5333	0.0	36666
West Bridgford	GB	52.9298	-1.1254	36487
Newton Abbot	GB	50.5286	-3.6119	36474
Mangotsfield	GB	51.4878	-2.504	36427
Sutton in Ashfield	GB	53.1254	-1.2613	36404
Airdrie	GB	55.866	-3.9802	36390
Billericay	GB	51.6287	0.4196	36338
Borehamwood	GB	51.6547	-0.2776	36322
Exmouth	GB	50.6172	-3.4023	36204
Tonbridge	GB	51.1953	0.2736	36115
Tyldesley	GB	53.5139	-2.4675	35932
Hyde	GB	53.4513	-2.0794	35895
Chippenham	GB	51.46	-2.1247	35800
Billingham	GB	54.5888	-1.2903	35708
Pontypool	GB	51.7011	-3.0444	35686
Walkden	GB	53.5167	-2.4	35616
Falkirk	GB	56.0021	-3.7854	35310
Hitchin	GB	51.9492	-0.285	35220
Briton Ferry	GB	51.6311	-3.819	35179
Hoddesdon	GB	51.7615	-0.0114	35174
Bridlington	GB	54.0831	-0.1919	35154
Accrington	GB	53.7538	-2.3586	34897
Bentley	GB	53.5333	-1.15	34821
Bromsgrove	GB	52.3357	-2.0598	34755
Lichfield	GB	52.6815	-1.8255	34738
Swadlincote	GB	52.774	-1.5574	34576
Felling	GB	54.953	-1.5715	34355
Totton	GB	50.9188	-1.4904	34169
Irvine	GB	55.6194	-4.6551	34130
Letchworth Garden City	GB	51.9794	-0.2266	33990
Chorley	GB	53.65	-2.6167	33888
Bicester	GB	51.9	-1.1536	33846
Haywards Heath	GB	50.9977	-0.1031	33845
Wednesfield	GB	52.5963	-2.0851	33555
Loughton	GB	52.4333	-2.5667	33346
Cramlington	GB	55.0865	-1.586	33180
Ebbw Vale	GB	51.7771	-3.2079	33068
Newbury	GB	51.4015	-1.3247	33065
North Watford	GB	51.6807	-0.3945	33000
Portadown	GB	54.423	-6.4443	32926
Brighouse	GB	53.7032	-1.7843	32872
Motherwell	GB	55.7892	-3.9919	32840
Darwen	GB	53.698	-2.4649	32566
Wisbech	GB	52.6662	0.1594	32489
Rayleigh	GB	51.5857	0.6046	32380
Whitstable	GB	51.3607	1.0257	32196
Deeside	GB	53.2005	-3.0384	32000
Lower Earley	GB	51.4271	-0.9198	32000
Falmouth	GB	50.1544	-5.0711	31988
Thamesmead	GB	51.5037	0.1198	31824
Chichester	GB	50.8367	-0.78	31654
Barnstaple	GB	51.0802	-4.0581	31616
Windsor	GB	51.4833	-0.6	31560
Prestwich	GB	53.5333	-2.2833	31500
Epsom	GB	51.3305	-0.2701	31489
Christchurch	GB	50.7358	-1.7813	31372
Stanley	GB	54.868	-1.6985	31300
Pontypridd	GB	51.6021	-3.3421	31206
Thornton-Cleveleys	GB	53.8739	-3.0224	31157
Aberdare	GB	51.7144	-3.4492	31135
Bedworth	GB	52.4791	-1.4691	31090
Caerphilly	GB	51.5745	-3.218	31060
Ruislip	GB	51.5734	-0.4234	31000
Rutherglen	GB	55.8289	-4.2138	30950
Deal	GB	51.2232	1.4028	30917
Saint Neots	GB	52.2167	-0.2667	30811
Cambuslang	GB	55.8097	-4.161	30790
Harpenden	GB	51.8168	-0.3571	30674
Burgess Hill	GB	50.9584	-0.1329	30635
Beverley	GB	53.8459	-0.4233	30587
Spalding	GB	52.7871	-0.1514	30556
Stratford-upon-Avon	GB	52.1917	-1.7073	30495
Winsford	GB	53.1915	-2.524	30259
Camberley	GB	51.337	-0.7426	30155
Wishaw	GB	55.7667	-3.9167	30050
Barnet	GB	51.65	-0.2	30000
Radcliffe	GB	53.5618	-2.3245	29950
Hucknall	GB	53.0333	-1.2	29728
Egham	GB	51.4316	-0.5524	29663
Stanford-le-Hope	GB	51.5227	0.4342	29525
Sevenoaks	GB	51.2727	0.1888	29506
Kidsgrove	GB	53.0869	-2.2378	29480
Jarrow	GB	54.9804	-1.4842	29470
Newtownards	GB	54.5924	-5.6909	29363
Didcot	GB	51.6093	-1.2421	29341
Nelson	GB	53.8333	-2.2	29317
Colwyn Bay	GB	53.2948	-3.7267	29275
Burntwood	GB	52.6808	-1.9276	29244
Carrickfergus	GB	54.7158	-5.8058	29208
Kendal	GB	54.3268	-2.7476	29147
Consett	GB	54.854	-1.8316	29137
Witney	GB	51.7836	-1.4854	29103
Heswall	GB	53.3273	-3.0965	29075
Cheadle Hulme	GB	53.3761	-2.1897	28952
Ballymena	GB	54.8636	-6.2763	28932
Bideford	GB	51.0168	-4.2083	28672
Rochester	GB	51.3876	0.5055	28671
Shipley	GB	53.8333	-1.7667	28544
Bearsden	GB	55.9154	-4.3328	28470
Wood Green	GB	51.6	-0.1167	28453
Bushey	GB	51.6432	-0.3605	28416
Newton Mearns	GB	55.7733	-4.3334	28210
Daventry	GB	52.2569	-1.1607	28123
Brierley Hill	GB	52.4817	-2.1214	28000
Muswell Hill	GB	51.5905	-0.1421	27992
Sunbury-on-Thames	GB	51.4042	-0.4182	27784
Newry	GB	54.1784	-6.3374	27757
Melton Mowbray	GB	52.7659	-0.8869	27737
Evesham	GB	52.0924	-1.9489	27684
Ashington	GB	55.1772	-1.5641	27670
Kirkby in Ashfield	GB	53.0998	-1.2438	27539
Wickford	GB	51.611	0.5233	27535
Burngreave	GB	53.393	-1.4579	27481
Denton	GB	53.4568	-2.1182	27464
Cleckheaton	GB	53.724	-1.7129	27393
Ashford	GB	51.4317	-0.4576	27382
Longton	GB	52.9833	-2.1333	27214
Haverhill	GB	52.0823	0.4389	27041
Maghull	GB	53.5162	-2.9412	26997
Aldridge	GB	52.6055	-1.9171	26896
Stalybridge	GB	53.4841	-2.0591	26830
Highbury	GB	51.55	-0.1	26664
East Grinstead	GB	51.1238	-0.0061	26523
Flint	GB	53.2449	-3.1323	26442
Newton Aycliffe	GB	54.6184	-1.5719	26415
Ashton in Makerfield	GB	53.4833	-2.65	26380
Portishead	GB	51.482	-2.7697	26355
Westhoughton	GB	53.549	-2.5246	26260
Fleetwood	GB	53.9253	-3.0109	26232
Frome	GB	51.2283	-2.3221	26203
Congleton	GB	53.1631	-2.2125	26178
Rugeley	GB	52.7593	-1.9369	26156
Camden Town	GB	51.5406	-0.1433	26122
Bishop Auckland	GB	54.6555	-1.6771	26050
Northolt	GB	51.5485	-0.3678	26000
Rhyl	GB	53.3193	-3.4923	25874
Hertford	GB	51.7959	-0.0785	25847
Wilmslow	GB	53.328	-2.2315	25725
Staveley	GB	53.2667	-1.35	25719
Coleraine	GB	55.1333	-6.6667	25681
Farnworth	GB	53.55	-2.4	25680
Clydebank	GB	55.9014	-4.4057	25620
New Milton	GB	50.756	-1.6658	25546
Coulsdon	GB	51.32	-0.1409	25530
Crowthorne	GB	51.3703	-0.7922	25522
Hawarden	GB	53.1848	-3.0258	25513
Thatcham	GB	51.4037	-1.2605	25464
Saddleworth	GB	53.5485	-2.0046	25441
Rickmansworth	GB	51.639	-0.4772	25413
Pudsey	GB	53.7954	-1.6613	25393
Rhosllannerchrugog	GB	53.0097	-3.0581	25362
Witham	GB	51.8001	0.6404	25353
Blackheath	GB	51.4647	0.0079	25116
Elgin	GB	57.6495	-3.3184	25040
Isleworth	GB	51.4752	-0.3425	25008
Hindley	GB	53.5333	-2.5833	25001
Pitsea	GB	51.5639	0.5086	25000
Chalk Farm	GB	51.5431	-0.1499	24977
Newport	GB	50.7015	-1.2912	24884
Skegness	GB	53.1436	0.3363	24876
Herne Bay	GB	51.373	1.1286	24875
Selby	GB	53.7833	-1.0667	24859
Thetford	GB	52.4167	0.75	24833
Market Harborough	GB	52.4776	-0.9205	24779
Newton-le-Willows	GB	53.45	-2.6	24642
Vale of Leven	GB	55.9713	-4.5793	24640
Felixstowe	GB	51.9637	1.3511	24521
St Austell	GB	50.3425	-4.7744	24360
Renfrew	GB	55.872	-4.3925	24270
Plymstock	GB	50.36	-4.0905	24103
Ryde	GB	50.73	-1.1621	24096
Ormskirk	GB	53.5669	-2.8818	24073
Golborne	GB	53.4769	-2.5965	24021
Gosforth	GB	55.0	-1.6167	23975
Huntingdon	GB	52.3305	-0.1865	23937
Sudbury	GB	52.0389	0.7312	23912
Oadby	GB	52.6062	-1.0835	23849
Droitwich	GB	52.2667	-2.15	23834
Ammanford	GB	51.7928	-3.9883	23709
Yate	GB	51.5407	-2.4184	23703
Droylsden	GB	53.48	-2.1454	23689
Bishopbriggs	GB	55.9067	-4.2187	23680
Arbroath	GB	56.5632	-2.5874	23640
Musselburgh	GB	55.9417	-3.0499	23620
Bathgate	GB	55.902	-3.644	23600
Hanworth	GB	51.4333	-0.3833	23563
Whitefield	GB	53.55	-2.3	23545
Lofthouse	GB	53.7295	-1.497	23458
Penarth	GB	51.4386	-3.1734	23437
Belper	GB	53.0233	-1.4812	23417
Hailsham	GB	50.8622	0.2577	23411
Maldon	GB	51.7311	0.6746	23380
Formby	GB	53.5584	-3.07	23329
Burnham-on-Sea	GB	51.2386	-2.9978	23325
Broadstairs	GB	51.3584	1.4419	23283
Heanor	GB	53.0137	-1.3538	23122
Chapeltown	GB	53.4651	-1.4722	23056
Truro	GB	50.2653	-5.0544	23041
Faversham	GB	51.3148	0.8886	23024
Rawtenstall	GB	53.7008	-2.2844	23000
Litherland	GB	53.4699	-2.9981	22971
Whitehaven	GB	54.549	-3.5841	22945
Swinton	GB	53.5	-2.35	22931
Waltham Abbey	GB	51.687	-0.0042	22858
Royton	GB	53.5651	-2.1227	22848
Walton-on-Thames	GB	51.3868	-0.4132	22834
Wellington	GB	52.7	-2.5167	22816
Woodford Green	GB	51.6094	0.0233	22803
Godalming	GB	51.1858	-0.6149	22689
Bartley Green	GB	52.4353	-1.9971	22670
Potters Bar	GB	51.6935	-0.1784	22639
Seaford	GB	50.7714	0.1027	22584
Alfreton	GB	53.0977	-1.3838	22550
South Ockendon	GB	51.508	0.2833	22440
Kenilworth	GB	52.3496	-1.5828	22413
Seaham	GB	54.839	-1.3458	22373
Thornaby-on-Tees	GB	54.5333	-1.3	22356
Tiverton	GB	50.9024	-3.4923	22291
Retford	GB	53.3221	-0.9432	22023
Atherton	GB	53.5237	-2.4935	22000
Berkhamsted	GB	51.7604	-0.5653	21997
Ossett	GB	53.6798	-1.5801	21861
Swanley	GB	51.3972	0.1732	21839
Reigate	GB	51.2374	-0.2058	21820
Rottingdean	GB	50.8098	-0.0594	21756
Amersham	GB	51.6667	-0.6167	21731
Crowborough	GB	51.061	0.1634	21688
Hadley Wood	GB	51.6667	-0.1698	21639
Richmond	GB	51.4617	-0.3063	21469
Garston	GB	53.3333	-2.9	21403
Speke	GB	53.3407	-2.841	21403
Darton	GB	53.587	-1.5268	21345
Hebburn	GB	54.973	-1.5155	21345
Workington	GB	54.6425	-3.5441	21275
Horley	GB	51.1742	-0.1592	21232
Cowes	GB	50.7625	-1.2978	21226
Barnes	GB	51.4735	-0.2484	21218
Dukinfield	GB	53.475	-2.0881	21155
Dronfield	GB	53.3022	-1.4751	21124
Ripley	GB	53.0333	-1.4	21097
Omagh	GB	54.6	-7.3	21056
March	GB	52.5513	0.0883	21051
Stowmarket	GB	52.1889	0.9977	21028
Clevedon	GB	51.4423	-2.8579	21002
Maesteg	GB	51.6093	-3.6582	21001
Guiseley	GB	53.8756	-1.7123	21000
Bordon	GB	51.1136	-0.8625	20978
Caterham	GB	51.2823	-0.0789	20957
Wallington	GB	51.364	-0.1537	20850
Goole	GB	53.7032	-0.8773	20810
Sandhurst	GB	51.3468	-0.7865	20803
Harwich	GB	51.9419	1.2844	20723
Chesham	GB	51.7	-0.6	20649
Gerrards Cross	GB	51.5861	-0.5554	20633
Stamford	GB	52.65	-0.4833	20592
Stourport-on-Severn	GB	52.3398	-2.2803	20586
Gorseinon	GB	51.6693	-4.0416	20581
Ely	GB	52.3996	0.262	20574
Failsworth	GB	53.5048	-2.1657	20555
Nailsea	GB	51.4324	-2.7585	20543
Gainsborough	GB	53.3833	-0.7667	20537
Hythe	GB	50.86	-1.4016	20526
Camborne	GB	50.2131	-5.2973	20450
Risca	GB	51.608	-3.1008	20443
Halewood	GB	53.3596	-2.8315	20430
Alloa	GB	56.1159	-3.79	20390
Newmarket	GB	52.2447	0.4042	20384
Tewkesbury	GB	51.9924	-2.1601	20360
Yateley	GB	51.343	-0.8298	20334
Wednesbury	GB	52.5514	-2.0236	20313
Peterlee	GB	54.7603	-1.3365	20300
Cirencester	GB	51.7193	-1.9714	20229
Newquay	GB	50.4156	-5.0732	20189
Hazel Grove	GB	53.3833	-2.1167	20170
Sandown	GB	50.6516	-1.161	20155
Colne	GB	53.8571	-2.1685	20118
Chalfont Saint Peter	GB	51.6088	-0.5562	20059
Buxton	GB	53.2574	-1.9098	20048
Ampthill	GB	52.0269	-0.4957	20026
Bowthorpe	GB	52.6388	1.2188	20000
Hampton	GB	51.4133	-0.367	20000
Kempston Hardwick	GB	52.0896	-0.4991	20000
Kingswinford	GB	52.4975	-2.1689	20000
Portslade	GB	50.8429	-0.2161	20000
Dumbarton	GB	55.9443	-4.5706	19950
Poulton-le-Fylde	GB	53.8333	-2.9833	19914
Brough	GB	53.7286	-0.5722	19904
Kempston	GB	52.116	-0.5004	19873
Penzance	GB	50.1186	-5.5371	19872
Dinnington	GB	53.3667	-1.2	19860
Bellshill	GB	55.8167	-4.0167	19700
Antrim	GB	54.7175	-6.211	19661
Kirkintilloch	GB	55.9393	-4.1526	19630
Keynsham	GB	51.4139	-2.4978	19603
Earl Shilton	GB	52.5768	-1.3154	19578
Adwick le Street	GB	53.5708	-1.1845	19481
Weybridge	GB	51.3718	-0.4597	19463
Irlam	GB	53.4425	-2.4232	19442
Chessington	GB	51.3624	-0.3043	19433
Alton	GB	51.1493	-0.9747	19425
Liversedge	GB	53.7051	-1.6933	19420
Leek	GB	53.1043	-2.0221	19385
Melksham	GB	51.3728	-2.14	19357
Horsforth	GB	53.8426	-1.6375	19350
Clydach	GB	51.6833	-3.9	19307
East Dereham	GB	52.6833	0.9333	19256
Great Wyrley	GB	52.6628	-2.0111	19193
Yarm	GB	54.5036	-1.3579	19184
Shoreham-by-Sea	GB	50.8341	-0.2743	19175
Pinner	GB	51.5938	-0.3822	19158
Prestatyn	GB	53.3375	-3.4078	19085
Peterhead	GB	57.5052	-1.7844	19060
Hook	GB	51.368	-0.3065	18973
Humberstone	GB	52.6474	-1.0865	18854
South Elmsall	GB	53.5971	-1.2803	18835
Golders Green	GB	51.5763	-0.2003	18818
Mirfield	GB	53.6734	-1.6964	18800
Emsworth	GB	50.8478	-0.937	18777
Aberystwyth	GB	52.4155	-4.0829	18749
Oswestry	GB	52.862	-3.055	18743
Horwich	GB	53.6013	-2.5497	18696
Lancing	GB	50.8288	-0.3225	18692
Eastwood	GB	53.0	-1.3	18612
Peacehaven	GB	50.7927	-0.0065	18579
East Molesey	GB	51.3987	-0.3492	18565
West Molesey	GB	51.3999	-0.38	18565
Isle of Lewis	GB	58.219	-6.388	18500
Rawmarsh	GB	53.4606	-1.3444	18498
Bedlington	GB	55.1306	-1.5932	18470
Uckfield	GB	50.9695	0.0959	18452
Larne	GB	54.85	-5.8167	18421
Saint Andrews	GB	56.3387	-2.799	18410
Mansfield Woodhouse	GB	53.1649	-1.1938	18330
Bangor	GB	53.2275	-4.1294	18322
Bonnyrigg	GB	55.8733	-3.1051	18320
Hadleigh	GB	51.5527	0.6098	18300
Marlow	GB	51.5693	-0.7742	18261
Fulwood	GB	53.35	-1.55	18233
Chapel Allerton	GB	53.829	-1.5383	18206
Heckmondwike	GB	53.7065	-1.6775	18149
Brymbo	GB	53.0667	-3.0667	18111
Bingley	GB	53.8486	-1.8386	18040
Dalserf	GB	55.7333	-3.9167	17985
Hedge End	GB	50.9123	-1.3008	17978
Sandbach	GB	53.1452	-2.3625	17976
New Mills	GB	53.3659	-1.9999	17968
Ascot	GB	51.4108	-0.6748	17899
Barrhead	GB	55.7992	-4.3929	17890
Glossop	GB	53.4432	-1.949	17825
Spennymoor	GB	54.6988	-1.6023	17766
Dorking	GB	51.2323	-0.3338	17747
Amersham on the Hill	GB	51.6747	-0.6074	17719
Abbey Wood	GB	51.4869	0.1075	17700
Moreton	GB	53.4	-3.1167	17670
Biddulph	GB	53.1172	-2.1758	17669
Bishopstoke	GB	50.9664	-1.3283	17667
Ferndown	GB	50.8074	-1.8998	17650
Ware	GB	51.8106	-0.0288	17576
Maltby	GB	53.4167	-1.2	17513
Warminster	GB	51.2043	-2.1787	17490
Walton-on-the-Naze	GB	51.8482	1.2674	17458
Louth	GB	53.3666	-0.0044	17382
Gelligaer	GB	51.6644	-3.2561	17376
Sleaford	GB	52.9983	-0.4094	17359
Haydock	GB	53.4672	-2.6817	17333
Lewes	GB	50.874	0.0088	17297
Mountsorrel	GB	52.7167	-1.15	17297
Thorne	GB	53.6112	-0.9631	17295
Haslemere	GB	51.0902	-0.7078	17279
Calne	GB	51.4388	-2.0057	17274
Evington	GB	52.6	-1.0667	17268
Friern Barnet	GB	51.6133	-0.1585	17250
Nantwich	GB	53.0688	-2.5205	17226
Bramhall	GB	53.358	-2.1654	17195
Glen Parva	GB	52.5853	-1.1706	17189
Harlesden	GB	51.5381	-0.2502	17162
Primrose Place	GB	52.5606	-0.1089	17161
Romsey	GB	50.9891	-1.4999	17161
Brockley	GB	51.4637	-0.0365	17156
Blantyre	GB	55.7963	-4.0949	17090
Ramsbottom	GB	53.6479	-2.3168	17067
Bredbury	GB	53.4167	-2.1167	17040
Heysham	GB	54.0437	-2.8932	17016
Westbury	GB	51.26	-2.1875	16989
Guisborough	GB	54.5348	-1.0561	16979
Wath upon Dearne	GB	53.5029	-1.3458	16964
Frinton-on-Sea	GB	51.8306	1.2442	16941
Bodmin	GB	50.4715	-4.7243	16909
Hayling Island	GB	50.7838	-0.9687	16887
Dorchester	GB	50.7167	-2.4333	16879
Braunstone	GB	52.6183	-1.179	16850
Devizes	GB	51.3508	-1.9942	16834
Northallerton	GB	54.339	-1.4324	16832
Saint Ives	GB	52.3325	-0.0766	16815
Longfield	GB	51.3969	0.3021	16808
High Blantyre	GB	55.7844	-4.1001	16739
Rochford	GB	51.582	0.7067	16739
Plumstead	GB	51.4833	0.0833	16736
Cobham	GB	51.33	-0.4113	16724
Hale	GB	53.3783	-2.3327	16715
Penrith	GB	54.6658	-2.7576	16700
Brixham	GB	50.3943	-3.5158	16693
Whickham	GB	54.9456	-1.6764	16625
Saffron Walden	GB	52.0234	0.2423	16610
Biggleswade	GB	52.0865	-0.2649	16551
Cowley	GB	51.7321	-1.2063	16500
Harringay	GB	51.5824	-0.0996	16500
Enfield Lock	GB	51.6709	-0.0275	16469
Fazakerley	GB	53.4614	-2.9286	16374
Ripon	GB	54.1358	-1.5283	16363
Hartley	GB	51.3867	0.3037	16302
Stepney	GB	51.5175	-0.0429	16238
Banbridge	GB	54.35	-6.2833	16173
Penicuik	GB	55.8312	-3.2261	16150
Grangemouth	GB	56.0114	-3.7218	16120
Kilwinning	GB	55.6533	-4.7067	16100
Ryton	GB	52.6167	-2.35	16093
Worcester Park	GB	51.3799	-0.2445	16031
Viewpark	GB	55.8274	-4.0573	16020
Basford	GB	52.9667	-1.1833	16000
Broxburn	GB	55.9342	-3.4713	15970
Chertsey	GB	51.3881	-0.5078	15967
Kippax	GB	53.7669	-1.371	15965
Conisbrough	GB	53.4819	-1.2321	15934
Johnstone	GB	55.8291	-4.516	15930
Hayes	GB	51.3779	0.0168	15908
Carmarthen	GB	51.8555	-4.3053	15854
Hoyland Nether	GB	53.5	-1.45	15842
Tadley	GB	51.3505	-1.1285	15836
Swanscombe	GB	51.4471	0.3103	15801
Royston	GB	52.0483	-0.0244	15781
Fort William	GB	56.8165	-5.1121	15757
Baildon	GB	53.8471	-1.7878	15710
Carterton	GB	51.7591	-1.5943	15680
Porthcawl	GB	51.479	-3.7036	15672
Ponders End	GB	51.6445	-0.0465	15664
Elland	GB	53.6851	-1.8388	15625
Chislehurst	GB	51.4171	0.0686	15600
Old Swan	GB	53.4139	-2.9089	15596
Saltash	GB	50.4096	-4.2251	15566
Earlsfield	GB	51.4439	-0.1854	15562
Wimborne Minster	GB	50.7833	-1.9833	15552
West Ham	GB	51.5333	0.0167	15551
Allerton	GB	53.367	-2.894	15540
Erskine	GB	55.9005	-4.4503	15530
Wombwell	GB	53.5219	-1.397	15518
South Hayling	GB	50.7877	-0.977	15485
Blackwood	GB	51.6678	-3.2075	15476
Stapleford	GB	52.9167	-1.2667	15453
Llandudno	GB	53.325	-3.8315	15371
Neston	GB	51.4122	-2.2006	15352
Manor Park	GB	51.5493	0.0487	15318
Orpington	GB	51.3746	0.0979	15248
Haslingden	GB	53.7033	-2.3238	15204
West Ealing	GB	51.5136	-0.3229	15169
Palmers Green	GB	51.6179	-0.1101	15162
Totteridge	GB	51.6333	-0.2	15159
Blaydon-on-Tyne	GB	54.9646	-1.7139	15155
Sinfin	GB	52.8816	-1.4868	15128
Shadwell	GB	51.5114	-0.0566	15110
Mexborough	GB	53.4939	-1.2924	15079
Newport Pagnell	GB	52.0873	-0.7222	15067
Neston	GB	53.2833	-3.05	15064
Larkhall	GB	55.7333	-3.9667	15030
Cleveleys	GB	53.8775	-3.0399	15000
Dursley	GB	51.6814	-2.3533	14992
Addlestone	GB	51.3713	-0.4935	14978
Petersfield	GB	51.005	-0.9337	14974
Kenley	GB	51.3264	-0.1011	14966
Matlock	GB	53.1384	-1.5556	14956
Sudbury	GB	51.5553	-0.3236	14950
Troon	GB	55.5436	-4.6634	14950
Crofton Park	GB	51.4515	-0.0344	14937
Teignmouth	GB	50.5458	-3.4967	14932
Brynmawr	GB	51.8	-3.1833	14924
Headstone	GB	51.5928	-0.3449	14900
Prestwick	GB	55.4833	-4.6167	14880
Lymington	GB	50.7592	-1.5383	14858
Tredegar	GB	51.7725	-3.2468	14855
Bromborough	GB	53.3485	-2.9794	14850
Bo’ness	GB	56.0167	-3.6167	14840
Garforth	GB	53.7917	-1.3807	14838
Portswood	GB	50.9272	-1.3903	14831
Hadley	GB	52.7	-2.4833	14829
Ilkley	GB	53.9245	-1.8233	14809
Armagh	GB	54.35	-6.6667	14801
Clitheroe	GB	53.8667	-2.4	14765
Balham	GB	51.4496	-0.151	14751
Knaresborough	GB	54.0091	-1.4685	14740
Thornton Heath	GB	51.3988	-0.0987	14669
Otley	GB	53.9055	-1.6938	14668
Inverurie	GB	57.2845	-2.3774	14660
Skipton	GB	53.9614	-2.0168	14623
Ingleby Greenhow	GB	54.4498	-1.1069	14608
Hythe	GB	51.0715	1.0842	14604
Haverfordwest	GB	51.8017	-4.9691	14596
Lee	GB	51.4556	0.0052	14573
Clayton-le-Woods	GB	53.6969	-2.6682	14528
Ladywell	GB	51.4545	-0.0223	14515
Chelsfield	GB	51.3581	0.1277	14507
Enniskillen	GB	54.3462	-7.6413	14472
Southgate	GB	51.6167	-0.1	14454
Prenton	GB	53.3676	-3.0548	14429
Llantrisant	GB	51.5403	-3.3739	14422
Morpeth	GB	55.1688	-1.6889	14403
Hetton-Le-Hole	GB	54.8167	-1.45	14402
Charlton	GB	51.485	0.0403	14385
Llantwit Major	GB	51.4107	-3.4863	14384
Mildenhall	GB	52.3445	0.5109	14382
West Drayton	GB	51.5	-0.4667	14370
Pinxton	GB	53.0906	-1.3177	14357
Knotty Ash	GB	53.4162	-2.8965	14355
Poynton	GB	53.35	-2.1167	14351
Harrow Weald	GB	51.6107	-0.3374	14300
Kidbrooke	GB	51.4672	0.0271	14300
Shirley	GB	51.3776	-0.0496	14296
Didsbury	GB	53.417	-2.2315	14292
Chard	GB	50.8727	-2.966	14287
West Wickham	GB	51.3667	-0.0167	14276
Stone	GB	52.9059	-2.1541	14258
Bishops Cleeve	GB	51.9475	-2.0628	14231
Port Glasgow	GB	55.9346	-4.6895	14200
Strabane	GB	54.8237	-7.4692	14198
Tilbury	GB	51.4625	0.3586	14185
Leyton	GB	51.5596	-0.0078	14184
Featherstone	GB	52.6448	-2.0932	14175
Ringwood	GB	50.8454	-1.7887	14084
King's Cross	GB	51.5307	-0.1231	14082
Uttoxeter	GB	52.8984	-1.8649	14014
New Barnet	GB	51.6497	-0.1753	14000
Ryhope	GB	54.8714	-1.37	14000
Dundonald	GB	54.592	-5.798	13985
Whitchurch	GB	51.5117	-3.2208	13974
Forfar	GB	56.6438	-2.89	13970
Bourne	GB	52.7667	-0.3833	13961
Bickley	GB	51.4014	0.0458	13904
Beccles	GB	52.4594	1.5647	13868
Leicester Forest East	GB	52.625	-1.2183	13846
West Derby	GB	53.4328	-2.9096	13837
Carluke	GB	55.736	-3.8302	13810
Littleborough	GB	53.6441	-2.0958	13807
Knottingley	GB	53.7078	-1.2564	13804
Beaconsfield	GB	51.6122	-0.6473	13797
Pyle	GB	51.5167	-3.7	13701
Abergavenny	GB	51.821	-3.0174	13695
Mayfield	GB	55.8717	-3.0387	13690
Childwall	GB	53.3972	-2.897	13640
Whiston	GB	53.42	-2.7891	13629
Ickenham	GB	51.5643	-0.4437	13600
Kidlington	GB	51.8217	-1.2886	13600
Middlewich	GB	53.193	-2.444	13595
Milford Haven	GB	51.7128	-5.0341	13582
Market Deeping	GB	52.6765	-0.3163	13574
Kirk Sandall	GB	53.5621	-1.0688	13572
Wetherby	GB	53.9284	-1.3867	13572
Rosyth	GB	56.0369	-3.438	13570
The Boldons	GB	54.9426	-1.4535	13567
Stoke Gifford	GB	51.5169	-2.5405	13560
Hawick	GB	55.4227	-2.7867	13512
Wombourne	GB	52.5333	-2.1833	13511
Shepshed	GB	52.7657	-1.2902	13505
Croxley Green	GB	51.6333	-0.45	13500
Blacon	GB	53.2083	-2.9253	13495
Ashtead	GB	51.3087	-0.2997	13494
Mossend	GB	55.8167	-4.0	13480
Little Hulton	GB	53.5333	-2.4167	13469
Oxted	GB	51.2569	-0.006	13452
Brownhills	GB	52.6333	-1.9333	13441
Oakwood	GB	52.9433	-1.4309	13419
Chaddesden	GB	52.9295	-1.4342	13413
Bargoed	GB	51.6833	-3.2333	13412
Corsham	GB	51.4343	-2.1844	13369
Verwood	GB	50.8757	-1.8702	13360
Alsager	GB	53.0962	-2.3065	13347
Broxbourne	GB	51.7471	-0.0192	13298
Churchdown	GB	51.8774	-2.1709	13287
Chelmsley Wood	GB	52.4781	-1.7381	13278
Streetly	GB	52.5833	-1.8833	13251
Sheerness	GB	51.4404	0.7625	13249
Dingle	GB	53.3791	-2.9603	13246
Bolton upon Dearne	GB	53.5167	-1.3167	13236
Helensburgh	GB	56.0061	-4.7265	13230
Whitby	GB	54.4877	-0.615	13213
Rustington	GB	50.8103	-0.5067	13210
Knutsford	GB	53.3029	-2.3748	13191
Holywood	GB	54.6386	-5.8247	13109
Wantage	GB	51.5885	-1.4257	13106
Driffield	GB	54.0061	-0.445	13080
Goodmayes	GB	51.5629	0.1107	13069
Stocksbridge	GB	53.4825	-1.5937	13069
Bacup	GB	53.7034	-2.2007	13047
Osterley	GB	51.4803	-0.354	13031
Holborn	GB	51.5175	-0.1205	13023
Brackley	GB	52.0333	-1.15	13018
North Walsham	GB	52.8212	1.3875	13007
Broadfield	GB	51.0971	-0.2066	13000
Midsomer Norton	GB	51.2857	-2.4859	13000
Flitwick	GB	52.0034	-0.4947	12983
Marple	GB	53.3945	-2.0629	12970
Cinderford	GB	51.8242	-2.4987	12942
Woolton	GB	53.374	-2.87	12921
Armthorpe	GB	53.5352	-1.0534	12911
Street	GB	51.1247	-2.74	12911
Buckingham	GB	51.9997	-0.9878	12890
Chilwell	GB	52.9118	-1.2363	12864
Nelson	GB	51.6533	-3.2844	12857
Newhaven	GB	50.7969	0.0554	12854
Linlithgow	GB	55.9764	-3.6036	12840
Milngavie	GB	55.9407	-4.3231	12840
Sanderstead	GB	51.3359	-0.0778	12777
Whittlesey	GB	52.558	-0.1302	12745
Newport	GB	52.7668	-2.3773	12741
Frimley	GB	51.3167	-0.7454	12739
Hurstpierpoint	GB	50.9339	-0.1801	12730
Armadale	GB	55.8833	-3.7	12720
Dalkeith	GB	55.8932	-3.0681	12720
Portland	GB	50.5675	-2.4447	12710
Tavistock	GB	50.5494	-4.1442	12675
Hornsey	GB	51.5875	-0.122	12659
Bridgnorth	GB	52.5366	-2.4203	12657
Lees	GB	53.5379	-2.073	12630
Batchworth	GB	51.634	-0.4642	12600
Fraserburgh	GB	57.6874	-2.0184	12570
Sidmouth	GB	50.6909	-3.2397	12569
Mablethorpe	GB	53.3409	0.261	12531
Burnham	GB	51.5353	-0.6658	12500
Rainham	GB	51.5169	0.1943	12482
Hartshill	GB	52.5483	-1.5222	12479
Brixton Hill	GB	51.4521	-0.123	12458
Hillingdon	GB	51.5329	-0.4529	12403
Ashby-de-la-Zouch	GB	52.7463	-1.4732	12370
Treharris	GB	51.6646	-3.3072	12352
Cranford	GB	51.477	-0.4134	12330
Henlow	GB	52.0302	-0.286	12320
Hollinwood	GB	53.5167	-2.1333	12310
Bridport	GB	50.7338	-2.7583	12295
Crystal Palace	GB	51.4193	-0.0785	12255
Chigwell	GB	51.62	0.076	12250
Saltcoats	GB	55.6362	-4.7859	12250
Birstall	GB	52.6667	-1.1167	12216
Honiton	GB	50.7996	-3.189	12154
Westhill	GB	57.1526	-2.2797	12110
Tidworth	GB	51.2314	-1.6632	12089
Prudhoe	GB	54.9615	-1.8517	12075
Giffnock	GB	55.8037	-4.2949	12070
Berwick-Upon-Tweed	GB	55.7687	-2.0054	12043
Mossley Hill	GB	53.377	-2.9126	12041
Cowdenbeath	GB	56.1119	-3.3443	12030
Dungannon	GB	54.5034	-6.7672	11935
Tring	GB	51.7947	-0.6582	11929
Chorleywood	GB	51.6547	-0.514	11917
Tranent	GB	55.9444	-2.9541	11910
Halstead	GB	51.9451	0.6393	11906
Cudworth	GB	53.5713	-1.416	11903
Chepstow	GB	51.6409	-2.6768	11900
Haxby	GB	54.0142	-1.0712	11894
Barnham	GB	50.8312	-0.6379	11881
Snaresbrook	GB	51.5843	0.0192	11868
Codsall	GB	52.6299	-2.2015	11860
Ivybridge	GB	50.3904	-3.9191	11851
Market Drayton	GB	52.9054	-2.4901	11773
Minehead	GB	51.2045	-3.4828	11757
Buckhurst Hill	GB	51.6241	0.0326	11755
Bolsover	GB	53.2285	-1.292	11754
Cross Hills	GB	53.9061	-1.9849	11731
Montrose	GB	56.7168	-2.467	11730
Charlton Kings	GB	51.8837	-2.0424	11700
Blandford Forum	GB	50.8607	-2.1617	11694
Todmorden	GB	53.7143	-2.097	11690
Thornbury	GB	51.6089	-2.5203	11687
Sandy	GB	52.1293	-0.2893	11657
Helston	GB	50.1032	-5.2705	11611
Lymm	GB	53.3811	-2.4776	11608
Sunninghill	GB	51.4014	-0.6556	11603
Belsize Park	GB	51.5477	-0.1723	11600
Wallingford	GB	51.5998	-1.1248	11600
Belgrave	GB	52.65	-1.1167	11558
Wanstead	GB	51.5768	0.0246	11543
Syston	GB	52.6833	-1.0667	11508
Henley-on-Thames	GB	51.5333	-0.9	11494
Whitburn	GB	55.8667	-3.6833	11490
Great Harwood	GB	53.7851	-2.4087	11467
Kew	GB	51.4817	-0.2875	11436
Holyhead	GB	53.3062	-4.6321	11431
Cheadle	GB	52.9833	-1.9833	11404
Hexham	GB	54.9699	-2.104	11388
Great Bookham	GB	51.2792	-0.3742	11375
Pelsall	GB	52.6291	-1.9674	11371
Rhiwbina	GB	51.5279	-3.2141	11369
Newtown	GB	52.5167	-3.3	11362
Kingsteignton	GB	50.55	-3.5833	11360
Ulverston	GB	54.1959	-3.0963	11356
Rastrick	GB	53.6921	-1.7883	11351
Padiham	GB	53.8019	-2.3151	11338
Thame	GB	51.7484	-0.9762	11329
Timperley	GB	53.4	-2.3333	11323
Dawlish	GB	50.5812	-3.4664	11312
Carnoustie	GB	56.5026	-2.7053	11310
Northwood	GB	51.6116	-0.4245	11300
Abergele	GB	53.2844	-3.5822	11290
Limavady	GB	55.0504	-6.9507	11279
Stanwell	GB	51.4541	-0.4781	11279
Kimberley	GB	52.9833	-1.2667	11273
Royal Wootton Bassett	GB	51.5419	-1.9045	11265
Atherstone	GB	52.5754	-1.5469	11259
Mountain Ash	GB	51.6836	-3.3801	11230
Woodbridge	GB	52.0933	1.3204	11200
Wimbledon Park	GB	51.435	-0.1988	11197
Uppermill	GB	53.5486	-2.0053	11191
Ince-in-Makerfield	GB	53.5333	-2.6167	11185
Aylestone	GB	52.6042	-1.1463	11151
Stonehaven	GB	56.9637	-2.2118	11150
Wells	GB	51.2079	-2.649	11145
Cranleigh	GB	51.1421	-0.4837	11082
Cookstown	GB	54.6431	-6.7459	11081
Barton upon Humber	GB	53.6891	-0.4438	11066
Featherstone	GB	53.6769	-1.3565	11060
Ilfracombe	GB	51.2093	-4.1134	11042
Largs	GB	55.7963	-4.8634	11030
Kesgrave	GB	52.0624	1.2365	11020
Penistone	GB	53.5257	-1.6303	10956
Highgate	GB	51.5656	-0.159	10955
Abertillery	GB	51.7298	-3.1343	10946
Codicote	GB	51.8505	-0.2367	10938
Leominster	GB	52.2258	-2.7449	10938
Oakham	GB	52.6667	-0.7333	10922
Mortlake	GB	51.4695	-0.2675	10919
Beighton	GB	53.3333	-1.3333	10914
Methil	GB	56.1854	-3.0216	10890
Shirebrook	GB	53.2033	-1.2134	10885
Downham Market	GB	52.6071	0.3837	10884
Rainhill	GB	53.4157	-2.7661	10853
Oldbury	GB	52.5	-2.0167	10830
Knowle	GB	52.3833	-1.7333	10823
Biggin Hill	GB	51.3133	0.0343	10817
Brentford	GB	51.4862	-0.3083	10750
Immingham	GB	53.6142	-0.2158	10750
Diss	GB	52.3768	1.1091	10734
Desborough	GB	52.4418	-0.8213	10697
Epping	GB	51.6981	0.1105	10695
Harrow on the Hill	GB	51.5714	-0.3337	10632
Baldock	GB	51.9878	-0.1883	10615
Ross on Wye	GB	51.9167	-2.5667	10582
Selsey	GB	50.735	-0.7898	10550
Attleborough	GB	52.5178	1.0157	10549
Ludlow	GB	52.3743	-2.7131	10515
Stranraer	GB	54.9023	-5.0273	10510
Downpatrick	GB	54.3281	-5.7153	10507
Ardrossan	GB	55.6502	-4.8066	10500
Abbots Langley	GB	51.7057	-0.4176	10472
Swanage	GB	50.6083	-1.9566	10454
Barnoldswick	GB	53.9171	-2.1871	10435
Annfield Plain	GB	54.8575	-1.7383	10406
Sidcup	GB	51.4262	0.1036	10400
Shepton Mallet	GB	51.1897	-2.5472	10369
Hedon	GB	53.7396	-0.1966	10358
East Sheen	GB	51.4629	-0.2684	10348
Chatteris	GB	52.4562	0.0524	10298
Broadstone	GB	50.7572	-1.9941	10289
Brierfield	GB	53.8247	-2.2342	10271
Dunbar	GB	56.0006	-2.5142	10270
Yatton	GB	51.3884	-2.8235	10251
Cosham	GB	50.8465	-1.0634	10226
Horbury	GB	53.6605	-1.5601	10225
Hampton Wick	GB	51.42	-0.315	10221
Ystalyfera	GB	51.7672	-3.7808	10218
Fair Oak	GB	50.9636	-1.2968	10212
Snodland	GB	51.3297	0.443	10211
Gourock	GB	55.9616	-4.8179	10210
Nairn	GB	57.5809	-3.8797	10190
Whitchurch	GB	52.9667	-2.6833	10142
Ponteland	GB	55.0502	-1.7453	10135
Kearsley	GB	53.5333	-2.3833	10127
Boughton	GB	53.2	-0.9833	10120
Abercarn	GB	51.6473	-3.1348	10118
Amesbury	GB	51.1751	-1.7806	10116
Monmouth	GB	51.8126	-2.7136	10110
Norbiton	GB	51.4119	-0.2842	10107
Shepperton	GB	51.3955	-0.4489	10106
Little Lever	GB	53.5635	-2.378	10100
Aberkenfig	GB	51.54	-3.5956	10083
Abram	GB	53.5085	-2.5927	10074
Ellon	GB	57.364	-2.0731	10070
Galashiels	GB	55.6146	-2.807	10060
Mold	GB	53.1667	-3.1414	10058
Kingston upon Thames	GB	51.4126	-0.2974	10001
Saint Leonards-on-Sea	GB	50.8556	0.5452	10001
Barnsbury	GB	51.5407	-0.1168	10000
Bradwell	GB	52.5735	1.6998	10000
Castle Vale	GB	52.5188	-1.7968	10000
Cockington	GB	50.4633	-3.5569	10000
Dhekelia	GB	34.9843	33.7338	10000
Glenfield	GB	52.6466	-1.1949	10000
Upminster	GB	51.5559	0.2556	10000
Waltham Cross	GB	51.686	-0.0357	10000
Mottingham	GB	51.4527	0.0385	9987
Shildon	GB	54.63	-1.6429	9976
Thirsk	GB	54.233	-1.3441	9953
Sowerby Bridge	GB	53.709	-1.9093	9948
Mossley	GB	53.5145	-2.0346	9929
Watton	GB	52.5667	0.8333	9924
Lutterworth	GB	52.4563	-1.2022	9907
Forres	GB	57.61	-3.6212	9900
Holywell	GB	51.6475	-0.4251	9900
Kilsyth	GB	55.976	-4.0592	9860
Soham	GB	52.3354	0.3365	9834
Tolworth	GB	51.3804	-0.2814	9833
Edgware	GB	51.6128	-0.2754	9832
Greasby	GB	53.373	-3.1233	9830
Birchington-on-Sea	GB	51.3757	1.3048	9827
Attleborough	GB	52.5129	-1.4549	9817
Caldicot	GB	51.5866	-2.7574	9813
Erith	GB	51.4832	0.1748	9811
Dalgety Bay	GB	56.035	-3.3505	9810
Ferryhill	GB	54.6833	-1.55	9805
Hatch End	GB	51.6079	-0.3737	9800
London Colney	GB	51.7245	-0.2965	9800
Westergate	GB	50.8399	-0.6712	9783
Warsop	GB	53.214	-1.1509	9766
Hale Barns	GB	53.3689	-2.3133	9736
Caernarfon	GB	53.1413	-4.2702	9730
Kirby Muxloe	GB	52.6302	-1.2275	9712
Leverstock Green	GB	51.7482	-0.4326	9700
New Romney	GB	50.986	0.9412	9674
Pembroke Dock	GB	51.6916	-4.9404	9657
Polesworth	GB	52.6196	-1.6104	9645
Stakeford	GB	55.1611	-1.5753	9636
Steyning	GB	50.8874	-0.3279	9627
Ballymoney	GB	55.0708	-6.5101	9625
Killamarsh	GB	53.324	-1.3169	9625
Stenhousemuir	GB	56.0268	-3.8146	9620
Teddington	GB	51.4223	-0.3305	9615
Parkstone	GB	50.7299	-1.9449	9593
Royston	GB	53.6	-1.45	9584
Wivenhoe	GB	51.8555	0.958	9567
Brandon	GB	54.75	-1.6167	9566
Maryport	GB	54.7143	-3.4951	9555
Garstang	GB	53.9008	-2.7742	9530
Larbert	GB	56.0225	-3.8287	9530
Braunton	GB	51.1085	-4.1613	9525
Sherborne	GB	50.946	-2.5178	9523
Bulford	GB	51.1893	-1.7601	9519
Crook	GB	54.7125	-1.7497	9498
Prestonpans	GB	55.9594	-2.9804	9490
Ballyclare	GB	54.7509	-5.9994	9472
Par	GB	50.3511	-4.7029	9462
Scalby	GB	53.7667	-0.7167	9462
Clarkston	GB	55.7859	-4.2765	9460
Deganwy	GB	53.3045	-3.8274	9429
Grappenhall	GB	53.372	-2.5467	9377
Seaton Delaval	GB	55.072	-1.5261	9350
Hunstanton	GB	52.95	0.5	9332
Greenhill	GB	51.5834	-0.3386	9324
Tonyrefail	GB	51.584	-3.4304	9317
Dunblane	GB	56.1884	-3.9642	9310
Shortlands	GB	51.3991	0.0044	9303
Stevenston	GB	55.6397	-4.7534	9290
Bradford on Avon	GB	51.3477	-2.2506	9274
Coleford	GB	51.7953	-2.6135	9273
Cupar	GB	56.3188	-3.012	9270
Hemsworth	GB	53.6127	-1.3542	9246
Liskeard	GB	50.4545	-4.4652	9237
Milnrow	GB	53.6112	-2.1127	9227
Bramcote	GB	52.9333	-1.25	9200
New Mill	GB	53.575	-1.75	9197
Comber	GB	54.5494	-5.7438	9190
Tiptree	GB	51.8123	0.7454	9182
Bonhill	GB	55.9794	-4.5638	9180
Yaxley	GB	52.5177	-0.2585	9174
Pencoed	GB	51.5237	-3.5002	9166
Magherafelt	GB	54.7536	-6.6066	9157
Cockermouth	GB	54.6621	-3.3609	9146
Bingham	GB	52.9498	-0.9591	9131
Calcot	GB	51.4406	-1.0509	9093
Bewbush	GB	51.1033	-0.2231	9081
Pontarddulais	GB	51.7142	-4.0386	9073
Towcester	GB	52.1336	-0.9906	9057
Rye	GB	50.9511	0.7337	9041
Farnborough	GB	51.3595	0.0691	9033
Frodsham	GB	53.2948	-2.7275	9032
Haddington	GB	55.9561	-2.7833	9020
Market Warsop	GB	53.2052	-1.1526	9018
Coppull	GB	53.6253	-2.6585	9014
Chasetown	GB	52.6723	-1.9253	9000
Marshalswick	GB	51.7648	-0.3088	9000
Meltham Mills	GB	53.5939	-1.8399	9000
Saltaire	GB	53.8333	-1.7833	9000
Wideopen	GB	55.0451	-1.6225	8976
Leven	GB	56.2	-3.0	8960
Queensferry	GB	55.9909	-3.3985	8960
Broughton Astley	GB	52.5279	-1.2177	8940
Dalmuir	GB	55.9109	-4.4292	8933
Glastonbury	GB	51.1474	-2.7207	8932
Cumnock	GB	55.4545	-4.2664	8920
Clapham Junction	GB	51.4636	-0.1684	8916
Queensbury	GB	53.7666	-1.8491	8912
Launceston	GB	50.637	-4.3601	8910
Caister-on-Sea	GB	52.6481	1.7265	8901
Plympton	GB	50.3907	-4.0602	8892
Blairgowrie and Rattray	GB	56.5916	-3.3405	8890
Lanark	GB	55.6737	-3.7817	8880
Longdendale	GB	53.4667	-2.0	8873
Ledbury	GB	52.0364	-2.4263	8862
Gillingham	GB	51.0383	-2.2761	8822
Cromer	GB	52.9312	1.2989	8801
Burscough	GB	53.5964	-2.8397	8799
Lydney	GB	51.726	-2.5261	8776
Cowplain	GB	50.8941	-1.0182	8775
Annan	GB	54.9884	-3.2565	8760
Tullibody	GB	56.1336	-3.8384	8710
Kiveton Park	GB	53.3412	-1.255	8703
Southwater	GB	51.0237	-0.3517	8692
Raunds	GB	52.3443	-0.5366	8641
Knaphill	GB	51.3201	-0.6158	8635
Storrington	GB	50.9177	-0.4547	8618
Newbury Park	GB	51.5777	0.0934	8617
Leavesden Green	GB	51.6948	-0.4072	8600
Linwood	GB	55.8483	-4.4934	8590
Carcroft	GB	53.5828	-1.1765	8584
Tarleton	GB	53.6801	-2.8297	8582
Lenzie	GB	55.9276	-4.154	8580
Bewdley	GB	52.3757	-2.3183	8571
Rhymney	GB	51.76	-3.2855	8537
Oakengates	GB	52.695	-2.4504	8517
Denbigh	GB	53.1833	-3.4167	8514
Clayton le Moors	GB	53.7667	-2.3833	8474
Brandon	GB	52.3843	-1.3996	8440
Hornsea	GB	53.9104	-0.1681	8432
Alnwick	GB	55.4132	-1.7056	8430
Buckie	GB	57.6757	-2.9624	8430
East Cowes	GB	50.7577	-1.2881	8428
Richmond	GB	54.4036	-1.7343	8413
Water Eaton	GB	51.987	-0.7219	8412
Sawbridgeworth	GB	51.8167	0.15	8400
Marlborough	GB	51.4203	-1.7295	8395
Portstewart	GB	55.1813	-6.714	8394
Peebles	GB	55.6519	-3.1888	8380
Ashbourne	GB	53.0167	-1.7333	8377
New Basford	GB	52.9734	-1.1656	8371
Pocklington	GB	53.9333	-0.7811	8337
Grove	GB	51.6095	-1.4219	8336
Burry Port	GB	51.6844	-4.2469	8310
Fakenham	GB	52.83	0.8477	8285
Marske-by-the-Sea	GB	54.5915	-1.0196	8282
Brecon	GB	51.9461	-3.3889	8250
Darfield	GB	53.5339	-1.376	8246
Bedwas	GB	51.5918	-3.1989	8242
Totnes	GB	50.4311	-3.6843	8241
Shotts	GB	55.8195	-3.7975	8235
Princes Risborough	GB	51.7255	-0.8314	8231
Humberston	GB	53.5304	-0.0246	8216
Hayle	GB	50.1839	-5.4214	8210
Monifieth	GB	56.4823	-2.8173	8210
Portlethen	GB	57.0694	-2.1325	8200
Cambourne	GB	52.2212	-0.0703	8186
Edenbridge	GB	51.1917	0.0673	8172
Radlett	GB	51.6859	-0.3187	8163
Dunoon	GB	55.9503	-4.9273	8160
Hadleigh	GB	52.045	0.953	8150
Oban	GB	56.4153	-5.4718	8140
Beddau	GB	51.554	-3.3581	8134
Merstham	GB	51.2597	-0.1573	8123
Enderby	GB	52.5878	-1.2062	8113
Clayton West	GB	53.595	-1.6111	8109
Treorchy	GB	51.6596	-3.5059	8105
Meriden	GB	51.6831	-0.3809	8100
Sheringham	GB	52.9408	1.2093	8090
Brightlingsea	GB	51.8116	1.0234	8076
City of London	GB	51.5128	-0.0918	8072
Maidenbower	GB	51.1078	-0.1529	8070
Poplar	GB	51.5111	-0.0157	8069
Netherley	GB	53.3908	-2.8394	8068
Iver Heath	GB	51.5364	-0.5179	8065
Toton	GB	52.9078	-1.2585	8064
Caerleon	GB	51.6095	-2.9538	8061
Shanklin	GB	50.6261	-1.1785	8055
Freckleton	GB	53.7543	-2.8649	8049
Hawkinge	GB	51.1128	1.1618	8002
Upton Lea	GB	51.5179	-0.5769	8000
Woodside	GB	51.6944	-0.4017	8000
Fetcham	GB	51.2888	-0.3558	7996
Little Bookham	GB	51.2806	-0.3907	7996
Aveley	GB	51.4999	0.2517	7986
Warlingham	GB	51.3095	-0.0579	7970
Adlington	GB	53.6132	-2.6068	7965
Chalfont St Giles	GB	51.6318	-0.5703	7957
Bircotes	GB	53.4193	-1.0491	7948
Littleport	GB	52.4578	0.306	7935
Carnforth	GB	54.1316	-2.7691	7920
Holbeach	GB	52.804	0.0144	7914
Silsden	GB	53.9144	-1.938	7912
Eaglescliffe	GB	54.5252	-1.3504	7900
Hardingstone	GB	52.2136	-0.8858	7897
Partington	GB	53.4188	-2.4282	7895
Highworth	GB	51.6305	-1.711	7886
Kirkham	GB	53.7824	-2.8719	7883
Euxton	GB	53.6699	-2.6761	7863
Denny	GB	56.0235	-3.9081	7860
North Berwick	GB	56.0583	-2.7229	7840
Paddock Wood	GB	51.1819	0.3823	7840
Meltham	GB	53.593	-1.8486	7836
Crediton	GB	50.7833	-3.65	7835
Freshwater	GB	50.6837	-1.5262	7829
Ramsey	GB	52.4506	-0.1093	7829
Dalton in Furness	GB	54.158	-3.1798	7827
Crewkerne	GB	50.883	-2.7959	7826
Britwell	GB	51.5358	-0.6277	7800
Cullompton	GB	50.8553	-3.3927	7800
Dorridge	GB	52.3726	-1.7532	7800
Easton	GB	50.5333	-2.45	7800
Furze Platt	GB	51.5399	-0.737	7800
Carryduff	GB	54.518	-5.8871	7798
West Thurrock	GB	51.4783	0.2767	7795
Penkridge	GB	52.7256	-2.1156	7791
Windermere	GB	54.3809	-2.9071	7765
Great Dunmow	GB	51.8723	0.3625	7749
Dinas Powys	GB	51.4349	-3.214	7738
Torpoint	GB	50.3751	-4.1957	7717
Tottington	GB	53.6133	-2.3407	7713
Wendover	GB	51.7619	-0.7399	7702
Mill End	GB	51.6388	-0.5009	7700
Rothwell	GB	52.4167	-0.8	7694
Rainworth	GB	53.1188	-1.1185	7693
West Kirby	GB	53.373	-3.1842	7680
Warrenpoint	GB	54.1015	-6.2573	7670
Northam	GB	51.0333	-4.2167	7668
Okehampton	GB	50.7384	-4.0016	7647
Colinton	GB	55.9074	-3.2561	7637
Pershore	GB	52.1116	-2.0759	7626
Grange Hill	GB	51.6118	0.0861	7602
Watton	GB	53.9333	-0.45	7601
Histon	GB	52.2517	0.1064	7592
Wareham	GB	50.6879	-2.1106	7592
Clowne	GB	53.2745	-1.2641	7590
Burnham-on-Crouch	GB	51.6327	0.8149	7561
Pembroke	GB	51.6746	-4.9129	7552
Twyford	GB	51.4752	-0.8604	7533
Longridge	GB	53.8321	-2.5996	7526
Fazeley	GB	52.6144	-1.6985	7522
Kilbirnie	GB	55.7508	-4.6879	7520
Radcliffe on Trent	GB	52.948	-1.0386	7510
Irthlingborough	GB	52.3267	-0.6113	7502
Pinkneys Green	GB	51.5332	-0.7606	7500
Stornoway	GB	58.2092	-6.3865	7500
Iver	GB	51.5	-0.5	7492
Stonehouse	GB	51.75	-2.2833	7481
Strathaven	GB	55.6771	-4.0668	7480
Norton Canes	GB	52.6714	-1.9626	7479
Newcastle	GB	54.218	-5.8898	7444
Banchory	GB	57.0517	-2.4882	7440
Glusburn	GB	53.9	-2.0	7425
North Ferriby	GB	53.7212	-0.5052	7416
Murton	GB	54.8181	-1.3904	7413
Thurso	GB	58.5927	-3.5259	7390
Sturry	GB	51.3013	1.1216	7386
Donaghadee	GB	54.6413	-5.5359	7369
Ushaw Moor	GB	54.778	-1.6472	7368
Ferndale	GB	51.6606	-3.4475	7338
Penryn	GB	50.1681	-5.1042	7326
Basford, Stoke-on-Trent	GB	53.0163	-2.2123	7321
Hook	GB	51.2843	-0.9597	7321
Shaftesbury	GB	51.0053	-2.1933	7314
Shefford	GB	52.0387	-0.334	7311
Garston	GB	51.689	-0.3951	7300
Crieff	GB	56.3727	-3.8389	7280
Titchfield	GB	50.8511	-1.2372	7280
Sawston	GB	52.1209	0.1694	7275
Sileby	GB	52.7329	-1.1077	7261
Swaffham	GB	52.6477	0.6857	7258
Wardle	GB	53.65	-2.1333	7250
Hirwaun	GB	51.7392	-3.5103	7247
Brechin	GB	56.7299	-2.6573	7230
Kings Langley	GB	51.7139	-0.4504	7230
Isle of Bute	GB	55.8366	-5.0559	7228
Great Missenden	GB	51.7042	-0.708	7227
Lee-on-the-Solent	GB	50.8017	-1.2017	7224
Cotgrave	GB	52.9086	-1.0375	7203
Easington	GB	54.7853	-1.3592	7193
Old Windsor	GB	51.4581	-0.5867	7168
Otford	GB	51.3128	0.1905	7155
Kirkwall	GB	58.9848	-2.9587	7150
Stewarton	GB	55.6799	-4.5144	7140
Wick	GB	58.4391	-3.0942	7140
Faringdon	GB	51.6564	-1.5868	7121
Tenterden	GB	51.0684	0.6878	7118
Seaton	GB	50.7049	-3.07	7100
Thrapston	GB	52.3967	-0.5392	7068
Cove	GB	57.1	-2.0833	7060
West Mersea	GB	51.778	0.9187	7057
Kirkleatham	GB	54.5885	-1.0818	7045
Bannockburn	GB	56.0898	-3.9109	7040
Barnard Castle	GB	54.5415	-1.919	7040
Balsall Common	GB	52.3919	-1.6504	7039
Duntocher	GB	55.9244	-4.4154	7036
Bollington	GB	53.2945	-2.1096	7033
Sacriston	GB	54.8177	-1.6241	7030
Bude	GB	50.8244	-4.5413	7011
Eston	GB	54.5593	-1.1434	7005
Carpenders Park	GB	51.6286	-0.3833	7000
Langley Green	GB	51.1282	-0.1983	7000
Larkfield	GB	51.3014	0.4486	7000
Norton	GB	54.133	-0.785	7000
Tadworth	GB	51.2917	-0.2358	6999
Bolton le Sands	GB	54.0963	-2.8002	6995
Holywell	GB	53.2747	-3.229	6969
Old Harlow	GB	51.7835	0.1338	6968
Alexandria	GB	55.9938	-4.5864	6940
Alcester	GB	52.2167	-1.8667	6939
Cleator Moor	GB	54.5214	-3.5159	6936
Pickering	GB	54.25	-0.7667	6936
Billingshurst	GB	51.0231	-0.4536	6911
Moodiesburn	GB	55.915	-4.0833	6900
Bursledon	GB	50.8866	-1.316	6894
Kingswood	GB	51.2948	-0.2143	6891
Burton Latimer	GB	52.3637	-0.6785	6890
Kemsing	GB	51.306	0.2292	6889
Kelso	GB	55.5981	-2.4338	6870
Calverton	GB	53.0373	-1.0826	6868
Lossiemouth	GB	57.7214	-3.2834	6840
Stotfold	GB	52.0163	-0.2321	6838
North Baddesley	GB	50.9774	-1.4455	6823
Hassocks	GB	50.9281	-0.1662	6821
Gedling	GB	52.9757	-1.0787	6817
Horncastle	GB	53.2077	-0.1172	6815
Battle	GB	50.9173	0.4842	6800
Groby	GB	52.6591	-1.2236	6796
Lightwater	GB	51.3485	-0.6715	6791
Brigg	GB	53.552	-0.4921	6787
Chalford	GB	51.7258	-2.1514	6776
Welshpool	GB	52.6597	-3.1471	6764
Lerwick	GB	60.1534	-1.1443	6760
Southwell	GB	53.078	-0.9554	6757
Furnace Green	GB	51.1074	-0.1689	6737
Keyworth	GB	52.8712	-1.0899	6733
Stepps	GB	55.889	-4.1521	6730
Culcheth	GB	53.4511	-2.521	6708
Chiswell Green	GB	51.7285	-0.3595	6700
Brynna	GB	51.5384	-3.4638	6686
Portrush	GB	55.1959	-6.6493	6684
Danbury	GB	51.7165	0.5825	6673
Sherburn in Elmet	GB	53.7952	-1.2466	6657
Girvan	GB	55.2426	-4.8555	6650
Thornhill	GB	51.5418	-3.1928	6635
Willington	GB	54.7167	-1.7	6633
Rishton	GB	53.7681	-2.4144	6625
North Anston	GB	53.3548	-1.2231	6610
Wadebridge	GB	50.5173	-4.8363	6599
Chapel en le Frith	GB	53.3241	-1.9129	6598
Send	GB	51.2888	-0.5267	6597
Westgate on Sea	GB	51.3824	1.3367	6594
Kelty	GB	56.1336	-3.3869	6590
Lochgelly	GB	56.1283	-3.3096	6586
Saint Blazey	GB	50.3633	-4.7189	6575
Harefield	GB	51.6033	-0.4855	6573
Greenhithe	GB	51.4503	0.2854	6567
Southam	GB	52.2527	-1.3884	6567
Downside	GB	51.31	-0.4119	6564
Waltham	GB	53.5167	-0.1	6563
Chapelhall	GB	55.8435	-3.9488	6560
Whetstone	GB	52.5667	-1.1833	6556
Cove	GB	51.2955	-0.7908	6548
Skelton	GB	53.7252	-0.8419	6538
Skelton	GB	54.5606	-0.9882	6535
Filey	GB	54.21	-0.2892	6530
Anstey	GB	52.6737	-1.1884	6528
Midhurst	GB	50.9856	-0.74	6514
Newbridge	GB	51.6667	-3.1333	6509
Godmanchester	GB	52.3194	-0.1751	6506
Abertridwr	GB	51.5958	-3.2683	6504
Benwell	GB	54.973	-1.6693	6500
Currie	GB	55.8964	-3.3085	6500
Leiston	GB	52.2061	1.5776	6495
Dromore	GB	54.4137	-6.1491	6492
Stainforth	GB	53.6	-1.0333	6483
Liphook	GB	51.0767	-0.8032	6480
Newarthill	GB	55.8151	-3.9373	6480
Tadcaster	GB	53.8832	-1.2634	6480
Olney	GB	52.1534	-0.702	6477
Wroughton	GB	51.5241	-1.7956	6474
Washingborough	GB	53.2242	-0.4748	6463
Kilkeel	GB	54.062	-6.0031	6447
Witley	GB	51.1499	-0.6477	6437
Wingerworth	GB	53.202	-1.4336	6430
Market Weighton	GB	53.8631	-0.6651	6429
Houston	GB	55.8686	-4.552	6420
Castle Donington	GB	52.8429	-1.3419	6416
Heighington	GB	53.2124	-0.459	6414
Bothwell	GB	55.8027	-4.0683	6410
Ruddington	GB	52.8925	-1.1495	6404
Stockton Heath	GB	53.3708	-2.5741	6396
Rainham	GB	51.3632	0.6089	6394
Countesthorpe	GB	52.5538	-1.1453	6377
Burntisland	GB	56.0587	-3.2366	6370
Loanhead	GB	55.8794	-3.1587	6350
Long Ditton	GB	51.3843	-0.3204	6343
Netley	GB	50.8746	-1.3548	6338
East Leake	GB	52.8302	-1.181	6337
Gorebridge	GB	55.8459	-3.0456	6330
Coalisland	GB	54.5418	-6.7017	6323
Narborough	GB	52.5777	-1.2103	6321
Malmesbury	GB	51.5817	-2.0971	6318
West Hallam	GB	52.9709	-1.3585	6314
Sauchie	GB	56.1287	-3.7661	6310
Burwell	GB	52.2763	0.3273	6309
Newbiggin-by-the-Sea	GB	55.1853	-1.5147	6308
Thames Ditton	GB	51.3896	-0.3393	6307
Blaby	GB	52.5758	-1.164	6300
Bishops Waltham	GB	50.956	-1.2148	6275
Peasedown Saint John	GB	51.3167	-2.4242	6263
Liss	GB	51.0428	-0.8924	6248
Shifnal	GB	52.6704	-2.3725	6240
Tunstall	GB	53.0583	-2.2114	6232
Egremont	GB	54.4794	-3.5276	6222
Higham Ferrers	GB	52.306	-0.5934	6222
Milford	GB	51.1727	-0.6504	6220
Bowdon	GB	53.3764	-2.3653	6214
Haworth	GB	53.8291	-1.9483	6213
Studley	GB	52.2703	-1.8919	6203
Farnham Royal	GB	51.5421	-0.6158	6187
Hindhead	GB	51.1138	-0.7335	6187
Garswood	GB	53.4888	-2.6722	6183
Beith	GB	55.7492	-4.6368	6170
Kirriemuir	GB	56.674	-3.0034	6160
Rhoose	GB	51.3882	-3.3543	6160
Withernsea	GB	53.7311	0.0319	6159
Marchwood	GB	50.8897	-1.4544	6141
Rainford	GB	53.5022	-2.7884	6131
Pembury	GB	51.143	0.3219	6128
Kingsbridge	GB	50.2845	-3.7764	6116
Denmead	GB	50.904	-1.0674	6107
Stone	GB	51.4503	0.2647	6100
Stone	GB	51.0	0.7667	6100
Rowlands Gill	GB	54.9192	-1.7449	6096
Weaverham	GB	53.2602	-2.5729	6087
Fordingbridge	GB	50.9275	-1.7903	6066
Boston Spa	GB	53.9042	-1.3452	6052
Strensall	GB	54.04	-1.0351	6047
Amble	GB	55.3333	-1.5833	6025
Aylsham	GB	52.7967	1.2511	6016
Wellesbourne Mountford	GB	52.1925	-1.6097	6007
Balerno	GB	55.8844	-3.3397	6000
Bennetts End	GB	51.7433	-0.4491	6000
Gossops Green	GB	51.111	-0.2173	6000
Burley in Wharfedale	GB	53.9102	-1.758	5996
St Leonards	GB	50.8308	-1.8438	5984
Abercynon	GB	51.6455	-3.3273	5983
Millom	GB	54.2107	-3.272	5980
Ventnor	GB	50.5945	-1.2067	5976
Broughton	GB	53.163	-2.9931	5974
Burwell	GB	53.2931	0.0346	5963
Locharbriggs	GB	55.1034	-3.5844	5960
Saltburn-by-the-Sea	GB	54.5824	-0.9737	5958
Wales	GB	53.3406	-1.2816	5956
Crumlin	GB	51.6778	-3.1353	5947
Magor	GB	51.5794	-2.8314	5941
Ballingry	GB	56.1639	-3.3284	5940
Brundall	GB	52.6243	1.4351	5927
Undy	GB	51.5753	-2.8145	5914
Cottenham	GB	52.2874	0.1254	5903
Flackwell Heath	GB	51.5976	-0.706	5900
Moor Park	GB	51.6295	-0.4341	5900
Billinge	GB	53.498	-2.7081	5896
Purfleet-on-Thames	GB	51.4839	0.2425	5883
Gorleston-on-Sea	GB	52.573	1.7307	5882
Thornton	GB	53.7904	-1.852	5881
Upton	GB	53.6147	-1.2868	5874
Dodworth	GB	53.5431	-1.5278	5870
Wem	GB	52.8584	-2.7183	5870
East Horsley	GB	51.2736	-0.4321	5866
Great Gonerby	GB	52.9351	-0.6669	5853
Hagley	GB	52.4262	-2.1282	5850
Wellesbourne	GB	52.1971	-1.5905	5849
Auchterarder	GB	56.2961	-3.7069	5840
Wigton	GB	54.8248	-3.1611	5831
Ilminster	GB	50.9268	-2.9101	5808
Benson	GB	51.6207	-1.1098	5802
Whitworth	GB	53.656	-2.1771	5798
Waterbeach	GB	52.2655	0.1912	5795
Pontyclun	GB	51.5216	-3.3914	5794
Kibworth Harcourt	GB	52.5444	-0.9949	5790
Callington	GB	50.5015	-4.3131	5786
Axminster	GB	50.7826	-2.9979	5761
Ravenshead	GB	53.0865	-1.1603	5759
Llanharan	GB	51.538	-3.4391	5755
Borrowash	GB	52.9067	-1.3841	5746
Oundle	GB	52.4809	-0.4673	5735
Selkirk	GB	55.5474	-2.8391	5730
Coedpoeth	GB	53.0539	-3.0623	5723
Chipping Norton	GB	51.9411	-1.5453	5719
Frimley Green	GB	51.306	-0.7331	5717
Great Torrington	GB	50.9531	-4.144	5714
Hoylake	GB	53.3905	-3.1807	5710
Newmains	GB	55.7851	-3.8746	5710
Eaton Socon	GB	52.2175	-0.2893	5704
Ballynahinch	GB	54.4023	-5.8972	5701
Alness	GB	57.696	-4.2551	5700
Manningtree	GB	51.9454	1.0611	5696
Burpham	GB	51.2602	-0.5443	5695
Brynamman	GB	51.8	-3.8667	5693
Elderslie	GB	55.8333	-4.486	5690
Ash Vale	GB	51.2645	-0.7235	5686
Four Marks	GB	51.1073	-1.0494	5674
Cockenzie	GB	55.9682	-2.9656	5660
Bracebridge Heath	GB	53.1965	-0.5342	5656
Ibstock	GB	52.6855	-1.3997	5650
Blaenavon	GB	51.774	-3.0854	5647
East Wittering	GB	50.7697	-0.8744	5647
Broseley	GB	52.6132	-2.4827	5644
Dromore	GB	54.5133	-7.4589	5641
Audley	GB	53.05	-2.3	5638
Ruskington	GB	53.0454	-0.3869	5637
Wotton-under-Edge	GB	51.6324	-2.3451	5627
Dunholme	GB	53.3007	-0.4654	5625
Ingatestone	GB	51.6703	0.3836	5620
Dartmouth	GB	50.3522	-3.5794	5610
Uddingston	GB	55.8197	-4.0836	5610
Holmes Chapel	GB	53.2014	-2.3574	5605
Arlesey	GB	52.0071	-0.2656	5584
Wheatley	GB	51.7473	-1.1394	5574
Askern	GB	53.6164	-1.1524	5570
Ballycastle	GB	55.2044	-6.243	5566
Dalry	GB	55.7096	-4.7217	5560
Halesworth	GB	52.3464	1.5029	5558
Kilburn	GB	53.0058	-1.4387	5552
Colnbrook	GB	51.4838	-0.5214	5528
Wilsden	GB	53.8208	-1.8596	5524
Hemsby	GB	52.6971	1.6918	5522
Hethersett	GB	52.5976	1.1736	5520
Holbeck	GB	53.7836	-1.5679	5505
Chipping Sodbury	GB	51.5381	-2.3938	5500
Stonehouse	GB	55.6944	-3.9878	5500
Jordanstown	GB	54.6833	-5.9	5494
West Kingsdown	GB	51.3428	0.2613	5484
Blackburn	GB	55.8667	-3.6333	5480
Chinnor	GB	51.7018	-0.9116	5473
Tetbury	GB	51.6394	-2.1622	5472
East Tilbury	GB	51.4805	0.4171	5471
Thorpe	GB	51.4059	-0.5357	5465
Ruthin	GB	53.1137	-3.3178	5461
Shenfield	GB	51.6317	0.332	5460
Yapton	GB	50.8209	-0.613	5459
Barton on Sea	GB	50.7398	-1.6751	5454
New Stevenston	GB	55.8167	-3.9736	5450
Shepley	GB	53.5833	-1.7167	5444
Lyneham	GB	51.5167	-1.9667	5437
Wincanton	GB	51.0568	-2.4057	5435
New Alresford	GB	51.0862	-1.1701	5431
Bagshot	GB	51.3607	-0.688	5430
Stansted Mountfitchet	GB	51.9	0.2	5429
Pentre	GB	51.6543	-3.4913	5424
Cookham	GB	51.5594	-0.7081	5422
West Clandon	GB	51.2606	-0.5032	5422
Glyn-neath	GB	51.7475	-3.6183	5419
Creswell	GB	53.2629	-1.2199	5417
St Ives	GB	50.2086	-5.4875	5410
Westhill	GB	57.4732	-4.1489	5410
Great Wakering	GB	51.5524	0.8038	5400
Brotton	GB	54.5666	-0.9393	5394
Nailsworth	GB	51.6938	-2.2199	5394
Earls Barton	GB	52.2663	-0.7525	5387
Barrowford	GB	53.8465	-2.2184	5378
Randalstown	GB	54.75	-6.3	5378
Hoo	GB	51.4205	0.563	5377
Cranfield	GB	52.0687	-0.6088	5369
Preesall	GB	53.9182	-2.9663	5367
Barnt Green	GB	52.359	-2.0072	5366
Pelton	GB	54.873	-1.6095	5366
Dingwall	GB	57.5953	-4.4272	5360
Shelley	GB	53.6	-1.6833	5359
Whitburn	GB	54.9533	-1.3686	5352
Cwmafan	GB	51.6167	-3.762	5336
Kelvedon	GB	51.8401	0.7057	5322
Bourne End	GB	51.5762	-0.7129	5320
Bridge of Allan	GB	56.154	-3.9463	5320
Neilston	GB	55.7857	-4.4264	5310
Llandrindod Wells	GB	52.2416	-3.3787	5309
Cardigan	GB	52.0837	-4.6623	5301
Bovingdon	GB	51.7231	-0.5367	5295
Bonnybridge	GB	56.0015	-3.8886	5280
Radstock	GB	51.292	-2.445	5275
Appley Bridge	GB	53.5778	-2.7209	5270
Manston	GB	50.95	-2.2667	5261
Crofton	GB	53.6564	-1.4297	5258
Long Ashton	GB	51.43	-2.661	5254
Sawtry	GB	52.4398	-0.2842	5252
Brixworth	GB	52.3291	-0.9035	5228
Inverkeithing	GB	56.033	-3.3956	5220
Measham	GB	52.7064	-1.5064	5209
Cheddar	GB	51.2754	-2.7766	5199
Barrow upon Soar	GB	52.7518	-1.146	5196
Shevington	GB	53.5724	-2.6932	5195
Edwinstowe	GB	53.1945	-1.0644	5188
Budleigh Salterton	GB	50.6298	-3.3218	5185
Helsby	GB	53.274	-2.7691	5166
Tillicoultry	GB	56.1525	-3.7401	5160
Ryhill	GB	53.622	-1.4107	5150
Crumlin	GB	54.6205	-6.2141	5149
Whaley Bridge	GB	53.3303	-1.9826	5140
Malton	GB	54.1369	-0.7996	5135
Wingate	GB	54.7324	-1.379	5134
Poringland	GB	52.5676	1.3496	5132
Bungay	GB	52.4543	1.4382	5127
Redbourn	GB	51.799	-0.3959	5113
Looe	GB	50.3578	-4.4542	5112
South Molton	GB	51.0167	-3.8333	5108
Hungerford	GB	51.4151	-1.5156	5100
Blackrod	GB	53.5923	-2.5803	5086
Holytown	GB	55.8201	-3.9727	5080
Bayston Hill	GB	52.6755	-2.7616	5079
Woburn Sands	GB	52.0158	-0.6498	5074
Greenisland	GB	54.7008	-5.8748	5073
Quorndon	GB	52.7446	-1.1735	5071
Abercanaid	GB	51.7236	-3.3661	5061
Turriff	GB	57.5384	-2.4593	5060
Isle of Arran	GB	55.5814	-5.2123	5058
West Byfleet	GB	51.3376	-0.5065	5054
Staplehurst	GB	51.1611	0.5525	5051
Bidford-on-Avon	GB	52.1696	-1.8596	5047
Hengoed	GB	51.6508	-3.2317	5044
Polmont	GB	55.9905	-3.7074	5040
Shipston on Stour	GB	52.0606	-1.6278	5038
Wirksworth	GB	53.0823	-1.5739	5038
Faifley	GB	55.9285	-4.3851	5030
Scone	GB	56.4194	-3.4051	5030
Pyrford	GB	51.3147	-0.5102	5022
Gresford	GB	53.0854	-2.9706	5010
Cradley Heath	GB	52.4721	-2.0821	5001
Donington le Heath	GB	52.7079	-1.3784	5001
East Boldon	GB	54.9445	-1.4282	5001
West Ilsley	GB	51.5399	-1.3237	332
Tbilisi	GE	41.6914	44.8341	1049498
Batumi	GE	41.6408	41.6306	186949
Kutaisi	GE	42.2679	42.6946	135201
Rustavi	GE	41.5627	44.9787	128249
Sokhumi	GE	43.007	40.9893	65439
Gori	GE	41.9853	44.1129	41933
Poti	GE	42.1427	41.6738	41175
Zugdidi	GE	42.5084	41.868	40067
Ts’khinvali	GE	42.2276	43.9686	32180
Stantsiya Novyy Afon	GE	43.0806	40.8383	26636
Marneuli	GE	41.4876	44.7985	26400
Khashuri	GE	41.9973	43.599	23949
Samtredia	GE	42.1537	42.3352	21063
Zestaponi	GE	42.1075	43.0329	20183
Kobuleti	GE	41.8328	41.7782	17538
Akhaltsikhe	GE	41.6395	42.986	17445
Senaki	GE	42.2708	42.0633	14991
Ozurgeti	GE	41.9234	42.0052	13935
Kaspi	GE	41.9278	44.4235	12319
Chiatura	GE	42.2981	43.2989	11943
Gagra	GE	43.2786	40.2712	11807
Borjomi	GE	41.8469	43.3971	11248
Gudauri	GE	42.478	44.4762	10000
Gudauta	GE	43.1019	40.6225	8752
Bolnisi	GE	41.4512	44.5384	8461
Tqibuli	GE	42.3478	42.9977	7957
Diok’nisi	GE	41.6293	42.3917	7725
Khoni	GE	42.3254	42.4224	7651
Dighomi	GE	41.7728	44.7321	7497
Surami	GE	42.0243	43.5556	7492
Gali	GE	42.627	41.7364	7452
Akhalkalaki	GE	41.4051	43.4863	7437
Dusheti	GE	42.0864	44.695	7389
Mtskheta	GE	41.8451	44.7188	7380
Sadakhlo	GE	41.2402	44.7891	7337
Tsqnet’i	GE	41.6947	44.6986	7166
Tsqaltubo	GE	42.3286	42.5981	7104
Kareli	GE	42.0215	43.8955	6746
Chakvi	GE	41.7253	41.7328	6720
Lanchkhuti	GE	42.0874	42.0361	6214
Kazreti	GE	41.3816	44.4197	5547
Ochamchire	GE	42.7123	41.4686	5238
Sachkhere	GE	42.3359	43.4057	5235
Zahesi	GE	41.8246	44.7536	5200
Gantiadi	GE	43.3811	40.0794	5170
Ipnari	GE	43.228	40.333	5166
Tqvarch'eli	GE	42.8404	41.6801	5044
Tetritsqaro	GE	41.5438	44.4618	5041
Ambrolauri	GE	42.5232	43.1498	1952
Saint Peter Port	GG	49.4598	-2.5353	16488
Vale Parish	GG	49.4944	-2.5179	9646
Saint Sampson	GG	49.4839	-2.5233	8966
Saint Pierre du Bois Parish	GG	49.454	-2.6381	2001
Forest Parish	GG	49.4298	-2.6017	1624
Castel	GG	49.4676	-2.6002	0
Saint Andrew	GG	49.4439	-2.5802	0
Saint Saviour	GG	49.4569	-2.6358	0
St Anne	GG	49.7155	-2.2076	0
St Martin	GG	49.4371	-2.5548	0
Torteval	GG	49.4333	-2.65	0
Gibraltar	GI	36.1447	-5.3526	26544
Athens	GR	37.9838	23.7278	664046
Thessaloníki	GR	40.6407	22.9349	317778
Pátra	GR	38.2462	21.7351	168034
Piraeus	GR	37.942	23.6462	163688
Lárisa	GR	39.6285	22.4211	146926
Peristéri	GR	38.0154	23.6919	139981
Irákleion	GR	35.3279	25.1434	137154
Kallithéa	GR	37.95	23.7	100641
Acharnés	GR	38.0833	23.7333	99346
Kalamariá	GR	40.5825	22.9503	91518
Níkaia	GR	37.9667	23.65	89380
Glyfáda	GR	37.8629	23.758	87305
Volos	GR	39.3692	22.9477	86048
Ílion	GR	38.0333	23.7	84793
Ilioúpoli	GR	37.9315	23.7678	78153
Keratsíni	GR	37.9625	23.6197	77077
Évosmos	GR	40.6706	22.9083	74686
Khalándrion	GR	38.0237	23.8007	74192
Néa Smýrni	GR	37.945	23.7142	73076
Maroúsi	GR	38.05	23.8	72333
Agios Dimitrios	GR	37.9333	23.7333	71294
Zográfos	GR	37.9757	23.7691	71026
Aigáleo	GR	37.9833	23.6833	69946
Néa Ionía	GR	38.0357	23.7573	67134
Ioánnina	GR	39.6634	20.8519	65574
Palaió Fáliro	GR	37.9281	23.701	64021
Korydallós	GR	37.9847	23.6471	63445
Tríkala	GR	39.5549	21.7684	61653
Výronas	GR	37.9611	23.753	61308
Agía Paraskeví	GR	38.0167	23.8333	59704
Galátsi	GR	38.0167	23.75	59345
Chalkída	GR	38.4635	23.6028	59125
Petroúpolis	GR	38.0419	23.6849	58979
Sérres	GR	41.085	23.5476	58287
Rhodes	GR	36.4356	28.222	56128
Kalamata	GR	37.0391	22.1126	54100
Kavála	GR	40.9396	24.4069	54027
Chaniá	GR	35.5112	24.0292	53910
Kateríni	GR	40.2696	22.5061	53293
Alexandroupoli	GR	40.8499	25.8764	52979
Lamía	GR	38.8995	22.4335	52006
Irákleio	GR	38.0528	23.7652	49642
Xánthi	GR	41.1349	24.888	48221
Fylí	GR	38.1024	23.669	48157
Kifisiá	GR	38.0744	23.8111	47332
Agrínio	GR	38.6214	21.4078	46899
Stavroúpoli	GR	40.6694	22.9381	46008
Chaïdári	GR	38.0114	23.666	45642
Komotiní	GR	41.1176	25.4059	45631
Sykiés	GR	40.6494	22.9508	44955
Dráma	GR	41.1528	24.1473	44823
Véroia	GR	40.5244	22.2024	44464
Álimos	GR	37.9103	23.7236	41720
Corfu	GR	39.6244	19.9202	40047
Políchni	GR	40.6667	22.9488	38887
Lagkadás	GR	40.75	23.0667	37022
Pylaía	GR	40.5992	22.9861	36843
Kozáni	GR	40.2993	21.7898	36481
Ágioi Anárgyroi	GR	38.0301	23.7238	34168
Argyroúpoli	GR	37.9059	23.7504	34097
Áno Liósia	GR	38.0833	23.7	33565
Kardítsa	GR	39.3648	21.9219	32789
Rethymno	GR	35.3655	24.4823	32468
Thívai	GR	38.325	23.3189	32410
Néa Ionía	GR	39.379	22.9275	31884
Cholargós	GR	38.0	23.8	30840
Vrilissia	GR	38.0338	23.8296	30741
Asprópyrgos	GR	38.0613	23.5897	30251
Kórinthos	GR	37.9401	22.9513	30176
Ptolemaḯda	GR	40.5147	21.6786	30045
Chalkidóna	GR	40.7318	22.5999	30030
Gérakas	GR	38.0228	23.8576	29939
Metamórfosi	GR	38.0658	23.7636	29891
Kamaterón	GR	38.0559	23.7051	29179
Voúla	GR	37.8422	23.7765	28364
Mytilene	GR	39.1077	26.5553	28322
Giannitsá	GR	40.7919	22.4075	27817
Trípoli	GR	37.5096	22.3788	26561
Agía Varvára	GR	37.9894	23.6601	26550
Kaisarianí	GR	37.9634	23.7652	26370
Neapoli	GR	40.6532	22.9416	25822
Néa Filadélfeia	GR	38.0349	23.7381	25734
Moskháton	GR	37.9479	23.6788	25441
Pérama	GR	37.9678	23.5721	25389
Salamína	GR	37.9643	23.4965	25370
Elefsína	GR	38.0414	23.543	24910
Chios	GR	38.3687	26.1372	23953
Mégara	GR	37.9947	23.3432	23456
Kilkís	GR	40.993	22.8743	22914
Dhafní	GR	37.95	23.7344	22913
Melíssia	GR	38.05	23.8333	22741
Pýrgos	GR	37.6751	21.441	22399
Árgos	GR	37.6333	22.7333	22209
Artémida	GR	37.9673	23.9968	21924
Árta	GR	39.1601	20.9856	21895
Livadeiá	GR	38.4362	22.8767	21492
Péfki	GR	38.0602	23.7926	21352
Oraiókastro	GR	40.7308	22.9172	20852
Aígio	GR	38.2486	22.0819	20422
Náousa	GR	40.6294	22.0681	19887
Kos	GR	36.8929	27.2877	19244
Koropí	GR	37.8989	23.8718	19164
Édessa	GR	40.8026	22.0475	18669
Néa Erythraía	GR	38.0927	23.8222	18604
Peraía	GR	40.4987	22.9262	18326
Néa Mákri	GR	38.0873	23.9764	18114
Chortiátis	GR	40.6095	23.1001	17862
Flórina	GR	40.782	21.4098	17686
Panórama	GR	40.5878	23.0315	17444
Préveza	GR	38.9562	20.7505	17283
Amaliáda	GR	37.7984	21.3507	16763
Vári	GR	37.8332	23.8031	16717
Ellinikó	GR	37.8901	23.7441	16715
Sparta	GR	37.0745	22.4301	16239
Orestiáda	GR	41.5031	26.5297	16221
Efkarpía	GR	40.688	22.9535	15416
Agios Ioannis Rentis	GR	37.9649	23.6651	15411
Távros	GR	37.9706	23.6904	14972
Arrianá	GR	41.0813	25.6949	14905
Pallíni	GR	38.0051	23.883	14808
Néa Alikarnassós	GR	35.3389	25.1597	14624
Paianía	GR	37.9553	23.8544	14595
Náfplio	GR	37.5686	22.8069	14582
Keratéa	GR	37.8058	23.9774	14483
Kalývia Thorikoú	GR	37.8389	23.925	14424
Thérmi	GR	40.5471	23.0197	14373
Meneméni	GR	40.6583	22.8971	14297
Río	GR	38.2956	21.785	14219
Papágou	GR	37.9864	23.7935	13962
Drapetsóna	GR	37.9499	23.6231	13815
Alexándreia	GR	40.6267	22.4442	13665
Makrakómi	GR	38.9415	22.1153	13500
Péfka	GR	40.6581	22.9938	13435
Náfpaktos	GR	38.3917	21.8275	13415
Kastoria	GR	40.5217	21.2634	13387
Ágios Athanásios	GR	40.716	22.7284	13026
Mesolóngi	GR	38.3714	21.4315	12785
Ialysós	GR	36.4135	28.1552	12717
Gázi	GR	35.3253	25.0669	12606
Ierápetra	GR	35.0119	25.7423	12355
Kálymnos	GR	36.9503	26.9839	12324
Giánnouli	GR	39.6672	22.396	12277
Rafína	GR	38.0181	24.006	12168
Anatolí	GR	39.6353	20.8658	12119
Diavatá	GR	40.6874	22.858	11876
Loutráki	GR	37.9783	22.9778	11564
Zakynthos	GR	37.7802	20.8956	11541
Ágios Nikólaos	GR	35.1911	25.7152	11421
Ermoúpolis	GR	37.4447	24.9429	11351
Mándra	GR	38.0667	23.5	11327
Archaía Olympía	GR	37.6479	21.6271	11153
Týrnavos	GR	39.7378	22.2892	10796
Néa Michanióna	GR	40.4637	22.8617	10784
Párga	GR	39.2857	20.4004	10762
Mykonos	GR	37.4453	25.3287	10704
Néo Psychikó	GR	38.0062	23.7837	10671
Grevená	GR	40.0845	21.4274	10563
Limín Mesoyaías	GR	37.8911	24.0031	10526
Fársala	GR	39.2947	22.3847	10380
Néa Artáki	GR	38.5203	23.633	10302
Néon Karlovásion	GR	37.7921	26.7049	10220
Néa Kallikráteia	GR	40.3131	23.0634	10144
Néa Moudhaniá	GR	40.2439	23.2848	10042
Polýgyros	GR	40.377	23.4413	10000
Epanomí	GR	40.4261	22.9278	9910
Zefyri	GR	38.0665	23.717	9901
Ágios Stéfanos	GR	38.1466	23.8561	9892
Argostólion	GR	38.1811	20.489	9820
Kiáto	GR	38.0132	22.7484	9812
Néa Chalkidóna	GR	38.0271	23.7305	9760
Lykóvrysi	GR	38.0693	23.7822	9705
Vasiliká	GR	40.4797	23.1369	9578
Psychikó	GR	38.0132	23.7722	9529
Markópoulo	GR	37.8833	23.9333	9513
Igoumenítsa	GR	39.5034	20.2673	9496
Orchomenós	GR	38.4929	22.9796	9381
Síndos	GR	40.6705	22.8055	9289
Spáta	GR	37.9616	23.9151	9198
Díon	GR	40.1717	22.4846	9067
Chalástra	GR	40.6264	22.7329	9066
Paralía	GR	38.1983	21.7026	8903
Chrysoúpolis	GR	40.9856	24.6939	8885
Sitia	GR	35.2078	26.1047	8707
Lefkáda	GR	38.8304	20.7044	8673
Eleftherés	GR	40.8467	24.2543	8647
Arkalochóri	GR	35.1463	25.2654	8547
Didymóteicho	GR	41.349	26.4938	8336
Kalampáka	GR	39.7044	21.6269	8138
Gastoúni	GR	37.85	21.25	8114
Platý	GR	40.6424	22.5346	7978
Almyrós	GR	39.1822	22.7594	7955
Koufália	GR	40.7778	22.5719	7850
Drosiá	GR	38.1198	23.8643	7837
Karpathos	GR	35.507	27.2132	7790
Archángelos	GR	36.2149	28.1149	7786
Kalloní	GR	39.2332	26.2072	7762
Pikérmi	GR	38.0016	23.9408	7707
Pythagóreio	GR	37.691	26.9434	7515
Argos Orestiko	GR	40.4535	21.2589	7473
Filothéi	GR	38.0252	23.7826	7370
Thrakomakedónes	GR	38.1296	23.7575	7312
Néa Péramos	GR	38.0065	23.4235	7260
Ampelóna	GR	39.7448	22.3657	7257
Krýa Vrýsi	GR	40.6874	22.3052	7255
Neápoli	GR	36.5115	23.0603	7235
Platýkampos	GR	39.6167	22.5333	7207
Dodóni	GR	39.5434	20.7728	7199
Marathónas	GR	38.1532	23.9628	7170
Lávrio	GR	37.7144	24.0565	7078
Náxos	GR	37.1056	25.3764	7070
Polýkastro	GR	40.9944	22.5691	7064
Elassóna	GR	39.8947	22.1886	7060
Lixoúri	GR	38.2013	20.4371	6989
Ampelákia	GR	37.9505	23.528	6985
Néa Pentéli	GR	38.0606	23.8593	6916
Karpenísi	GR	38.9122	21.7984	6888
Aegina	GR	37.7467	23.4275	6867
Gargaliánoi	GR	37.0652	21.6381	6864
Ámfissa	GR	38.5281	22.3771	6854
Messíni	GR	37.0511	22.0078	6773
Soúda	GR	35.4872	24.0734	6729
Trílofos	GR	40.469	22.9718	6727
Litóchoro	GR	40.1006	22.4978	6709
Kými	GR	38.6348	24.1029	6706
Anoixi	GR	38.1327	23.8587	6592
Vasilikón	GR	38.4259	23.6719	6571
Aridaía	GR	40.9731	22.0564	6561
Asvestochóri	GR	40.6412	23.0253	6551
Áyios Konstandínos	GR	38.6334	21.3995	6534
Féres	GR	40.8931	26.1723	6500
Ovriá	GR	38.1887	21.729	6424
Moíres	GR	35.0514	24.8733	6379
Melíki	GR	40.5168	22.396	6350
Paralía	GR	40.2671	22.5962	6228
Aitolikó	GR	38.437	21.3536	6215
Anávyssos	GR	37.7341	23.9439	6180
Vartholomió	GR	37.8622	21.2057	6145
Exaplátanos	GR	40.9764	22.1296	6105
Amárynthos	GR	38.393	23.8849	6085
Itéa	GR	38.432	22.4244	6050
Faliraki	GR	36.3398	28.1994	6000
Leondárion	GR	37.987	23.8552	5929
Zacháro	GR	37.4833	21.65	5894
Néoi Epivátes	GR	40.4986	22.9119	5882
Néa Anchiálos	GR	39.2801	22.8182	5881
Psachná	GR	38.5785	23.6433	5828
Káto Achaḯa	GR	38.15	21.55	5752
Astakós	GR	38.5356	21.0814	5719
Palamás	GR	39.4667	22.0833	5719
Diónysos	GR	38.1046	23.8794	5651
Lefkímmi	GR	39.4234	20.0709	5647
Siátista	GR	40.2619	21.5442	5612
Diakoptó	GR	38.1952	22.1999	5603
Nerokoúros	GR	35.4759	24.04	5593
Ekáli	GR	38.1103	23.835	5574
Afántou	GR	36.2935	28.1623	5562
Agriá	GR	39.3408	23.0126	5519
Efpálio	GR	38.4195	21.9291	5508
Xylókastro	GR	38.0776	22.6317	5500
Fíliro	GR	40.6915	23.0046	5495
Atsipópoulo	GR	35.3525	24.4338	5417
Mýrina	GR	39.8748	25.0636	5406
Filiatrá	GR	37.1564	21.5853	5359
Kryonéri	GR	38.1371	23.8305	5318
Mourniés	GR	35.4823	24.0125	5318
Páros	GR	37.0833	25.15	5289
Tympáki	GR	35.0729	24.7685	5285
Megalópoli	GR	37.4011	22.1422	5283
Vrontádos	GR	38.4088	26.1295	5270
Alivéri	GR	38.4167	24.0333	5184
Katsikás	GR	39.6228	20.8876	5180
Sidirókastro	GR	41.235	23.389	5177
Gouménissa	GR	40.946	22.4497	5157
Kárystos	GR	38.0133	24.4161	5091
Plagiári	GR	40.4728	22.9579	5091
Asíni	GR	37.5443	22.8644	5077
Kyparissía	GR	37.2511	21.6736	5033
Vathí	GR	38.4049	23.6033	5029
Dhrosiá	GR	38.4841	23.5477	5020
Karyes	GR	40.2572	24.245	237
Zagreb	HR	45.8144	15.978	663592
Split	HR	43.5089	16.4392	149830
Rijeka	HR	45.3267	14.4424	107964
Osijek	HR	45.5507	18.6942	75535
Zadar	HR	44.1158	15.2251	67309
Sesvete	HR	45.8311	16.1164	55313
Pula	HR	44.8683	13.8481	52220
Slavonski Brod	HR	45.1616	18.0163	45005
Karlovac	HR	45.4917	15.55	41869
Varaždin	HR	46.3044	16.3378	36187
Šibenik	HR	43.7343	15.8942	31115
Velika Gorica	HR	45.7125	16.0756	30036
Vinkovci	HR	45.2883	18.8047	28111
Sisak	HR	45.4661	16.3775	27859
Dubrovnik	HR	42.6412	18.1091	26922
Bjelovar	HR	45.8979	16.8507	24392
Koprivnica	HR	46.1636	16.8297	22262
Vukovar	HR	45.3516	19.0023	22255
Solin	HR	43.5432	16.4931	20996
Zaprešić	HR	45.8564	15.8078	18768
Samobor	HR	45.8031	15.7181	16911
Đakovo	HR	45.3083	18.4106	16875
Požega	HR	45.3403	17.6853	16867
Čakovec	HR	46.3844	16.4339	15078
Metković	HR	43.0542	17.6483	13971
Virovitica	HR	45.8345	17.3855	13486
Petrinja	HR	45.4375	16.29	12963
Makarska	HR	43.2969	17.0178	12809
Kutina	HR	45.475	16.7819	12012
Rovinj	HR	45.0827	13.6346	11629
Dugo Selo	HR	45.8061	16.2444	11097
Sinj	HR	43.7036	16.6394	10771
Križevci	HR	46.0219	16.5425	10522
Kastav	HR	45.3753	14.3486	10202
Trogir	HR	43.5125	16.2517	10107
Nova Gradiška	HR	45.255	17.3831	9820
Županja	HR	45.0775	18.6975	9153
Podstrana	HR	43.4867	16.5501	9129
Poreč	HR	45.2257	13.5951	8841
Slatina	HR	45.7033	17.7028	8722
Ivanić-Grad	HR	45.7083	16.3969	8452
Knin	HR	44.0406	16.1966	8262
Čepin	HR	45.524	18.5776	8001
Daruvar	HR	45.5906	17.225	7440
Ogulin	HR	45.2661	15.2286	7374
Našice	HR	45.4886	18.0878	7307
Kaštel Stari	HR	43.55	16.35	6950
Umag	HR	45.4314	13.5239	6751
Vodice	HR	43.7608	15.7828	6592
Kaštel Sućurac	HR	43.5503	16.4264	6544
Kaštel Novi	HR	43.5524	16.3363	6507
Gospić	HR	44.5461	15.3747	6362
Valpovo	HR	45.6608	18.4186	6332
Beli Manastir	HR	45.77	18.6036	6327
Tenja	HR	45.4981	18.7472	6260
Crikvenica	HR	45.1772	14.6928	6239
Omiš	HR	43.4447	16.6886	5985
Novska	HR	45.3406	16.9769	5922
Višnjevac	HR	45.5686	18.6139	5870
Đurđevac	HR	46.0411	17.0697	5834
Labin	HR	45.095	14.1197	5806
Opatija	HR	45.3366	14.3078	5701
Nova Mokošica	HR	42.6744	18.116	5682
Biograd na Moru	HR	43.9433	15.4519	5601
Mali Lošinj	HR	44.5306	14.4686	5561
Duga Resa	HR	45.4461	15.4987	5380
Belišće	HR	45.6803	18.4058	5354
Donji Miholjac	HR	45.7608	18.1672	5330
Jastrebarsko	HR	45.6683	15.6486	5312
Kaštel Lukšić	HR	43.5553	16.3675	5221
Ivankovo	HR	45.2886	18.6839	5076
Kaštel Kambelovac	HR	43.55	16.3833	5051
Krapina	HR	46.1608	15.8737	4201
Pazin	HR	45.2392	13.9395	3981
Liberpolis	HR	45.7747	18.8801	63
Budapest	HU	47.4984	19.0404	1741041
Debrecen	HU	47.5317	21.6244	202402
Szeged	HU	46.253	20.1482	160766
Miskolc	HU	48.1033	20.7781	154521
Pécs	HU	46.0762	18.2281	145347
Győr	HU	47.6833	17.6351	129301
Nyíregyháza	HU	47.9554	21.7167	117689
Kecskemét	HU	46.9062	19.6913	109847
Székesfehérvár	HU	47.19	18.4103	101600
Szombathely	HU	47.2309	16.6215	78025
Szolnok	HU	47.1807	20.1984	71285
Tatabánya	HU	47.5925	18.381	65849
Kaposvár	HU	46.3667	17.8	64280
Érd	HU	47.3949	18.9136	62408
Sopron	HU	47.685	16.5905	62246
Zalaegerszeg	HU	46.837	16.844	61898
Békéscsaba	HU	46.6833	21.1	59732
Veszprém	HU	47.0933	17.9115	56927
Eger	HU	47.9027	20.3733	53876
Dunaújváros	HU	46.9648	18.9397	50084
Nagykanizsa	HU	46.4535	16.991	47349
Hódmezővásárhely	HU	46.4167	20.3333	44009
Cegléd	HU	47.1727	19.7995	39287
Baja	HU	46.183	18.9531	37714
Vác	HU	47.7759	19.1361	35108
Salgótarján	HU	48.0987	19.803	34627
Szekszárd	HU	46.3472	18.7119	34174
Pápa	HU	47.33	17.4674	32990
Gyöngyös	HU	47.7826	19.928	32938
Kazincbarcika	HU	48.25	20.6333	32396
Gödöllő	HU	47.5966	19.3551	32374
Gyula	HU	46.65	21.2833	32269
Hajdúböszörmény	HU	47.6667	21.5167	31957
Kiskunfélegyháza	HU	46.7121	19.8446	31720
Ajka	HU	47.102	17.5589	31407
Orosháza	HU	46.5667	20.6667	31373
Mosonmagyaróvár	HU	47.8679	17.2699	30359
Dunakeszi	HU	47.6364	19.1386	30246
Ózd	HU	48.2167	20.3	30056
Kiskunhalas	HU	46.434	19.4848	29354
Esztergom	HU	47.7928	18.7415	28785
Szentes	HU	46.6583	20.2608	27898
Jászberény	HU	47.5	19.9167	27439
Komló	HU	46.1928	18.2649	26924
Makó	HU	46.2167	20.4833	25135
Budaörs	HU	47.4618	18.9584	25089
Szigetszentmiklós	HU	47.3438	19.0434	24874
Hajdúszoboszló	HU	47.45	21.4	23781
Szentendre	HU	47.6694	19.0756	23606
Nagykőrös	HU	47.0342	19.7786	23517
Tata	HU	47.6529	18.3184	23217
Siófok	HU	46.9041	18.058	23028
Törökszentmiklós	HU	47.1833	20.4167	22770
Karcag	HU	47.3167	20.9333	22370
Gyál	HU	47.3845	19.2214	21937
Monor	HU	47.3513	19.4473	21720
Várpalota	HU	47.1994	18.1395	21299
Békés	HU	46.7667	21.1333	21198
Dombóvár	HU	46.3766	18.137	20748
Paks	HU	46.6221	18.8557	20638
Oroszlány	HU	47.4867	18.3122	20271
Hatvan	HU	47.6667	19.6833	20228
Keszthely	HU	46.7681	17.2432	19652
Vecsés	HU	47.407	19.2865	19327
Mezőtúr	HU	47.0	20.6333	19168
Komárom	HU	47.7432	18.1191	18805
Mátészalka	HU	47.9553	22.3235	18718
Mohács	HU	45.9902	18.6862	18711
Csongrád	HU	46.7133	20.1424	18580
Kalocsa	HU	46.5298	18.9728	18242
Kisvárda	HU	48.2167	22.0833	18190
Szarvas	HU	46.8667	20.55	18170
Veresegyház	HU	47.6459	19.2954	18122
Sátoraljaújhely	HU	48.3949	21.6587	18052
Hajdúnánás	HU	47.85	21.4333	18032
Balmazújváros	HU	47.6167	21.35	18012
Mezőkövesd	HU	47.8167	20.5833	17701
Tapolca	HU	46.8815	17.4412	17598
Százhalombatta	HU	47.3295	18.9388	17566
Tiszaújváros	HU	47.9333	21.0833	17295
Dunaharaszti	HU	47.3545	19.0982	16973
Fót	HU	47.6177	19.1887	16770
Dabas	HU	47.1859	19.3109	16590
Abony	HU	47.1899	20.0048	16342
Püspökladány	HU	47.3167	21.1167	15990
Göd	HU	47.6832	19.1342	15874
Sárvár	HU	47.254	16.9352	15343
Gyomaendrőd	HU	46.9333	20.8333	15194
Kiskőrös	HU	46.6214	19.2853	15091
Pomáz	HU	47.6423	19.0278	14917
Mór	HU	47.3779	18.2035	14690
Berettyóújfalu	HU	47.2236	21.5366	14614
Budakeszi	HU	47.5108	18.9272	14330
Pilisvörösvár	HU	47.6139	18.9089	14274
Bátonyterenye	HU	47.9696	19.8408	14214
Bonyhád	HU	46.2992	18.5302	14184
Gyömrő	HU	47.4273	19.4013	14155
Balassagyarmat	HU	48.073	19.2961	13931
Tiszavasvári	HU	47.9667	21.35	13631
Újfehértó	HU	47.8	21.6833	13542
Nyírbátor	HU	47.8333	22.1333	13434
Sárbogárd	HU	46.8869	18.6204	13424
Nagykáta	HU	47.4151	19.7441	13322
Pécel	HU	47.4896	19.3416	13193
Balatonfüred	HU	46.9619	17.8719	13138
Szigethalom	HU	47.3223	19.0026	13092
Hajdúhadház	HU	47.6833	21.6667	12892
Kisújszállás	HU	47.2167	20.7667	12661
Dorog	HU	47.721	18.7364	12658
Kistarcsa	HU	47.5476	19.2625	12645
Körmend	HU	47.011	16.606	12368
Üllő	HU	47.3877	19.3553	12185
Barcs	HU	45.96	17.4586	12116
Tolna	HU	46.4268	18.7825	12011
Kiskunmajsa	HU	46.4903	19.74	11955
Sárospatak	HU	48.3245	21.5738	11886
Tiszaföldvár	HU	46.9833	20.25	11873
Albertirsa	HU	47.2431	19.6169	11864
Tiszakécske	HU	46.9326	20.1035	11745
Sajószentpéter	HU	48.2167	20.7167	11679
Törökbálint	HU	47.4293	18.9136	11658
Kőszeg	HU	47.3892	16.541	11500
Celldömölk	HU	47.2571	17.1503	11421
Isaszeg	HU	47.5301	19.402	11402
Heves	HU	47.6	20.2833	11311
Mezőberény	HU	46.8167	21.0333	11306
Szigetvár	HU	46.0487	17.8055	11267
Marcali	HU	46.585	17.412	11216
Pilis	HU	47.289	19.5485	11102
Bicske	HU	47.4842	18.644	11072
Edelény	HU	48.3	20.7333	11037
Lajosmizse	HU	47.0213	19.5617	11034
Tiszafüred	HU	47.6167	20.7667	10872
Hajdúsámson	HU	47.6	21.7667	10854
Csorna	HU	47.6116	17.2501	10825
Nagykálló	HU	47.8749	21.8408	10796
Sarkad	HU	46.75	21.3833	10698
Kapuvár	HU	47.5922	17.0289	10661
Nagyatád	HU	46.2296	17.3579	10348
Siklós	HU	45.855	18.2975	10180
Tököl	HU	47.3218	18.9625	10164
Maglód	HU	47.4426	19.3644	10144
Pásztó	HU	47.9202	19.6983	10119
Szerencs	HU	48.1599	21.2097	10046
Túrkeve	HU	47.1	20.75	10016
Szeghalom	HU	47.0333	21.1667	9985
Kerepes	HU	47.5601	19.2829	9960
Jászapáti	HU	47.5167	20.15	9806
Jánoshalma	HU	46.2986	19.3258	9755
Tamási	HU	46.6333	18.2833	9682
Kunszentmárton	HU	46.8392	20.2888	9606
Hajdúdorog	HU	47.8167	21.5	9514
Vásárosnamény	HU	48.1254	22.3133	9310
Solymár	HU	47.5925	18.9321	9242
Ráckeve	HU	47.1609	18.9448	9229
Derecske	HU	47.35	21.5667	9207
Kecel	HU	46.5253	19.2519	9155
Nádudvar	HU	47.4167	21.1667	9135
Ócsa	HU	47.2999	19.2306	9097
Dunaföldvár	HU	46.8071	18.9276	9073
Fehérgyarmat	HU	47.9833	22.5167	9031
Kiskunlacháza	HU	47.1884	19.0093	8980
Kunszentmiklós	HU	47.027	19.1258	8976
Szentgotthárd	HU	46.9526	16.2736	8862
Dévaványa	HU	47.0333	20.9667	8796
Nagykovácsi	HU	47.5814	18.8855	8757
Biatorbágy	HU	47.4706	18.8189	8632
Kunhegyes	HU	47.3667	20.6333	8462
Lenti	HU	46.624	16.5386	8399
Ercsi	HU	47.2519	18.8962	8383
Balatonalmádi	HU	47.0353	18.0208	8364
Polgár	HU	47.8667	21.1167	8347
Dunavarsány	HU	47.2786	19.0662	8341
Tura	HU	47.6092	19.6028	8294
Sülysáp	HU	47.4521	19.5337	8258
Füzesabony	HU	47.75	20.4167	8182
Jászárokszállás	HU	47.6424	19.9804	8107
Gárdony	HU	47.2094	18.6361	8105
Tárnok	HU	47.3733	18.8458	7990
Nyíradony	HU	47.6975	21.9188	7827
Zalaszentgrót	HU	46.9447	17.0792	7796
Sándorfalva	HU	46.3609	20.0989	7738
Soltvadkert	HU	46.5789	19.3939	7695
Nyergesújfalu	HU	47.7603	18.5569	7667
Bácsalmás	HU	46.1265	19.3326	7608
Csömör	HU	47.55	19.2333	7544
Putnok	HU	48.3	20.4333	7501
Vésztő	HU	46.9167	21.2667	7494
Kistelek	HU	46.4725	19.9797	7430
Zirc	HU	47.2636	17.8737	7314
Halásztelek	HU	47.3617	18.9812	7245
Mindszent	HU	46.5236	20.1904	7243
Ács	HU	47.7123	18.0113	7180
Enying	HU	46.9305	18.242	7171
Létavértes	HU	47.3833	21.9	7157
Nyírtelek	HU	48.0167	21.6333	7138
Szentlőrinc	HU	46.0402	17.9872	7123
Felsőzsolca	HU	48.1	20.8667	7040
Solt	HU	46.801	19.001	6984
Fegyvernek	HU	47.2667	20.5333	6972
Nagyecsed	HU	47.8655	22.3916	6919
Encs	HU	48.3307	21.1117	6886
Ibrány	HU	48.1233	21.7095	6880
Mezőkovácsháza	HU	46.4	20.9167	6877
Újszász	HU	47.3	20.0833	6855
Bátaszék	HU	46.1937	18.7231	6820
Balkány	HU	47.7707	21.8631	6798
Sümeg	HU	46.977	17.2821	6726
Tápiószecső	HU	47.45	19.6092	6628
Szabadszállás	HU	46.8757	19.2232	6605
Battonya	HU	46.2833	21.0167	6604
Polgárdi	HU	47.061	18.302	6564
Mezőcsát	HU	47.8167	20.9167	6519
Tótkomlós	HU	46.4167	20.7333	6497
Piliscsaba	HU	47.6342	18.8289	6468
Szécsény	HU	48.0806	19.5202	6446
Füzesgyarmat	HU	47.1	21.2167	6426
Kaba	HU	47.35	21.2833	6392
Pusztaszabolcs	HU	47.1372	18.767	6355
Téglás	HU	47.7167	21.6833	6285
Jánossomorja	HU	47.7862	17.136	6283
Mezőhegyes	HU	46.3167	20.8167	6220
Jászladány	HU	47.3667	20.1667	6215
Tápiószele	HU	47.3361	19.8772	6214
Aszód	HU	47.6517	19.4785	6186
Diósd	HU	47.4095	18.949	6168
Taksony	HU	47.3297	19.0669	6129
Tiszalök	HU	48.0167	21.3833	6122
Izsák	HU	46.8045	19.3517	6117
Komádi	HU	47.0	21.5	6091
Lőrinci	HU	47.733	19.6787	6089
Martin Kertváros	HU	48.0922	20.8139	6077
Alsózsolca	HU	48.0698	20.8805	6044
Kartal	HU	47.6713	19.542	6017
Erdőkertes	HU	47.6726	19.3079	5996
Kerekegyháza	HU	46.9372	19.4781	5983
Balatonboglár	HU	46.7752	17.6441	5964
Szikszó	HU	48.2	20.9333	5963
Dömsöd	HU	47.09	19.0111	5942
Nagyhalász	HU	48.1327	21.761	5924
Kisbér	HU	47.5029	18.0367	5850
Kunmadaras	HU	47.4333	20.8	5826
Berhida	HU	47.1113	18.1295	5822
Kondoros	HU	46.7667	20.8	5793
Mélykút	HU	46.2151	19.381	5766
Jászkisér	HU	47.45	20.2167	5741
Csurgó	HU	46.2531	17.1006	5682
Csorvás	HU	46.6333	20.8333	5643
Nagyszénás	HU	46.6833	20.6667	5617
Újkígyós	HU	46.5833	21.0333	5602
Tápiószentmárton	HU	47.3399	19.7465	5596
Tát	HU	47.7415	18.6481	5575
Egyek	HU	47.6333	20.9	5573
Tiszalúc	HU	48.0377	21.0726	5551
Őrbottyán	HU	47.6871	19.2824	5495
Rákóczifalva	HU	47.0833	20.2333	5481
Hosszúpályi	HU	47.393	21.7328	5479
Zsámbék	HU	47.5481	18.7201	5479
Páty	HU	47.5171	18.8285	5475
Elek	HU	46.5333	21.25	5465
Vámospércs	HU	47.5333	21.9	5451
Mórahalom	HU	46.2181	19.8851	5445
Bugyi	HU	47.2275	19.1466	5412
Emőd	HU	47.9333	20.8167	5382
Lábatlan	HU	47.7473	18.4962	5357
Csákvár	HU	47.3918	18.465	5259
Algyő	HU	46.3347	20.2085	5247
Kenderes	HU	47.25	20.6833	5243
Csenger	HU	47.8358	22.681	5225
Rajka	HU	47.9964	17.1982	5224
Fonyód	HU	46.743	17.5575	5199
Rakamaz	HU	48.1237	21.4643	5197
Martonvásár	HU	47.316	18.7904	5166
Devecser	HU	47.1032	17.438	5140
Örkény	HU	47.1299	19.4332	5119
Tiszaalpár	HU	46.8128	19.9984	5070
Átány	HU	47.6156	20.3625	5044
Kemecse	HU	48.0753	21.8062	5029
Körösladány	HU	46.9667	21.0833	5006
Dublin	IE	53.3331	-6.2489	1024027
Cork	IE	51.898	-8.4706	224004
Limerick	IE	52.6647	-8.6231	102287
Galway	IE	53.2724	-9.051	85910
Tallaght	IE	53.2859	-6.3734	81022
Waterford	IE	52.2583	-7.1119	60079
Drogheda	IE	53.7189	-6.3478	44135
Dundalk	IE	54.0	-6.4167	43112
Swords	IE	53.4597	-6.2181	40776
Navan	IE	53.6528	-6.6814	33886
Bray	IE	53.2028	-6.0983	33512
Dún Laoghaire	IE	53.294	-6.1359	31239
Ennis	IE	52.8436	-8.9864	27923
Carlow	IE	52.8408	-6.9261	27351
Douglas	IE	51.8744	-8.435	26883
Tralee	IE	52.2704	-9.7026	26079
Portlaoise	IE	53.0344	-7.2998	23494
Athlone	IE	53.4228	-7.9372	22869
Droichead Nua	IE	53.1819	-6.7967	22742
An Muileann gCearr	IE	53.5247	-7.3385	22667
Letterkenny	IE	54.95	-7.7333	22549
Sandyford	IE	53.2747	-6.2253	22288
Greystones	IE	53.1408	-6.0631	22009
Balbriggan	IE	53.6085	-6.1831	21722
Kilkenny	IE	52.6542	-7.2522	21589
Wexford	IE	52.3342	-6.4575	21524
Naas	IE	53.2158	-6.6669	20713
Sligo	IE	54.2697	-8.4694	20608
Celbridge	IE	53.3417	-6.5442	20288
Finglas	IE	53.3892	-6.2969	19768
Ballincollig	IE	51.8833	-8.5833	18621
Cluain Meala	IE	52.355	-7.7039	18369
Carrigaline	IE	51.8117	-8.3986	18239
Rathfarnham	IE	53.3006	-6.2828	17333
Maynooth	IE	53.385	-6.5936	17259
Malahide	IE	53.4508	-6.1544	16550
Blanchardstown	IE	53.3881	-6.3756	16511
Tullamore	IE	53.2739	-7.4889	15598
Leixlip	IE	53.3658	-6.4956	15504
Lucan	IE	53.3574	-6.4486	15269
Kilquade	IE	53.0974	-6.0841	14886
Castletroy	IE	52.6735	-8.5533	14733
Knocklyon	IE	53.2803	-6.3313	14628
Clondalkin	IE	53.3244	-6.3972	14508
Killarney	IE	52.0598	-9.5086	14504
Shankill	IE	53.2261	-6.1244	14257
Cobh	IE	51.8505	-8.2948	14148
Mallow	IE	52.1333	-8.6333	13456
Arklow	IE	52.7944	-6.1496	13399
Castlebar	IE	53.85	-9.3	13054
Wicklow	IE	52.975	-6.0494	12957
Foxrock	IE	53.2667	-6.1742	12870
Ashbourne	IE	53.5116	-6.3982	12679
Midleton	IE	51.9153	-8.1805	12496
Dundrum	IE	53.2907	-6.2571	12152
Cavan	IE	53.9908	-7.3606	11741
Crumlin	IE	53.3215	-6.3144	11294
Palmerstown	IE	53.3502	-6.3778	11130
Longford	IE	53.7254	-7.7982	10952
Laytown	IE	53.6819	-6.2392	10889
Jobstown	IE	53.2787	-6.408	10825
Donnybrook	IE	53.3137	-6.2227	10645
Ballina	IE	54.1167	-9.1667	10556
Trá Mhór	IE	52.1624	-7.1524	10381
Shannon	IE	52.7039	-8.8642	10256
Skerries	IE	53.581	-6.107	10043
Cabinteely	IE	53.2697	-6.1606	10038
Nenagh	IE	52.8628	-8.1995	9895
Gorey	IE	52.6747	-6.2925	9822
Oldbawn	IE	53.2756	-6.3675	9784
Enniscorthy	IE	52.5008	-6.5578	9709
Athy	IE	52.9914	-6.9803	9677
Tuam	IE	53.5167	-8.85	9647
Ballyboden	IE	53.2806	-6.3164	9611
Trim	IE	53.555	-6.7917	9563
Portmarnock	IE	53.4231	-6.1375	9285
An Ros	IE	53.5242	-6.105	9231
Balally	IE	53.275	-6.2359	9051
Ratoath	IE	53.5081	-6.4625	9043
Sandymount	IE	53.3282	-6.2222	8967
Glanmire	IE	51.9158	-8.3997	8924
Blackrock	IE	53.3015	-6.1778	8821
Kildare	IE	53.1561	-6.9144	8634
Beaumont	IE	53.3872	-6.2271	8609
Ballyfermot	IE	53.3428	-6.3548	8558
Rathgar	IE	53.3146	-6.275	8394
Castleknock	IE	53.3748	-6.3634	8301
Howth	IE	53.3878	-6.0653	8277
Baldoyle	IE	53.396	-6.128	8043
New Ross	IE	52.3967	-6.9367	8040
Youghal	IE	51.95	-7.8506	7963
Thurles	IE	52.6819	-7.8022	7940
Monaghan	IE	54.2459	-6.971	7894
Portarlington	IE	53.1622	-7.1911	7788
Lusk	IE	53.5274	-6.1642	7786
Terenure	IE	53.3097	-6.2853	7674
Dungarvan	IE	52.0881	-7.6253	7551
Donabate	IE	53.4872	-6.1519	7443
Edenderry	IE	53.3395	-7.0475	7359
Clane	IE	53.2914	-6.6892	7280
Dunboyne	IE	53.419	-6.4737	7272
Raheny	IE	53.3868	-6.1807	7197
Bandon	IE	51.7469	-8.7425	6957
Sallynoggin	IE	53.2792	-6.1406	6916
Firhouse	IE	53.2817	-6.3392	6859
Walkinstown	IE	53.3296	-6.3396	6819
Buncrana	IE	55.1333	-7.45	6785
Nenagh Bridge	IE	52.8817	-8.1958	6672
Ballinasloe	IE	53.3275	-8.2194	6662
Dalkey	IE	53.2783	-6.1003	6622
Newcastle West	IE	52.4492	-9.0611	6619
Fermoy	IE	52.1358	-8.2758	6585
Roscommon	IE	53.6333	-8.1833	6555
Cherryville	IE	53.1569	-6.9667	6380
Ballymun	IE	53.3981	-6.2669	6262
Westport	IE	53.8	-9.5167	6198
Hartstown	IE	53.3931	-6.4269	5882
Passage West	IE	51.8708	-8.3355	5843
Kinsealy-Drinan	IE	53.444	-6.2033	5814
Carrick-on-Suir	IE	52.3492	-7.4131	5771
Birr	IE	53.0914	-7.9133	5741
Sutton	IE	53.3895	-6.1106	5680
Loughrea	IE	53.1969	-8.5669	5556
Monkstown	IE	53.2931	-6.1531	5555
Kilcock	IE	53.4022	-6.6708	5533
Blessington	IE	53.17	-6.5325	5520
Roscrea	IE	52.9511	-7.8017	5446
Confey	IE	53.3792	-6.4905	5389
Eadestown	IE	53.2027	-6.5777	5346
Artane	IE	53.3871	-6.2138	5328
Chapelizod	IE	53.3485	-6.343	5296
Sallins	IE	53.2489	-6.6661	5283
Kinsale	IE	51.7075	-8.5306	5281
Killester	IE	53.3732	-6.2043	5099
Carrigtwohill	IE	51.9083	-8.2633	5080
Dollymount	IE	53.3649	-6.1803	5070
Carrickmacross	IE	53.9728	-6.7189	5032
Douglas	IM	54.15	-4.4833	26218
Ramsey	IM	54.3227	-4.3853	7845
Peel	IM	54.2221	-4.691	5374
Port Erin	IM	54.0849	-4.751	3530
Castletown	IM	54.0744	-4.6536	3100
Laxey	IM	54.2302	-4.3998	1768
Andreas	IM	54.3667	-4.4333	0
Ballabeg	IM	54.1	-4.6833	0
Ballasalla	IM	54.0959	-4.6296	0
Ballaugh	IM	54.3119	-4.5446	0
Bride	IM	54.3826	-4.3892	0
Crosby	IM	54.1833	-4.5667	0
Jurby	IM	54.3594	-4.522	0
Kirk Braddan	IM	54.1667	-4.5167	0
Kirkmichael	IM	54.2856	-4.5875	0
Lezayre	IM	54.3167	-4.4167	0
Maughold	IM	54.2988	-4.3184	0
Onchan	IM	54.1733	-4.4532	0
Patrick	IM	54.2045	-4.6942	0
Port Saint Mary	IM	54.074	-4.7386	0
Santon	IM	54.1167	-4.5833	0
Mosul	IQ	36.335	43.1189	1683000
Erbil	IQ	36.1912	44.0094	1612700
Kirkuk	IQ	35.4681	44.3922	1031000
Dihok	IQ	36.8661	42.9879	340900
Bayjī	IQ	34.9291	43.4888	173677
Ash Sharqāt	IQ	35.5172	43.2281	160000
Sāmarrā’	IQ	34.1959	43.8857	158508
Simele	IQ	36.8583	42.8501	152512
Sumayl	IQ	36.8582	42.8482	152512
Xebat	IQ	36.278	43.6707	148047
Khasnahzān	IQ	36.2009	44.1424	146639
Baḥarkah	IQ	36.3156	44.0353	130518
Sīnah	IQ	36.8085	43.0393	128776
Ţūz Khūrmātū	IQ	34.8881	44.6326	120712
Rānyah	IQ	36.2551	44.8824	114173
'Ākra	IQ	36.7336	43.8804	105370
Zaxo	IQ	37.1487	42.6859	95052
Soran	IQ	36.6556	44.5422	91589
Hajiawa	IQ	36.2358	44.7947	80000
Al Qā’im	IQ	34.3925	40.9894	74100
Al-Hamdaniya	IQ	36.2709	43.3776	50000
Shelādiz	IQ	37.0326	43.7762	50000
Koysinceq	IQ	36.0829	44.6287	44987
Dêrelûk Devera Nihêliya	IQ	37.056	43.6519	44448
Jamjamāl	IQ	35.5336	44.8343	42593
Tikrīt	IQ	34.6158	43.6786	42477
Balad	IQ	34.0149	44.1457	42088
Pīrmām	IQ	36.3852	44.197	38686
Sinjār	IQ	36.3209	41.8766	38294
Shaqlāwah	IQ	36.4042	44.3256	32599
Ḩarir	IQ	36.5511	44.3526	32171
Ḩadīthah	IQ	34.1366	42.3773	30925
Kifrī	IQ	34.6896	44.9606	30143
Shūrash	IQ	35.5156	44.8427	29960
Batifa	IQ	37.1745	43.0123	28000
‘Anah	IQ	34.3686	41.9819	27000
Al-'Alam	IQ	34.709	43.6951	25662
Tallkayf	IQ	36.4912	43.1211	23524
‘Aqrah	IQ	36.7604	43.8943	23000
Ṟuwandiz	IQ	36.6114	44.5219	22943
Tāzah Khūrmātū	IQ	35.3024	44.3264	21788
Khalīfān	IQ	36.6087	44.4048	19891
AlZwya	IQ	35.2608	43.4067	15000
Barţalah	IQ	36.3537	43.3813	15000
Begova	IQ	37.2375	43.1628	15000
Rāwah	IQ	34.4823	41.919	13000
Kays Qal‘ah	IQ	36.6301	43.3038	10000
Sarājīq	IQ	34.0236	44.742	10000
Khūy	IR	38.5503	44.9521	198845
Salmās	IR	38.1973	44.7653	81606
Maku	IR	39.2899	44.4603	46581
Showţ	IR	39.2192	44.77	25381
Seyah Cheshmeh	IR	39.0651	44.3842	17804
Bāzargān	IR	39.3915	44.3875	9979
Badalābād	IR	38.5734	44.9251	9256
Fīrūraq	IR	38.58	44.8359	9190
Tāzeh Shahr	IR	38.1757	44.6921	8629
Haftvān	IR	38.1675	44.7564	8203
Reykjavík	IS	64.1355	-21.8954	118918
Kópavogur	IS	64.1123	-21.913	40040
Hafnarfjörður	IS	64.0671	-21.9377	31525
Reykjanesbær	IS	63.9981	-22.5611	19724
Akureyri	IS	65.6835	-18.0878	19219
Keflavík	IS	64.0049	-22.5624	15930
Mosfellsbær	IS	64.1667	-21.7	13715
Garðabær	IS	64.0887	-21.923	11421
Selfoss	IS	63.9331	-20.9971	9000
Akranes	IS	64.3218	-22.0749	7411
Ísafjörður	IS	66.0747	-23.135	2736
Sauðárkrókur	IS	65.7461	-19.6394	2614
Egilsstaðir	IS	65.2669	-14.3948	2572
Borgarnes	IS	64.5383	-21.9206	1875
Rome	IT	41.8919	12.5113	2318895
Milan	IT	45.4643	9.1895	1371498
Naples	IT	40.8522	14.2681	909048
Turin	IT	45.0705	7.6868	847287
Palermo	IT	38.1166	13.3636	648260
Genoa	IT	44.4048	8.9444	580097
Bologna	IT	44.4938	11.3387	394843
Florence	IT	43.7792	11.2463	367150
Bari	IT	41.1207	16.8698	316491
Catania	IT	37.4922	15.0704	311584
Verona	IT	45.4385	10.9938	258031
Messina	IT	38.1939	15.5526	219948
Trieste	IT	45.6495	13.7768	204338
Padua	IT	45.408	11.8859	203725
Brescia	IT	45.5356	10.2147	200423
Taranto	IT	40.4644	17.2471	198585
Parma	IT	44.7993	10.3262	198292
Prato	IT	43.8805	11.097	195089
Modena	IT	44.6478	10.9254	184732
Reggio Calabria	IT	38.1105	15.6613	182455
Reggio nell'Emilia	IT	44.6983	10.6312	171944
Livorno	IT	43.5443	10.3262	157017
Cagliari	IT	39.2305	9.1192	149257
Rimini	IT	44.0575	12.5653	148688
Mestre	IT	45.4917	12.2454	147662
Foggia	IT	41.4584	15.5519	137032
Ferrara	IT	44.838	11.6206	132009
Acilia-Castel Fusano-Ostia Antica	IT	41.7634	12.3308	129362
Salerno	IT	40.6754	14.7933	125797
Monza	IT	45.58	9.2725	124398
Siracusa	IT	37.0754	15.2866	121605
Bergamo	IT	45.696	9.6672	121200
Trento	IT	46.0679	11.1211	120709
Perugia	IT	43.1122	12.3888	120137
Pescara	IT	42.4584	14.2028	119554
Forlì	IT	44.2218	12.0414	116696
Vicenza	IT	45.5467	11.5475	111980
Terni	IT	42.5633	12.6433	111189
Pisa	IT	43.7085	10.4036	109960
Bolzano	IT	46.4907	11.3398	107436
Piacenza	IT	45.0524	9.6934	103607
Novara	IT	45.4469	8.6212	101916
Arezzo	IT	43.4628	11.8807	100734
Udine	IT	46.0693	13.2371	100170
Andria	IT	41.2312	16.298	99784
Cesena	IT	44.1391	12.2431	97137
La Spezia	IT	44.103	9.8238	93288
Barletta	IT	41.3143	16.2816	93279
Alessandria	IT	44.9092	8.6101	92104
Sassari	IT	40.7259	8.5555	91895
Ancona	IT	43.6072	13.5103	89994
Guidonia Montecelio	IT	41.9936	12.7224	89165
Brindisi	IT	40.6322	17.9361	87141
Treviso	IT	45.6667	12.2416	85760
Torre del Greco	IT	40.7893	14.3681	85332
Lido di Ostia	IT	41.7321	12.2765	85301
Como	IT	45.8082	9.0832	84808
Busto Arsizio	IT	45.6113	8.8491	83405
Sesto San Giovanni	IT	45.5333	9.2258	81822
Lucca	IT	43.8437	10.5045	81748
Pozzuoli	IT	40.8439	14.0952	81231
Ravenna	IT	44.4134	12.2012	80868
Fiumicino	IT	41.7709	12.2366	80738
Lecce	IT	40.3548	18.1724	80695
Varese	IT	45.8206	8.8251	80588
Giugliano in Campania	IT	40.9285	14.202	80269
Catanzaro	IT	38.8825	16.6009	78970
Marsala	IT	37.7992	12.4367	77915
Pesaro	IT	43.9092	12.9164	77241
Fuorigrotta	IT	40.8333	14.2	76521
Latina	IT	41.4661	12.9043	76305
Cinisello Balsamo	IT	45.5582	9.2149	75943
Gela	IT	37.0738	14.2404	75001
Aprilia	IT	41.5945	12.6542	74977
Asti	IT	44.9016	8.2075	74348
Ragusa	IT	36.9257	14.7244	74251
Casoria	IT	40.9075	14.293	73918
Pistoia	IT	43.9306	10.9237	73832
Caserta	IT	41.0726	14.3323	72844
Cremona	IT	45.1332	10.0213	71223
Carpi	IT	44.7824	10.8777	71148
Altamura	IT	40.8266	16.5495	70539
Lamezia Terme	IT	38.9626	16.3094	70501
Imola	IT	44.3592	11.7132	69953
Trapani	IT	38.0176	12.5362	67531
Quartu Sant'Elena	IT	39.2293	9.25	66620
Castellammare di Stabia	IT	40.7021	14.4869	66164
Pavia	IT	45.1921	9.1592	65734
Massa	IT	44.0354	10.1393	64783
Crotone	IT	39.0808	17.1276	64603
Afragola	IT	40.923	14.3094	64470
Cosenza	IT	39.2989	16.2531	63852
Caltanissetta	IT	37.4903	14.0622	62797
Viareggio	IT	43.8669	10.2502	62169
Savona	IT	44.309	8.4771	61345
Fano	IT	43.8405	13.0167	60978
Grosseto	IT	42.763	11.1094	60922
Matera	IT	40.666	16.6046	60403
Olbia	IT	40.9234	9.498	60345
Acerra	IT	40.9448	14.3714	59910
Molfetta	IT	41.2004	16.599	59557
Carrara	IT	44.0793	10.0979	58666
Benevento	IT	41.1307	14.7782	58418
Vigevano	IT	45.3141	8.8544	57970
Pianura	IT	40.8591	14.1731	57821
Legnano	IT	45.5979	8.9151	57589
Manfredonia	IT	41.6307	15.9188	56932
Foligno	IT	42.9549	12.7027	56918
Potenza	IT	40.6418	15.8079	56433
Moncalieri	IT	44.9994	7.6824	56134
Cuneo	IT	44.3907	7.5483	55980
Bisceglie	IT	41.2426	16.501	55385
Modica	IT	36.8587	14.7597	54456
Teramo	IT	42.6612	13.699	54338
Cerignola	IT	41.2652	15.8956	54056
Trani	IT	41.2773	16.4101	53981
Siena	IT	43.3182	11.3306	53901
Portici	IT	40.8156	14.3372	53801
Ercolano	IT	40.8078	14.3501	53576
Montesilvano	IT	42.5114	14.1451	53275
Bagheria	IT	38.0789	13.5124	53149
Cava Dè Tirreni	IT	40.6995	14.7077	53130
Aversa	IT	40.9726	14.2074	52974
Velletri	IT	41.6857	12.7775	52911
Ponticelli	IT	40.8542	14.3304	52284
San Severo	IT	41.6856	15.3815	51919
Secondigliano	IT	40.9	14.2667	51874
Bitonto	IT	41.1101	16.6909	51661
Mazara del Vallo	IT	37.6553	12.5899	51534
Venice	IT	45.4371	12.3326	51298
Vittoria	IT	36.9515	14.5279	50852
Gallarate	IT	45.6602	8.7916	50439
Rovigo	IT	45.0698	11.7902	50279
Marano di Napoli	IT	40.8971	14.1882	49920
Pordenone	IT	45.9569	12.6605	49878
Nettuno	IT	41.4579	12.6639	49873
Acireale	IT	37.6089	15.1658	49477
Campobasso	IT	41.5595	14.6674	49230
Scafati	IT	40.7602	14.5372	48702
Rivoli	IT	45.0707	7.5146	48629
Avellino	IT	40.9149	14.791	48104
Nichelino	IT	45.0003	7.6531	47760
Civitavecchia	IT	42.0932	11.7967	47543
Settimo Torinese	IT	45.1392	7.7701	47485
Viterbo	IT	42.4194	12.1056	47134
Battipaglia	IT	40.6086	14.9821	47104
Rho	IT	45.5324	9.0402	47086
Sanremo	IT	43.8173	7.7772	47043
Chioggia	IT	45.2186	12.2777	46951
Lecco	IT	45.8559	9.397	46580
Collegno	IT	45.0787	7.5674	46524
Corato	IT	41.1517	16.4114	46505
Paderno Dugnano	IT	45.569	9.1648	46235
Paternò	IT	37.5667	14.9025	46030
Vercelli	IT	45.3216	8.4199	45875
San Benedetto del Tronto	IT	42.9568	13.8768	45873
Casalnuovo di Napoli	IT	40.9097	14.3421	45796
Cologno Monzese	IT	45.53	9.278	45786
Sesto Fiorentino	IT	43.8319	11.1992	45656
Nocera Inferiore	IT	40.7454	14.6454	45608
Misterbianco	IT	37.518	15.0091	45542
San Giorgio a Cremano	IT	40.8326	14.3416	45463
Anzio	IT	41.4526	12.6216	45403
Soccavo	IT	40.8455	14.1926	45314
Scandicci	IT	43.7542	11.1879	44951
Frosinone	IT	41.6398	13.3411	44505
Chieti	IT	42.3483	14.1649	44444
Alcamo	IT	37.9779	12.9647	44431
Marino	IT	41.7698	12.6592	44142
Torre Annunziata	IT	40.7534	14.4525	43521
Biella	IT	45.563	8.058	43030
Seregno	IT	45.65	9.2055	42760
Imperia	IT	43.8892	8.0393	42328
Civitanova Marche	IT	43.3049	13.7207	42251
Gravina in Puglia	IT	40.8175	16.4191	42210
Desio	IT	45.6183	9.2025	41960
San Donà di Piave	IT	45.6302	12.5681	41856
Ascoli Piceno	IT	42.8535	13.5739	41741
Faenza	IT	44.2901	11.8795	41714
Vasto	IT	42.1115	14.7065	41409
Capannori	IT	43.8417	10.5727	41116
Merano	IT	46.6682	11.1595	41051
Lodi	IT	45.3099	9.5008	40767
Sciacca	IT	37.5069	13.084	40569
Cascina	IT	43.6756	10.5549	40512
Marcianise	IT	41.0306	14.2987	40239
Cantù	IT	45.741	9.1308	39917
Fondi	IT	41.3579	13.4272	39762
Rozzano	IT	45.3819	9.1559	39731
Mantua	IT	45.1603	10.7978	39260
Rieti	IT	42.4048	12.8574	39068
Pomigliano d'Arco	IT	40.9098	14.3832	38921
Voghera	IT	44.9915	9.0117	38464
Caltagirone	IT	37.2379	14.5155	38391
Ciampino	IT	41.8006	12.6016	38277
Bassano del Grappa	IT	45.7666	11.7274	38224
Saronno	IT	45.6251	9.0352	38099
Avezzano	IT	42.029	13.4264	37808
Monopoli	IT	40.9492	17.2972	37738
Martina Franca	IT	40.7035	17.3381	37685
Quarto	IT	40.8782	14.1435	37683
Lissone	IT	45.6124	9.2399	37353
Monterotondo	IT	42.0516	12.6197	37225
Cesano Maderno	IT	45.6292	9.1519	36986
Jesi	IT	43.5214	13.2437	36985
Melito di Napoli	IT	40.9195	14.231	36933
Sassuolo	IT	44.5432	10.7848	36926
Chieri	IT	45.0105	7.8213	36749
Grugliasco	IT	45.0652	7.5795	36700
Barra	IT	40.8426	14.3185	36642
Licata	IT	37.1027	13.9397	36537
Modugno	IT	41.0843	16.7834	36384
Nuoro	IT	40.3199	9.3257	35948
Aosta	IT	45.7376	7.3172	35261
Bollate	IT	45.5465	9.1205	35235
Carini	IT	38.1324	13.1827	35082
Arzano	IT	40.9096	14.2652	34933
Lanciano	IT	42.2272	14.3902	34791
Caivano	IT	40.9575	14.3059	34604
Barcellona Pozzo di Gotto	IT	38.1477	15.2147	34598
Maddaloni	IT	41.0358	14.3823	34546
Adrano	IT	37.6636	14.8328	34446
Gorizia	IT	45.9409	13.6217	34428
Empoli	IT	43.718	10.9476	34394
Formigine	IT	44.5727	10.8474	34328
Alghero	IT	40.5597	8.3195	34261
Mugnano di Napoli	IT	40.9094	14.2098	34231
Ladispoli	IT	41.9507	12.075	34204
Pioltello	IT	45.5015	9.3305	34203
Rovereto	IT	45.8904	11.0405	34152
Piombino	IT	42.9255	10.5259	34041
Casalecchio di Reno	IT	44.4756	11.275	33789
Schio	IT	45.7126	11.3567	33740
L'Aquila	IT	42.3505	13.3995	33691
Corsico	IT	45.431	9.1109	33669
Sant'Antimo	IT	40.9422	14.2348	33561
Venaria Reale	IT	45.126	7.6314	33531
Francavilla Fontana	IT	40.5312	17.5852	33415
Casale Monferrato	IT	45.1334	8.4525	33213
Brugherio	IT	45.553	9.2991	33061
Canicattì	IT	37.3584	13.8479	32918
Mira Taglio	IT	45.4346	12.1294	32881
Campi Bisenzio	IT	43.8245	11.1303	32871
Pagani	IT	40.742	14.6145	32835
Abbiategrasso	IT	45.3982	8.9168	32784
Riccione	IT	43.9994	12.6569	32744
Agrigento	IT	37.3107	13.5766	32514
Somma Vesuviana	IT	40.8733	14.4387	32484
Lucera	IT	41.5055	15.3391	32222
Mascalucia	IT	37.5746	15.0496	32179
Favara	IT	37.3175	13.6623	32110
Limbiate	IT	45.5995	9.1251	32062
Milazzo	IT	38.2201	15.2402	31771
Santa Maria Capua Vetere	IT	41.0816	14.2534	31743
Castelvetrano	IT	37.6808	12.7919	31680
Oristano	IT	39.9036	8.5926	31671
Angri	IT	40.7381	14.5707	31632
Crema	IT	45.3626	9.6818	31481
Grottaglie	IT	40.5369	17.4372	31320
Verbania	IT	45.9214	8.5518	31070
San Giuliano Milanese	IT	45.394	9.2911	31050
Termoli	IT	41.9999	14.9939	31044
Terracina	IT	41.2917	13.2436	30980
Senigallia	IT	43.7163	13.2088	30882
Massafra	IT	40.5862	17.1164	30875
Pinerolo	IT	44.8853	7.3313	30866
Macerata	IT	43.2979	13.4529	30842
Conegliano	IT	45.888	12.302	30765
Augusta	IT	37.2407	15.2212	30723
Rosignano Marittimo	IT	43.4069	10.4723	30071
Marigliano	IT	40.9248	14.4561	29901
Canosa di Puglia	IT	41.2195	16.0677	29847
Frattamaggiore	IT	40.9414	14.2759	29822
San Paolo	IT	41.1248	16.7926	29800
Nardò	IT	40.1795	18.0317	29668
Monterusciello	IT	40.8687	14.0828	29125
Gragnano	IT	40.6891	14.5204	29082
Cernusco sul Naviglio	IT	45.5253	9.333	29078
Pallanza-Intra-Suna	IT	45.9378	8.5709	28911
Sarno	IT	40.8075	14.6215	28837
Partinico	IT	38.0466	13.1179	28708
Cervia	IT	44.262	12.3481	28700
Mondragone	IT	41.114	13.8916	28683
Avola	IT	36.9084	15.1394	28666
Marghera	IT	45.4511	12.2239	28622
Formia	IT	41.2563	13.6089	28521
San Donato Milanese	IT	45.4105	9.2684	28351
Segrate	IT	45.4918	9.2981	28296
Piscinola	IT	40.893	14.2339	27534
Manduria	IT	40.399	17.6373	27411
Cisterna di Latina	IT	41.5908	12.8281	27362
San Giovanni Rotondo	IT	41.7064	15.7277	27124
Rapallo	IT	44.3496	9.228	26993
Niscemi	IT	37.1465	14.3938	26893
San Giuseppe Vesuviano	IT	40.8356	14.5049	26888
Boscoreale	IT	40.7727	14.4812	26861
Triggiano	IT	41.0655	16.925	26811
Camaiore	IT	43.9427	10.2975	26746
Monfalcone	IT	45.8046	13.5329	26706
Albano Laziale	IT	41.7275	12.659	26684
Montebelluna	IT	45.775	12.049	26670
Chiavari	IT	44.3177	9.3224	26572
Gravina di Catania	IT	37.5609	15.0629	26524
Mesagne	IT	40.5585	17.8077	26497
San Miniato Basso	IT	43.6933	10.8412	26365
Parabiago	IT	45.5603	8.9454	26364
Comiso	IT	36.9489	14.6073	26298
Eboli	IT	40.6175	15.0569	26183
Romano Banco	IT	45.4231	9.1071	26163
Garbagnate Milanese	IT	45.5744	9.0754	25974
Novi Ligure	IT	44.7625	8.787	25957
Falconara Marittima	IT	43.6256	13.3995	25948
Giussano	IT	45.7	9.2089	25916
Scandiano	IT	44.5983	10.6956	25896
Terlizzi	IT	41.129	16.5454	25811
Bresso	IT	45.5379	9.1892	25712
Bacoli	IT	40.7967	14.0735	25590
Castelfranco Veneto	IT	45.6715	11.9276	25545
Assemini	IT	39.2912	8.9988	25257
Villaricca	IT	40.9201	14.1934	25074
Belluno	IT	46.1426	12.2156	25064
Lainate	IT	45.5718	9.0268	25011
Marina di Carrara	IT	44.0384	10.0414	25000
Treviglio	IT	45.5208	9.591	24937
Alba	IT	44.6999	8.0347	24923
Santeramo in Colle	IT	40.7924	16.7587	24922
Vittorio Veneto	IT	45.9803	12.3006	24789
Orta di Atella	IT	40.9644	14.2685	24750
Mola di Bari	IT	41.06	17.09	24682
Aci Catena	IT	37.6061	15.1417	24663
Spinaceto	IT	41.7786	12.4424	24219
Gioia del Colle	IT	40.7997	16.923	24184
Ostuni	IT	40.7291	17.5768	24157
Giarre	IT	37.7244	15.1816	24138
Ventimiglia	IT	43.7896	7.6087	24120
Lentini	IT	37.2856	14.9974	24102
Nola	IT	40.9261	14.5282	24101
Bra	IT	44.6978	7.8513	24072
Ruvo di Puglia	IT	41.1176	16.4842	23938
Pompei	IT	40.7457	14.497	23902
Miano	IT	40.8882	14.2534	23896
Casa Santa	IT	38.0251	12.5484	23880
San Giovanni a Teduccio	IT	40.8381	14.3061	23839
Rossano Stazione	IT	39.5986	16.6349	23824
Sora	IT	41.7183	13.6136	23758
Qualiano	IT	40.919	14.1535	23752
Lumezzane	IT	45.6479	10.2649	23712
Spinea-Orgnano	IT	45.4911	12.155	23710
Putignano	IT	40.8511	17.1219	23661
Poggioreale	IT	40.8654	14.2888	23654
Ivrea	IT	45.4672	7.8762	23599
Seriate	IT	45.6853	9.7249	23552
Copertino	IT	40.2682	18.0543	23489
Nocera Superiore	IT	40.7425	14.6745	23452
Ottaviano	IT	40.8519	14.4783	23396
Cesano Boscone	IT	45.4421	9.0945	23368
Bagnoli	IT	40.8132	14.1681	23333
Selargius	IT	39.2578	9.1632	23285
Fabriano	IT	43.3394	12.9033	23230
San Sebastiano	IT	45.6519	10.2568	23228
Muggiò	IT	45.5888	9.2278	23193
Biancavilla	IT	37.6444	14.8668	23188
Chivasso	IT	45.1909	7.8898	23017
Carmagnola	IT	44.8496	7.7203	23012
Enna	IT	37.5655	14.2743	22998
Termini Imerese	IT	37.9823	13.6973	22957
Volla	IT	40.8736	14.3408	22911
Quattromiglia	IT	39.3447	16.238	22889
Dalmine	IT	45.6493	9.6062	22881
Posillipo	IT	40.8128	14.2	22856
Tortona	IT	44.8978	8.8637	22743
Seveso	IT	45.6467	9.143	22733
Vimercate	IT	45.6155	9.368	22727
Desenzano del Garda	IT	45.4713	10.5356	22665
Meda	IT	45.6612	9.1534	22665
Conversano	IT	40.9684	17.1133	22661
Iglesias	IT	39.3092	8.5372	22659
Palma di Montechiaro	IT	37.1907	13.766	22654
Mariano Comense	IT	45.6965	9.1818	22643
Carbonara di Bari	IT	41.0667	16.8667	22625
Fasano	IT	40.8362	17.3601	22593
Magenta	IT	45.4646	8.8845	22566
Valdagno	IT	45.645	11.2989	22555
Città di Castello	IT	43.4656	12.2375	22497
Massarosa	IT	43.8664	10.3446	22435
Vignola	IT	44.4838	11.011	22397
San Lazzaro	IT	44.4705	11.4085	22350
Pomezia	IT	41.6693	12.5012	22346
Nova Milanese	IT	45.5888	9.1979	22310
Porto Sant'Elpidio	IT	43.253	13.7597	22233
Floridia	IT	37.0834	15.1533	22089
San Cataldo	IT	37.4841	13.9854	22079
San Giovanni la Punta	IT	37.5769	15.0937	22046
Cecina	IT	43.3062	10.5173	22018
Tivoli	IT	41.9595	12.8016	22018
Mogliano Veneto	IT	45.5559	12.2429	21991
Noicattaro	IT	41.0345	16.9896	21988
Monreale	IT	38.0812	13.2895	21964
Fidenza	IT	44.8669	10.0604	21952
Castel Volturno	IT	41.0329	13.9435	21881
Mondovì	IT	44.396	7.8176	21880
Orbassano	IT	45.0055	7.5381	21813
Poggibonsi	IT	43.4706	11.148	21692
Carbonia	IT	39.1647	8.5213	21664
Porto Torres	IT	40.8338	8.4053	21653
Legnago	IT	45.1936	11.3023	21646
Cardito	IT	40.9464	14.2953	21458
Lugo	IT	44.4214	11.9109	21273
Arzignano	IT	45.5203	11.3345	21247
Cassano Magnago	IT	45.6721	8.8269	21208
Follonica	IT	42.9278	10.7645	21163
San Nicola la Strada	IT	41.0524	14.3333	21147
Thiene	IT	45.7088	11.4796	21145
Francavilla al Mare	IT	42.4216	14.2822	21095
Sulmona	IT	42.0495	13.9258	21086
Cassino	IT	41.4858	13.8284	21074
Guidonia	IT	41.9923	12.7188	20943
Tor Lupara	IT	41.9977	12.6181	20843
Montecchio Maggiore-Alte Ceccato	IT	45.5037	11.412	20815
Colleferro	IT	41.7272	13.0048	20736
Sant'Anastasia	IT	40.8684	14.402	20733
Palo del Colle	IT	41.0556	16.7032	20692
Senago	IT	45.5756	9.1262	20620
Casal di Principe	IT	41.01	14.1301	20589
Genzano di Roma	IT	41.7071	12.689	20582
Acquaviva delle Fonti	IT	40.897	16.8433	20536
Pachino	IT	36.7152	15.0902	20493
Giulianova	IT	42.7538	13.9665	20490
Sarzana	IT	44.1118	9.9622	20435
Borgomanero	IT	45.6987	8.4623	20430
Castrovillari	IT	39.8163	16.2018	20334
Marina di Ardea-Tor San Lorenzo	IT	41.5544	12.5412	20216
Monserrato	IT	39.2564	9.1444	20193
Cornaredo	IT	45.5013	9.0268	20098
San Giovanni Lupatoto	IT	45.3819	11.0447	20038
Frascati	IT	41.8091	12.6794	20036
Cormano	IT	45.5492	9.1596	20031
Viadana	IT	44.9355	10.519	20013
Trezzano sul Naviglio	IT	45.4221	9.0634	20001
Lavinio	IT	41.5035	12.5897	20000
Sambiase	IT	38.9667	16.2833	20000
Gaeta	IT	41.2141	13.5708	19936
Rosignano Solvay-Castiglioncello	IT	43.3895	10.4361	19786
Novate Milanese	IT	45.5305	9.1395	19758
Rosolini	IT	36.8214	14.9513	19721
Galatina	IT	40.1742	18.1703	19569
Pontedera	IT	43.6614	10.6307	19518
Poggiomarino	IT	40.8011	14.5407	19451
Trecate	IT	45.434	8.7364	19430
Casarano	IT	40.0113	18.1624	19359
Sabaudia	IT	41.3002	13.0282	19327
Spoleto	IT	42.7407	12.739	19266
Vibo Valentia	IT	38.6762	16.1009	19263
Sondrio	IT	46.1685	9.8713	19208
Giovinazzo	IT	41.185	16.6705	19186
Gallipoli	IT	40.0559	17.9909	19176
Misilmeri	IT	38.0318	13.448	19171
Arese	IT	45.5505	9.0774	19138
Marina di Massa	IT	44.0038	10.1067	19092
Bronte	IT	37.7886	14.8338	19074
Villabate	IT	38.0779	13.4428	19031
Gorgonzola	IT	45.5307	9.4053	18979
Cesenatico	IT	44.1999	12.3991	18925
Cusano	IT	45.5519	9.1837	18904
Pietrasanta	IT	43.9595	10.2278	18897
Sant'Antonio Abate	IT	40.7215	14.5402	18859
Fossano	IT	44.5508	7.7192	18773
Gioia Tauro	IT	38.4251	15.8975	18769
Monselice	IT	45.239	11.7498	18682
Montevarchi	IT	43.5252	11.5724	18682
Casavatore	IT	40.8992	14.2766	18663
Ischia	IT	40.7379	13.9486	18564
Palmi	IT	38.3594	15.8515	18556
Castiglione delle Stiviere	IT	45.3902	10.4862	18530
San Mauro Torinese	IT	45.1036	7.768	18521
Noto	IT	36.8924	15.0698	18421
Casamassima	IT	40.9565	16.9208	18380
Abano Terme	IT	45.3575	11.7873	18224
Ischia Porto	IT	40.7391	13.951	18192
Cento	IT	44.731	11.2872	18191
Sestu	IT	39.2985	9.0925	18191
Pozzallo	IT	36.7303	14.8467	18166
Grottaferrata	IT	41.7866	12.6714	18144
Fermo	IT	43.163	13.7227	18109
Melzo	IT	45.4981	9.4204	18031
Palazzolo sull'Oglio	IT	45.5966	9.8869	17973
Montecatini-Terme	IT	43.8815	10.7723	17954
Grumo Nevano	IT	40.9359	14.2598	17879
Bastia umbra	IT	43.0643	12.5461	17831
Acqui Terme	IT	44.6755	8.4693	17828
Cercola	IT	40.8604	14.3573	17821
Domodossola	IT	46.1165	8.2931	17778
Arpino	IT	40.8888	14.3201	17760
Piazza Armerina	IT	37.3842	14.3692	17736
Rutigliano	IT	41.01	17.0056	17674
Ribera	IT	37.4977	13.2668	17664
Bellaria-Igea Marina	IT	44.1425	12.4715	17635
San Vito dei Normanni	IT	40.6564	17.7081	17617
Aci Castello	IT	37.5556	15.1454	17588
Romano di Lombardia	IT	45.5208	9.7544	17549
Montemurlo	IT	43.9269	11.0372	17502
Ariccia	IT	41.7206	12.6723	17487
Portogruaro	IT	45.7807	12.8405	17468
Ciriè	IT	45.2349	7.6013	17439
Mirandola	IT	44.8852	11.069	17380
San Giovanni in Fiore	IT	39.2545	16.697	17358
San Bonifacio	IT	45.3959	11.2735	17347
Agropoli	IT	40.3492	14.9907	17335
Riva del Garda	IT	45.8858	10.8412	17331
Paolo VI	IT	40.5222	17.274	17330
Castelfranco Emilia	IT	44.5945	11.0498	17315
Valenza	IT	45.0124	8.6438	17305
Fornacelle	IT	43.9238	11.0352	17278
Cassano d'Adda	IT	45.5264	9.5153	17267
Torvaianica	IT	41.6211	12.462	17235
Tradate	IT	45.7084	8.9076	17154
Terzigno	IT	40.804	14.4931	17138
San Salvo	IT	42.0441	14.7333	17123
Albenga	IT	44.05	8.2183	17103
Ardea	IT	41.6074	12.5416	17078
Vimodrone	IT	45.5146	9.2877	17072
Trentola-Ducenta	IT	40.9752	14.1749	17056
Mentana	IT	42.0354	12.6441	17047
Nerviano	IT	45.5534	8.9792	17030
Este	IT	45.2234	11.6638	16963
Sestri Levante	IT	44.2732	9.3968	16963
Torremaggiore	IT	41.6889	15.2941	16955
Isernia	IT	41.596	14.234	16945
Piossasco	IT	44.988	7.4601	16904
San Miniato	IT	43.6795	10.8498	16900
Savigliano	IT	44.6481	7.6568	16800
Adelfia	IT	41.0033	16.8721	16756
Melegnano	IT	45.3578	9.3236	16707
Arcore	IT	45.6268	9.3245	16690
Orta Nova	IT	41.3288	15.7099	16677
Scordia	IT	37.2955	14.8406	16645
Sacile	IT	45.9541	12.5027	16626
Colle di Val d'Elsa	IT	43.4211	11.1274	16625
Osimo	IT	43.4854	13.4822	16610
Alpignano	IT	45.0935	7.5239	16598
Porto Empedocle	IT	37.2894	13.5249	16574
San Felice A Cancello	IT	41.017	14.4874	16571
Suzzara	IT	44.9924	10.7441	16571
Bareggio	IT	45.4793	8.9979	16546
Bovisio-Masciago	IT	45.6102	9.153	16542
Roseto degli Abruzzi	IT	42.6716	14.0148	16538
Saluzzo	IT	44.6467	7.4931	16537
Ceglie Messapica	IT	40.6462	17.5166	16536
Tolentino	IT	43.2092	13.2852	16504
Albignasego	IT	45.3471	11.8678	16477
Erba	IT	45.8088	9.2261	16431
Caronno Pertusella	IT	45.5978	9.0463	16377
Ghedi	IT	45.402	10.2768	16351
Belpasso	IT	37.5919	14.9799	16319
Fiorano	IT	44.5389	10.8117	16278
Minturno	IT	41.2629	13.7458	16236
Palagonia	IT	37.3295	14.7447	16227
Cattolica	IT	43.9618	12.7363	16189
Ginosa	IT	40.5769	16.7566	16151
Scicli	IT	36.7901	14.7028	16109
Valenzano	IT	41.0438	16.8849	16101
Sezze	IT	41.5003	13.0618	16071
Castel Maggiore	IT	44.5771	11.3607	16068
San Giovanni Valdarno	IT	43.5676	11.5299	16002
Forio	IT	40.7376	13.86	15969
Zola Predosa	IT	44.4897	11.2183	15965
Cordenons	IT	45.9836	12.7004	15962
Sava	IT	40.402	17.5527	15898
Villafranca di Verona	IT	45.3541	10.8446	15895
Cerveteri	IT	41.9908	12.0908	15883
Bressanone	IT	46.715	11.656	15868
San Nicandro Garganico	IT	41.8384	15.5654	15815
Sinnai	IT	39.3029	9.2028	15791
San Giovanni in Persiceto	IT	44.6384	11.1842	15783
Oderzo	IT	45.7811	12.4944	15764
Salsomaggiore Terme	IT	44.8159	9.9864	15754
Lido	IT	45.4105	12.3665	15719
Galliate	IT	45.4794	8.6982	15699
Siderno	IT	38.2699	16.2961	15651
Correggio	IT	44.7674	10.7835	15571
Porto San Giorgio	IT	43.1778	13.7941	15558
Chiari	IT	45.5376	9.927	15541
Frattaminore	IT	40.9558	14.272	15487
Malnate	IT	45.7938	8.881	15466
Capua	IT	41.1052	14.2127	15438
Carate Brianza	IT	45.6757	9.2372	15404
Palagiano	IT	40.5776	17.0381	15388
Noci	IT	40.7936	17.1268	15383
Carugate	IT	45.5498	9.3404	15368
Todi	IT	42.7788	12.412	15345
Lancenigo-Villorba	IT	45.7129	12.257	15265
Brusciano	IT	40.9224	14.4239	15238
Bussolengo	IT	45.469	10.8537	15170
Mirano	IT	45.4946	12.1077	15139
Corigliano Scalo	IT	39.6271	16.5137	15136
Villanova	IT	41.9636	12.7563	15117
Rocca di Papa	IT	41.7658	12.7019	15036
Montichiari	IT	45.4132	10.398	15030
Settimo Milanese	IT	45.4777	9.0557	14946
Darfo Boario Terme	IT	45.8915	10.1888	14932
Palestrina	IT	41.8327	12.8818	14925
Concorezzo	IT	45.5885	9.3339	14910
Carlentini	IT	37.2807	15.0102	14900
Castelfidardo	IT	43.4592	13.5504	14892
Omegna	IT	45.88	8.4067	14868
Somma Lombardo	IT	45.6821	8.7076	14851
Cirò Marina	IT	39.3688	17.1248	14840
Ceccano	IT	41.5724	13.329	14805
Breo	IT	44.3987	7.819	14772
Sorrento	IT	40.6268	14.3777	14724
Oria	IT	40.5	17.6428	14715
Savignano sul Rubicone	IT	44.0901	12.3994	14715
Latiano	IT	40.5505	17.7186	14662
Palese	IT	41.15	16.7667	14655
San Giorgio Ionico	IT	40.458	17.3803	14618
Codogno	IT	45.1619	9.7022	14583
Grottammare	IT	42.9818	13.8676	14572
Agliana	IT	43.9025	11.0053	14561
Gussago	IT	45.5836	10.1572	14502
Agrate Brianza	IT	45.5743	9.3479	14493
Castellana	IT	40.8864	17.1655	14485
Squinzano	IT	40.4351	18.0409	14482
Fucecchio	IT	43.7329	10.7975	14479
Taglio	IT	45.0222	12.2108	14441
Cittadella	IT	45.6452	11.7845	14421
Maglie	IT	40.1207	18.298	14397
Gubbio	IT	43.35	12.5731	14378
Volpiano	IT	45.1994	7.7755	14371
Recanati	IT	43.4038	13.5538	14337
Castellaneta	IT	40.6279	16.9329	14333
Castellanza	IT	45.6108	8.8962	14223
Rescaldina	IT	45.62	8.9488	14211
Samarate	IT	45.6241	8.7851	14172
Galatone	IT	40.1467	18.0694	14153
Trepuzzi	IT	40.4053	18.0763	14141
Cardano al Campo	IT	45.6489	8.7693	14124
Anguillara Sabazia	IT	42.0792	12.2837	14121
Lusciano	IT	40.97	14.1904	14107
Santa Maria A Vico	IT	41.0261	14.4651	14095
Carovigno	IT	40.7063	17.6585	14043
Bovolone	IT	45.2614	11.1179	14036
Santa Marinella	IT	42.0343	11.8542	14034
Mortara	IT	45.2494	8.733	13986
Veglie	IT	40.3347	17.9624	13970
Capurso	IT	41.046	16.9217	13958
Cossato	IT	45.5703	8.1847	13931
Trinitapoli	IT	41.3565	16.0892	13885
Laterza	IT	40.6288	16.7995	13879
Statte	IT	40.5286	17.2012	13867
Corbetta	IT	45.4672	8.9187	13801
Vigonza	IT	45.4348	11.9747	13798
Calolziocorte	IT	45.7954	9.4376	13794
Leonforte	IT	37.642	14.3977	13781
Bettola-Zeloforomagno	IT	45.4308	9.3087	13761
Villa San Giovanni	IT	38.2199	15.6369	13747
San Ferdinando di Puglia	IT	41.3026	16.0705	13734
Ispica	IT	36.7862	14.9053	13725
Tricase	IT	39.9302	18.3542	13702
Ponsacco	IT	43.6231	10.6266	13683
San Pietro Vernotico	IT	40.4889	17.9975	13667
Tremestieri Etneo	IT	37.5649	15.0786	13657
Casagiove	IT	41.0712	14.3116	13654
Leini	IT	45.1827	7.7142	13644
Porto Viro	IT	45.0268	12.2175	13644
Feltre	IT	46.0209	11.9003	13643
Leverano	IT	40.2885	17.9965	13643
Sant'Antonio	IT	45.1965	10.7938	13596
Cesate	IT	45.5959	9.0757	13531
Piazza	IT	45.5872	10.1553	13507
Chiaravalle	IT	43.6011	13.3251	13465
Ospitaletto	IT	45.5522	10.0756	13450
Rosa	IT	45.9306	12.8708	13443
Villasanta	IT	45.6063	9.308	13424
San Cipriano d'Aversa	IT	40.9988	14.1317	13416
Solaro	IT	44.8799	9.1731	13409
Barrafranca	IT	37.3785	14.2027	13397
San Marco in Lamis	IT	41.7121	15.6382	13388
Busto Garolfo	IT	45.5481	8.883	13364
Polignano a Mare	IT	40.9922	17.2215	13356
Caravaggio	IT	45.4963	9.6417	13340
San Leone Mosè	IT	37.265	13.5843	13332
Ortona	IT	42.3509	14.4034	13327
Sarezzo	IT	45.6607	10.1969	13295
Figline Valdarno	IT	43.62	11.4719	13287
Piove di Sacco-Piovega	IT	45.2966	12.0368	13287
Albino	IT	45.7644	9.799	13263
Monteroni di Lecce	IT	40.3193	18.0916	13246
Pianezza	IT	45.1042	7.55	13242
Malo	IT	45.6591	11.416	13218
Fiorenzuola d'Arda	IT	44.9243	9.9133	13207
Apricena	IT	41.7863	15.4439	13195
Casandrino	IT	40.9284	14.2474	13179
Mottola	IT	40.6389	17.0343	13146
Saviano	IT	40.9051	14.505	13110
Lavello	IT	41.0477	15.7891	13086
Castellammare del Golfo	IT	38.0265	12.8818	13085
Melfi	IT	40.9957	15.6558	13079
Merate	IT	45.6886	9.4208	13024
Valmontone	IT	41.7732	12.9186	13001
Pellaro	IT	38.0167	15.65	13000
Fontanafredda	IT	45.9756	12.5683	12987
Porcia	IT	45.963	12.6164	12987
Adria	IT	45.0545	12.056	12986
Certaldo	IT	43.5477	11.0392	12981
Monte di Procida	IT	40.7981	14.0502	12975
Arona	IT	45.7589	8.5572	12970
Monsummano Terme	IT	43.8672	10.813	12935
Lariano	IT	41.7185	12.8287	12893
Cerea	IT	45.1894	11.2166	12869
Grammichele	IT	37.2133	14.6331	12844
Rosarno	IT	38.4872	15.9796	12838
Travagliato	IT	45.5239	10.0801	12828
Vico Equense	IT	40.6598	14.4339	12820
Codroipo	IT	45.9647	12.9799	12811
Rezzato	IT	45.5118	10.3173	12779
Villacidro	IT	39.4573	8.741	12768
Taggia	IT	43.8461	7.8522	12762
Alzano Lombardo	IT	45.7368	9.7264	12750
Varedo	IT	45.5976	9.1632	12750
Tempio Pausania	IT	40.9007	9.1046	12706
Romano d'Ezzelino	IT	45.779	11.7666	12700
Palma Campania	IT	40.8661	14.5517	12689
Casalpusterlengo	IT	45.1792	9.6483	12674
Rionero in Vulture	IT	40.9233	15.6711	12670
Castelfiorentino	IT	43.6096	10.9677	12656
Oleggio	IT	45.5967	8.6421	12655
Dueville	IT	45.6356	11.5513	12649
Paola	IT	39.3631	16.0369	12649
Cicciano	IT	40.964	14.5349	12639
Francofonte	IT	37.2248	14.8749	12635
Calenzano	IT	43.8545	11.1661	12623
Grumo Appula	IT	41.0109	16.7084	12618
Signa	IT	43.7942	11.1036	12602
San Vito al Tagliamento	IT	45.9168	12.8595	12599
Marcon-Gaggio-Colmello	IT	45.5644	12.2989	12565
San Marcellino	IT	40.99	14.1758	12558
Silvi	IT	42.5498	14.1176	12551
Rosà	IT	45.702	11.7614	12548
Ferentino	IT	41.6912	13.2562	12539
Monte Sant'Angelo	IT	41.7053	15.9607	12482
Bracciano	IT	42.1027	12.1656	12459
Progresso	IT	44.5689	11.3642	12441
Crispiano	IT	40.6038	17.2329	12429
Baronissi	IT	40.7482	14.7738	12383
Sansepolcro	IT	43.5726	12.1386	12364
Canegrate	IT	45.5682	8.9269	12322
Cassano delle Murge	IT	40.8911	16.7653	12321
Azzano Decimo	IT	45.9094	12.6642	12320
Piano di Sorrento	IT	40.6281	14.4173	12317
Stezzano	IT	45.6497	9.6519	12316
Brunico	IT	46.7994	11.9343	12282
Cervignano del Friuli	IT	45.8208	13.3393	12275
Rovato	IT	45.5634	10.0021	12239
Manerbio	IT	45.3539	10.138	12228
Olgiate Olona	IT	45.6371	8.8815	12215
Ponte San Nicolò	IT	45.3672	11.9234	12180
Teverola	IT	40.9956	14.2076	12175
Monte Argentario	IT	42.4345	11.1195	12147
Luino	IT	46.0018	8.7451	12146
Lonigo	IT	45.3858	11.384	12110
Solaro	IT	45.6143	9.083	12105
Pedara	IT	37.6239	15.0567	12089
Arco	IT	45.9177	10.8867	12072
Ravanusa	IT	37.2666	13.9683	12051
Capo d'Orlando	IT	38.1426	14.7329	12038
Zevio	IT	45.3721	11.1293	12035
Sant'Arpino	IT	40.9572	14.2508	12028
Cerro Maggiore	IT	45.5937	8.9543	12027
Villa Adriana	IT	41.955	12.7722	12008
Rubiera	IT	44.6516	10.7794	12001
Raffadali	IT	37.4021	13.5318	11992
Campodarsego	IT	45.4982	11.9219	11971
Tarquinia	IT	42.2542	11.7566	11949
Fagnano Olona-Bergoro	IT	45.6698	8.8599	11906
Ronchi dei Legionari	IT	45.8274	13.5042	11902
Solofra	IT	40.8334	14.837	11886
Pollena Trocchia	IT	40.8513	14.3791	11880
Menfi	IT	37.6041	12.9689	11874
Bagnolo Mella	IT	45.4276	10.1864	11871
Mazzarino	IT	37.3019	14.2096	11870
San Prisco	IT	41.0859	14.2767	11869
San Martino Buon Albergo	IT	45.4208	11.0956	11818
Caselle Torinese	IT	45.1746	7.6429	11817
Turi	IT	40.9166	17.0204	11813
Policoro	IT	40.2128	16.6779	11810
Spilimbergo	IT	46.1135	12.8924	11789
Trezzo sull'Adda	IT	45.6052	9.5142	11782
Civita Castellana	IT	42.293	12.4088	11745
Pescantina	IT	45.4855	10.868	11743
Sala Consilina	IT	40.4013	15.5914	11734
Priolo Gargallo	IT	37.1551	15.1825	11724
Riposto	IT	37.7318	15.2058	11719
Cinisi	IT	38.1608	13.101	11704
Guspini	IT	39.5395	8.635	11704
Santa Croce sull'Arno	IT	43.7171	10.7724	11685
Guastalla	IT	44.9117	10.6619	11682
Pieve Emanuele	IT	45.3505	9.2027	11680
Taurianova	IT	38.3552	16.0131	11676
Tavagnacco	IT	46.1098	13.2225	11638
Cefalù	IT	38.0386	14.0229	11613
Valmadrera-Caserta	IT	45.8463	9.3582	11609
Carpenedolo	IT	45.3617	10.4312	11589
Crispano	IT	40.9526	14.2857	11579
Pescia	IT	43.8871	10.6885	11567
Cassano All'Ionio	IT	39.7814	16.3274	11560
Taviano	IT	39.9822	18.0815	11560
Sant'Agata de'Goti	IT	41.0893	14.4974	11558
Giaveno	IT	45.0444	7.3472	11540
Pergine Valsugana	IT	46.0643	11.2376	11538
Varazze	IT	44.3641	8.5963	11534
Sant'Angelo Lodigiano	IT	45.2353	9.4065	11516
Zagarolo	IT	41.8416	12.8154	11509
Lastra a Signa	IT	43.77	11.1127	11504
Riesi	IT	37.2808	14.0832	11503
Montegranaro	IT	43.231	13.6305	11493
Margherita di Savoia	IT	41.3717	16.1528	11488
Opera	IT	45.3736	9.2108	11481
Mercato San Severino	IT	40.7847	14.7537	11473
Lavagna	IT	44.3062	9.3538	11455
Mejaniga	IT	45.4577	11.9064	11434
Sorso	IT	40.7995	8.5757	11419
Fiano Romano	IT	42.1554	12.5947	11417
Bitetto	IT	41.0415	16.7481	11374
Surbo	IT	40.3938	18.1346	11363
Ficarazzi	IT	38.0923	13.4639	11356
Quartucciu	IT	39.2526	9.1776	11347
Venosa	IT	40.9628	15.8128	11328
Castel San Giovanni	IT	45.0601	9.4378	11308
Borgaro Torinese	IT	45.1512	7.6554	11291
Concesio	IT	45.6052	10.217	11262
Ponte San Pietro	IT	45.706	9.5905	11256
Capoterra	IT	39.1752	8.972	11255
Vetralla	IT	42.3179	12.0732	11231
Torre del Lago Puccini	IT	43.8289	10.2891	11230
Vieste	IT	41.8821	16.1714	11227
Arenzano	IT	44.4052	8.6831	11226
Piedimonte Matese	IT	41.3508	14.368	11220
Pontecagnano	IT	40.6445	14.8763	11211
Santa Maria La Carità	IT	40.7161	14.5098	11210
Calvizzano	IT	40.9078	14.1858	11194
Baranzate	IT	45.5272	9.1172	11190
Osio Sotto	IT	45.6161	9.5891	11181
Montelupo Fiorentino	IT	43.7296	11.01	11177
Alba Adriatica	IT	42.8318	13.9259	11165
Cologno al Serio	IT	45.576	9.7089	11145
Gemona	IT	46.2741	13.1224	11141
Borgo San Dalmazzo	IT	44.3379	7.4931	11128
La Massimina-Casal Lumbroso	IT	41.8733	12.3569	11112
Castel San Pietro Terme	IT	44.3985	11.5855	11081
Isola di Capo Rizzuto	IT	38.9584	17.0924	11045
Cassina de' Pecchi	IT	45.5164	9.3598	11042
Umbertide	IT	43.3034	12.3375	11040
Loano	IT	44.1278	8.2574	11014
Sant'Antioco	IT	39.0702	8.4524	10997
Giffoni Valle Piana	IT	40.7181	14.9423	10992
Parete	IT	40.9589	14.1619	10989
Lentate sul Seveso	IT	45.6764	9.1177	10981
Rivarolo Canavese	IT	45.3283	7.7211	10978
Borgosesia	IT	45.7204	8.2747	10967
Matino	IT	40.0308	18.1363	10966
Lonate Pozzolo	IT	45.5921	8.7519	10958
Santarcangelo	IT	44.0633	12.4466	10934
San Martino di Lupari	IT	45.6513	11.86	10931
Muggia	IT	45.6042	13.7675	10929
Biassono	IT	45.6286	9.2712	10897
Paullo	IT	45.4183	9.4004	10877
Nonantola	IT	44.6778	11.0379	10867
Chiampo	IT	45.5475	11.2828	10857
Nave	IT	45.5848	10.2795	10848
Sedriano	IT	45.4911	8.9716	10833
Camponogara	IT	45.3795	12.0864	10817
Bellizzi	IT	40.6198	14.9468	10811
Artena	IT	41.7413	12.9067	10805
Isola del Liri	IT	41.6868	13.5968	10805
Taurisano	IT	39.9575	18.215	10799
Stradella	IT	45.0744	9.3017	10785
Bitritto	IT	41.0434	16.8268	10773
Bernalda	IT	40.4126	16.6892	10763
Trofarello	IT	44.9824	7.7469	10763
Olgiate Comasco	IT	45.7844	8.9682	10733
Castel Mella	IT	45.4991	10.1455	10725
Laives	IT	46.4268	11.3384	10710
Villa Carcina	IT	45.6333	10.1956	10695
San Gennaro Vesuviano	IT	40.8623	14.5241	10684
Porto Tolle	IT	44.9497	12.3245	10666
Montefiascone	IT	42.5425	12.0319	10637
Alassio	IT	44.0039	8.1671	10623
Chiugiana-La Commenda	IT	43.0982	12.3082	10604
Campi Salentina	IT	40.3975	18.0214	10596
Salò	IT	45.6069	10.5205	10576
Gricignano di Aversa	IT	40.9797	14.2309	10559
Macerata Campania	IT	41.0633	14.2775	10558
San Cesareo	IT	41.8211	12.8045	10529
Lido di Jesolo	IT	45.5069	12.6469	10523
Montesarchio	IT	41.0623	14.641	10516
Noale	IT	45.546	12.0645	10500
Favaro Veneto	IT	45.4989	12.2833	10491
Locri	IT	38.2387	16.2596	10486
Nervi	IT	44.3833	9.0333	10484
Castano Primo	IT	45.5517	8.7756	10478
Morbegno	IT	46.1372	9.5741	10472
Casalmaggiore	IT	44.9898	10.4206	10438
Santena	IT	44.9462	7.773	10437
Rivalta di Torino	IT	45.0327	7.5204	10411
Beccacivetta	IT	45.3571	10.9575	10402
Maniago	IT	46.1664	12.706	10395
Novellara	IT	44.8449	10.7274	10393
Sant'Ambrogio di Valpolicella	IT	45.5209	10.8362	10384
Macomer	IT	40.2623	8.7673	10375
Aci Sant'Antonio	IT	37.605	15.1229	10373
Arluno	IT	45.5034	8.9422	10362
Caldogno-Rettorgole-Cresole	IT	45.6078	11.5028	10361
Boscotrecase	IT	40.773	14.4619	10331
Cameri	IT	45.5016	8.6624	10330
Martinsicuro	IT	42.8803	13.9133	10317
Alatri	IT	41.7319	13.3412	10308
Porto Recanati	IT	43.433	13.6616	10308
La Maddalena	IT	41.2142	9.4083	10297
Corleone	IT	37.8134	13.3017	10290
Spresiano	IT	45.7791	12.2563	10287
Montegrotto Terme	IT	45.3312	11.7863	10276
Induno Olona	IT	45.8457	8.8406	10258
Mandello del Lario	IT	45.922	9.3197	10255
Ponzano	IT	45.7154	12.2044	10238
Procida	IT	40.7564	14.0146	10228
Belmonte Mezzagno	IT	38.0465	13.3921	10208
Partanna	IT	37.7268	12.8892	10200
Massa Lubrense	IT	40.6094	14.372	10192
San Pancrazio Salentino	IT	40.418	17.8342	10184
Nicosia	IT	37.7475	14.3922	10174
Vinovo	IT	44.9467	7.6325	10173
Leno	IT	45.3693	10.2167	10172
Cervinara	IT	41.0204	14.6144	10150
Ramacca	IT	37.3862	14.6924	10137
Trecastagni	IT	37.6154	15.078	10135
Altavilla Vicentina	IT	45.5133	11.4688	10128
Creazzo	IT	45.5315	11.4779	10124
Lizzano	IT	40.393	17.4457	10116
Gardone Val Trompia	IT	45.6914	10.1863	10113
Casteldaccia	IT	38.0512	13.5304	10091
Campobello di Licata	IT	37.2576	13.9181	10047
Castelnovo ne'Monti	IT	44.4356	10.4033	10046
Gambettola	IT	44.1175	12.337	10034
Villa Literno	IT	41.0094	14.0761	10027
Montignoso	IT	44.0241	10.1726	10023
Priverno	IT	41.4705	13.1787	10005
Orzinuovi	IT	45.4019	9.9232	9973
Terrasini	IT	38.1462	13.0832	9973
Casaluce	IT	40.9978	14.1967	9969
Celano	IT	42.0808	13.517	9966
Randazzo	IT	37.8774	14.9501	9949
Sant'Agata di Militello	IT	38.0684	14.636	9916
Pontassieve	IT	43.7748	11.4311	9890
Campobello di Mazara	IT	37.6346	12.7495	9883
Castel Goffredo	IT	45.294	10.473	9871
Acri	IT	39.4962	16.3864	9862
Ripa-Pozzi-Querceta-Ponterosso	IT	43.9781	10.2037	9859
Siano	IT	40.8021	14.6933	9855
Alfonsine	IT	44.5077	12.0374	9838
Botticino	IT	45.5297	10.3109	9837
Gerenzano	IT	45.6397	9.001	9835
Sant'Agata Li Battiati	IT	37.5575	15.08	9828
Mussomeli	IT	37.5807	13.7521	9818
Torre Santa Susanna	IT	40.4676	17.7386	9810
Quarrata	IT	43.8484	10.9789	9805
Ariano Irpino-Martiri	IT	41.1602	15.1062	9779
Capaci	IT	38.1711	13.2393	9779
Lurate Caccivio	IT	45.767	8.999	9776
Uboldo	IT	45.6153	9.0039	9762
Gualdo Tadino	IT	43.2294	12.7786	9748
Borgo San Lorenzo	IT	43.9555	11.3856	9716
Li Punti-San Giovanni	IT	40.7634	8.489	9681
Recco	IT	44.3623	9.1435	9680
Polistena	IT	38.4054	16.0733	9672
Melito di Porto Salvo	IT	37.9263	15.7499	9663
Capodrise	IT	41.0427	14.3061	9654
Albisola Superiore	IT	44.3389	8.5105	9635
Marsciano	IT	42.9209	12.3507	9631
Pero	IT	45.5102	9.087	9626
Nembro	IT	45.7441	9.7613	9617
Sambuceto	IT	42.4217	14.1875	9596
Terralba	IT	39.7206	8.635	9583
Aradeo	IT	40.1292	18.1295	9570
Ovada	IT	44.6373	8.642	9542
Racale	IT	39.9609	18.0915	9542
Pieve di Soligo	IT	45.8984	12.1713	9516
Trescine	IT	41.0226	14.6204	9509
Finale Ligure	IT	44.1695	8.3436	9495
Fiumefreddo Sicilia	IT	37.7915	15.2092	9483
Carmiano	IT	40.344	18.0419	9472
Castelli Calepio	IT	45.6132	9.8854	9459
San Marzano sul Sarno	IT	40.778	14.5801	9449
Bagni di Tivoli	IT	41.95	12.7167	9418
Altopascio	IT	43.8162	10.6767	9413
Paese	IT	45.6742	12.1639	9395
Forlimpopoli	IT	44.1911	12.1287	9392
Alberobello	IT	40.7845	17.2362	9391
Venafro	IT	41.4828	14.0477	9384
Mascali	IT	37.7579	15.1966	9377
Molinella	IT	44.6176	11.6672	9377
Cittanova	IT	38.3543	16.079	9368
Santa Flavia	IT	38.1045	13.5334	9365
Paceco	IT	37.9803	12.5577	9358
Scalea	IT	39.806	15.7964	9344
San Zeno-San Giuseppe	IT	45.7573	11.7621	9334
Fiuggi	IT	41.7978	13.2239	9325
Patti	IT	38.1474	14.9641	9321
Bedizzole	IT	45.5104	10.4233	9320
Martano	IT	40.202	18.3019	9320
Fiume Veneto	IT	45.9286	12.7381	9313
San Valentino Torio	IT	40.7911	14.6033	9300
Cividale del Friuli	IT	46.0902	13.4286	9290
Trabia	IT	38.0042	13.6339	9276
Treviolo	IT	45.6737	9.612	9266
Marostica	IT	45.7454	11.6624	9264
Sannicandro di Bari	IT	41.0005	16.7971	9261
Massa Lombarda	IT	44.447	11.8209	9253
Castellarano	IT	44.5183	10.7373	9251
Lana	IT	46.6121	11.1565	9244
Minervino Murge	IT	41.0826	16.0786	9242
Maranello	IT	44.531	10.8689	9228
Zafferana Etnea	IT	37.679	15.1043	9214
Castelletto Sopra Ticino	IT	45.72	8.6336	9213
Anagni	IT	41.7435	13.1554	9206
Gavirate	IT	45.8371	8.7262	9206
Montescaglioso	IT	40.5502	16.6654	9205
Pulsano	IT	40.3811	17.3561	9197
Monteforte Irpino	IT	40.9025	14.744	9189
San Sebastiano al Vesuvio	IT	40.8434	14.3643	9167
Racconigi	IT	44.766	7.6789	9156
Cecchina	IT	41.7016	12.6497	9141
Noventa	IT	45.4143	11.951	9131
Avigliana	IT	45.0798	7.3965	9099
Ruffano	IT	39.9819	18.2497	9091
Marano Vicentino	IT	45.696	11.4324	9084
Troina / Draginai	IT	37.7844	14.596	9081
Pavullo nel Frignano	IT	44.3335	10.8354	9063
Bernareggio	IT	45.6478	9.405	9061
Usmate-Velate	IT	45.648	9.3625	9059
Barano d'Ischia	IT	40.7147	13.9252	9044
Finale Emilia	IT	44.8337	11.2938	9044
Rocca Priora	IT	41.7659	12.7658	9034
Motta Sant'Anastasia	IT	37.5121	14.9663	9025
Verano Brianza	IT	45.6887	9.2245	9021
Crevalcore	IT	44.7197	11.1477	9017
Bordighera	IT	43.7806	7.6645	9016
Locate di Triulzi	IT	45.3569	9.2252	9010
Venturina	IT	43.0288	10.6015	9004
Cislago	IT	45.6593	8.9727	8997
Cermenate	IT	45.702	9.0836	8995
Bellinzago Novarese	IT	45.5688	8.6432	8993
Cavarzere	IT	45.1352	12.0845	8992
Atripalda	IT	40.9187	14.8272	8974
Castenaso	IT	44.514	11.4684	8961
Budrio	IT	44.5374	11.5344	8941
Anzola dell'Emilia	IT	44.542	11.2055	8927
Cairo Montenotte	IT	44.3979	8.2777	8925
Martinengo	IT	45.5722	9.7675	8922
Amantea	IT	39.1266	16.0751	8917
San Marzano di San Giuseppe	IT	40.4545	17.5035	8916
Cavriago	IT	44.6946	10.5259	8912
Cornate d'Adda	IT	45.6281	9.4738	8905
Copparo	IT	44.8926	11.8229	8903
Latisana	IT	45.7686	13.0062	8896
Porto Santo Stefano	IT	42.4382	11.1154	8892
Roncadelle	IT	45.5272	10.1541	8892
Matelica	IT	43.2579	13.0075	8891
Besozzo	IT	45.8489	8.6652	8883
Ugento	IT	39.9272	18.1583	8875
Villalba	IT	41.9539	12.7294	8831
Ozzano dell'Emilia	IT	44.4443	11.4755	8825
Capriolo	IT	45.6333	9.9319	8817
Canelli	IT	44.7208	8.2928	8805
Vignate	IT	45.4994	9.3772	8800
Lerici	IT	44.0759	9.9112	8793
Medicina-Buda	IT	44.4787	11.6381	8791
Ittiri	IT	40.5915	8.5698	8781
Marconia	IT	40.3635	16.6882	8781
Aragona	IT	37.399	13.6197	8779
Dolianova	IT	39.3779	9.177	8778
San Vendemiano	IT	45.8873	12.3516	8776
Spilamberto	IT	44.5327	11.017	8770
Conselve	IT	45.2315	11.875	8768
Parabita	IT	40.0514	18.1265	8739
Magnago	IT	45.5792	8.8025	8726
Camposampiero	IT	45.5637	11.9353	8722
Ferrandina	IT	40.5008	16.4526	8718
Costa Volpino	IT	45.8277	10.1008	8705
Pieve a Nievole	IT	43.8812	10.7999	8704
Soresina	IT	45.2882	9.8586	8700
Scorzè	IT	45.574	12.1116	8699
Mirto	IT	39.6007	16.7739	8684
Concordia Sagittaria	IT	45.7612	12.8236	8677
San Maurizio	IT	45.2171	7.6305	8676
San Severino Marche	IT	43.2303	13.1799	8655
San Gavino Monreale	IT	39.5501	8.7906	8647
Valeggio sul Mincio	IT	45.3533	10.7363	8641
Nizza Monferrato	IT	44.7742	8.3578	8633
Corridonia	IT	43.2468	13.5069	8626
Sorisole	IT	45.7314	9.6372	8614
Serramanna	IT	39.4233	8.9224	8608
Garlasco	IT	45.1954	8.9231	8607
Gonzaga	IT	44.9519	10.8191	8584
Cuorgnè	IT	45.3934	7.6502	8581
Santa Lucia di Piave	IT	45.8616	12.2939	8581
Turate	IT	45.6573	9.0042	8581
San Giorgio del Sannio	IT	41.0684	14.8532	8579
Bagnacavallo	IT	44.414	11.9781	8550
Sortino	IT	37.1588	15.03	8532
Bussero	IT	45.5341	9.372	8529
Pessano Con Bornago	IT	45.5494	9.3814	8524
Torri di Quartesolo	IT	45.519	11.6247	8522
Bagnara Calabra	IT	38.2878	15.8059	8505
Salice Salentino	IT	40.3849	17.9613	8499
San Nicolò a Trebbia	IT	45.0568	9.6054	8497
Cesa	IT	40.9629	14.2308	8496
Besana in Brianza	IT	45.7024	9.2947	8490
Frignano	IT	40.9981	14.1791	8487
Montecchio Emilia	IT	44.6994	10.4521	8482
Trescore Balneario	IT	45.6941	9.8417	8479
Pietra Ligure	IT	44.1492	8.2821	8478
Inverigo	IT	45.7379	9.2184	8475
Toritto	IT	40.9977	16.6794	8475
Mercato	IT	40.7161	14.9401	8473
Calcinato	IT	45.4574	10.4095	8471
Erchie	IT	40.4361	17.7361	8468
Trebisacce	IT	39.8713	16.5342	8465
Borgosatollo	IT	45.4769	10.2403	8455
Cogliate	IT	45.646	9.0788	8450
Trecase	IT	40.7694	14.4377	8446
Sesto Calende	IT	45.7261	8.634	8434
La Loggia	IT	44.9549	7.6686	8433
Santa Margherita Ligure	IT	44.3346	9.212	8428
Col San Martino	IT	45.9002	12.1158	8425
Casorate Primo	IT	45.3114	9.017	8424
Broni	IT	45.0639	9.2599	8420
Bovalino Superiore	IT	38.169	16.1585	8418
Ponte a Ema	IT	43.7396	11.2977	8412
Dolo	IT	45.4253	12.0843	8410
Comacchio	IT	44.6948	12.1819	8409
Gessate	IT	45.5484	9.4377	8407
Fino Mornasco	IT	45.7429	9.05	8398
Centobuchi	IT	42.8952	13.8481	8384
Lugagnano	IT	45.4333	10.884	8383
Piazza	IT	45.5093	10.4241	8378
Brandizzo	IT	45.1771	7.8358	8373
San Mauro Pascoli	IT	44.1089	12.4195	8372
Itri	IT	41.2903	13.53	8360
Palazzolo Acreide	IT	37.0626	14.9059	8357
Isola della Scala	IT	45.2694	11.0082	8348
Tirano	IT	46.2148	10.1633	8348
Gorla Minore	IT	45.6412	8.9026	8324
Gavardo-Sopraponte	IT	45.5894	10.4426	8323
Casarsa della Delizia	IT	45.9509	12.8425	8320
Castiglion Fiorentino	IT	43.3431	11.92	8315
Molinetto	IT	45.4941	10.3589	8296
Portoferraio	IT	42.8123	10.313	8296
Castelfranco di Sotto	IT	43.7037	10.7463	8291
Vigonovo-Fontanafredda	IT	45.9893	12.5471	8283
Capanne-Prato-Cinquale	IT	43.9972	10.1564	8270
Castenedolo	IT	45.4743	10.2913	8264
Pianoro	IT	44.3889	11.3426	8257
Cariati	IT	39.4963	16.955	8255
Soliera	IT	44.7339	10.9218	8251
Spicchio-Sovigliana	IT	43.7302	10.9392	8249
San Giuseppe Jato	IT	37.9733	13.1889	8245
Camisano Vicentino	IT	45.5216	11.7082	8244
Vaiano	IT	43.9679	11.1237	8243
Druento	IT	45.1331	7.5751	8232
Aviano	IT	46.0706	12.5947	8225
San Vittore Olona	IT	45.5858	8.9413	8225
Gassino Torinese	IT	45.1291	7.8293	8211
Cave	IT	41.8168	12.9405	8210
Mozzate	IT	45.6747	8.9564	8204
Castelleone	IT	45.2958	9.7609	8198
Lonato	IT	45.4608	10.4773	8186
Oggiono	IT	45.7913	9.3482	8177
Santa Maria Maddalena	IT	44.9023	11.6066	8174
Calusco d'Adda	IT	45.6884	9.4711	8157
Santo Stefano di Magra	IT	44.1489	9.9218	8153
Succivo	IT	40.968	14.2556	8148
Vittuone	IT	45.4879	8.9514	8146
Sant'Ilario d'Enza	IT	44.7589	10.4474	8140
Lequile	IT	40.3058	18.1402	8137
Coccaglio	IT	45.564	9.9722	8135
Laveno	IT	45.9089	8.6204	8130
Villafranca Tirrena	IT	38.2395	15.4389	8124
Siniscola	IT	40.5734	9.6969	8119
Casapulla	IT	41.0767	14.2893	8113
Carrara San Giorgio	IT	45.2926	11.8184	8101
Torre Boldone	IT	45.7172	9.7079	8092
Santhià	IT	45.368	8.1701	8079
Tolmezzo	IT	46.4	13.0205	8078
Noceto	IT	44.8095	10.1773	8076
Bruino	IT	45.0151	7.4775	8070
Piovene Rocchette	IT	45.756	11.4327	8069
Castelnuovo Rangone	IT	44.5493	10.9335	8064
Pogliano Milanese	IT	45.5379	8.994	8057
Cutrofiano	IT	40.1262	18.2026	8056
Montoro Superiore	IT	40.817	14.7984	8054
Clusone	IT	45.8866	9.9465	8032
Elmas	IT	39.2688	9.0502	8025
San Pietro in Casale	IT	44.7008	11.4049	8022
Mottella	IT	45.1638	10.8444	8019
Casamicciola Terme	IT	40.7466	13.912	8011
Opicina	IT	45.6878	13.7886	8009
Gattinara	IT	45.6131	8.3646	8001
Montagnana	IT	45.2323	11.4648	8000
Cuggiono	IT	45.5068	8.8155	7997
Pontecorvo	IT	41.4586	13.6662	7994
Vado Ligure	IT	44.2691	8.4337	7991
Collecchio	IT	44.752	10.2154	7988
Cutro	IT	39.0348	16.9866	7977
Santa Teresa di Riva	IT	37.9464	15.3667	7977
Inzago	IT	45.5399	9.4834	7973
Montecorvino Rovella	IT	40.6918	14.9786	7972
Selvazzano Dentro	IT	45.3876	11.7923	7962
Cavallino	IT	40.3102	18.2022	7959
Lesmo	IT	45.6486	9.3073	7959
Casale sul Sile	IT	45.5964	12.3265	7951
Gambolò	IT	45.2621	8.8582	7939
Acate	IT	37.0232	14.493	7919
Pizzo	IT	38.7526	16.187	7918
Assago	IT	45.4089	9.1257	7917
Urgnano	IT	45.5994	9.6947	7914
Ponte nelle Alpi	IT	46.1808	12.2833	7913
Trebaseleghe	IT	45.593	12.0439	7901
Vaprio d'Adda	IT	45.5764	9.5241	7901
Novoli	IT	40.3767	18.0476	7898
Vigliano Biellese	IT	45.5632	8.1051	7898
Farra di Soligo	IT	45.9053	12.1244	7892
Serra Riccò	IT	44.5107	8.9381	7879
La Maddalena	IT	39.1443	9.0122	7877
Iesolo	IT	45.5331	12.6448	7875
Bosa	IT	40.2993	8.4983	7874
Ponte Cingoli	IT	45.5975	10.1069	7872
Poggio A Caiano	IT	43.8138	11.0519	7863
Tortolì	IT	39.9263	9.6557	7830
Naro	IT	37.2925	13.7934	7816
Montecorvino Pugliano	IT	40.6792	14.9448	7811
Sferracavallo	IT	38.2	13.2833	7800
Militello in Val di Catania	IT	37.2759	14.7934	7798
Sarmeola	IT	45.424	11.8167	7797
Salemi	IT	37.822	12.8051	7788
Tombolo	IT	45.6392	11.8244	7787
San Giovanni Gemini	IT	37.6279	13.6436	7774
Lomazzo	IT	45.6967	9.0343	7772
Ozieri	IT	40.5863	9.0034	7764
Sant'Egidio alla Vibrata	IT	42.8171	13.7216	7753
Candelo	IT	45.5409	8.1066	7750
Sanluri	IT	39.5618	8.8997	7745
Marina di Schiavonea	IT	39.65	16.5333	7743
Peschiera del Garda	IT	45.4391	10.6861	7733
Piattoni-Villa Sant'Antonio	IT	42.8663	13.7112	7733
Marina di Cerveteri	IT	41.98	12.0529	7720
Santa Maria degli Angeli	IT	43.0569	12.575	7719
Capriate San Gervasio	IT	45.6128	9.5297	7714
Cabras	IT	39.9287	8.5324	7695
Albano Sant'Alessandro	IT	45.6876	9.7665	7678
Sant'Agnello	IT	40.6294	14.3996	7674
Santa Croce Camerina	IT	36.8284	14.5254	7668
Castegnato	IT	45.5613	10.1145	7664
Bagnolo in Piano	IT	44.7644	10.6736	7663
Mori	IT	45.8519	10.9805	7660
Forte dei Marmi	IT	43.9639	10.1748	7656
Cornedo Vicentino	IT	45.6163	11.3323	7654
Musile di Piave	IT	45.6206	12.5418	7652
Arcisate	IT	45.8558	8.8682	7645
Verdellino	IT	45.6011	9.6081	7641
Striano	IT	40.8154	14.5753	7639
Agira	IT	37.6558	14.5197	7627
Brembate di Sopra	IT	45.7167	9.5794	7627
Sovico	IT	45.646	9.2628	7624
Motta Visconti	IT	45.2877	8.9925	7601
Brisighella	IT	44.2223	11.7736	7598
Meta	IT	40.6408	14.4158	7598
Porto Potenza Picena	IT	43.3575	13.6975	7596
Terno d'Isola	IT	45.6855	9.531	7596
Mestrino	IT	45.4414	11.7593	7593
Noventa Vicentina	IT	45.2944	11.5484	7588
Curno	IT	45.6888	9.6087	7575
Rossano Veneto	IT	45.7031	11.8037	7572
Sant'Egidio del Monte Albino	IT	40.7387	14.5945	7564
Lazzate	IT	45.6721	9.0842	7560
Recale	IT	41.057	14.3027	7553
Rovellasca	IT	45.6666	9.0488	7539
Castel Bolognese	IT	44.3198	11.799	7537
Bondeno	IT	44.8894	11.4154	7519
Bovalino	IT	38.1538	16.1723	7514
Caorle	IT	45.5966	12.8758	7511
None	IT	44.9365	7.5401	7507
Rodengo-Saiano	IT	45.5996	10.1072	7507
Lacchiarella	IT	45.3229	9.1378	7500
Villa Guardia	IT	45.7751	9.0232	7483
Lendinara	IT	45.083	11.6032	7475
Locorotondo	IT	40.7566	17.3239	7471
Bovezzo	IT	45.59	10.2418	7469
Castelbuono	IT	37.9253	14.0867	7458
Valguarnera Caropepe	IT	37.4953	14.3902	7453
Casalgrande	IT	44.5847	10.7355	7451
Salzano	IT	45.5222	12.1015	7450
Mozzo	IT	45.6987	9.6087	7444
Portomaggiore	IT	44.6976	11.8076	7440
Villongo	IT	45.6694	9.9308	7436
Montalbano Jonico	IT	40.2859	16.5696	7427
Vedano al Lambro	IT	45.6088	9.2678	7426
Verdello	IT	45.6037	9.6285	7405
Castelnovo di Sotto	IT	44.8125	10.5669	7401
Origgio	IT	45.5968	9.0165	7399
Cabiate	IT	45.6742	9.1737	7395
Mercogliano	IT	40.9216	14.7449	7392
Basiglio	IT	45.3592	9.1585	7390
Flero	IT	45.4825	10.1769	7389
Portico di Caserta	IT	41.0556	14.2802	7381
Avella	IT	40.9599	14.6009	7372
Fiesso	IT	45.4195	12.0338	7372
Mareno di Piave	IT	45.8457	12.337	7369
Cerese	IT	45.1181	10.7888	7368
Monticello Conte Otto	IT	45.5978	11.5723	7361
Casteltermini	IT	37.5387	13.646	7350
Agerola	IT	40.6377	14.5388	7348
Inveruno	IT	45.514	8.8495	7342
Canalicchio	IT	37.541	15.0965	7329
Torregrotta	IT	38.2026	15.3501	7324
Carignano	IT	44.906	7.6725	7322
Cagnano Varano	IT	41.8283	15.772	7309
Fermignano	IT	43.6931	12.6544	7309
Airola	IT	41.0587	14.5592	7305
Borgo a Buggiano	IT	43.8752	10.7348	7302
Mappano	IT	45.1483	7.7078	7292
Vico del Gargano	IT	41.8966	15.9568	7284
Turbigo	IT	45.5308	8.7367	7268
Oliena	IT	40.2762	9.4019	7264
Vanzago	IT	45.5257	8.991	7262
Sommacampagna	IT	45.4053	10.8438	7258
Pandino	IT	45.4056	9.5522	7253
Pianillo	IT	40.6342	14.5492	7253
Marnate	IT	45.6285	8.9092	7252
Motta di Livenza	IT	45.7755	12.6041	7242
Zanica	IT	45.6409	9.6857	7242
Caccamo	IT	37.9336	13.6681	7241
Chiavenna	IT	46.3206	9.3982	7239
Tuscania	IT	42.4189	11.8685	7226
Martellago	IT	45.5438	12.1636	7224
Solarino	IT	37.1014	15.1199	7220
Castel di Lama	IT	42.8644	13.7193	7216
Castellamonte	IT	45.3827	7.7089	7215
Loreto	IT	43.4362	13.6123	7212
Ronciglione	IT	42.289	12.2148	7211
Calimera	IT	40.2495	18.2798	7207
Colico Piano	IT	46.132	9.3771	7204
Montella	IT	40.8437	15.0178	7199
Palagianello	IT	40.6085	16.978	7195
Castello di Cisterna	IT	40.9159	14.4112	7187
Campagnano di Roma	IT	42.1357	12.3736	7179
Sparanise	IT	41.1879	14.0963	7175
Lodi Vecchio	IT	45.3042	9.4176	7170
Melissano	IT	39.9731	18.1211	7169
Decimomannu	IT	39.3103	8.9696	7168
Maerne	IT	45.5231	12.1548	7168
Carnate	IT	45.6484	9.3781	7164
San Sperate	IT	39.3576	9.0081	7158
San Felice sul Panaro	IT	44.8367	11.1379	7156
Rivolta d'Adda	IT	45.4696	9.5125	7154
Tavarnelle Val di Pesa	IT	43.5618	11.1715	7153
Sorbolo	IT	44.8459	10.4437	7137
Azzano San Paolo	IT	45.658	9.673	7131
Staranzano	IT	45.8023	13.5023	7125
Castiglione Olona	IT	45.7526	8.8728	7119
Caerano di San Marco	IT	45.7816	11.9985	7106
Colorno	IT	44.9257	10.3736	7106
Binasco	IT	45.331	9.0944	7102
Isola delle Femmine	IT	38.1912	13.2469	7100
Boves	IT	44.3299	7.5473	7089
Altofonte	IT	38.043	13.2943	7087
Cimitile	IT	40.9423	14.5256	7084
Racalmuto	IT	37.405	13.73	7083
San Stino di Livenza	IT	45.7256	12.6897	7080
Gravellona Toce	IT	45.9286	8.4321	7077
Curti	IT	41.0762	14.2804	7073
Argenta	IT	44.614	11.8355	7064
Nicolosi	IT	37.6215	15.0279	7061
Bonate Sopra	IT	45.6818	9.5596	7060
Santa Lucia	IT	41.9824	12.6562	7053
Pratola Peligna	IT	42.097	13.8747	7043
Serino	IT	40.8548	14.8722	7041
Castel San Giorgio	IT	40.782	14.7009	7038
San Cesario di Lecce	IT	40.3022	18.161	7036
Cologne	IT	45.5786	9.9418	7032
Toscolano Maderno	IT	45.6398	10.6076	7025
Meldola	IT	44.1277	12.0626	7011
San Giorgio delle Pertiche	IT	45.541	11.894	7009
Nogara	IT	45.1811	11.0601	7003
Macherio	IT	45.6397	9.2739	6999
Renon	IT	46.5415	11.4573	6993
Soverato Marina	IT	38.685	16.5499	6990
Villa Castelli	IT	40.5829	17.4747	6982
Olginate	IT	45.7913	9.4187	6979
Asola	IT	45.2202	10.4121	6959
Trino	IT	45.1954	8.2962	6953
Colombiera-Molicciara	IT	44.0875	10.0104	6945
Badia Polesine	IT	45.0951	11.4944	6940
Sommatino	IT	37.3347	13.9974	6934
Pontevico	IT	45.2732	10.0925	6931
Pino Torinese	IT	45.0395	7.7771	6930
Appiano Gentile	IT	45.735	8.981	6926
Vigasio	IT	45.3178	10.9437	6918
Vallo della Lucania	IT	40.2279	15.2663	6899
San Colombano al Lambro	IT	45.1832	9.4903	6896
Canicattini Bagni	IT	37.0317	15.0639	6893
San Pietro Clarenza	IT	37.5688	15.0229	6886
Latina Scalo	IT	41.5316	12.9457	6883
Viagrande	IT	37.6103	15.0979	6880
Belvedere	IT	45.69	11.7718	6878
Carinaro	IT	40.9829	14.2196	6875
Volterra	IT	43.4025	10.8615	6864
Cavenago di Brianza	IT	45.583	9.4126	6859
Sennori	IT	40.7878	8.5929	6855
Gaggiano	IT	45.4048	9.0349	6851
Taglio di Po	IT	45.0019	12.2139	6848
San Donaci	IT	40.4485	17.9225	6840
Marco Simone	IT	41.9554	12.6478	6839
Uta	IT	39.2919	8.9523	6831
Valderice	IT	38.0401	12.6151	6827
Barlassina	IT	45.6556	9.1288	6826
Rignano Flaminio	IT	42.2055	12.4807	6822
Monte Porzio Catone	IT	41.8158	12.7143	6821
Roccarainola	IT	40.9725	14.5428	6821
Vedano Olona	IT	45.7757	8.8877	6820
Sirmione	IT	45.4974	10.6051	6818
Bellusco	IT	45.6196	9.4191	6817
Legnaro	IT	45.3424	11.9648	6813
Regalbuto	IT	37.6519	14.6392	6811
Santa Maria di Licodia	IT	37.6168	14.8934	6810
Fossombrone	IT	43.6902	12.8117	6808
Giardini-Naxos	IT	37.8276	15.2671	6802
Pietraperzia	IT	37.4185	14.1374	6798
Avetrana	IT	40.3507	17.7326	6797
Quinto di Treviso	IT	45.6435	12.1651	6796
Solesino	IT	45.1792	11.7465	6794
Cernobbio	IT	45.8431	9.0719	6790
Tirrenia	IT	43.6272	10.292	6790
Riano	IT	42.0935	12.5146	6784
Selcetta	IT	41.7653	12.4753	6772
Capri	IT	40.5507	14.2426	6770
Andora	IT	43.9551	8.1412	6767
Grado	IT	45.6777	13.4032	6767
Andreotta	IT	39.3075	16.2177	6763
Petrosino	IT	37.7127	12.4996	6761
Mezzolombardo	IT	46.2077	11.0964	6754
Reggiolo	IT	44.9182	10.8102	6753
Codigoro	IT	44.8309	12.1107	6752
Priula-Colfosco	IT	45.82	12.2585	6743
Carosino	IT	40.4654	17.3986	6742
Pregnana Milanese	IT	45.516	9.007	6736
Porcari	IT	43.8415	10.6163	6732
Galliera Veneta	IT	45.6675	11.8222	6729
Fregene	IT	41.8505	12.1967	6727
San Giorgio Su Legnano	IT	45.5738	8.9137	6725
Sapri	IT	40.0746	15.6321	6716
Verolanuova	IT	45.3283	10.0786	6714
Segni	IT	41.6889	13.0193	6713
Casano-Dogana-Isola	IT	44.0757	10.0338	6704
San Daniele del Friuli	IT	46.1571	13.0073	6700
Russi	IT	44.3764	12.0334	6697
Cellino San Marco	IT	40.4713	17.9643	6696
Margine Coperta-Traversagna	IT	43.8798	10.7573	6690
Lercara Friddi	IT	37.7466	13.6039	6687
Poirino	IT	44.9205	7.8446	6686
Preganziol	IT	45.6014	12.2372	6674
Cassolnovo	IT	45.3611	8.8123	6673
Casatenovo	IT	45.6951	9.3134	6672
Mede	IT	45.0968	8.7368	6665
Villadossola	IT	46.0708	8.2671	6633
Troia	IT	41.3643	15.3173	6614
Spinazzola	IT	40.964	16.0911	6613
Zanè	IT	45.722	11.4493	6600
Villasor	IT	39.3813	8.9427	6598
Melilli	IT	37.1782	15.1302	6593
Borgo Valsugana	IT	46.0512	11.4576	6587
Roncade	IT	45.6217	12.3764	6585
Spino d'Adda	IT	45.4009	9.4867	6584
Sammichele di Bari	IT	40.8871	16.9492	6578
Villa Verucchio	IT	44.0051	12.4358	6576
Fara Gera d'Adda	IT	45.5566	9.5366	6575
Sinalunga	IT	43.2149	11.7451	6567
Vitulazio	IT	41.163	14.2134	6550
Cesano	IT	42.0737	12.3371	6549
Cantagrillo-Casalguidi	IT	43.8694	10.9139	6532
Monte Urano	IT	43.1904	13.6618	6527
Santa Margherita di Belice	IT	37.6928	13.0158	6525
Spezzano Albanese	IT	39.6685	16.3094	6525
Carapelle	IT	41.3636	15.6938	6524
Mariglianella	IT	40.9296	14.437	6509
San Zenone degli Ezzelini	IT	45.7804	11.8372	6506
Brembate	IT	45.6047	9.5548	6499
Cerano	IT	45.4091	8.7835	6499
Dorgali	IT	40.2922	9.587	6498
San Felice Circeo	IT	41.2372	13.0942	6497
Tropea	IT	38.6745	15.895	6489
Maracalagonis	IT	39.2857	9.2287	6488
Castrezzato	IT	45.5113	9.9809	6486
Tarcento	IT	46.2125	13.2151	6485
Prevalle	IT	45.5514	10.4221	6476
Scorrano	IT	40.0902	18.2999	6476
Arconate	IT	45.5413	8.8489	6475
Praia a Mare	IT	39.8941	15.7842	6470
Beinasco	IT	45.0247	7.5856	6469
Lanuvio	IT	41.673	12.694	6467
Marotta	IT	43.764	13.1477	6465
Negrar	IT	45.5292	10.939	6464
Ponteranica	IT	45.7325	9.6517	6463
Gorle	IT	45.7013	9.7138	6441
Santa Maria a Monte	IT	43.7079	10.692	6438
Gradisca d'Isonzo	IT	45.8925	13.5017	6431
Gangi	IT	37.7957	14.2044	6430
Morlupo	IT	42.15	12.5031	6424
Gonnosfanadiga	IT	39.4943	8.662	6423
Melendugno	IT	40.2725	18.338	6415
Busnago	IT	45.6165	9.4637	6413
Pontinia	IT	41.411	13.0426	6407
Marcellina	IT	42.0244	12.8044	6406
Lavis	IT	46.1413	11.1093	6404
Villa di Serio	IT	45.7226	9.7352	6404
Anacapri	IT	40.5517	14.2122	6403
Olevano sul Tusciano	IT	40.6572	15.023	6399
Bibbiena	IT	43.6988	11.8147	6394
Venegono Superiore	IT	45.7525	8.8973	6393
Spinetta Marengo	IT	44.8855	8.6775	6392
Cori	IT	41.6436	12.9112	6376
Abbadia San Salvatore	IT	42.8812	11.6722	6364
Magione	IT	43.1418	12.2117	6363
Roccapiemonte	IT	40.7601	14.6909	6363
Settimo San Pietro	IT	39.2911	9.1857	6361
Casteggio	IT	45.014	9.1253	6342
Sandrigo	IT	45.6608	11.5892	6333
Buia	IT	46.2122	13.1169	6327
Vecchiano-Nodica	IT	43.7833	10.3844	6324
Morciano di Romagna	IT	43.9144	12.651	6321
Montale	IT	43.9349	11.0166	6316
Olgiate Molgora	IT	45.7303	9.4033	6311
Tencarola	IT	45.3949	11.8092	6308
Ciaculli	IT	38.0753	13.4072	6307
Valdobbiadene	IT	45.8969	11.9825	6307
Marineo	IT	37.9519	13.4178	6305
San Marco Evangelista	IT	41.037	14.3398	6296
Carmignano di Brenta	IT	45.6258	11.706	6295
Casapesenna	IT	40.9915	14.1361	6295
Calderara di Reno	IT	44.5631	11.2711	6287
Corte Franca	IT	45.63	9.9885	6282
Vigodarzere	IT	45.4575	11.8856	6278
Borgetto	IT	38.0466	13.1407	6272
Belvedere	IT	37.0884	15.2131	6263
Trissino	IT	45.5599	11.3768	6255
Pieve di Cento	IT	44.7129	11.3092	6254
Senise	IT	40.1462	16.2887	6243
Vill'Albese	IT	45.7968	9.1886	6242
Sala	IT	40.8554	14.8734	6237
Bonate Sotto	IT	45.6682	9.5587	6236
Campogalliano	IT	44.6887	10.847	6234
Grumello del Monte	IT	45.6354	9.8753	6233
Caneva	IT	45.9708	12.4526	6224
Castelcovati	IT	45.502	9.946	6224
San Giorgio di Nogaro	IT	45.8274	13.2109	6219
San Casciano in Val di Pesa	IT	43.6598	11.1849	6216
Foiano della Chiana	IT	43.2532	11.8165	6215
Monte San Giusto	IT	43.2356	13.5932	6213
Belgioioso	IT	45.1593	9.3135	6209
Villa d'Almè	IT	45.7484	9.617	6208
Scanzorosciate	IT	45.7108	9.735	6207
Tortoreto Lido	IT	42.7996	13.9421	6203
Serra San Bruno	IT	38.5747	16.3262	6202
Stra	IT	45.4112	12.0142	6200
Arzachena	IT	41.0762	9.3905	6199
Villaseta	IT	37.2988	13.5592	6192
Nepi	IT	42.2422	12.3436	6186
Caldaro sulla Strada del Vino	IT	46.4133	11.2462	6183
Belvedere Marittimo	IT	39.6193	15.8622	6182
Collepasso	IT	40.0712	18.1622	6178
Domusnovas	IT	39.324	8.6492	6178
Fusignano	IT	44.4666	11.9564	6178
San Vincenzo	IT	43.0906	10.5425	6178
Sarnico	IT	45.671	9.9615	6177
Torbole Casaglia	IT	45.5128	10.117	6174
Levico Terme	IT	46.0122	11.3043	6171
Pianiga	IT	45.4571	12.0076	6169
Cadelbosco di Sopra	IT	44.7657	10.599	6162
Chianciano Terme	IT	43.0418	11.812	6162
Albiate	IT	45.6554	9.2503	6158
Ara Nova	IT	41.933	12.2398	6158
Mesoraca	IT	39.0795	16.7881	6158
Lucrezia	IT	43.7731	12.9399	6154
Villatora	IT	45.3877	11.9674	6154
Pontoglio	IT	45.5694	9.8535	6153
Fabbrico	IT	44.8721	10.8089	6149
Giudecca	IT	45.4248	12.3291	6147
Villa Cortese	IT	45.5667	8.8871	6145
Trasacco	IT	41.9574	13.5327	6144
Zelo Buon Persico	IT	45.4117	9.4317	6140
Pontasserchio	IT	43.7795	10.4167	6132
Bazzano	IT	44.5018	11.0868	6131
Sant'Angelo di Piove di Sacco	IT	45.3173	12.0094	6128
Manziana	IT	42.13	12.1254	6125
San Pietro in Cariano	IT	45.5175	10.8862	6119
Lizzanello	IT	40.3047	18.2228	6115
Sasso Marconi	IT	44.4006	11.2518	6115
Povegliano Veronese	IT	45.3473	10.8806	6113
Cadorago-Caslino al Piano	IT	45.7273	9.0378	6112
Veggia-Villalunga	IT	44.5607	10.7562	6110
San Martino in Rio	IT	44.7337	10.7849	6093
Dossobuono	IT	45.3933	10.9105	6087
Fontaniva	IT	45.6352	11.7538	6081
Silea	IT	45.6544	12.297	6077
Camucia-Monsigliolo	IT	43.2593	11.9711	6074
San Vitaliano	IT	40.9244	14.4746	6072
Venegono Inferiore	IT	45.7357	8.8955	6065
Quinzano d'Oglio	IT	45.3143	10.0078	6062
Quadrivio	IT	40.6249	15.1035	6061
Ponte Sasso	IT	43.7989	13.0945	6060
Palombara Sabina	IT	42.0691	12.7668	6044
Pantelleria	IT	36.8284	11.9461	6044
Castel Madama	IT	41.9735	12.8678	6037
Borgoricco-San Michele delle Badesse-Sant'Eufemia	IT	45.5352	11.9411	6036
Rovello Porro	IT	45.6521	9.0394	6035
San Vendemiano-Fossamerlo	IT	45.8918	12.3299	6034
Subiaco	IT	41.9262	13.0891	6025
Vallecrosia	IT	43.7867	7.639	6024
Pisticci	IT	40.3902	16.5592	6019
Bojano	IT	41.4853	14.4708	6014
Ferno	IT	45.615	8.7569	6008
Roccella Ionica	IT	38.3212	16.3969	6004
Crescentino	IT	45.1994	8.0863	6003
Robbio	IT	45.289	8.5929	5995
Castelsardo	IT	40.9126	8.7145	5994
Cinquefrondi	IT	38.4162	16.0842	5988
Penne	IT	42.4547	13.9275	5985
Terranuova Bracciolini	IT	43.5508	11.5808	5983
Robbiate	IT	45.6883	9.4371	5969
San Michele	IT	46.4547	11.2618	5967
Vizzini	IT	37.1619	14.7571	5967
Lavagno	IT	45.4387	11.1341	5964
Cogoleto	IT	44.39	8.6469	5955
Lesina	IT	41.8612	15.3532	5954
Ceparana-Carpena	IT	44.1667	9.8833	5951
Seano	IT	43.8304	11.0212	5944
Arcola	IT	44.1178	9.9117	5941
Albavilla	IT	45.8004	9.185	5938
Grassobbio	IT	45.6569	9.7256	5922
Brignano Gera d'Adda	IT	45.5432	9.6442	5920
Capraia e Limite	IT	43.7454	10.9834	5920
Ranica	IT	45.7233	9.7134	5920
San Michele Salentino	IT	40.6316	17.6325	5920
Balestrate	IT	38.0513	13.0072	5916
Campofelice di Roccella	IT	37.9927	13.8765	5914
Mandriola-Sant'Agostino	IT	45.3693	11.851	5908
Cles	IT	46.3629	11.0328	5903
Sambuca di Sicilia	IT	37.6529	13.1146	5903
Podenzano	IT	44.9548	9.6831	5901
San Paolo di Civitate	IT	41.7389	15.2608	5898
Langhirano	IT	44.6191	10.2665	5894
Arbus	IT	39.5262	8.5997	5892
Castel di Sangro	IT	41.7839	14.1065	5891
Provaglio d'Iseo	IT	45.6354	10.0447	5885
Pimonte	IT	40.6736	14.5098	5884
Quarto d'Altino	IT	45.5794	12.3733	5880
Girifalco	IT	38.8259	16.4269	5874
Fornacette	IT	43.6702	10.5851	5868
Gerbole	IT	45.0012	7.5067	5868
Poggiardo	IT	40.0532	18.3782	5863
Urbino	IT	43.7262	12.6363	5858
Zuni	IT	41.2172	14.1308	5856
Atri	IT	42.5764	13.989	5854
San Giorgio di Piano	IT	44.6472	11.3745	5850
Gioiosa Ionica	IT	38.3272	16.3041	5849
Lancusi-Penta-Bolano	IT	40.7612	14.7852	5839
Zero Branco	IT	45.5995	12.1638	5838
Lignano Sabbiadoro	IT	45.6759	13.1173	5837
Pedemonte	IT	44.5031	8.9261	5824
Villa di Briano	IT	41.0	14.1607	5824
Monte Compatri	IT	41.8089	12.7378	5821
Setteville	IT	45.9213	11.9311	5820
Pantigliate	IT	45.4353	9.3522	5817
Vergiate	IT	45.7221	8.6953	5814
Orosei	IT	40.3783	9.6925	5807
Frescada	IT	45.6288	12.2367	5800
Pedrengo	IT	45.696	9.7349	5799
Vitinia	IT	41.7912	12.4081	5799
Cormons	IT	45.9553	13.4668	5795
Taormina	IT	37.8536	15.2885	5790
Corcolle	IT	41.9042	12.7365	5788
Ghisalba	IT	45.5935	9.7576	5786
Cambiano	IT	44.9711	7.7745	5784
Dosson	IT	45.636	12.2541	5783
Pignataro Maggiore	IT	41.1901	14.1698	5783
Missaglia	IT	45.7066	9.3347	5781
Fiesso d'Artico	IT	45.4214	12.0294	5779
Orbetello	IT	42.4416	11.2214	5779
Borgonovo Valtidone	IT	45.0144	9.4435	5777
Avigliano	IT	40.7329	15.72	5774
San Donnino	IT	43.7955	11.1465	5772
Poggio Rusco	IT	44.9669	11.1042	5769
Cellole	IT	41.2034	13.8533	5765
Offanengo	IT	45.3789	9.7424	5759
Marina di Gioiosa Ionica	IT	38.3016	16.3315	5756
Paliano	IT	41.7797	13.0766	5748
Cisternino	IT	40.7433	17.4259	5746
Caldiero	IT	45.4144	11.1774	5743
Caselle	IT	45.4113	11.8166	5742
Piazza del Galdo-Sant'Angelo	IT	40.7739	14.717	5742
Ceprano	IT	41.5457	13.5147	5740
Ca' Savio	IT	45.4537	12.4573	5737
Genzano di Lucania	IT	40.8459	16.0312	5736
Mattinata	IT	41.7111	16.0509	5727
Ossi	IT	40.6748	8.5925	5713
Crocetta del Montello	IT	45.8367	12.0336	5709
Massa Marittima	IT	43.0478	10.8929	5707
Petilia Policastro	IT	39.1129	16.7817	5704
Cornuda	IT	45.8315	12.006	5699
Casorate Sempione	IT	45.6708	8.7451	5696
Zogno	IT	45.7938	9.6599	5694
Lido Adriano	IT	44.4167	12.3055	5693
Roggiano Gravina	IT	39.6179	16.1617	5693
Majano	IT	46.1875	13.0616	5690
Sommariva del Bosco	IT	44.7726	7.7818	5685
Barberino di Mugello	IT	43.9993	11.2368	5680
Novi di Modena	IT	44.8897	10.9003	5679
Luco dei Marsi	IT	41.9592	13.4735	5675
Lanzara	IT	40.7747	14.6762	5673
Serravalle Scrivia	IT	44.7228	8.8564	5672
Almenno San Salvatore	IT	45.7497	9.597	5670
Ciserano	IT	45.5879	9.6012	5666
Almè	IT	45.7388	9.6156	5660
Volvera	IT	44.9548	7.5114	5660
Sumirago	IT	45.7365	8.7836	5655
Piana degli Albanesi	IT	37.9937	13.2846	5651
Ostiglia	IT	45.0698	11.135	5648
Cammarata	IT	37.6336	13.6272	5646
Serradifalco	IT	37.4538	13.8805	5642
Cavaria Con Premezzo	IT	45.6925	8.803	5639
Filottrano	IT	43.4355	13.3514	5637
Granarolo dell'Emilia e Viadagola	IT	44.5533	11.4429	5633
Airali	IT	44.8167	7.2516	5619
Olevano Romano	IT	41.8587	13.036	5614
Lettere	IT	40.7049	14.5449	5605
Gatteo-Sant'Angelo	IT	44.1119	12.3914	5603
Susa	IT	45.1368	7.0581	5596
Vicopisano	IT	43.693	10.5836	5593
Grotte	IT	37.4035	13.6989	5592
Sant'Agata Bolognese	IT	44.6602	11.1329	5591
Tricesimo	IT	46.1606	13.2157	5590
Busca	IT	44.5162	7.4766	5588
Brugnera	IT	45.8995	12.5418	5585
Cilavegna	IT	45.3107	8.7447	5583
Salgareda	IT	45.705	12.4883	5574
Massa di Somma	IT	40.8455	14.3751	5573
Bibbiano	IT	44.6629	10.4739	5571
Tavernerio	IT	45.8007	9.1405	5569
Boltiere	IT	45.6009	9.5785	5568
Carloforte	IT	39.1408	8.3039	5560
Castrocaro Terme e Terra del Sole	IT	44.1868	11.9607	5555
Soriano nel Cimino	IT	42.4182	12.2341	5553
Spirano	IT	45.5814	9.6686	5549
Guanzate	IT	45.7276	9.0198	5548
Capena	IT	42.1425	12.5451	5542
Gandino	IT	45.8109	9.8977	5541
Goito	IT	45.2508	10.6612	5538
Amelia	IT	42.5518	12.4208	5537
Carcare	IT	44.3546	8.2904	5537
Adro	IT	45.6206	9.9616	5535
Vernio	IT	44.0476	11.1505	5535
Corsano	IT	39.8891	18.3675	5526
Dairago	IT	45.5658	8.8627	5519
Ascoli Satriano	IT	41.2037	15.5665	5518
Valle Aurina - Ahrntal	IT	46.9962	11.9799	5517
Lipomo	IT	45.7929	9.1202	5508
Montenero di Bisaccia	IT	41.9644	14.781	5508
Santa Caterina Villarmosa	IT	37.5903	14.0355	5507
Calvi Risorta	IT	41.216	14.1309	5499
Urbania	IT	43.6683	12.5209	5499
Cumiana	IT	44.9763	7.3776	5498
Passirano	IT	45.5967	10.0699	5495
Ospedaletto Euganeo	IT	45.2184	11.6035	5494
Ceggia	IT	45.687	12.6423	5493
Presicce	IT	39.9006	18.2628	5482
Sedico	IT	46.1056	12.0933	5478
Breganze	IT	45.7049	11.5607	5470
Borgo Val di Taro	IT	44.489	9.7691	5466
Carugo	IT	45.7085	9.1968	5466
Aviano-Castello	IT	46.0676	12.5832	5465
Cavezzo	IT	44.835	11.0289	5464
Dronero	IT	44.4648	7.3624	5454
Candiolo	IT	44.9586	7.5981	5452
Limena	IT	45.4695	11.8457	5448
Pasian di Prato	IT	46.0467	13.1878	5447
Rudiano	IT	45.4895	9.8861	5445
Bolgare	IT	45.6324	9.8141	5440
Orvieto	IT	42.7192	12.1125	5440
Casarza Ligure	IT	44.2719	9.447	5439
Chiuduno	IT	45.6507	9.8495	5434
Varallo	IT	45.8138	8.2581	5427
Cortina d'Ampezzo	IT	46.5369	12.139	5423
Soncino	IT	45.4003	9.8684	5416
San Giovanni in Marignano	IT	43.9399	12.7117	5409
Traversetolo	IT	44.6424	10.3804	5406
Corigliano Calabro	IT	39.5955	16.5191	5402
Alezio	IT	40.0623	18.0571	5397
Bussoleno	IT	45.1397	7.1443	5396
Vobarno	IT	45.6415	10.4987	5395
Popoli	IT	42.1687	13.83	5394
Pontenure	IT	44.9982	9.7914	5385
Maserà di Padova	IT	45.3183	11.8654	5383
Solbiate Olona	IT	45.6503	8.882	5380
Grazzanise	IT	41.0897	14.0988	5378
Bracigliano	IT	40.8188	14.7077	5375
Camerano	IT	43.5277	13.5526	5368
Sant'Elpidio a Mare	IT	43.2302	13.6882	5365
Grassano	IT	40.6346	16.2779	5363
Vipiteno	IT	46.8931	11.4296	5356
Grottaminarda	IT	41.0697	15.0589	5355
Carnago	IT	45.7221	8.8342	5354
Monteiasi	IT	40.4999	17.3826	5350
Torrita di Siena	IT	43.1724	11.7838	5347
Castiglione del Lago	IT	43.1246	12.0398	5344
Castelnuovo del Garda	IT	45.4388	10.7598	5341
Arienzo	IT	41.0273	14.4977	5333
Ala	IT	45.7607	11.0046	5331
Montorio	IT	45.4583	11.0659	5330
Roveredo in Piano	IT	46.0085	12.6194	5323
Samassi	IT	39.4821	8.9054	5321
Albissola Marina	IT	44.329	8.503	5314
Corigliano d'Otranto	IT	40.1593	18.256	5313
Mugnano del Cardinale	IT	40.9425	14.6361	5312
San Benedetto Po	IT	45.0461	10.9337	5312
Iseo	IT	45.6588	10.0502	5311
Camposano	IT	40.9524	14.5299	5309
Poggio Renatico	IT	44.7658	11.487	5306
Vanzaghello	IT	45.5796	8.7823	5303
Nole	IT	45.2416	7.5698	5298
Cambiago	IT	45.5804	9.4353	5283
Vazzola	IT	45.8351	12.4085	5283
Narni	IT	42.5196	12.5276	5279
Marmirolo	IT	45.2193	10.7561	5276
Vado Centro	IT	44.2686	8.4322	5276
Besnate	IT	45.6986	8.7673	5272
Capranica	IT	42.2585	12.1728	5271
Capiago-Intimiano-Olmeda	IT	45.769	9.1276	5270
Sessa Aurunca	IT	41.2399	13.9297	5269
Lavena Ponte Tresa	IT	45.9671	8.8573	5268
Maiori	IT	40.6485	14.6407	5268
Zelarino	IT	45.5151	12.2079	5260
Lovere	IT	45.8138	10.07	5255
Albizzate	IT	45.727	8.8031	5251
Pisogne	IT	45.8078	10.1102	5248
Montanaro	IT	45.2327	7.8549	5244
Siziano	IT	45.3161	9.2036	5244
Torreglia	IT	45.3362	11.7361	5241
Santorso	IT	45.7338	11.3879	5236
Monteforte d'Alpone	IT	45.4201	11.2845	5235
Linguaglossa	IT	37.8424	15.1377	5234
Romentino	IT	45.463	8.7181	5234
Palosco	IT	45.5893	9.8365	5233
Eremo	IT	45.1312	10.7427	5232
Sannazzaro de' Burgondi	IT	45.1023	8.9063	5232
Rastignano-Carteria di Sesto	IT	44.4362	11.3569	5231
Busalla	IT	44.5706	8.9454	5216
Mattarello	IT	46.0087	11.1298	5214
San Benigno Canavese	IT	45.2262	7.7843	5214
Cellamare	IT	41.0197	16.9274	5209
Pontremoli	IT	44.3751	9.8789	5208
Caluso	IT	45.3047	7.891	5203
Calcinelli	IT	43.754	12.9196	5198
Rossano	IT	39.5762	16.6345	5194
Trenzano	IT	45.4773	10.0107	5189
Rosolina	IT	45.0767	12.2298	5185
Tavazzano	IT	45.3278	9.4047	5183
Brusaporto	IT	45.6714	9.7604	5182
Neviano	IT	40.1065	18.1152	5182
Polla	IT	40.5143	15.4971	5182
Decima	IT	44.7105	11.2298	5181
Casorezzo	IT	45.5226	8.9019	5179
Lamporecchio	IT	43.8074	10.8773	5179
Manzano	IT	45.9884	13.3767	5168
Rio Saliceto	IT	44.8115	10.8041	5167
Larino	IT	41.8045	14.9184	5164
Scarperia	IT	43.9936	11.3542	5163
Rosate	IT	45.3496	9.0166	5158
Noventa di Piave	IT	45.6598	12.5332	5154
Teano	IT	41.2513	14.0665	5154
Calcinate	IT	45.6198	9.7984	5152
Ceriale	IT	44.0913	8.2289	5152
Altavilla Milicia	IT	38.038	13.5495	5151
Ceriano Laghetto	IT	45.6293	9.0802	5149
Arbizzano-Santa Maria	IT	45.4949	10.9383	5148
Stornara	IT	41.2867	15.77	5144
Formello	IT	42.0625	12.3943	5143
San Cipirello	IT	37.9607	13.1773	5136
Torchiarolo	IT	40.4835	18.0512	5136
Cosio Valtellino	IT	46.1351	9.5516	5135
Castiglione Torinese	IT	45.1191	7.8071	5131
Diano Marina	IT	43.9109	8.0803	5130
Cerda	IT	37.9058	13.815	5129
Bagno a Ripoli	IT	43.7512	11.3225	5121
Bientina	IT	43.7083	10.6212	5121
Bottanuco	IT	45.6393	9.509	5121
Cotronei	IT	39.1594	16.7769	5121
Barzanò	IT	45.7326	9.3136	5120
Telese Terme	IT	41.2175	14.5268	5120
Bregnano	IT	45.6978	9.0593	5113
Canzo	IT	45.8487	9.2706	5109
Fabrica di Roma	IT	42.3344	12.2987	5108
Montorio al Vomano	IT	42.5812	13.6372	5107
Boretto	IT	44.9016	10.5515	5106
San Gregorio di Catania	IT	37.5676	15.1112	5100
Tuglie	IT	40.0735	18.0987	5100
Fragagnano	IT	40.4302	17.4755	5098
Soleto	IT	40.1878	18.2063	5098
Montebello Vicentino	IT	45.4592	11.3827	5097
Pineto	IT	42.6088	14.0664	5096
Cagli	IT	43.5477	12.6523	5094
San Nicolò a Tordino	IT	42.6965	13.7971	5092
Ponte nelle Alpi-Polpet	IT	46.1883	12.2783	5089
Villadose	IT	45.0722	11.899	5086
Mirabella Imbaccari	IT	37.327	14.446	5085
Alessano	IT	39.8938	18.3322	5078
Villa Pigna	IT	42.8332	13.6345	5077
Torre a Mare	IT	41.0833	17.0	5070
Villanuova sul Clisi	IT	45.5994	10.4527	5067
Villa Raspa	IT	42.4554	14.1846	5059
Lagonegro	IT	40.1279	15.7621	5056
Bisignano	IT	39.5073	16.2811	5055
Martignacco	IT	46.0931	13.1397	5050
Pozzuolo Martesana	IT	45.514	9.4563	5050
Donoratico	IT	43.1693	10.5674	5046
Tecchiena	IT	41.6882	13.3454	5044
Gorla Maggiore	IT	45.6639	8.8954	5043
Gagliano del Capo	IT	39.8432	18.3696	5042
Soave	IT	45.4196	11.2459	5035
Casalbordino-Miracoli	IT	42.1535	14.5991	5028
Caponago	IT	45.5665	9.3758	5027
Fossò	IT	45.3858	12.0463	5021
Ceglie del Campo	IT	41.05	16.8667	5018
Narni Scalo	IT	42.5362	12.5168	5010
Almese-Rivera	IT	45.1191	7.4011	5009
Marina di Andora	IT	43.9535	8.1546	5008
Terme	IT	38.1359	15.1566	5002
Panzano	IT	45.7961	13.5325	5001
Saint Helier	JE	49.188	-2.1049	28000
St Lawrence	JE	49.2158	-2.1414	5561
Le Hocq	JE	49.1682	-2.0618	0
Tripoli	LB	34.4335	35.8441	229398
Aarsâl	LB	34.1794	36.4208	50000
Baalbek	LB	34.0058	36.2181	30916
El Hermel	LB	34.3942	36.3847	22250
Byblos	LB	34.1211	35.6481	20784
Bsharri	LB	34.2508	36.0106	20000
Batroûn	LB	34.2553	35.6581	10852
Boudaï	LB	34.0611	36.0611	8000
Hrajel	LB	34.0172	35.7924	8000
Chaat	LB	34.1422	36.2311	6322
Deïr el Ahmar	LB	34.1253	36.1311	5947
Halba	LB	34.5428	36.0797	4500
Schaan	LI	47.165	9.5087	5998
Triesen	LI	47.1075	9.5282	5230
Vaduz	LI	47.1415	9.5215	5197
Balzers	LI	47.0666	9.5036	4628
Eschen	LI	47.2107	9.5222	4459
Mauren	LI	47.218	9.5442	4404
Triesenberg	LI	47.1181	9.542	2643
Ruggell	LI	47.238	9.5254	2295
Gamprin	LI	47.2204	9.5093	1663
Schellenberg	LI	47.2312	9.5468	1091
Planken	LI	47.1852	9.5444	478
Vilnius	LT	54.6892	25.2798	542366
Kaunas	LT	54.9016	23.9091	289380
Klaipėda	LT	55.7068	21.1391	172292
Šiauliai	LT	55.9333	23.3167	99462
Panevėžys	LT	55.7319	24.3598	85885
Alytus	LT	54.3957	24.0389	49195
Marijampolė	LT	54.5579	23.35	34975
Mazeikiai	LT	56.3167	22.3333	32470
Jonava	LT	55.0801	24.2754	26423
Utena	LT	55.4978	25.6046	25397
Kėdainiai	LT	55.2878	23.9728	22677
Telsiai	LT	55.9814	22.2472	21294
Taurage	LT	55.2522	22.2897	21203
Ukmerge	LT	55.25	24.75	20154
Plunge	LT	55.9114	21.8442	18904
Palanga	LT	55.9175	21.0686	18207
Visaginas	LT	55.5968	26.4398	18024
Kretinga	LT	55.8888	21.2445	17249
Gargždai	LT	55.7095	21.3944	16433
Radviliskis	LT	55.8167	23.5333	16344
Silute	LT	55.3489	21.4831	14968
Birzai	LT	56.2	24.75	14911
Elektrėnai	LT	54.7854	24.663	13501
Druskininkai	LT	54.0157	23.987	12055
Naujoji Akmene	LT	56.3167	22.9	11922
Rokiškis	LT	55.9587	25.5947	11765
Joniškis	LT	56.2394	23.6154	11113
Kuršėnai	LT	56.0032	22.9366	10829
Anykščiai	LT	55.5256	25.1026	10575
Jurbarkas	LT	55.0756	22.7642	10186
Lentvaris	LT	54.6436	25.0516	10004
Garliava	LT	54.8214	23.8713	9873
Kaišiadorys	LT	54.8653	24.4682	9867
Raseiniai	LT	55.3797	23.1239	9686
Vilkaviskis	LT	54.6517	23.0322	9444
Prienai	LT	54.636	23.9459	8610
Kupiskis	LT	55.8403	24.9798	8263
Kelmė	LT	55.6301	22.9349	8245
Varėna	LT	54.2155	24.5754	7892
Širvintos	LT	55.044	24.9545	7321
Molėtai	LT	55.2247	25.4169	7243
Šalčininkai	LT	54.3086	25.3868	6891
Pabradė	LT	54.981	25.761	6375
Pasvalys	LT	56.0625	24.3997	6361
Zarasai	LT	55.7323	26.2511	6051
Kazlų Rūda	LT	54.749	23.49	5666
Kybartai	LT	54.6386	22.7632	5631
Švenčionys	LT	55.135	26.159	5538
Trakai	LT	54.6378	24.9343	5530
Skuodas	LT	56.2706	21.5321	5508
Domeikava	LT	54.9676	23.9161	5215
Ignalina	LT	55.3406	26.1605	5106
Nemenčinė	LT	54.8478	25.4699	5054
Luxembourg	LU	49.6098	6.1327	76684
Esch-sur-Alzette	LU	49.4958	5.9806	36625
Dudelange	LU	49.4806	6.0875	18013
Belvaux	LU	49.5101	5.9241	8329
Schifflange	LU	49.5064	6.0128	8155
Walferdange	LU	49.6632	6.1322	7819
Rodange	LU	49.5464	5.8408	7774
Bettembourg	LU	49.5186	6.1028	7437
Diekirch	LU	49.8669	6.1545	7295
Pétange	LU	49.5583	5.8806	7187
Soleuvre	LU	49.5215	5.9378	6420
Ettelbruck	LU	49.8475	6.1042	6364
Strassen	LU	49.6206	6.0733	6006
Howald	LU	49.5839	6.1428	5815
Bertrange	LU	49.6111	6.05	5615
Differdange	LU	49.5242	5.8914	5296
Schengen	LU	49.47	6.362	5196
Grevenmacher	LU	49.6775	6.4402	5092
Mamer	LU	49.6275	6.0233	5017
Wiltz	LU	49.9655	5.9339	4816
Mersch	LU	49.7505	6.1063	3464
Redange-sur-Attert	LU	49.7644	5.89	1164
Riga	LV	56.946	24.1059	742572
Daugavpils	LV	55.8833	26.5333	78126
Liepāja	LV	56.5047	21.0109	67421
Jelgava	LV	56.65	23.7128	54834
Jūrmala	LV	56.968	23.7704	52001
Ventspils	LV	57.3948	21.5612	32723
Rēzekne	LV	56.5103	27.34	26429
Valmiera	LV	57.5411	25.4275	22812
Ogre	LV	56.8162	24.614	22767
Jēkabpils	LV	56.499	25.8574	21014
Mārupe	LV	56.9054	24.0511	19096
Salaspils	LV	56.8601	24.3654	17826
Tukums	LV	56.9676	23.1555	16182
Cēsis	LV	57.3119	25.2746	15020
Sigulda	LV	57.1538	24.8595	14757
Kuldīga	LV	56.974	21.9572	9863
Bauska	LV	56.4071	24.1873	9709
Olaine	LV	56.7958	23.9373	9654
Preiļi	LV	56.2944	26.7246	9553
Saldus	LV	56.6636	22.4881	9553
Talsi	LV	57.2456	22.5814	8673
Dobele	LV	56.6237	23.2751	8536
Aizpute	LV	56.7211	21.6016	8083
Ikšķile	LV	56.834	24.4968	7448
Ludza	LV	56.5337	27.7216	7332
Krāslava	LV	55.8951	27.168	6797
Līvāni	LV	56.3543	26.1758	6790
Baloži	LV	56.8764	24.1182	6780
Ādaži	LV	57.0708	24.3368	6734
Gulbene	LV	57.1777	26.7529	6722
Aizkraukle	LV	56.6048	25.2553	6689
Krustpils	LV	56.5107	25.8612	6680
Madona	LV	56.8533	26.217	6575
Limbaži	LV	57.5129	24.7194	6517
Alūksne	LV	57.4215	27.0467	6188
Ulbroka	LV	56.9363	24.3039	5893
Lielvārde	LV	56.7207	24.8074	5873
Balvi	LV	57.1313	27.2658	5652
Ķekava	LV	56.8266	24.23	5446
Kārsava	LV	56.7841	27.6883	5127
Smiltene	LV	57.4244	25.9016	5073
Valka	LV	57.7752	26.0101	4615
Saulkrasti	LV	57.2622	24.4147	3124
Berģi	LV	56.9864	24.2992	2950
Varakļāni	LV	56.6083	26.7538	1619
Rabat	MA	34.0132	-6.8326	1655753
Fes	MA	34.0331	-5.0003	1191905
Tangier	MA	35.7673	-5.7998	1035141
Salé	MA	34.0531	-6.7985	972299
Oujda	MA	34.6814	-1.9086	539711
Kenitra	MA	34.261	-6.5802	470949
Tétouan	MA	35.5784	-5.3684	415810
Al Hoceïma	MA	35.2516	-3.9372	395644
Nador	MA	35.1681	-2.9335	176600
Taza	MA	34.21	-4.01	162110
Ksar El Kebir	MA	35.0004	-5.9038	138262
Larache	MA	35.1932	-6.1557	136505
Berkane	MA	34.92	-2.32	119284
Taourirt	MA	34.4073	-2.8973	112908
Sidi Slimane	MA	34.2648	-5.926	101541
Guercif	MA	34.2257	-3.3536	99238
Fnidek	MA	35.8491	-5.3575	84558
Sidi Kacem	MA	34.2215	-5.7077	82632
Souk El Arbaa	MA	34.6847	-6.0034	75635
Martil	MA	35.6166	-5.2752	70274
Ouezzane	MA	34.7958	-5.5785	65088
Beni Enzar	MA	35.26	-2.93	61786
Mdiq	MA	35.6831	-5.3287	61398
Tirhanimîne	MA	35.2362	-3.9545	55827
Al Aaroui	MA	35.0109	-3.0094	51976
Sidi Taibi	MA	34.187	-6.6818	51050
Jerada	MA	34.31	-2.16	47507
Chefchaouen	MA	35.1688	-5.2636	46721
El Aïoun	MA	34.5832	-2.5061	45679
Souq Larb’a al Gharb	MA	34.6866	-6.0027	44059
Sidi Yahia El Gharb	MA	34.3049	-6.304	41472
Taounate	MA	34.5366	-4.6401	41075
Imzouren	MA	35.1464	-3.8506	40000
Zaïo	MA	34.9428	-2.7329	39099
Zeghanghane	MA	35.1556	-3.0024	37154
Mechraa Bel Ksiri	MA	34.5737	-5.9558	34393
Asilah	MA	35.4652	-6.0342	34011
Sidi Slimane Echcharaa	MA	34.9082	-2.3506	32979
Souk et Tnine Jorf el Mellah	MA	34.4916	-5.5085	31318
Mehdya	MA	34.256	-6.6734	31269
Tahla	MA	34.0496	-4.4216	30279
Bouknadel	MA	34.1185	-6.7389	27577
Gueznaia	MA	35.7021	-5.8904	25771
Selouane	MA	35.0731	-2.9423	23553
Azla	MA	35.553	-5.2447	22985
Ahfir	MA	34.9537	-2.1003	21435
Karia Ba Mohamed	MA	34.3709	-5.2138	20487
Bni Bouayach	MA	35.1051	-3.8403	19951
Aïn Beni Mathar	MA	34.0097	-2.0324	17787
Sidi Allal El Bahraoui	MA	34.0077	-6.5308	17325
Lalla Mimouna	MA	34.8461	-6.0664	17217
Midar	MA	34.9402	-3.5331	16402
Driouch	MA	34.977	-3.379	16096
Ben Taieb	MA	35.0443	-3.4542	15568
Targuist	MA	34.9377	-4.3186	14621
Bouizazarene Ihaddadene	MA	35.1578	-2.9738	14326
Moulay Driss Zerhoun	MA	34.0555	-5.5213	12683
Tissa	MA	34.2879	-4.6637	12224
Bni Drar	MA	34.8601	-1.9898	11939
Oued Amlil	MA	34.2	-4.28	11362
Sebt Bni Garfett	MA	35.258	-5.8333	11311
Khenichet-sur Ouerrha	MA	34.4404	-5.6788	11241
Aklim	MA	34.92	-2.43	10586
Oued Laou	MA	35.4484	-5.0963	10553
Cap Negro II	MA	35.6597	-5.2852	10000
Saidia	MA	35.0819	-2.229	9587
Zirara	MA	34.241	-5.7424	8735
Had Kourt	MA	34.6159	-5.7404	8564
Laouamra	MA	35.0694	-6.0884	8509
Ras Kebdana	MA	35.1407	-2.4245	8277
Moulay Bousselham	MA	34.8816	-6.2946	8050
Melqa el Ouidane	MA	34.5596	-3.0232	8009
Ain Aicha	MA	34.461	-4.6903	7759
Douar el Caïd el Gueddari	MA	34.4212	-6.091	7254
Ben Qarrich	MA	35.5109	-5.4205	7021
Ghafsaï	MA	34.628	-4.9127	6946
Khemis Sahel	MA	35.2534	-6.0796	6816
Bab Taza	MA	35.0617	-5.1983	6448
Had Oulad Zbair	MA	34.2894	-4.3195	6099
Kariat Arkmane	MA	35.1071	-2.7469	5882
Ajdir	MA	35.1954	-3.9117	5802
Dhar Souk	MA	34.652	-4.2792	5658
Boureït	MA	34.9983	-4.893	5434
Ain Karma	MA	34.0066	-5.6157	5372
Sidi Allal Tazi	MA	34.5226	-6.322	5317
Tiztoutine	MA	34.9716	-3.1527	5224
Moulay Yacoub	MA	34.0879	-5.1817	5036
Monaco	MC	43.7372	7.4215	32965
Chisinau	MD	47.009	28.8594	635994
Tiraspol	MD	46.8428	29.6284	157000
Bălţi	MD	47.7629	27.9285	125000
Bender	MD	46.8316	29.4767	110175
Rîbniţa	MD	47.7682	29.01	55455
Cahul	MD	45.9046	28.1952	34492
Ungheni	MD	47.2102	27.8001	34422
Soroca	MD	48.1566	28.2849	27423
Durleşti	MD	47.0216	28.763	26308
Orhei	MD	47.385	28.8254	24918
Dubăsari	MD	47.2656	29.1667	23254
Comrat	MD	46.2949	28.6571	22911
Edineţ	MD	48.1732	27.3008	22872
Ceadîr-Lunga	MD	46.0617	28.8308	22700
Căuşeni	MD	46.6374	29.4109	21690
Strășeni	MD	47.1422	28.6077	19225
Hînceşti	MD	46.8309	28.59	16900
Floreşti	MD	47.8917	28.2934	16759
Drochia	MD	48.0369	27.8124	16080
Codru	MD	46.9765	28.819	15934
Bilicenii Vechi	MD	47.6558	28.0473	15479
Slobozia	MD	46.7293	29.7045	15356
Ialoveni	MD	46.9436	28.7815	14915
Sîngerei	MD	47.6369	28.1407	14600
Fălești	MD	47.5767	27.7126	14377
Vulcăneşti	MD	45.6849	28.4061	14352
Leova	MD	46.4819	28.253	14301
Briceni	MD	48.3563	27.7029	14132
Călăraşi	MD	47.2555	28.3095	14066
Taraclia	MD	45.9032	28.6663	13512
Congaz	MD	46.1074	28.593	13406
Rîşcani	MD	47.9483	27.5667	12893
Cimişlia	MD	46.5263	28.7649	12464
Nisporeni	MD	47.0802	28.171	11718
Camenca	MD	48.0323	28.699	11072
Basarabeasca	MD	46.3335	28.9616	10809
Dnestrovsc	MD	46.624	29.906	10426
Glodeni	MD	47.7747	27.5175	10146
Dancu	MD	46.7582	28.2072	10000
Briceni	MD	48.363	27.0785	9900
Rezina	MD	47.7486	28.9677	9806
Hryhoriopol	MD	47.1541	29.3001	9456
Donduşeni	MD	48.2427	27.6101	9435
Ocniţa	MD	48.3823	27.4386	9325
Mîndreşti	MD	47.5052	28.2769	9280
Chiţcani	MD	46.783	29.6168	9000
Otaci	MD	48.44	27.79	8400
Anenii Noi	MD	46.8779	29.235	8250
Ştefan Vodă	MD	46.5129	29.6622	7700
Cricova	MD	47.1384	28.8616	7400
Pervomaisc	MD	46.7325	29.9617	7300
Blijnii Hutor	MD	46.8875	29.6465	7292
Sîngera	MD	46.9156	28.9667	7200
Criuleni	MD	47.2134	29.1585	6932
Ciorescu	MD	47.13	28.8894	6870
Teleneşti	MD	47.5018	28.3648	6633
Şoldăneşti	MD	47.8162	28.7984	6160
Tvardița	MD	46.1483	28.9649	5800
Stăuceni	MD	47.0964	28.8679	5700
Iargara	MD	46.4252	28.4268	5600
Vadul lui Vodă	MD	47.0901	29.0757	5300
Cocieri	MD	47.3017	29.1176	4151
Cantemir	MD	46.2775	28.2005	3829
Podgorica	ME	42.4412	19.2631	236852
Nikšić	ME	42.7731	18.9445	58212
Herceg Novi	ME	42.4531	18.5375	19536
Pljevlja	ME	43.3567	19.3584	19489
Budva	ME	42.2872	18.8392	18000
Bar	ME	42.0937	19.0984	15868
Bijelo Polje	ME	43.0383	19.7476	15400
Cetinje	ME	42.3906	18.9142	15137
Berane	ME	42.8433	19.8728	11073
Ulcinj	ME	41.9294	19.2244	10828
Rožaje	ME	42.833	20.1665	9121
Tivat	ME	42.4362	18.6936	6280
Dobrota	ME	42.4542	18.7683	5435
Kotor	ME	42.4207	18.7682	5345
Danilovgrad	ME	42.5538	19.1461	5208
Mojkovac	ME	42.9604	19.5833	4120
Tuzi	ME	42.3658	19.3297	3789
Plav	ME	42.5969	19.9442	3615
Golubovci	ME	42.3352	19.231	3110
Kolašin	ME	42.8223	19.5165	2989
Žabljak	ME	43.1542	19.1232	1937
Gusinje	ME	42.5619	19.8339	1673
Plužine	ME	43.1521	18.839	1494
Andrijevica	ME	42.7339	19.7919	1073
Šavnik	ME	42.9569	19.0961	633
Petnjica	ME	42.9097	19.9636	0
Skopje	MK	41.9965	21.4314	474889
Kumanovo	MK	42.1328	21.7158	75051
Prilep	MK	41.3456	21.5537	73814
Bitola	MK	41.0323	21.3355	69287
Čair	MK	42.0153	21.4411	64773
Tetovo	MK	42.0099	20.9714	63176
Kisela Voda	MK	41.9489	21.5028	58216
Veles	MK	41.7172	21.772	57873
Gostivar	MK	41.7963	20.908	50974
Shtip	MK	41.7458	22.1958	48279
Centar Župa	MK	41.4785	20.5594	45412
Ohrid	MK	41.117	20.8017	42033
Kavadarci	MK	41.4334	22.0122	38799
Struga	MK	41.1779	20.6789	37387
Butel	MK	42.0308	21.4467	36154
Kochani	MK	41.9164	22.4128	34258
Strumica	MK	41.4376	22.6429	33825
Kičevo	MK	41.5127	20.9587	31123
Lipkovo	MK	42.157	21.5856	28102
Zelino	MK	41.9803	21.0642	25422
Radovis	MK	41.6383	22.4647	24984
Tearce	MK	42.0759	21.0518	23096
Kriva Palanka	MK	42.202	22.3339	20820
Šuto Orizare	MK	42.04	21.425	20800
Gevgelija	MK	41.1429	22.5011	20664
Negotino	MK	41.4846	22.0906	19515
Studeničani	MK	41.9221	21.5348	18219
Vinica	MK	41.8812	22.5107	18218
Debar	MK	41.5229	20.522	18074
Negotino	MK	41.8779	20.8839	17518
Delcevo	MK	41.9672	22.7694	17415
Resen	MK	41.09	21.0088	16539
Ilinden	MK	41.993	21.5808	16406
Brvenica	MK	41.9671	20.9809	16267
Kamenjane	MK	41.9457	20.9289	15376
Bogovinje	MK	41.9224	20.9153	15166
Berovo	MK	41.7018	22.8572	13847
Sveti Nikole	MK	41.8696	21.9527	13292
Арачиново	MK	42.0268	21.5628	12800
Probishtip	MK	42.0031	22.1786	12702
Cegrane	MK	41.8389	20.9758	12523
Bosilovo	MK	41.4406	22.7279	12447
Vasilevo	MK	41.4742	22.6451	12382
Zajas	MK	41.6072	20.9383	12218
Novo Selo	MK	41.4154	22.8834	11818
Kondovo	MK	42.0115	21.3143	11656
Dolneni	MK	41.4246	21.4546	11534
Dračevo	MK	41.9367	21.5217	10605
Kratovo	MK	42.0791	22.1817	10288
Dolna Banjica	MK	41.7861	20.9061	10147
Sopište	MK	41.9556	21.4294	9460
Rostusa	MK	41.61	20.6	9147
Radishani	MK	42.0611	21.4478	9123
Labunista	MK	41.2686	20.5961	8805
Vrapčište	MK	41.8348	20.8857	8652
Chucher-Sandevo	MK	42.1036	21.3822	8646
Velesta	MK	41.2408	20.6439	8646
Bogdanci	MK	41.2036	22.5759	8636
Delogožda	MK	41.2573	20.7218	8413
Петровец	MK	41.9389	21.615	8298
Šipkovica	MK	42.035	20.9156	8228
Džepčište	MK	42.0329	20.9982	8166
Makedonska Kamenica	MK	42.0214	22.5898	8114
Jegunovce	MK	42.0724	21.1231	7313
Vrutok	MK	41.7686	20.8392	5999
Krivogashtani	MK	41.3361	21.3331	5899
Makedonski Brod	MK	41.5133	21.2164	5607
Krusevo	MK	41.3689	21.2489	5211
Plasnica	MK	41.4679	21.1227	4574
Demir Kapija	MK	41.4063	22.2431	4451
Mogila	MK	41.1081	21.379	4392
Старо Нагоричане	MK	42.1981	21.8286	4112
Rosoman	MK	41.5167	21.9459	4106
Rankovce	MK	42.1696	22.1162	4071
Zelenikovo	MK	41.8838	21.5896	4020
Karbinci	MK	41.8177	22.2325	3900
Valandovo	MK	41.3176	22.563	3798
Gradsko	MK	41.5785	21.9426	3737
Konče	MK	41.4953	22.3855	3475
Star Dojran	MK	41.1869	22.7186	3348
Zrnovci	MK	41.8554	22.4445	3236
Čaška	MK	41.6506	21.6622	2878
Lozovo	MK	41.7836	21.9062	2836
Belčišta	MK	41.3035	20.8299	2804
Pehčevo	MK	41.7625	22.8898	2440
Vevčani	MK	41.2404	20.5928	2429
Novaci	MK	41.042	21.4587	2357
Demir Hisar	MK	41.2203	21.204	2283
San Pawl il-Baħar	MT	35.9506	14.4156	32042
Birkirkara	MT	35.8971	14.4611	24356
Mosta	MT	35.9094	14.4257	23482
Sliema	MT	35.9125	14.5017	22591
Qormi	MT	35.876	14.472	16801
Żabbar	MT	35.8769	14.5359	15648
Naxxar	MT	35.9137	14.4438	14890
San Ġwann	MT	35.9056	14.4761	14720
Swieqi	MT	35.9215	14.48	14452
San Ġiljan	MT	35.9184	14.4898	13792
Imsida	MT	35.8925	14.4828	13713
Birżebbuġa	MT	35.8255	14.5268	12915
Fgura	MT	35.8703	14.5133	12877
Rabat	MT	35.8815	14.3987	11936
Gżira	MT	35.9058	14.4881	11669
Żejtun	MT	35.8555	14.5334	11549
Mellieħa	MT	35.9566	14.3626	11389
Attard	MT	35.8897	14.4425	11377
Haz-Zebbug	MT	35.8719	14.4411	11079
Żurrieq	MT	35.8296	14.4759	10962
Marsaskala	MT	35.8622	14.567	10024
Ħamrun	MT	35.8845	14.485	9743
Siġġiewi	MT	35.8555	14.4361	8721
Paola	MT	35.873	14.499	8706
Tarxien	MT	35.8656	14.5151	8627
Santa Venera	MT	35.89	14.4729	7590
Valletta	MT	35.8997	14.5148	6794
Victoria	MT	36.0447	14.2412	6596
Luqa	MT	35.8599	14.489	6162
Cospicua	MT	35.8856	14.5275	6096
Marsa	MT	35.8792	14.4946	5454
Pietà	MT	35.893	14.4936	4892
Għaxaq	MT	35.8493	14.5169	4860
Balzan	MT	35.9021	14.4521	4689
Nadur	MT	36.0379	14.2938	3933
Pembroke	MT	35.9302	14.4779	3842
Imġarr	MT	35.9215	14.365	3802
Dingli	MT	35.8615	14.3821	3711
Xagħra	MT	36.05	14.2642	3680
Marsaxlokk	MT	35.8421	14.543	3660
L-Iklin	MT	35.9041	14.4542	3422
Mqabba	MT	35.8476	14.4682	3339
Xewkija	MT	36.0341	14.2559	3303
Lija	MT	35.9005	14.4463	3202
Gudja	MT	35.8505	14.5059	3184
Qrendi	MT	35.8345	14.4578	3148
Kalkara	MT	35.8892	14.5328	3059
Għajnsielem	MT	36.0257	14.2864	2931
Hal Gharghur	MT	35.9241	14.4512	2857
Senglea	MT	35.8878	14.5159	2720
Imtarfa	MT	35.8924	14.3982	2615
Vittoriosa	MT	35.8916	14.5176	2489
Kirkop	MT	35.8423	14.4856	2397
Safi	MT	35.8331	14.4849	2280
Floriana	MT	35.8958	14.5083	2032
Ta’ Xbiex	MT	35.8991	14.4946	2012
Xgħajra	MT	35.8856	14.5475	1830
Żebbuġ	MT	36.0719	14.237	1770
Munxar	MT	36.0305	14.2347	1707
Sannat	MT	36.0245	14.2428	1681
Kerċem	MT	36.0416	14.2269	1627
Għarb	MT	36.0597	14.2092	1298
Fontana	MT	36.038	14.236	922
San Lawrenz	MT	36.0554	14.2039	530
Imdina	MT	35.8864	14.4031	193
Rotterdam	NL	51.9225	4.4792	868135
Amsterdam	NL	52.374	4.8897	741636
The Hague	NL	52.0767	4.2986	474292
Utrecht	NL	52.0908	5.1222	376435
Groningen	NL	53.2192	6.5667	244807
Eindhoven	NL	51.4408	5.4778	235691
Tilburg	NL	51.5555	5.0913	221947
Breda	NL	51.5866	4.776	184126
Nijmegen	NL	51.8425	5.8528	177359
Almere Stad	NL	52.3702	5.2141	176432
Haarlem	NL	52.3808	4.6368	162543
Arnhem	NL	51.98	5.9111	162424
's-Hertogenbosch	NL	51.6992	5.3042	160783
Enschede	NL	52.2183	6.8958	153655
Zaanstad	NL	52.4531	4.8136	140085
Amersfoort	NL	52.155	5.3875	139914
Apeldoorn	NL	52.21	5.9694	136670
Hoofddorp	NL	52.3025	4.6889	132734
Zwolle	NL	52.5125	6.0944	129840
Leeuwarden	NL	53.2027	5.8097	124481
Maastricht	NL	50.8483	5.6889	122378
Leiden	NL	52.1583	4.4931	119713
Dordrecht	NL	51.81	4.6736	119260
Zoetermeer	NL	52.0575	4.4931	115845
Venlo	NL	51.37	6.1681	101988
Deventer	NL	52.255	6.1639	97331
Delft	NL	52.0067	4.3556	95060
Alkmaar	NL	52.6317	4.7486	94853
Heerlen	NL	50.8837	5.9815	93084
Hilversum	NL	52.2233	5.1764	83640
Hengelo	NL	52.2658	6.7931	82311
Purmerend	NL	52.505	4.9597	80117
Lelystad	NL	52.5083	5.475	79811
Amstelveen	NL	52.3008	4.8639	79639
Roosendaal	NL	51.5308	4.4653	77725
Oss	NL	51.765	5.5181	76430
Schiedam	NL	51.9192	4.3889	75438
Spijkenisse	NL	51.845	4.3292	74988
Helmond	NL	51.4817	5.6611	74740
Vlaardingen	NL	51.9125	4.3417	73798
Almelo	NL	52.3567	6.6625	72725
Gouda	NL	52.0167	4.7083	71952
Zaandam	NL	52.4385	4.8264	71708
Alphen aan den Rijn	NL	52.1292	4.6555	70251
Hoorn	NL	52.6425	5.0597	68852
Assen	NL	52.9967	6.5625	68836
Velsen-Zuid	NL	52.46	4.65	67758
Ede	NL	52.0333	5.6583	67670
Bergen op Zoom	NL	51.495	4.2917	66256
Capelle aan den IJssel	NL	51.9292	4.5778	65255
Nieuwegein	NL	52.0292	5.0806	61489
Veenendaal	NL	52.0286	5.5589	61271
Zeist	NL	52.09	5.2333	60949
Den Helder	NL	52.9599	4.7593	59569
Hardenberg	NL	52.5758	6.6194	57909
Emmen	NL	52.7792	6.9069	57010
Oosterhout	NL	51.645	4.8597	53107
Doetinchem	NL	51.965	6.2889	49906
Kerkrade	NL	50.8658	6.0625	49777
Kampen	NL	52.555	5.9111	48980
Weert	NL	51.2517	5.7069	48662
Woerden	NL	52.085	4.8833	48431
Sittard	NL	50.9983	5.8694	48400
Heerhugowaard	NL	52.6714	4.8486	47580
Rijswijk	NL	52.0363	4.325	47299
Middelburg	NL	51.5	3.6139	46485
Emmeloord	NL	52.7108	5.7486	46409
Zwijndrecht	NL	51.8175	4.6333	45696
Waalwijk	NL	51.6825	5.0708	45610
Vlissingen	NL	51.4425	3.5736	45273
Ridderkerk	NL	51.8725	4.6028	45189
Drachten	NL	53.1125	6.0989	45186
Soest	NL	52.1733	5.2917	45021
Roermond	NL	51.1942	5.9875	44975
Heerenveen	NL	52.9593	5.9185	43094
Medemblik	NL	52.7717	5.1056	41500
Huizen	NL	52.2992	5.2417	41273
Tiel	NL	51.8867	5.4292	40702
Harderwijk	NL	52.3417	5.6208	40516
Maarssen	NL	52.1392	5.0417	39675
Heemskerk	NL	52.5111	4.6716	39191
Venray	NL	51.525	5.975	39047
Hoogeveen	NL	52.7225	6.4764	38754
Barendrecht	NL	51.8567	4.5347	38672
Nijkerk	NL	52.22	5.4861	38335
Voorburg	NL	52.0742	4.3597	38000
Beverwijk	NL	52.4833	4.6569	37585
Goes	NL	51.5042	3.8889	36931
Zutphen	NL	52.1383	6.2014	36188
Wageningen	NL	51.97	5.6667	35433
Castricum	NL	52.5483	4.6694	35256
Barneveld	NL	52.14	5.5847	35095
Hoogvliet	NL	51.8633	4.3625	34950
Gorinchem	NL	51.8365	4.9724	34736
Uden	NL	51.6608	5.6194	34601
IJsselstein	NL	52.02	5.0431	33886
Epe	NL	52.3475	5.9833	33385
Sneek	NL	53.033	5.6589	32811
Geleen	NL	50.9742	5.8292	32790
Maassluis	NL	51.9233	4.25	32780
Wijchen	NL	51.8092	5.725	32693
IJmuiden	NL	52.4603	4.6105	31925
Papendrecht	NL	51.8317	4.6875	31621
Nieuw-Vennep	NL	52.2642	4.6306	31415
Oldenzaal	NL	52.3133	6.9292	31410
Bussum	NL	52.2733	5.1611	31334
Valkenswaard	NL	51.3508	5.4597	31071
Meppel	NL	52.6958	6.1944	30697
Ypenburg	NL	52.041	4.3698	30000
Bergen	NL	52.6692	4.7042	29715
Winterswijk	NL	51.9725	6.7194	29623
Boxtel	NL	51.5908	5.3292	29511
Brunssum	NL	50.9467	5.9708	29254
Leusden	NL	52.1325	5.4319	29215
Best	NL	51.5075	5.3903	29074
Krimpen aan den IJssel	NL	51.9167	4.6028	29017
Delfzijl	NL	53.33	6.9181	28649
Veendam	NL	53.1067	6.8792	28155
Dronten	NL	52.525	5.7181	28073
Terneuzen	NL	51.3358	3.8278	27930
Geldrop	NL	51.4217	5.5597	27900
Rijssen	NL	52.3067	6.5181	27740
Uithoorn	NL	52.2375	4.8264	26846
Culemborg	NL	51.955	5.2278	26826
Dalfsen	NL	52.5117	6.2569	26575
Zaltbommel	NL	51.81	5.2444	26383
Zevenaar	NL	51.93	6.0708	26063
Oisterwijk	NL	51.5792	5.1889	25980
Leiderdorp	NL	52.1583	4.5292	25966
Geldermalsen	NL	51.8808	5.2889	25734
Heemstede	NL	52.3499	4.623	25562
Beuningen	NL	51.8608	5.7667	25557
Duiven	NL	51.9467	6.0139	25469
Dongen	NL	51.6267	4.9389	25464
Wassenaar	NL	52.1458	4.4028	25353
Veghel	NL	51.6167	5.5486	25352
Wierden	NL	52.3592	6.5931	25342
Waddinxveen	NL	52.045	4.6514	25338
Vught	NL	51.6533	5.2875	25043
Hoensbroek	NL	50.9239	5.9253	25000
Nijverdal	NL	52.36	6.4681	25000
Baarn	NL	52.2117	5.2875	24584
Noordwijk-Binnen	NL	52.234	4.4447	24363
Diemen	NL	52.3396	4.9626	24361
Assendelft	NL	52.4683	4.7431	24230
Heiloo	NL	52.6025	4.6882	24144
Haaksbergen	NL	52.1567	6.7389	24137
Borne	NL	52.3014	6.7482	23877
Sliedrecht	NL	51.8208	4.7764	23854
Steenbergen	NL	51.5842	4.3194	23582
Oud-Beijerland	NL	51.8242	4.4125	23569
Bilthoven	NL	52.13	5.2014	23248
Schijndel	NL	51.6225	5.4319	23239
Nuenen	NL	51.47	5.5528	23223
Putten	NL	52.2592	5.6069	23168
Loon op Zand	NL	51.6275	5.075	23000
Scheveningen	NL	52.1046	4.2756	23000
Aalsmeer	NL	52.2592	4.7597	22991
Goirle	NL	51.5208	5.0667	22646
Voorschoten	NL	52.1275	4.4486	22468
Losser	NL	52.2608	7.0042	22431
Lisse	NL	52.26	4.5569	22321
Borssele	NL	51.4233	3.7347	22285
Urk	NL	52.6625	5.6014	22173
De Meern	NL	52.0817	5.0361	22116
Volendam	NL	52.495	5.0708	22000
Hellevoetsluis	NL	51.8333	4.1333	21927
Elburg	NL	52.4475	5.8431	21844
Hoogezand	NL	53.1617	6.7611	21480
Brummen	NL	52.09	6.1556	21344
Oegstgeest	NL	52.18	4.4694	21149
Hendrik-Ido-Ambacht	NL	51.8442	4.6389	21027
Geertruidenberg	NL	51.7017	4.8569	20941
Leerdam	NL	51.8933	5.0917	20758
Elst	NL	51.9192	5.8417	20488
Tubbergen	NL	52.4075	6.7847	20334
Tegelen	NL	51.3442	6.1361	20190
Berkel en Rodenrijs	NL	51.9931	4.4787	20189
Raalte	NL	52.3858	6.275	20015
Katwijk aan Zee	NL	52.2033	4.3986	20010
Stadskanaal	NL	52.9895	6.9504	20000
Cranendonck	NL	51.3042	5.5889	19966
Vianen	NL	51.9925	5.0917	19931
Schagen	NL	52.7875	4.7986	19890
Huissen	NL	51.9383	5.9333	19725
Leek	NL	53.1625	6.3764	19651
Lichtenvoorde	NL	51.9867	6.5667	19590
Nunspeet	NL	52.3792	5.7861	19496
Wisch	NL	51.9265	6.417	19496
Bodegraven	NL	52.0825	4.75	19395
's-Gravenzande	NL	52.0017	4.1653	19190
Aalten	NL	51.925	6.5806	19141
Zeewolde	NL	52.33	5.5417	19022
Nootdorp	NL	52.045	4.3958	19020
Benthuizen	NL	52.0775	4.5444	18959
Groesbeek	NL	51.7767	5.9361	18741
Pijnacker	NL	52.0195	4.4295	18695
Driebergen-Rijsenburg	NL	52.0533	5.2806	18553
Winschoten	NL	53.1442	7.0347	18506
Hillegom	NL	52.2908	4.5833	18419
Alblasserdam	NL	51.8658	4.6611	18348
Drunen	NL	51.6858	5.1333	18320
Rhoon	NL	51.8575	4.4222	18250
Eersel	NL	51.3575	5.3181	18185
Bergeijk	NL	51.3192	5.3583	18181
Rhenen	NL	51.9592	5.5681	18061
Didam	NL	51.9408	6.1319	17812
Weesp	NL	52.3075	5.0417	17802
Naaldwijk	NL	51.9942	4.2097	17753
Velp	NL	51.995	5.9736	17669
Middelharnis	NL	51.7575	4.1653	17554
Wijk bij Duurstede	NL	51.9742	5.3417	17465
Enkhuizen	NL	52.7033	5.2917	17365
Glanerbrug	NL	52.2158	6.9708	17260
Krommenie	NL	52.4992	4.7625	17240
Steenwijk	NL	52.7875	6.1208	17138
Naarden	NL	52.2958	5.1625	17115
Sint-Oedenrode	NL	51.5675	5.4597	16931
Zandvoort	NL	52.3713	4.5331	16868
Gennep	NL	51.6983	5.9736	16642
Bergschenhoek	NL	51.99	4.4986	16579
Eibergen	NL	52.1	6.6486	16493
Rijen	NL	51.5908	4.9194	16230
Harlingen	NL	53.1748	5.4224	16119
Gemert	NL	51.5558	5.6903	15995
Blerick	NL	51.3717	6.1486	15820
Staphorst	NL	52.645	6.2111	15765
Sassenheim	NL	52.225	4.5222	15510
Velserbroek	NL	52.4328	4.6616	15420
Mijdrecht	NL	52.2067	4.8625	15230
Boskoop	NL	52.075	4.6556	15222
Bennekom	NL	51.9983	5.6764	15160
Julianadorp	NL	52.89	4.7403	15135
Badhoevedorp	NL	52.3372	4.7852	15080
Dieren	NL	52.0512	6.103	14842
Coevorden	NL	52.661	6.7405	14600
Breukelen	NL	52.1742	5.0014	14498
Lopik	NL	51.9725	4.9486	14013
Wezep	NL	52.4617	5.9986	13885
Twello	NL	52.2367	6.1028	13500
Oudenbosch	NL	51.5883	4.5347	13380
Horst	NL	51.4542	6.0514	13365
Wormer	NL	52.495	4.8056	13175
Dedemsvaart	NL	52.6	6.4583	13090
Joure	NL	52.9657	5.803	13090
Wolvega	NL	52.8755	5.9969	13090
Grave	NL	51.759	5.7388	12999
Franeker	NL	53.1855	5.5412	12996
Reeuwijk	NL	52.0467	4.725	12817
Heesch	NL	51.7336	5.5267	12810
Vaassen	NL	52.2858	5.9667	12719
IJsselmuiden	NL	52.5649	5.929	12670
Dokkum	NL	53.3222	5.997	12669
Lunteren	NL	52.085	5.6222	12510
Rozenburg	NL	51.9042	4.2486	12420
Boxmeer	NL	51.6467	5.9472	12407
Appingedam	NL	53.3217	6.8583	12364
Lochem	NL	52.1592	6.4111	12360
Schoonhoven	NL	51.9475	4.8486	12352
Vriezenveen	NL	52.4083	6.6222	12310
Bemmel	NL	51.8917	5.8986	12020
Klazienaveen	NL	52.7242	6.9903	11919
Hattem	NL	52.475	6.0639	11876
Noordwijkerhout	NL	52.2617	4.4931	11875
De Lier	NL	51.975	4.2486	11823
Ommen	NL	52.5208	6.4208	11820
Eijsden	NL	50.78	5.7177	11795
Made	NL	51.6767	4.7931	11795
Uitgeest	NL	52.5292	4.7097	11794
Goedereede	NL	51.8175	3.9806	11597
Monster	NL	52.0258	4.175	11580
Laren	NL	52.2567	5.2278	11508
Doesburg	NL	52.0125	6.1389	11480
Goor	NL	52.2333	6.5861	11460
Hoogkerk	NL	53.2108	6.5014	11405
Koog aan de Zaan	NL	52.4604	4.8046	11306
Woudenberg	NL	52.0808	5.4167	11305
Stein	NL	50.9692	5.7667	11290
Carnisse	NL	51.8893	4.4776	11225
Werkendam	NL	51.81	4.8944	11204
Opmeer	NL	52.7067	4.9444	11183
Oosterbeek	NL	51.9858	5.8458	11138
Prinsenbeek	NL	51.5983	4.7125	10720
Someren	NL	51.385	5.7111	10690
Hoogland	NL	52.1825	5.3736	10587
Bleiswijk	NL	52.0108	4.5319	10549
Zierikzee	NL	51.65	3.9194	10483
Ulft	NL	51.89	6.3778	10440
Landsmeer	NL	52.4308	4.9153	10438
Oirschot	NL	51.505	5.3139	10393
Borculo	NL	52.1158	6.5222	10373
Doorn	NL	52.0334	5.3457	10330
Ermelo	NL	52.2983	5.6222	10255
Eerbeek	NL	52.105	6.0583	10103
Lemmer	NL	52.8462	5.7091	10050
Groenlo	NL	52.0417	6.6111	10000
Nieuwerkerk aan den IJssel	NL	51.9683	4.6097	10000
Heeze	NL	51.3828	5.5714	9945
Haelen	NL	51.2358	5.9569	9935
Halsteren	NL	51.5283	4.2679	9850
Oudewater	NL	52.025	4.8681	9836
Hoevelaken	NL	52.175	5.4583	9800
Bladel	NL	51.3683	5.2208	9785
Oostzaan	NL	52.4392	4.8764	9778
Liesveld	NL	51.9325	4.8319	9767
Burgum	NL	53.1924	5.9901	9720
Voorthuizen	NL	52.1867	5.6056	9710
Genemuiden	NL	52.6233	6.0403	9700
Ter Aar	NL	52.1658	4.7069	9630
Asten	NL	51.4042	5.7486	9535
Nieuw-Lekkerland	NL	51.8892	4.6865	9535
Beilen	NL	52.8633	6.5139	9495
Veldhuizen	NL	52.0754	5.0123	9460
Renkum	NL	51.9767	5.7333	9421
Mierlo	NL	51.44	5.6194	9405
Hoek van Holland	NL	51.9775	4.1333	9400
Haren	NL	53.1721	6.6093	9375
Strijen	NL	51.7452	4.5508	9371
Kudelstaart	NL	52.2342	4.7514	9250
Oosterwolde	NL	52.9916	6.291	9245
Warnsveld	NL	52.1375	6.2306	9200
Bolsward	NL	53.0656	5.5318	9160
Lent	NL	51.8617	5.8667	9160
Denekamp	NL	52.3775	7.0069	9125
s-Gravendeel	NL	51.78	4.6167	9000
De Bilt	NL	52.11	5.1806	8945
Zaandijk	NL	52.4749	4.8069	8868
Heerde	NL	52.3872	6.0402	8850
Scherpenzeel	NL	52.08	5.4889	8820
Anna Paulowna	NL	52.8608	4.8361	8795
Arcen	NL	51.4767	6.1806	8793
Kapelle	NL	51.4863	3.958	8670
Sint Willebrord	NL	51.5483	4.5889	8655
Loosdrecht	NL	52.207	5.071	8600
Vroomshoop	NL	52.4608	6.5653	8480
Beek	NL	50.9408	5.7972	8415
Harmelen	NL	52.09	4.9611	8374
Sappemeer	NL	53.1642	6.7903	8298
Dinxperlo	NL	51.8642	6.4875	8240
Loenen aan de Vecht	NL	52.21	5.0222	8222
Axel	NL	51.2667	3.9083	8149
Emmer-Compascuum	NL	52.8117	7.0472	8130
Lindenheuvel	NL	50.9851	5.8167	8040
Rijnsburg	NL	52.19	4.4417	7990
Heeswijk-Dinther	NL	51.6508	5.475	7985
Ouderkerk aan de Amstel	NL	52.295	4.9075	7955
Zwanenburg	NL	52.38	4.7458	7935
Budel	NL	51.2717	5.575	7895
Hilvarenbeek	NL	51.4858	5.1375	7855
Oosteinde	NL	52.2792	4.7958	7780
Bedum	NL	53.3008	6.6028	7765
Echt	NL	51.1058	5.8736	7760
Neede	NL	52.1342	6.6139	7730
Bolnes	NL	51.895	4.5792	7650
Udenhout	NL	51.6092	5.1431	7650
Oude Pekela	NL	53.1042	7.0097	7580
Enter	NL	52.2942	6.5778	7545
Soesterberg	NL	52.1183	5.2861	7535
Tholen	NL	51.5317	4.2208	7475
Rheden	NL	52.005	6.0292	7400
Edam	NL	52.5121	5.048	7380
Honselersdijk	NL	52.0067	4.2244	7366
Musselkanaal	NL	52.9325	7.0153	7350
Limmen	NL	52.5692	4.6944	7300
Stiens	NL	53.2623	5.7577	7300
Teteringen	NL	51.6092	4.8208	7230
Elsloo	NL	50.9492	5.7708	7220
Nederweert	NL	51.2858	5.7486	7205
Zuidhorn	NL	53.2467	6.4028	7075
Reusel	NL	51.3625	5.1653	7055
Gorredijk	NL	53.0066	6.064	7040
Wehl	NL	51.9608	6.2111	7035
Roden	NL	53.1375	6.4208	7030
Andijk	NL	52.7467	5.2222	7005
Vaals	NL	50.7708	6.0181	6970
Hasselt	NL	52.5927	6.0953	6959
Vleuten	NL	52.1058	5.0153	6945
Beneden-Leeuwen	NL	51.8825	5.5153	6925
Abcoude	NL	52.2725	4.9694	6920
Delden	NL	52.26	6.7111	6920
Baarle-Nassau	NL	51.4475	4.9292	6845
Zundert	NL	51.4717	4.6556	6835
Panningen	NL	51.3267	5.9792	6710
t Harde	NL	52.4158	5.8792	6685
Raamsdonksveer	NL	51.6967	4.8736	6590
Aalburg	NL	51.7548	5.1316	6588
Kerkdriel	NL	51.7717	5.3347	6580
Yerseke	NL	51.4925	4.05	6541
Amby	NL	50.8621	5.7323	6535
Berghem	NL	51.7699	5.5683	6500
Den Burg	NL	53.0542	4.7972	6485
Swifterbant	NL	52.5683	5.6431	6475
Heino	NL	52.4366	6.2328	6459
Eelde	NL	53.1358	6.5625	6450
Waalre	NL	51.3867	5.4444	6445
Heythuysen	NL	51.25	5.8986	6420
Leersum	NL	52.0117	5.4278	6385
Bunnik	NL	52.0667	5.1986	6315
Gilze	NL	51.5442	4.9403	6300
Mill	NL	51.6883	5.7792	6289
Druten	NL	51.8883	5.6056	6270
Kortenhoef	NL	52.2392	5.1069	6250
Muiden	NL	52.33	5.0694	6223
Zuid-Scharwoude	NL	52.6867	4.8083	6165
Reuver	NL	51.2842	6.0778	6140
Nistelrode	NL	51.7042	5.5625	6090
Sint Pancras	NL	52.66	4.7833	6050
Warmenhuizen	NL	52.7225	4.7375	6030
Nieuw-Loosdrecht	NL	52.1992	5.1389	5970
Schaijk	NL	51.7458	5.6319	5970
Katwijk aan den Rijn	NL	52.1942	4.4222	5940
Ruurlo	NL	52.0883	6.45	5940
Ouddorp	NL	51.8117	3.9347	5930
Terheijden	NL	51.6433	4.7542	5910
Sleeuwijk	NL	51.8158	4.9528	5859
Bathmen	NL	52.25	6.2875	5815
Hoogerheide	NL	51.4242	4.325	5810
Poeldijk	NL	52.0242	4.2194	5800
Zuiderburen	NL	53.1734	5.8427	5790
Zelhem	NL	52.0067	6.3486	5760
Wilnis	NL	52.1967	4.8972	5715
Broek op Langedijk	NL	52.6742	4.8056	5695
Obdam	NL	52.6758	4.9069	5690
Maasbracht	NL	51.1393	5.8863	5680
Noord-Scharwoude	NL	52.6983	4.8111	5665
Grou	NL	53.0946	5.8374	5655
Meerssen	NL	50.8875	5.75	5650
Wijhe	NL	52.3867	6.1347	5640
Westervoort	NL	51.9558	5.9722	5635
Gendt	NL	51.8775	5.9708	5590
Belfeld	NL	51.3125	6.1153	5575
Gaanderen	NL	51.9286	6.3463	5575
Damwâld	NL	53.2905	5.9978	5560
Surhuisterveen	NL	53.1848	6.1703	5550
Generalenbuurt	NL	51.4623	5.4814	5545
Velden	NL	51.4117	6.1681	5535
Helden	NL	51.3192	6.0	5530
Kollum	NL	53.2769	6.1529	5529
Bunde	NL	50.8967	5.7319	5500
Montfoort	NL	52.0458	4.9528	5500
Boekel	NL	51.6033	5.675	5480
Odijk	NL	52.0525	5.2361	5480
Opheusden	NL	51.9317	5.6319	5460
Varsseveld	NL	51.9433	6.4583	5450
Klundert	NL	51.665	4.5347	5405
Doornsteeg	NL	52.23	5.4542	5400
Veldhoven	NL	51.4183	5.4028	5340
Oud Gastel	NL	51.5867	4.4597	5305
Nieuw-Bergen	NL	51.6033	6.0542	5270
Giessendam	NL	51.8326	4.8358	5235
Baarlo	NL	51.3308	6.0944	5215
Leusden-Zuid	NL	52.1175	5.4056	5210
Vaartbroek	NL	51.4795	5.4981	5200
Beek	NL	51.5289	5.6338	5185
Meijel	NL	51.3442	5.8847	5180
Marum	NL	53.1442	6.2625	5170
Bennebroek	NL	52.3208	4.5986	5140
Westzaan	NL	52.4642	4.7722	5131
Aarle-Rixtel	NL	51.5098	5.6384	5125
Buitenpost	NL	53.2517	6.1448	5120
Waspik	NL	51.6867	4.9444	5120
Dinteloord	NL	51.635	4.3694	5105
Amerongen	NL	52.0025	5.4597	5085
Arnemuiden	NL	51.5017	3.675	5075
Blaricum	NL	52.2725	5.2417	5060
Maasbree	NL	51.3575	6.0486	5045
Sevenum	NL	51.4125	6.0375	5035
De Westereen	NL	53.2573	6.0363	5030
Akersloot	NL	52.5608	4.7333	5010
Biddinghuizen	NL	52.455	5.6931	5010
Oslo	NO	59.9127	10.7461	1082575
Bergen	NO	60.393	5.3242	294029
Trondheim	NO	63.4305	10.3951	216518
Stavanger	NO	58.9701	5.7333	151669
Kristiansand	NO	58.1467	7.9956	117237
Drammen	NO	59.7439	10.2045	106013
Lillestrøm	NO	59.956	11.0492	89684
Sandnes	NO	58.8524	5.7352	85386
Fredrikstad	NO	59.2181	10.9298	83761
Sandefjord	NO	59.1312	10.2166	64345
Asker	NO	59.8333	10.4372	61906
Sarpsborg	NO	59.2839	11.1096	59038
Tønsberg	NO	59.2675	10.4076	55387
Ålesund	NO	62.4723	6.1549	52626
Skien	NO	59.2096	9.609	50595
Moss	NO	59.434	10.6577	49668
Tromsø	NO	69.6489	18.9551	41915
Haugesund	NO	59.4138	5.268	40321
Åsane	NO	60.4744	5.325	40146
Nesttun	NO	60.3182	5.3532	35638
Porsgrunn	NO	59.1405	9.6561	34377
Bodø	NO	67.2827	14.3751	34073
Arendal	NO	58.4615	8.7725	30916
Sola	NO	58.8885	5.6528	29541
Hamar	NO	60.7945	11.068	29479
Lillehammer	NO	61.1151	10.4663	29011
Horten	NO	59.4172	10.4834	27178
Grimstad	NO	58.3405	8.5934	24017
Kristiansund	NO	63.1105	7.7279	24013
Larvik	NO	59.0533	10.0352	23113
Molde	NO	62.7375	7.1591	22410
Halden	NO	59.1248	11.3875	21970
Harstad	NO	68.7983	16.5417	20953
Levanger	NO	63.7464	11.2996	20171
Time	NO	58.7333	5.7	19781
Mo i Rana	NO	66.3128	14.1428	18866
Tromsdalen	NO	69.65	19.0167	18291
Kongsberg	NO	59.6686	9.6502	17667
Gjøvik	NO	60.7957	10.6915	17596
Stjørdalshalsen	NO	63.4681	10.9262	15693
Alta	NO	69.9689	23.2717	15094
Narvik	NO	68.4384	17.4272	14141
Leirvik	NO	59.7798	5.5005	14126
Hønefoss	NO	60.168	10.2565	13678
Strand	NO	59.05	5.9333	13474
Steinkjer	NO	64.0149	11.4954	13060
Stjørdal	NO	63.468	10.9178	13032
Vennesla	NO	58.2686	7.9731	12816
Ski	NO	59.7195	10.8358	12513
Elverum	NO	60.8819	11.5623	12490
Askim	NO	59.5833	11.1629	12482
Bryne	NO	58.7354	5.6477	12465
Jessheim	NO	60.1415	11.1752	12365
Notodden	NO	59.5594	9.2585	12359
Kongsvinger	NO	60.1905	11.9977	12338
Lenvik	NO	69.4432	18.1564	11679
Stokke	NO	59.2225	10.3005	11657
Kopervik	NO	59.2835	5.3067	11561
Hammerfest	NO	70.6631	23.6809	11448
Egersund	NO	58.4513	5.9997	11433
Strømmen	NO	59.9506	11.0101	11410
Drøbak	NO	59.6624	10.628	11363
Mandal	NO	58.0274	7.4534	11053
Brumunddal	NO	60.8809	10.9395	11019
Nesoddtangen	NO	59.8624	10.6631	10911
Volda	NO	62.146	6.0711	10809
Sortland	NO	68.6957	15.405	10468
Førde	NO	61.4522	5.8572	10339
Kleppe	NO	58.7742	5.6294	10092
Mosjøen	NO	65.836	13.1908	9636
Haram	NO	62.6578	6.2409	9357
Flekkefjord	NO	58.297	6.6607	9048
Florø	NO	61.5996	5.0328	9024
Søgne	NO	58.0933	7.7829	9000
Råholt	NO	60.2751	11.179	8593
Namsos	NO	64.4662	11.4957	8413
Verdal	NO	63.7933	11.4817	8308
Orkanger	NO	63.3067	9.8503	8204
Lillesand	NO	58.2488	8.3778	7966
Ås	NO	59.6647	10.7947	7961
Sæveland	NO	59.2667	5.2	7873
Raufoss	NO	60.726	10.6133	7839
Orstad	NO	58.7853	5.7041	7358
Nærbø	NO	58.6655	5.6379	7269
Jørpeland	NO	59.0225	6.0408	7230
Stryn	NO	61.9026	6.7179	7207
Ask	NO	60.0713	11.0362	6890
Indre Arna	NO	60.4177	5.4709	6536
Fetsund	NO	59.9246	11.1571	6441
Malvik	NO	63.4333	10.6833	6419
Melhus	NO	63.2856	10.2781	6393
Tananger	NO	58.9362	5.5741	6377
Ørsta	NO	62.1998	6.129	6337
Holmestrand	NO	59.4876	10.3176	6135
Tvedestrand	NO	58.622	8.9315	6115
Kvinesdal	NO	58.3122	6.9619	6024
Fauske	NO	67.2588	15.3918	5953
Kløfta	NO	60.0741	11.138	5942
Stavern	NO	59.0	10.0333	5902
Sørumsand	NO	59.9862	11.2415	5878
Knarvik	NO	60.5453	5.2821	5875
Ulsteinvik	NO	62.3432	5.8487	5788
Sandnessjøen	NO	66.0217	12.6316	5778
Hommersåk	NO	58.9256	5.851	5692
Røros	NO	62.5747	11.3842	5572
Voss	NO	60.6287	6.4147	5571
Mysen	NO	59.5535	11.3258	5516
Flaktveit	NO	60.4653	5.3599	5439
Hommelvik	NO	63.4108	10.7942	5418
Vestby	NO	59.6051	10.7523	5330
Tranby	NO	59.8085	10.2611	5322
Luster	NO	61.4432	7.4599	5302
Austevoll	NO	60.1095	5.1625	5297
Kragerø	NO	58.8693	9.4149	5158
Brønnøysund	NO	65.4749	12.2128	5045
Åkrehamn	NO	59.2605	5.1869	5018
Vadsø	NO	70.0735	29.7494	4654
Hermansverk	NO	61.1846	6.8502	2144
Warsaw	PL	52.2298	21.0118	1702139
Kraków	PL	50.0614	19.9366	816614
Wrocław	PL	51.1029	17.0301	672545
Łódź	PL	51.7706	19.4739	639890
Poznań	PL	52.4069	16.9299	536151
Gdańsk	PL	54.3523	18.6491	487371
Szczecin	PL	53.4289	14.553	395513
Lublin	PL	51.2506	22.5701	336339
Bydgoszcz	PL	53.1235	18.0076	330038
Białystok	PL	53.1333	23.1643	295683
Katowice	PL	50.2597	19.0217	286960
Gdynia	PL	54.5189	18.5319	257000
Częstochowa	PL	50.7965	19.1241	248125
Sosnowiec	PL	50.2868	19.1039	227295
Radom	PL	51.4025	21.1471	226794
Mokotów	PL	52.1934	21.0349	217683
Gliwice	PL	50.2976	18.6766	198835
Rzeszów	PL	50.0413	21.999	198317
Toruń	PL	53.0138	18.5981	196935
Kielce	PL	50.8703	20.6275	192468
Zabrze	PL	50.3249	18.7858	192177
Bytom	PL	50.348	18.9328	189186
Praga Południe	PL	52.2442	21.0855	179836
Bielsko-Biala	PL	49.8225	19.0469	176515
Olsztyn	PL	53.7838	20.4927	169793
Ursynów	PL	52.1505	21.0504	149775
Ruda Śląska	PL	50.2584	18.8563	146189
Rybnik	PL	50.0971	18.5418	142510
Wola	PL	52.2348	20.96	140958
Bielany	PL	52.2924	20.9353	131910
Tychy	PL	50.1372	18.9664	130000
Białołeka	PL	52.3213	20.972	129106
Opole	PL	50.6712	17.926	127676
Elbląg	PL	54.1522	19.4088	127558
Płock	PL	52.5468	19.7064	127474
Wałbrzych	PL	50.7714	16.2843	127431
Targówek	PL	52.2918	21.0484	124279
Bemowo	PL	52.2546	20.9084	123932
Włocławek	PL	52.6482	19.0678	120339
Zielona Góra	PL	51.9355	15.5064	118433
Tarnów	PL	50.0138	20.987	117799
Dąbrowa Górnicza	PL	50.3339	19.2048	116971
Gorzów Wielkopolski	PL	52.7337	15.225	114567
Chorzów	PL	50.3058	18.9742	113430
Kalisz	PL	51.7611	18.091	108759
Koszalin	PL	54.1944	16.1722	107450
Legnica	PL	51.2101	16.1619	106033
Śródmieście	PL	52.229	21.0164	99950
Słupsk	PL	54.4641	17.0287	98608
Jaworzno	PL	50.2053	19.275	96541
Jastrzębie Zdrój	PL	49.9554	18.5748	95813
Praga Północ	PL	52.2544	21.0347	93192
Grudziądz	PL	53.4841	18.7537	92552
Nowy Sącz	PL	49.6218	20.6971	84376
Ochota	PL	52.221	20.9853	82774
Konin	PL	52.2234	18.2512	81258
Piotrków Trybunalski	PL	51.4055	19.7032	80128
Inowrocław	PL	52.7989	18.2639	77597
Lubin	PL	51.4009	16.2015	77532
Jelenia Góra	PL	50.8997	15.729	77366
Wawer	PL	52.1966	21.1775	77205
Siedlce	PL	52.1677	22.2901	77185
Piła	PL	53.1514	16.7378	75532
Ostrowiec Świętokrzyski	PL	50.9294	21.3852	73989
Siemianowice Śląskie	PL	50.3274	19.029	73121
Ostrów Wielkopolski	PL	51.655	17.8069	72898
Mysłowice	PL	50.2075	19.1667	72124
Stargard	PL	53.3367	15.0499	71224
Pabianice	PL	51.6645	19.3547	70542
Gniezno	PL	52.5348	17.5826	70269
Fordon	PL	53.1482	18.1704	70000
Suwałki	PL	54.1118	22.9309	69222
Tomaszów Mazowiecki	PL	51.5313	20.0085	67197
Przemyśl	PL	49.785	22.7673	67013
Stalowa Wola	PL	50.5829	22.0533	66495
Zamość	PL	50.7231	23.252	66034
Kędzierzyn-Koźle	PL	50.3498	18.2261	65636
Głogów	PL	51.6636	16.0845	65400
Leszno	PL	51.8403	16.5749	63565
Żory	PL	50.0452	18.7006	63174
Bełchatów	PL	51.3688	19.3567	62896
Łomża	PL	53.1781	22.0593	62019
Tarnowskie Góry	PL	50.4455	18.8615	60938
Świdnica	PL	50.8438	16.4886	60351
Chełm	PL	51.1431	23.4716	60231
Tczew	PL	54.0924	18.7779	60133
Piekary Śląskie	PL	50.3802	18.9265	59757
Mielec	PL	50.2871	21.4239	59509
Racibórz	PL	50.0919	18.2193	58464
Będzin	PL	50.3261	19.1257	58236
Zgierz	PL	51.8556	19.4062	58036
Biała Podlaska	PL	52.0324	23.1165	57541
Ełk	PL	53.8282	22.3647	55769
Świętochłowice	PL	50.2964	18.9173	55600
Pruszków	PL	52.1707	20.8121	55371
Ostrołęka	PL	53.0862	21.5757	53740
Starachowice	PL	51.0374	21.0713	53739
Zawiercie	PL	50.4877	19.4168	53159
Żoliborz	PL	52.269	20.9864	50934
Legionowo	PL	52.4015	20.9266	50786
Tarnobrzeg	PL	50.573	21.6794	50459
Puławy	PL	51.4166	21.9694	49759
Wodzisław Śląski	PL	50.0038	18.472	49521
Skarżysko-Kamienna	PL	51.1131	20.8716	49410
Skierniewice	PL	51.9549	20.1584	49042
Kutno	PL	52.2306	19.3641	48323
Krosno	PL	49.6887	21.7706	47784
Dębica	PL	50.0515	21.4114	47366
Ursus	PL	52.1952	20.8842	47285
Nysa	PL	50.4738	17.3344	47283
Starogard Gdański	PL	53.964	18.5264	47272
Wejherowo	PL	54.6057	18.2356	46820
Ciechanów	PL	52.8814	20.62	46438
Rumia	PL	54.5709	18.388	44791
Radomsko	PL	51.0671	19.4448	44700
Zduńska Wola	PL	51.5992	18.9397	44515
Sieradz	PL	51.5958	18.7302	44436
Kołobrzeg	PL	54.1756	15.5834	44377
Otwock	PL	52.1058	21.2613	43388
Bieńczyce	PL	50.0881	20.0279	42633
Żyrardów	PL	52.0488	20.446	41179
Świnoujście	PL	53.9105	14.2471	40919
Bolesławiec	PL	51.2642	15.5697	40682
Nowa Sól	PL	51.8033	15.717	40354
Świdnik	PL	51.219	22.6962	40050
Chrzanów	PL	50.1355	19.402	39973
Knurów	PL	50.2197	18.6507	39744
Sanok	PL	49.5557	22.2056	39684
Mikołów	PL	50.171	18.9041	38821
Chojnice	PL	53.6955	17.557	38789
Żary	PL	51.642	15.1373	38779
Szczecinek	PL	53.7079	16.6994	38496
Sochaczew	PL	52.2294	20.2384	38267
Brzeg	PL	50.8608	17.4674	38259
Jasło	PL	49.7451	21.4725	37851
Olkusz	PL	50.2813	19.565	37744
Kwidzyn	PL	53.7249	18.9311	37601
Mińsk Mazowiecki	PL	52.1793	21.5725	37027
Oleśnica	PL	51.2134	17.3899	36956
Malbork	PL	54.0359	19.0266	36709
Wołomin	PL	52.3401	21.2421	36592
Piaseczno	PL	52.0814	21.024	36278
Włochy	PL	52.1794	20.9461	36276
Kraśnik	PL	50.9236	22.2271	35834
Cieszyn	PL	49.7513	18.6321	35586
Jarosław	PL	50.0162	22.6778	35475
Lębork	PL	54.5392	17.7501	35161
Sopot	PL	54.4418	18.56	35049
Czechowice-Dziedzice	PL	49.9134	19.0048	34703
Police	PL	53.5521	14.5718	34350
Czeladź	PL	50.3154	19.0782	34308
Oświęcim	PL	50.0344	19.2104	34170
Dzierżoniów	PL	50.7282	16.6514	34168
Nowy Targ	PL	49.4778	20.0323	33763
Ostróda	PL	53.6967	19.9649	33524
Myszków	PL	50.5752	19.3246	33273
Zgorzelec	PL	51.1494	15.0084	33247
Oława	PL	50.9466	17.2926	33029
Iława	PL	53.596	19.5685	32557
Żywiec	PL	49.6853	19.1924	32132
Karłowice-Różanka	PL	51.1367	17.0432	31813
Pilczyce-Kozanów-Popowice Północne	PL	51.1309	16.9765	31320
Ołbin	PL	51.1213	17.053	31216
Łuków	PL	51.929	22.3796	30465
Śrem	PL	52.0887	17.0151	30404
Giżycko	PL	54.0381	21.7644	29972
Ujeścisko-Łostowice	PL	54.3244	18.6027	29845
Łowicz	PL	52.1071	19.9453	29809
Augustów	PL	53.8432	22.9798	29752
Psie Pole Zawidawie	PL	51.1476	17.1144	29606
Turek	PL	52.0155	18.5006	29533
Mława	PL	53.1128	20.3841	29398
Bielawa	PL	50.6908	16.623	29232
Krotoszyn	PL	51.6987	17.4374	29231
Bochnia	PL	49.9691	20.4303	29184
Swarzędz	PL	52.4129	17.085	29010
Grzegórzki	PL	50.0642	19.9676	28960
Czerwionka-Leszczyny	PL	50.1501	18.6776	28740
Września	PL	52.3251	17.5652	28703
Gorlice	PL	49.6556	21.1604	28609
Gierłoż	PL	54.0813	21.4955	28351
Nowy Dwór Mazowiecki	PL	52.4302	20.7165	27633
Kętrzyn	PL	54.0768	21.3753	27478
Brodnica	PL	53.2597	19.3965	27341
Zakopane	PL	49.299	19.9489	27266
Biłgoraj	PL	50.5411	22.722	26987
Grodzisk Mazowiecki	PL	52.1039	20.6337	26684
Wyszków	PL	52.5928	21.4584	26500
Bielsk Podlaski	PL	52.7651	23.1865	26493
Luboń	PL	52.3471	16.8927	26431
Szczytno	PL	53.5626	20.9875	26044
Kluczbork	PL	50.9728	18.2182	25978
Wałcz	PL	53.2779	16.4712	25971
Świecie	PL	53.4095	18.4474	25843
Żagań	PL	51.6176	15.3149	25731
Kłodzko	PL	50.4349	16.6614	25717
Wągrowiec	PL	52.8084	17.1996	25648
Jarocin	PL	51.9727	17.5026	25582
Pszczyna	PL	49.9804	18.9538	25288
Sandomierz	PL	50.6827	21.749	25087
Nowa Ruda	PL	50.5801	16.5016	24753
Gądów-Popowice Południowe	PL	51.1272	16.9703	24508
Białogard	PL	54.007	15.9875	24368
Przymorze Wielkie	PL	54.4117	18.5984	24368
Osiedle Powstańców Śląskich	PL	51.0929	17.0206	24329
Kościan	PL	52.0883	16.6487	24096
Jawor	PL	51.0513	16.1935	23865
Lubliniec	PL	50.669	18.6844	23784
Skawina	PL	49.9752	19.8287	23647
Pruszcz Gdański	PL	54.2622	18.6363	23618
Koło	PL	52.2002	18.6386	23493
Bartoszyce	PL	54.2535	20.8082	23482
Ząbki	PL	52.2927	21.1054	23473
Prudnik	PL	50.3212	17.5746	23343
Kościerzyna	PL	54.1223	17.9812	23327
Piastów	PL	52.1844	20.8395	23290
Świebodzice	PL	50.8597	16.3197	23228
Marki	PL	52.3207	21.1047	23177
Nadodrze	PL	51.1254	17.0307	23177
Zambrów	PL	52.9855	22.2432	22857
Lubartów	PL	51.4603	22.6095	22839
Grajewo	PL	53.6473	22.4554	22803
Ostrów Mazowiecka	PL	52.8025	21.8951	22653
Opoczno	PL	51.3757	20.2783	22592
Goleniów	PL	53.5639	14.8285	22505
Lubań	PL	51.1201	15.2877	22245
Płońsk	PL	52.6235	20.3755	22217
Hajnówka	PL	52.7433	23.5812	22157
Łaziska Górne	PL	50.1495	18.8422	21983
Mrągowo	PL	53.8644	21.3051	21965
Andrychów	PL	49.855	19.3383	21954
Rembertów	PL	52.2606	21.1636	21893
Rydułtowy	PL	50.0586	18.417	21887
Gajowice	PL	51.0963	17.002	21781
Środa Wielkopolska	PL	52.2284	17.2762	21757
Świebodzin	PL	52.2475	15.5335	21757
Kamienna Góra	PL	50.7831	16.0304	21743
Łęczna	PL	51.3012	22.8814	21719
Wieluń	PL	51.221	18.5696	21624
Polkowice	PL	51.5039	16.0726	21565
Rawicz	PL	51.6095	16.8585	21380
Gryfino	PL	53.2524	14.4883	21270
Krzyki-Partynice	PL	51.0641	17.0019	21233
Działdowo	PL	53.2396	20.17	21127
Gostyń	PL	51.8825	17.0123	20771
Końskie	PL	51.1917	20.4061	20756
Ozorków	PL	51.9634	19.2914	20608
Chełmno	PL	53.3486	18.4251	20576
Przedmieście Oławskie	PL	51.1021	17.0483	20316
Aleksandrów Łódzki	PL	51.8197	19.3038	20292
Tomaszów Lubelski	PL	50.4477	23.4162	20261
Strzelce Opolskie	PL	50.5107	18.3006	20241
Wesoła	PL	52.2545	21.2241	20000
Pionki	PL	51.476	21.45	19966
Biskupin-Sępolno-Dąbie-Bartoszowice	PL	51.1083	17.0913	19951
Chodzież	PL	52.995	16.9198	19776
Bieruń	PL	50.09	19.0929	19659
Nakło nad Notecią	PL	53.1421	17.6018	19565
Krasnystaw	PL	50.9846	23.1742	19532
Kęty	PL	49.8821	19.2233	19249
Wadowice	PL	49.8834	19.4929	19238
Pisz	PL	53.6274	21.8125	19232
Gaj	PL	51.0801	17.0402	19136
Sokółka	PL	53.4072	23.5023	19079
Pułtusk	PL	52.7025	21.0828	19039
Pyskowice	PL	50.4	18.6333	19018
Gostynin	PL	52.4294	19.4619	18976
Sierpc	PL	52.8568	19.6691	18866
Trzebinia	PL	50.1593	19.4697	18828
Huby	PL	51.0893	17.0411	18727
Wieliczka	PL	49.9874	20.0647	18677
Międzyrzecz	PL	52.4446	15.578	18669
Hrubieszów	PL	50.805	23.8925	18605
Szamotuły	PL	52.612	16.5779	18588
Łask	PL	51.5906	19.1328	18577
Szczepin	PL	51.1161	17.0102	18488
Orzesze	PL	50.1559	18.7792	18438
Sulejówek	PL	52.2522	21.269	18414
Złotów	PL	53.3635	17.0408	18395
Braniewo	PL	54.3797	19.8196	18356
Konstantynów Łódzki	PL	51.7478	19.3256	18335
Krapkowice	PL	50.4751	17.9654	18275
Łańcut	PL	50.0687	22.2291	18266
Sokołów Podlaski	PL	52.4068	22.2531	18241
Reda	PL	54.6053	18.3472	18116
Sulechów	PL	52.0836	15.6251	18055
Oborniki	PL	52.6474	16.8141	17915
Józefów	PL	52.1371	21.2359	17910
Libiąż	PL	50.104	19.3157	17834
Kostrzyn nad Odrą	PL	52.5871	14.6495	17778
Dęblin	PL	51.5591	21.8483	17775
Rawa Mazowiecka	PL	51.7644	20.2549	17770
Myślenice	PL	49.8338	19.9383	17686
Kobyłka	PL	52.3395	21.1959	17659
Pleszew	PL	51.8964	17.7855	17640
Słubice	PL	52.3509	14.5607	17567
Zielonka	PL	52.3038	21.1602	17518
Radlin	PL	50.0502	18.4763	17479
Radzionków	PL	50.4003	18.9023	17167
Międzyrzec Podlaski	PL	51.9864	22.7825	17158
Busko-Zdrój	PL	50.4708	20.7188	17095
Kozienice	PL	51.5829	21.5478	17075
Trzcianka	PL	53.0406	16.4563	16914
Brzesko	PL	49.9691	20.6061	16866
Jędrzejów	PL	50.6394	20.3045	16792
Boguszów-Gorce	PL	50.7551	16.2049	16726
Bytów	PL	54.1706	17.4919	16724
Gryfice	PL	53.9165	15.2003	16720
Przasnysz	PL	53.0191	20.8803	16718
Nowogard	PL	53.6744	15.1163	16703
Gubin	PL	51.9496	14.7284	16629
Rypin	PL	53.066	19.4094	16589
Konstancin-Jeziorna	PL	52.0938	21.1176	16548
Lidzbark Warmiński	PL	54.1259	20.5795	16540
Bogatynia	PL	50.9075	14.9563	16460
Łapy	PL	52.9911	22.8842	16434
Namysłów	PL	51.0759	17.7228	16376
Lędziny	PL	50.1426	19.1315	16305
Ustka	PL	54.5805	16.8619	16250
Staszów	PL	50.5631	21.1659	16137
Strzegom	PL	50.9626	16.3501	16106
Radzyń Podlaski	PL	51.7833	22.6167	16071
Osowa	PL	54.4311	18.4673	16021
Olecko	PL	54.0337	22.507	15923
Garwolin	PL	51.8975	21.6147	15912
Przeworsk	PL	50.0591	22.4941	15805
Milanówek	PL	52.1188	20.6715	15784
Choszczno	PL	53.169	15.4205	15733
Świdwin	PL	53.7746	15.7767	15725
Ustroń	PL	49.7215	18.802	15637
Nisko	PL	50.5199	22.1397	15573
Złotoryja	PL	51.1264	15.9198	15564
Łęczyca	PL	52.0596	19.1997	15528
Siemiatycze	PL	52.4272	22.8623	15421
Chełmża	PL	53.1846	18.6047	15403
Jelcz Laskowice	PL	51.0213	17.3165	15340
Łomianki	PL	52.3341	20.886	15315
Ropczyce	PL	50.0523	21.6089	15279
Nowy Tomyśl	PL	52.3195	16.1284	15179
Solec Kujawski	PL	53.0837	18.2257	15125
Głuchołazy	PL	50.315	17.3835	15120
Głowno	PL	51.9646	19.7157	15103
Ząbkowice Śląskie	PL	50.5897	16.8124	15004
Kartuzy	PL	54.3342	18.1974	15002
Cieplice Śląskie Zdrój	PL	50.8655	15.6837	15000
Lubsko	PL	51.7847	14.972	14994
Przymorze Małe	PL	54.4098	18.5784	14912
Władysławowo	PL	54.7909	18.4009	14889
Grójec	PL	51.8625	20.8676	14880
Nowy Dwór	PL	51.1147	16.9558	14832
Lipno	PL	52.8444	19.1785	14821
Kępno	PL	51.2784	17.9891	14813
Skoczów	PL	49.8009	18.7877	14810
Morąg	PL	53.9171	19.926	14745
Limanowa	PL	49.7059	20.422	14738
Nidzica	PL	53.3605	20.4275	14720
Oliwa	PL	54.4072	18.5536	14618
Żabianka-Wejhera-Jelitkowo-Tysiąclecia	PL	54.4231	18.5744	14540
Słupca	PL	52.2873	17.8719	14476
Wschowa	PL	51.807	16.3166	14458
Ostrzeszów	PL	51.4264	17.9336	14446
Barlinek	PL	52.9946	15.2186	14385
Chojnów	PL	51.2737	15.9366	14209
Orunia-Św. Wojciech-Lipce	PL	54.3147	18.6368	14136
Wilanów	PL	52.1631	21.0875	14032
Pszów	PL	50.0399	18.3947	14028
Żnin	PL	52.8496	17.7199	14008
Szerszenie	PL	52.3978	22.9563	14000
Leżajsk	PL	50.2626	22.4193	13958
Wąbrzeźno	PL	53.2799	18.9477	13911
Przedmieście Świdnickie	PL	51.1008	17.0346	13870
Grodzisk Wielkopolski	PL	52.2276	16.3653	13826
Dębno	PL	52.739	14.698	13804
Gołdap	PL	54.3063	22.3036	13769
Głubczyce	PL	50.2009	17.8286	13697
Wolsztyn	PL	52.1155	16.1171	13689
Tuchola	PL	53.5879	17.859	13686
Sławno	PL	54.3628	16.6789	13415
Zdzieszowice	PL	50.4248	18.1235	13401
Człuchów	PL	53.6672	17.3588	13350
Koluszki	PL	51.7387	19.8199	13343
Złocieniec	PL	53.5329	16.0113	13337
Darłowo	PL	54.4209	16.4107	13324
Plac Grunwaldzki	PL	51.1116	17.0601	13187
Grabiszyn-Grabiszynek	PL	51.0935	16.9815	13170
Włodawa	PL	51.55	23.55	13142
Muchobór Wielki	PL	51.0974	16.9448	13098
Rabka-Zdrój	PL	49.6089	19.9665	13071
Golub-Dobrzyń	PL	53.1109	19.0538	12937
Kłobuck	PL	50.9008	18.9367	12934
Pyrzyce	PL	53.1462	14.8926	12893
Zlote Lany	PL	49.8143	19.0717	12865
Maślice	PL	51.1577	16.9272	12793
Szprotawa	PL	51.5656	15.5366	12786
Góra	PL	51.6664	16.5349	12668
Lubaczów	PL	50.157	23.1234	12595
Węgrów	PL	52.3995	22.0163	12512
Brzeg Dolny	PL	51.273	16.7081	12511
Mogilno	PL	52.6581	17.9558	12465
Zaspa-Rozstaje	PL	54.3967	18.613	12446
Wolin	PL	53.8421	14.6146	12438
Strzelin	PL	50.7816	17.0648	12394
Zaspa-Młyniec	PL	54.3913	18.5985	12376
Mosina	PL	52.2454	16.8471	12318
Brwinów	PL	52.1427	20.717	12315
Aleksandrów Kujawski	PL	52.8766	18.6934	12290
Brzeziny	PL	51.8002	19.7514	12289
Wołów	PL	51.3366	16.6443	12276
Krynica-Zdrój	PL	49.4222	20.9594	12270
Pasłęk	PL	54.0616	19.6593	12267
Trzebnica	PL	51.3108	17.0633	12212
Błonie	PL	52.1985	20.6171	12195
Krosno Odrzańskie	PL	52.0549	15.0988	12178
Szydłowiec	PL	51.2282	20.8611	12128
Myślibórz	PL	52.9238	14.8679	12092
Kozy	PL	49.8476	19.1489	11920
Borek	PL	51.0843	17.0095	11883
Węgorzewo	PL	54.2157	21.7372	11864
Janów Lubelski	PL	50.7069	22.4104	11811
Pińczów	PL	50.5205	20.5265	11806
Miechów	PL	50.3565	20.0279	11735
Czarnków	PL	52.9021	16.5641	11562
Nowa Dęba	PL	50.4297	21.7508	11489
Wronki	PL	52.7105	16.3804	11462
Puck	PL	54.7179	18.4084	11415
Wisła	PL	49.6563	18.8591	11379
Milicz	PL	51.5277	17.2714	11304
Dąbrowa Tarnowska	PL	50.1746	20.9863	11291
Drawsko Pomorskie	PL	53.5306	15.8097	11275
Warka	PL	51.7843	21.1909	11048
Nowe Miasto Lubawskie	PL	53.4208	19.5952	10997
Międzychód	PL	52.5988	15.897	10994
Koronowo	PL	53.3137	17.937	10965
Miastko	PL	54.0028	16.9826	10954
Brzeszcze	PL	49.982	19.1516	10935
Bukowno	PL	50.2647	19.4596	10874
Kowary	PL	50.7931	15.8356	10869
Rogoźno	PL	52.7523	16.9905	10859
Ciechocinek	PL	52.8791	18.795	10832
Syców	PL	51.3081	17.7198	10809
Góra Kalwaria	PL	51.9765	21.2154	10777
Włoszczowa	PL	50.8526	19.9659	10661
Kolno	PL	53.4115	21.9291	10659
Łobez	PL	53.6392	15.6213	10609
Mońki	PL	53.405	22.7979	10577
Drezdenko	PL	52.8383	15.8308	10541
Dobre Miasto	PL	53.9867	20.3975	10514
Kolbuszowa	PL	50.2441	21.7761	10442
Bystrzyca Kłodzka	PL	50.3018	16.6423	10375
Biskupiec	PL	53.8647	20.9569	10340
Trzebiatów	PL	54.0615	15.2647	10322
Karczew	PL	52.0765	21.2496	10319
Parczew	PL	51.6402	22.9006	10249
Kokoszki	PL	54.3556	18.491	10240
Olesno	PL	50.877	18.4209	10236
Kudowa-Zdrój	PL	50.443	16.244	10176
Sulęcin	PL	52.4443	15.1168	10090
Poniatowa	PL	51.1798	22.1309	10056
Skwierzyna	PL	52.5991	15.5065	10051
Wielki Kack	PL	54.4675	18.4881	10012
Murowana Goślina	PL	52.5746	17.0093	9989
Krzeszowice	PL	50.1425	19.6322	9978
Maków Mazowiecki	PL	52.8649	21.1005	9978
Strzelce Krajeńskie	PL	52.8773	15.5298	9978
Ozimek	PL	50.6794	18.2137	9963
Pawłowice	PL	49.9613	18.7178	9929
Blachownia	PL	50.7801	18.9639	9891
Nadarzyn	PL	52.0944	20.8078	9881
Nowy Dwór Gdański	PL	54.2131	19.1177	9822
Sucha Beskidzka	PL	49.7419	19.5943	9801
Sztum	PL	53.9208	19.0307	9766
Kożuchów	PL	51.7456	15.5949	9679
Lwówek Śląski	PL	51.1107	15.5858	9657
Ryki	PL	51.6257	21.9327	9619
Ustrzyki Dolne	PL	49.4304	22.5938	9610
Czarna Białostocka	PL	53.3051	23.2815	9592
Kruszwica	PL	52.6756	18.3313	9494
Wasilków	PL	53.1991	23.2078	9440
Orneta	PL	54.1148	20.1333	9412
Pieszyce	PL	50.7129	16.5823	9406
Czersk	PL	53.7959	17.9765	9390
Niepołomice	PL	50.0407	20.2226	9384
Jagodno	PL	51.0516	17.0587	9355
Ziębice	PL	50.6012	17.0406	9328
Lubawa	PL	53.5043	19.7497	9302
Sępólno Krajeńskie	PL	53.452	17.5317	9223
Szubin	PL	53.0097	17.74	9206
Wysokie Mazowieckie	PL	52.9166	22.5171	9203
Suchedniów	PL	51.0478	20.8292	9184
Janikowo	PL	52.7533	18.1133	9169
Wolbrom	PL	50.3796	19.7583	9146
Puszczykowo	PL	52.2857	16.8493	9143
Tarnogaj	PL	51.0817	17.0634	9108
Chełmek	PL	50.1016	19.248	9059
Kamień Pomorski	PL	53.9685	14.7726	9036
Żuromin	PL	53.0661	19.9089	9019
Żychlin	PL	52.244	19.6261	9009
Opalenica	PL	52.3089	16.4128	8991
Kostrzyn	PL	52.3985	17.2281	8965
Stary Sącz	PL	49.5636	20.635	8959
Wojkowice	PL	50.3651	19.0365	8927
Środa Śląska	PL	51.1641	16.5951	8912
Stare Miasto	PL	51.1103	17.0371	8883
Hałcnów	PL	49.85	19.1	8867
Radzymin	PL	52.4159	21.1841	8818
Opole Lubelskie	PL	51.1478	21.969	8780
Strzyżów	PL	49.8707	21.7941	8739
Poręba	PL	50.4883	19.339	8718
Wieruszów	PL	51.2949	18.1555	8692
Połczyn-Zdrój	PL	53.7642	16.0957	8682
Pobiedziska	PL	52.4775	17.2877	8677
Kalety	PL	50.5627	18.8926	8670
Grodków	PL	50.6984	17.3845	8654
Wola	PL	50.0174	19.1233	8508
Mierzyn	PL	53.43	14.4653	8494
Prabuty	PL	53.755	19.2055	8488
Nowy Port	PL	54.4016	18.6677	8465
Jastrowie	PL	53.4205	16.8176	8452
Oborniki Śląskie	PL	51.3014	16.9147	8440
Zawadzkie	PL	50.605	18.4847	8439
Pelplin	PL	53.9283	18.6977	8320
Ożarów Mazowiecki	PL	52.2104	20.7972	8237
Chocianów	PL	51.4187	15.9017	8187
Lidzbark	PL	53.2628	19.8266	8177
Połaniec	PL	50.4332	21.2812	8158
Praszka	PL	51.0538	18.4532	8150
Paczków	PL	50.4639	17.0066	8081
Imielin	PL	50.1453	19.186	8057
Zwoleń	PL	51.3554	21.5877	8048
Gorzyce	PL	50.6672	21.8401	8009
Zelów	PL	51.4645	19.2197	8003
Bieruń Nowy	PL	50.073	19.1819	8000
Osiek	PL	49.9507	19.2644	8000
Poddębice	PL	51.8934	18.9573	7840
Trzemeszno	PL	52.5614	17.8231	7840
Brzozów	PL	49.695	22.0193	7836
Witkowo	PL	52.4396	17.7726	7825
Pniewy	PL	52.5094	16.2567	7738
Barcin	PL	52.8661	17.9462	7682
Olsztynek	PL	53.5837	20.2847	7591
Muchobór Mały	PL	51.1089	16.9686	7586
Mszana Dolna	PL	49.6743	20.0799	7500
Tłuszcz	PL	52.4306	21.4356	7482
Nasielsk	PL	52.5889	20.8055	7445
Kleczków	PL	51.1282	17.0279	7418
Chojna	PL	52.9639	14.428	7398
Białobrzegi	PL	51.6469	20.9504	7328
Barczewo	PL	53.8306	20.6911	7315
Gniewkowo	PL	52.8946	18.4078	7224
Łosice	PL	52.2113	22.718	7207
Kórnik	PL	52.2477	17.0895	7206
Zbąszyń	PL	52.2509	15.9252	7185
Łazy	PL	50.4277	19.3946	7166
Tuszyn	PL	51.6095	19.5301	7124
Raszyn	PL	52.156	20.9226	7109
Sędziszów Małopolski	PL	50.0707	21.7006	7096
Mikuszowice	PL	49.7811	19.0529	7075
Sierakowice	PL	54.3461	17.8925	7068
Bolszewo	PL	54.618	18.1759	7064
Luzino	PL	54.566	18.1091	7056
Szklarska Poręba	PL	50.8257	15.5227	6970
Polanica-Zdrój	PL	50.4037	16.5127	6966
Bełżyce	PL	51.1741	22.2803	6958
Ołtaszyn	PL	51.0618	17.0287	6948
Skarszewy	PL	54.0691	18.4442	6942
Czaplinek	PL	53.5577	16.2333	6933
Łodygowice	PL	49.7299	19.1394	6925
Sobótka	PL	50.8999	16.7444	6906
Sławków	PL	50.2994	19.3897	6901
Głuszyca	PL	50.6874	16.3717	6897
Rakszawa	PL	50.1605	22.2391	6894
Gryfów Śląski	PL	51.0308	15.4202	6890
Twardogóra	PL	51.3649	17.4688	6840
Witnica	PL	52.6732	14.8977	6821
Opatów	PL	50.8006	21.4254	6799
Sędziszów	PL	50.5659	20.0556	6771
Rudnik nad Sanem	PL	50.4415	22.2486	6770
Gniew	PL	53.836	18.8231	6759
Piława Górna	PL	50.6836	16.7436	6736
Pajęczno	PL	51.1445	18.9961	6731
Jaworze	PL	49.7935	18.9479	6723
Żarów	PL	50.9412	16.4947	6719
Kłodawa	PL	52.2545	18.9135	6714
Tuchów	PL	49.8948	21.0541	6680
Koźmin Wielkopolski	PL	51.8271	17.4539	6678
Sianów	PL	54.2265	16.2913	6606
Jabłonna	PL	52.3788	20.9174	6552
Żmigród	PL	51.4667	16.9056	6542
Piechowice	PL	50.8496	15.5989	6496
Wilkowice	PL	49.7628	19.0897	6496
Żukowo	PL	54.3422	18.3648	6494
Rzepin	PL	52.3464	14.8323	6488
Przemków	PL	51.5253	15.7944	6487
Łochów	PL	52.5308	21.6816	6486
Lubawka	PL	50.7046	16.0003	6404
Księże	PL	51.0752	17.0862	6379
Sułkowice	PL	49.8405	19.801	6362
Sulejów	PL	51.3544	19.8854	6332
Goczałkowice Zdrój	PL	49.9445	18.9693	6321
Koniecpol	PL	50.7747	19.689	6318
Niemodlin	PL	50.642	17.6193	6315
Kietrz	PL	50.0804	18.0043	6306
Krzyż Wielkopolski	PL	52.881	16.0112	6300
Ksawerów	PL	51.6829	19.4028	6269
Mszczonów	PL	51.9742	20.5208	6267
Nowa Sarzyna	PL	50.3209	22.3446	6255
Działoszyn	PL	51.117	18.8652	6222
Wołczyn	PL	51.0185	18.0499	6221
Polanowice-Poświętne-Ligota	PL	51.1595	17.039	6204
Zawoja	PL	49.644	19.5423	6200
Stronie Śląskie	PL	50.2955	16.874	6192
Przysucha	PL	51.3586	20.6289	6188
Dobczyce	PL	49.8811	20.0894	6171
Proszowice	PL	50.1927	20.2891	6146
Lądek-Zdrój	PL	50.3437	16.8795	6140
Nowe	PL	53.6491	18.7272	6104
Buk	PL	52.3553	16.5196	6102
Korczyna	PL	49.7156	21.8094	6100
Sieraków	PL	52.6513	16.0805	6090
Gogolin	PL	50.4922	18.0199	6077
Wieleń	PL	52.8946	16.1714	6067
Dynów	PL	49.8151	22.2339	6065
Matarnia	PL	54.3856	18.4728	6052
Dąbrowa Białostocka	PL	53.6536	23.3479	6044
Czarne	PL	53.6842	16.9383	6035
Szczawnica	PL	49.4244	20.4849	6032
Lewin Brzeski	PL	50.7487	17.6169	6000
Terespol	PL	52.0755	23.6161	6000
Orzysz	PL	53.8097	21.9481	5998
Grybów	PL	49.6244	20.948	5994
Białe Błota	PL	53.0952	17.9162	5989
Więcbork	PL	53.3538	17.4906	5953
Strzelno	PL	52.6279	18.1725	5951
Stąporków	PL	51.1376	20.5717	5946
Klucze	PL	50.3357	19.5624	5926
Sejny	PL	54.108	23.347	5872
Ścinawa	PL	51.4163	16.4251	5863
Plewiska	PL	52.3671	16.8099	5861
Szczyrk	PL	49.7172	19.0318	5860
Brenna	PL	49.7258	18.9025	5859
Karlino	PL	54.0352	15.8774	5832
Boguchwała	PL	49.9847	21.9453	5823
Grudki	PL	53.0949	23.6685	5822
Pieńsk	PL	51.249	15.0468	5813
Piwniczna-Zdrój	PL	49.4406	20.7142	5793
Pakość	PL	52.8018	18.0853	5762
Radziejów	PL	52.6248	18.5277	5759
Głogówek	PL	50.3535	17.864	5755
Maków Podhalański	PL	49.7301	19.6771	5746
Lipsko	PL	51.1595	21.6493	5723
Lesko	PL	49.4701	22.3304	5700
Kazimierza Wielka	PL	50.2656	20.4936	5696
Chełm Śląski	PL	50.1082	19.1955	5646
Jedlicze	PL	49.7175	21.6489	5629
Stęszew	PL	52.2837	16.7008	5596
Susz	PL	53.7174	19.3364	5593
Szczawno-Zdrój	PL	50.8035	16.2566	5586
Kuźniki	PL	51.1249	16.9509	5569
Czaniec	PL	49.8507	19.2535	5536
Śmigiel	PL	52.0134	16.527	5531
Dzierzgoń	PL	53.922	19.347	5518
Chocznia	PL	49.8742	19.4544	5510
Międzyzdroje	PL	53.9292	14.451	5502
Kuźnia Raciborska	PL	50.2006	18.3115	5472
Radymno	PL	49.9472	22.8238	5464
Głogów Małopolski	PL	50.1512	21.9629	5451
Choroszcz	PL	53.1433	22.9889	5449
Czerwonak	PL	52.4646	16.9817	5432
Kąty Wrocławskie	PL	51.031	16.7677	5418
Siewierz	PL	50.4666	19.2303	5417
Lesznowola	PL	52.0909	20.9348	5374
Jeżowe	PL	50.3749	22.1275	5358
Bolków	PL	50.922	16.1011	5304
Bychawa	PL	51.0161	22.533	5297
Ornontowice	PL	50.1938	18.7543	5291
Gościcino	PL	54.6046	18.1549	5278
Stryszawa	PL	49.7133	19.5219	5266
Wyrzysk	PL	53.153	17.268	5263
Szczebrzeszyn	PL	50.695	22.9795	5255
Debrzno	PL	53.5382	17.2364	5251
Jaworzyna Śląska	PL	50.9134	16.4324	5242
Szczytna	PL	50.4134	16.4474	5234
Reszel	PL	54.0504	21.1458	5226
Małkinia Górna	PL	52.6922	22.0284	5199
Jordanów	PL	49.6493	19.8298	5194
Oleszyce	PL	50.1675	23.0348	5193
Otmuchów	PL	50.4663	17.1735	5181
Markłowice	PL	50.017	18.521	5173
Żołynia	PL	50.162	22.3083	5145
Komorniki	PL	52.3387	16.8106	5144
Strzałkowo	PL	52.307	17.8181	5140
Komorów	PL	52.1456	20.8157	5136
Zagórz	PL	49.5146	22.2671	5129
Iłża	PL	51.1631	21.2398	5121
Nowogród Bobrzański	PL	51.7986	15.2352	5114
Janowiec Wielkopolski	PL	52.7558	17.4898	5110
Mysłakowice	PL	50.8412	15.7789	5100
Czempiń	PL	52.144	16.7641	5093
Strzyża	PL	54.3865	18.5865	5086
Zbąszynek	PL	52.2431	15.8165	5073
Bierutów	PL	51.1244	17.5461	5065
Jedlina-Zdrój	PL	50.7201	16.3465	5062
Zebrzydowice	PL	49.8779	18.6113	5046
Ludwin	PL	51.346	22.9058	5041
Piotrków Kujawski	PL	52.5511	18.4991	5030
Muszyna	PL	49.3566	20.8972	5018
Wieprz	PL	49.8909	19.3569	5002
Lisbon	PT	38.7251	-9.1498	517802
Porto	PT	41.1485	-8.611	252687
Braga	PT	41.5514	-8.4231	193324
Amadora	PT	38.7538	-9.2308	178858
Coimbra	PT	40.2069	-8.42	140796
Leiria	PT	39.7436	-8.8071	128640
Setúbal	PT	38.5244	-8.8882	118166
Viseu	PT	40.6617	-7.909	103502
Queluz	PT	38.7566	-9.2545	103399
Cacém	PT	38.767	-9.2979	93982
Aveiro	PT	40.6457	-8.6464	80880
Vila Nova de Gaia	PT	41.124	-8.6124	70811
Faro	PT	37.0187	-7.9272	70347
Algueirão	PT	38.7976	-9.3437	66250
Loures	PT	38.8309	-9.1684	66231
Felgueiras	PT	41.3681	-8.194	58065
Rio de Mouro	PT	38.7661	-9.328	54695
Odivelas	PT	38.7927	-9.1838	54624
Évora	PT	38.5659	-7.904	53591
Amora	PT	38.6296	-9.1156	52577
Corroios	PT	38.64	-9.1508	52520
Barreiro	PT	38.6631	-9.0724	51280
Monsanto	PT	39.462	-8.7118	50000
Rio Tinto	PT	41.1787	-8.5595	49966
São Domingos de Rana	PT	38.7019	-9.3408	46718
Figueira da Foz	PT	40.1508	-8.8618	46600
Lumiar	PT	38.7748	-9.156	46334
Paranhos	PT	41.1729	-8.5993	45883
Ponte de Lima	PT	41.7672	-8.5839	44667
Olival	PT	38.7708	-9.2501	42961
Santo António dos Olivais	PT	40.218	-8.4052	41150
Sesimbra	PT	38.4445	-9.1015	41134
Guimarães	PT	41.4444	-8.2962	40604
Guarda	PT	40.5375	-7.2663	40126
Ermesinde	PT	41.2165	-8.5532	39420
Santo Ovídio	PT	41.1138	-8.6023	38544
Portimão	PT	37.1386	-8.5378	38487
Damaia	PT	38.7514	-9.2123	37607
Benfica	PT	38.7509	-9.2028	36985
Cascais	PT	38.6968	-9.4215	36436
Maia	PT	41.2357	-8.6199	36426
Viana do Castelo	PT	41.6932	-8.8329	36148
Marvila	PT	38.7398	-9.1016	35463
Bragança	PT	41.8072	-6.759	35341
Oeiras	PT	38.691	-9.3109	35000
Beja	PT	38.0147	-7.8628	34760
Esposende	PT	41.5361	-8.782	34625
Afurada de Baixo	PT	41.1439	-8.6464	34332
Almada	PT	38.679	-9.1569	34008
Olivais	PT	38.7699	-9.1067	33788
Lagos	PT	37.102	-8.6742	33494
Castelo Branco	PT	39.8236	-7.491	33479
Alcabideche	PT	38.7337	-9.4093	33315
Bairro Novo	PT	41.5432	-8.4072	32876
Espinho	PT	41.0076	-8.6412	32786
Alvalade	PT	38.7533	-9.144	31813
Arrentela	PT	38.625	-9.1015	30156
Montijo	PT	38.7067	-8.9739	30011
Charneca de Caparica	PT	38.6203	-9.1943	29763
Campanhã	PT	41.1571	-8.5747	29666
Santarém	PT	39.2338	-8.6862	29385
Olhão	PT	37.0286	-7.8411	29239
Aldoar	PT	41.1671	-8.6691	29085
Póvoa de Varzim	PT	41.3834	-8.7636	29044
Senhora da Hora	PT	41.1864	-8.6517	28930
Marinha Grande	PT	39.7477	-8.9323	28916
Póvoa de Santa Iria	PT	38.861	-9.0645	28901
Sequeira	PT	40.5536	-7.2259	28502
Massamá	PT	38.7528	-9.2811	28112
Matosinhos	PT	41.1821	-8.6891	28070
Gondomar	PT	41.1445	-8.5322	27691
Águas Santas	PT	41.2102	-8.576	27686
Vila do Conde	PT	41.3533	-8.7452	27642
Caldas da Rainha	PT	39.4033	-9.1384	27378
Alfornelos	PT	38.761	-9.2051	27093
Canidelo	PT	41.1231	-8.6465	26431
Sintra	PT	38.801	-9.3783	26193
Paço de Arcos	PT	38.6957	-9.2914	25974
São Mamede de Infesta	PT	41.1918	-8.6111	25940
Quinta Do Conde	PT	38.5653	-9.0432	25606
Torres Vedras	PT	39.0911	-9.2586	24443
Quarteira	PT	37.0695	-8.1006	24420
Oliveira do Douro	PT	41.1247	-8.5846	24407
Fânzeres	PT	41.1675	-8.5298	23916
Estoril	PT	38.7057	-9.3977	23700
Carnaxide	PT	38.7271	-9.2467	23698
Porto de Mós	PT	37.0853	-8.6837	23648
Pinhal Novo	PT	38.6311	-8.9138	23510
Monte Estoril	PT	38.7064	-9.406	23375
Sete Rios	PT	38.7413	-9.1613	23261
Pontinha	PT	38.7677	-9.1994	23249
Arcos de Valdevez	PT	41.8467	-8.4191	22847
Moscavide e Portela	PT	38.7793	-9.1022	22488
Parque das Nações	PT	38.7691	-9.0963	22382
Portalegre	PT	39.2938	-7.4312	22368
Valadares	PT	41.0929	-8.6322	22322
Lordelo do Ouro	PT	41.1506	-8.6485	22270
São João da Madeira	PT	40.9007	-8.4902	22079
Lavradio	PT	38.6681	-9.052	21877
Bougado	PT	41.3398	-8.5518	21680
Azambuja	PT	39.0703	-8.8682	21422
Valongo	PT	41.1888	-8.4986	21328
Vilar	PT	40.6273	-8.6323	21227
Caparica	PT	38.6618	-9.2003	21167
Areeiro	PT	38.741	-9.138	21160
Arouca	PT	40.9306	-8.2449	21146
Belas	PT	38.7767	-9.2635	21019
Laranjeiro	PT	38.656	-9.1538	20988
Linda-a-Velha	PT	38.7145	-9.2422	20895
Falagueira	PT	38.7639	-9.228	20788
Trofa	PT	41.3373	-8.5596	20692
Baião	PT	41.1627	-8.0347	20522
Laranjeiro	PT	37.068	-7.8078	20473
Carcavelos	PT	38.691	-9.3222	20366
Camarate	PT	38.8036	-9.1281	20177
Entroncamento	PT	39.4667	-8.4667	19887
Paredes	PT	41.2049	-8.3315	19834
Monção	PT	42.0789	-8.4808	19738
Piedade	PT	38.6701	-9.1585	19472
Custoias	PT	41.1053	-7.321	19406
Algés	PT	38.7024	-9.2294	19327
Tomar	PT	39.602	-8.4092	19168
Barcelos	PT	41.5317	-8.6184	19085
São Tiago de Custoias	PT	41.2	-8.6333	19000
Pedroso	PT	41.411	-8.749	18963
Vilar de Andorinho	PT	41.1057	-8.5862	18944
São João da Talha	PT	38.8238	-9.0972	18925
Azeitão	PT	38.5192	-9.0139	18877
Santa Iria da Azóia	PT	38.8411	-9.0991	18573
Ovar	PT	40.8586	-8.6251	18452
Vila Franca de Xira	PT	38.9552	-8.9897	18355
Carnide	PT	38.7667	-9.1833	18028
Leça da Palmeira	PT	41.191	-8.7003	17996
Loulé	PT	37.1377	-8.0197	17930
Moita	PT	38.6508	-8.9904	17795
Sacavém	PT	38.792	-9.108	17718
Covilhã	PT	40.2811	-7.505	17610
Chaves	PT	41.7402	-7.4688	17535
Ramada	PT	38.8037	-9.1877	17535
Pombal	PT	39.9167	-8.6285	17355
Quelfes	PT	37.06	-7.8216	17253
Ílhavo	PT	40.6019	-8.6702	17236
Parede	PT	38.6928	-9.3541	17212
Eiras	PT	40.2483	-8.4155	17154
São Paulo de Frades	PT	40.2468	-8.394	17154
Condeixa-a-Nova	PT	40.1128	-8.498	17078
Alfragide	PT	38.732	-9.2192	17044
São Pedro da Cova	PT	41.1433	-8.5003	17011
Vila Real	PT	41.3001	-7.7432	17001
Palmela	PT	38.569	-8.9013	16934
Fafe	PT	41.4508	-8.1726	16868
Cabeceiras de Basto	PT	41.5143	-7.9894	16710
Belém	PT	38.6987	-9.1929	16546
Feira	PT	40.9254	-8.5428	16376
Leça do Bailio	PT	41.212	-8.6342	16103
Vialonga	PT	38.8721	-9.078	16088
Buraca	PT	38.7333	-9.2	16081
Albufeira	PT	37.0882	-8.2503	15851
Baguim do Monte	PT	41.192	-8.5412	15850
Alcobaça	PT	39.5522	-8.9775	15800
Vermoim	PT	41.2431	-8.6065	15764
Peniche	PT	39.3558	-9.3811	15662
Campo Grande	PT	38.7547	-9.1665	15514
Ribeira de Frades	PT	40.205	-8.4793	15315
São Martinho do Bispo	PT	40.2102	-8.4569	15315
Alfena	PT	41.2367	-8.5245	15211
Tavira	PT	37.1273	-7.6486	15133
Torres Novas	PT	39.4758	-8.5435	15002
Póvoa de Santo Adrião	PT	38.8	-9.1667	14897
Gafanha	PT	40.6362	-8.7134	14840
Campolide	PT	38.7295	-9.1649	14787
Vilar do Paraíso	PT	41.0897	-8.6211	14727
Areosa	PT	41.1815	-8.5878	14500
Valbom	PT	41.1292	-8.562	14443
Arcozelo	PT	41.0619	-8.6319	14352
Canelas	PT	41.0833	-8.6	14247
Costa de Caparica	PT	38.6446	-9.2356	14231
Cadaval	PT	39.243	-9.1033	14228
Valenza	PT	42.0242	-8.6347	14172
Samora Correia	PT	38.9371	-8.8718	14154
Santo Tirso	PT	41.3426	-8.4775	14021
Azevedo	PT	41.15	-8.5667	14000
Contumil	PT	41.1656	-8.5796	14000
Costa da Caparica	PT	38.6413	-9.2322	13968
Graça	PT	38.7176	-9.1295	13956
Porto Salvo	PT	38.7229	-9.3047	13867
Abrantes	PT	39.4667	-8.2	13646
Esgueira	PT	40.649	-8.6294	13431
Alhos Vedros	PT	38.6549	-9.0237	13384
Olhos de Água	PT	37.0902	-8.1917	13221
Moreira	PT	41.2476	-8.6479	12890
Montemor-o-Novo	PT	38.6481	-8.2145	12854
Sines	PT	37.9562	-8.8698	12791
Baixa	PT	38.7114	-9.1372	12765
Beato António	PT	38.7333	-9.1034	12737
Ourém	PT	39.6417	-8.5919	12729
Pedrouços	PT	41.1888	-8.5862	12553
Perafita	PT	41.1825	-8.2545	12538
Mirandela	PT	41.4874	-7.187	12504
Azenha	PT	41.0765	-8.6247	12260
Mafra	PT	38.9379	-9.3276	12259
Aldeia de Paio Pires	PT	38.6167	-9.0833	12179
Tábua	PT	40.3621	-8.0294	12071
Rio Maior	PT	39.3373	-8.9391	12064
Barcarena	PT	38.7325	-9.28	11968
Gueifães	PT	41.2167	-8.6	11964
Alijó	PT	41.2764	-7.4749	11942
Águeda	PT	40.5772	-8.4444	11941
Castelo Viegas	PT	40.1631	-8.4066	11858
Fátima	PT	39.6207	-8.6524	11798
Oliveira de Azemeis	PT	40.841	-8.4756	11771
Real	PT	41.5584	-8.4433	11700
Semelhe	PT	41.5544	-8.4628	11700
São Félix da Marinha	PT	41.0356	-8.6226	11685
Santa Comba Dão	PT	40.3986	-8.1316	11597
Arganil	PT	40.2183	-8.054	11596
Avintes	PT	41.1071	-8.5513	11577
Vila Real de Santo António	PT	37.195	-7.4177	11560
Almeirim	PT	39.2084	-8.6264	11557
Rebordosa	PT	41.224	-8.4067	11491
Lousã	PT	40.1167	-8.2492	11445
Esmoriz	PT	40.9577	-8.6275	11393
Calendário	PT	41.4036	-8.5297	11357
Moreira	PT	41.056	-8.3894	11336
Almancil	PT	37.0869	-8.0307	11291
Vendas Novas	PT	38.6771	-8.4579	11248
Santo André	PT	39.0553	-8.2441	11213
Óbidos	PT	39.3606	-9.1567	11187
São Brás de Alportel	PT	37.1531	-7.8875	11153
Sobreda	PT	38.6496	-9.1898	11146
Santo António da Charneca	PT	38.6256	-9.0304	11143
Cucujães	PT	40.8741	-8.5069	11087
Ponte de Sôr	PT	39.2496	-8.0101	11062
Senhora do Porto	PT	41.1667	-8.6333	11000
Caneças	PT	38.8132	-9.2268	10978
Anta	PT	41.2663	-8.6284	10951
Lamego	PT	41.0974	-7.8099	10928
Silves	PT	37.1892	-8.4382	10917
Grijó	PT	41.0284	-8.5802	10907
Vale da Amoreira	PT	39.0697	-7.6985	10828
Grândola	PT	38.1772	-8.5668	10737
Unhos	PT	38.8196	-9.1201	10712
Gulpilhares	PT	41.0763	-8.6374	10660
Margaride	PT	41.3648	-8.2	10652
Santo André	PT	38.0608	-8.7822	10601
Madalena	PT	41.1017	-8.6476	10551
Charneca	PT	38.7835	-9.1435	10509
Cartaxo	PT	39.1602	-8.7874	10502
Aver-o-Mar	PT	41.4061	-8.7796	10501
São João das Lampas	PT	38.8738	-9.3984	10484
Carregado	PT	39.0236	-8.9769	10474
Melres	PT	41.0699	-8.4009	10328
Caldas de Vizela	PT	41.3821	-8.3089	10239
Selho	PT	41.4194	-8.346	10223
Moimenta da Beira	PT	40.9838	-7.6177	10212
Carvoeiro	PT	37.0974	-8.4685	10141
Sardão	PT	41.1184	-8.5877	10092
Aradas	PT	40.6208	-8.6419	10087
Lordelo	PT	41.2345	-8.403	10035
Venda do Pinheiro	PT	38.9237	-9.2318	10000
Meadela	PT	41.7065	-8.7963	9981
Elvas	PT	38.8815	-7.1628	9904
Maceira	PT	39.6885	-8.8942	9831
Ameal	PT	41.1667	-8.6	9763
Fundão	PT	40.1403	-7.5014	9725
Alcochete	PT	38.7553	-8.9609	9705
Francos	PT	41.1676	-8.6377	9689
Bairro Alto	PT	38.7119	-9.1441	9658
Malveira	PT	38.9321	-9.2578	9647
Santa Clara	PT	40.1998	-8.4402	9637
Lavra	PT	41.2593	-8.7185	9633
Alenquer	PT	39.0532	-9.0093	9626
Lourosa	PT	40.9842	-8.5514	9619
Madalena	PT	41.2162	-8.3345	9618
São João de Ver	PT	40.9553	-8.5512	9568
Rio de Loba	PT	40.666	-7.8778	9529
Vila Nova de Famalicão	PT	41.408	-8.5198	9496
Famões	PT	38.788	-9.2103	9435
Moura	PT	38.1401	-7.4486	9360
Estremoz	PT	38.8443	-7.5858	9350
Abraveses	PT	40.6814	-7.921	9319
Fuzeta	PT	37.0543	-7.747	9267
Valadares	PT	41.1474	-7.9812	9255
Guifões	PT	41.1975	-8.669	9231
Alcácer do Sal	PT	38.3733	-8.5144	9198
Lourinhã	PT	39.2417	-9.3125	9196
Gondizalves	PT	41.5416	-8.4557	9148
Quinta do Anjo	PT	38.5675	-8.9423	9124
Vinhais	PT	41.8351	-7.005	9066
Marco de Canavezes	PT	41.1839	-8.1486	9042
Caxias	PT	38.7031	-9.2767	9007
Campo Pequeno	PT	38.743	-9.1442	9000
Mem Martins	PT	38.7944	-9.3428	9000
Nazaré	PT	39.6029	-9.0684	8993
Benavente	PT	38.9792	-8.8076	8932
Campo	PT	41.1852	-8.4649	8916
Mangualde	PT	40.6043	-7.7611	8895
Queijas	PT	38.7193	-9.2625	8828
Tondela	PT	40.5168	-8.0809	8800
Coruche	PT	38.9596	-8.5252	8776
Argoncilhe	PT	41.0254	-8.5389	8743
Ribeirão	PT	41.3608	-8.5677	8735
Fiães	PT	40.9945	-8.5254	8708
Coronado	PT	41.2854	-8.5632	8697
Estômbar	PT	37.1463	-8.485	8590
Tavarede	PT	40.1669	-8.8457	8586
Torre de Moncorvo	PT	41.1745	-7.0536	8572
Benedita	PT	39.4247	-8.97	8556
Moncarapacho	PT	37.0836	-7.7876	8545
Aves	PT	41.3703	-8.4101	8507
Alpendurada	PT	41.0894	-8.2464	8485
Soure	PT	40.0599	-8.626	8416
Bobadela	PT	38.8077	-9.0992	8399
São Bartolomeu de Messines	PT	37.2565	-8.2867	8381
Silva Escura	PT	41.2582	-8.5808	8380
Estói	PT	37.095	-7.8944	8331
Castelões de Cepeda	PT	41.2026	-8.3352	8322
Vila Viçosa	PT	38.7777	-7.4179	8319
Atouguia da Baleia	PT	39.3381	-9.3263	8313
Murtosa	PT	40.737	-8.6377	8282
Almargem	PT	38.8449	-9.2731	8271
Campo Maior	PT	39.0177	-7.065	8235
Beduido	PT	40.7643	-8.5611	8201
Darque	PT	41.6819	-8.8032	8092
Penafiel	PT	41.2084	-8.2828	8065
Quinta do Gato	PT	40.6299	-8.6212	8026
Sol Posto	PT	40.6334	-8.6179	8026
Serzedo	PT	41.405	-8.2293	8000
Freamunde	PT	41.2884	-8.3353	7983
Albergaria-a-Velha	PT	40.6932	-8.4799	7974
Chelas	PT	38.7412	-9.1201	7960
Alpiarça	PT	39.2571	-8.5819	7946
Batalha	PT	39.6602	-8.8247	7910
Colares	PT	38.7992	-9.4469	7905
Serzedo	PT	41.051	-8.616	7891
São João da Pesqueira	PT	41.148	-7.4049	7874
Ferreiros	PT	41.35	-8.55	7870
Joane	PT	41.4391	-8.4085	7869
Buarcos	PT	40.166	-8.8768	7865
Miranda do Corvo	PT	40.0932	-8.3326	7857
Santiago do Cacém	PT	38.0169	-8.6948	7797
Sande	PT	41.7019	-8.3925	7789
Pragal	PT	38.6746	-9.1698	7701
Mira	PT	40.4289	-8.7375	7682
Castanheira do Ribatejo	PT	38.993	-8.9735	7651
Vale de Cambra	PT	40.8497	-8.3939	7649
Ericeira	PT	38.9627	-9.4156	7538
Bonjoia	PT	41.15	-8.5833	7509
Mondim de Basto	PT	41.4116	-7.9544	7493
Miranda do Douro	PT	41.4969	-6.2731	7482
Nisa	PT	39.515	-7.6491	7450
Almodôvar	PT	37.5128	-8.0601	7449
Cantanhede	PT	40.3467	-8.5942	7347
Vila Nova da Barquinha	PT	39.4608	-8.4359	7322
Vila Nova de Foz Côa	PT	41.0819	-7.1415	7312
Mértola	PT	37.643	-7.6611	7274
Ferreiras	PT	37.1293	-8.2376	7267
Mozelos	PT	41.8677	-8.3978	7230
Alhandra	PT	38.9273	-9.0086	7226
Reguengos de Monsaraz	PT	38.4253	-7.5349	7217
Silvalde	PT	40.992	-8.6257	7188
Apelação	PT	38.8139	-9.1323	7182
Oiã	PT	40.5426	-8.5386	7118
Seia	PT	40.4151	-7.7086	7082
Jovim	PT	41.111	-8.519	7067
Ponte	PT	41.4706	-8.3299	7041
Válega	PT	40.8363	-8.5806	7005
Silveira	PT	39.1112	-9.3643	6942
Arrifana	PT	40.9156	-8.4966	6927
Pinheiro Manso	PT	41.1619	-8.6519	6900
Ramalde do Meio	PT	41.176	-8.6404	6839
Tunes	PT	37.1659	-8.2592	6837
Cacia	PT	40.6844	-8.5976	6830
Arcos	PT	41.5219	-8.4215	6805
Massarelos	PT	41.1482	-8.6327	6789
Amarante	PT	41.2727	-8.0824	6782
Paços de Ferreira	PT	41.2766	-8.3762	6782
São João	PT	40.868	-8.6067	6762
Gualtar	PT	41.565	-8.3855	6761
Arcos	PT	40.4478	-8.4417	6725
Sobrado	PT	41.2104	-8.4549	6703
Aveleda	PT	41.5211	-8.4668	6671
Negrelos	PT	41.3495	-8.4015	6664
Fazendas de Almeirim	PT	39.1755	-8.5693	6635
A dos Cunhados	PT	39.1524	-9.2972	6594
Serpa	PT	37.9458	-7.5975	6586
Macedo de Cavaleiros	PT	41.5382	-6.9611	6566
Avanca	PT	40.8077	-8.5722	6540
Pereiro	PT	41.1738	-8.6548	6501
Prior Velho	PT	38.7917	-9.1212	6500
São Romão	PT	40.4012	-7.7146	6500
Cacilhas	PT	38.6864	-9.1494	6494
Sandim	PT	41.0351	-8.507	6449
Carrazeda de Anciães	PT	41.2425	-7.3072	6373
Sabrosa	PT	41.267	-7.576	6361
Tabuaço	PT	41.1161	-7.5679	6350
Foz do Sousa	PT	41.0967	-8.5018	6315
Lagoa	PT	37.1354	-8.4532	6301
Pedras Rubras	PT	41.2436	-8.6673	6300
Perozinho	PT	41.0651	-8.5853	6259
Oliveira do Bairro	PT	40.5146	-8.4939	6239
Santa Cruz do Bispo	PT	41.2146	-8.6741	6230
Oliveira	PT	41.4782	-8.4696	6222
Eirol	PT	40.6108	-8.5369	6190
Arruda dos Vinhos	PT	38.9841	-9.0775	6170
Aljubarrota	PT	39.5671	-8.9292	6146
Noeda	PT	41.15	-8.5833	6100
Vila Cova	PT	41.3241	-8.1571	6081
Marinhas	PT	41.5591	-8.783	6052
Lobão	PT	40.9866	-8.4857	6049
Gandra	PT	41.2012	-8.4338	6034
Porto de Mós	PT	39.6019	-8.8184	6032
Vila Nova da Telha	PT	41.2568	-8.6659	6004
Armação de Pêra	PT	37.1026	-8.3569	6003
Fontanelas	PT	38.8481	-9.4394	6001
Cova da Moura	PT	39.0561	-9.3479	6000
Vila da Lixa	PT	41.3228	-8.1473	6000
Eixo	PT	40.6276	-8.5692	5978
Olival Basto	PT	38.7908	-9.1662	5959
Milharado	PT	38.9473	-9.1991	5935
Vidigueira	PT	38.2099	-7.8005	5932
Arazede	PT	40.2863	-8.65	5906
Ribeira de Pena	PT	41.5215	-7.8024	5887
Aljezur	PT	37.3175	-8.8015	5884
Bombarral	PT	39.2672	-9.1579	5852
Vila Nova da Telha	PT	41.0717	-8.6415	5848
Redondo	PT	38.6487	-7.5471	5845
Odemira	PT	37.598	-8.6397	5830
Vieira de Leiria	PT	39.8695	-8.9324	5807
Marinhais	PT	39.0473	-8.7024	5788
Monte Real	PT	39.8521	-8.8635	5756
Boticas	PT	41.6894	-7.6691	5750
Caldelas	PT	41.671	-8.3815	5724
Taipas	PT	41.4847	-8.3485	5723
Oleiros	PT	39.9189	-7.9137	5721
Vila do Bispo	PT	37.0832	-8.9114	5717
Olival	PT	41.0502	-8.5442	5715
Palmeira	PT	41.5909	-8.4275	5700
Bairro do Loreto	PT	40.2333	-8.45	5699
Sernancelhe	PT	40.8987	-7.4934	5671
Sertã	PT	39.8021	-8.0959	5636
Branca	PT	40.7665	-8.4826	5632
Lamas	PT	40.986	-8.5692	5628
Moreira de Conegos	PT	41.3868	-8.3394	5607
Trafaria	PT	38.6722	-9.2327	5603
Carregal do Sal	PT	40.4333	-8.0	5600
São Roque	PT	40.8722	-8.4715	5575
Barrosas	PT	41.3553	-8.2994	5573
Vilela	PT	41.2251	-7.6034	5540
Poiares	PT	40.2103	-8.2575	5514
Santa Maria de Avioso	PT	41.2679	-8.6059	5513
Pataias	PT	39.6698	-8.9958	5510
Bairro Silva Braga	PT	41.1749	-8.6268	5500
São Pedro do Sul	PT	40.7554	-8.0726	5497
Aguiar da Beira	PT	40.8173	-7.5443	5473
Nogueira	PT	41.2425	-8.5869	5473
Riachos	PT	39.4447	-8.5142	5463
Urgeses	PT	41.4272	-8.298	5457
Monchique	PT	37.3177	-8.5553	5421
São Miguel do Couto	PT	41.3317	-8.4619	5416
Galegos	PT	41.5627	-8.572	5404
Merelim	PT	41.5857	-8.4656	5363
Miramar	PT	41.0677	-8.6504	5360
Macieira de Cambra	PT	40.8594	-8.3734	5348
Aljustrel	PT	37.8776	-8.1652	5334
Nogueira da Regedoura	PT	41.0053	-8.592	5328
Assafarge	PT	40.1589	-8.4317	5302
Cabo Ruivo	PT	38.756	-9.0967	5302
Vidago	PT	41.6401	-7.5717	5300
Gemunde	PT	41.2677	-8.6451	5284
Barro	PT	40.6246	-8.6228	5273
Marco da Oliveirinha	PT	40.6146	-8.6194	5273
Alvor	PT	37.1299	-8.5917	5272
Caranguejeira	PT	39.7462	-8.7074	5248
Ventosa	PT	39.127	-9.0842	5215
Mêda	PT	40.9663	-7.2616	5202
Bela Vista	PT	41.1604	-8.5852	5198
Árvore	PT	41.3392	-8.7181	5196
Vila Nova de Paiva	PT	40.8529	-7.7279	5176
Salvaterra de Magos	PT	39.0279	-8.7935	5165
Quinta de Santo António	PT	38.6531	-9.2354	5154
Cruz	PT	41.1667	-8.5833	5123
Antanhol	PT	40.1684	-8.4633	5108
Castro Marim	PT	37.2207	-7.4435	5089
Louriçal	PT	40.0039	-8.7374	5085
Valongo	PT	40.6167	-8.45	5085
Brito	PT	41.4582	-8.361	5051
Peso da Régua	PT	41.1632	-7.789	5048
Refojos de Basto	PT	41.5132	-7.9952	5037
Angeiras	PT	41.2671	-8.7108	5034
Alcanede	PT	39.415	-8.8219	5020
Parchal	PT	37.1383	-8.517	5019
Nevogilde	PT	41.1651	-8.6792	5018
Póvoa de Lanhoso	PT	41.576	-8.2701	5008
Azinhaga	PT	39.05	-9.35	5001
Nine	PT	41.4588	-8.546	5001
Paços	PT	41.1621	-8.6705	5001
Bucharest	RO	44.4323	26.1063	1877155
Iaşi	RO	47.1667	27.6	378954
Constanţa	RO	44.1807	28.6343	317832
Cluj-Napoca	RO	46.7667	23.6	286598
Braşov	RO	45.6486	25.6061	253200
Timişoara	RO	45.7537	21.2257	250849
Craiova	RO	44.3167	23.8	234140
Galaţi	RO	45.4369	28.0503	217851
Târgu Mureş	RO	46.5425	24.5575	212752
Oradea	RO	47.0458	21.9183	183105
Ploieşti	RO	44.95	26.0167	180540
Arad	RO	46.1833	21.3167	169065
Brăila	RO	45.2715	27.9743	154686
Piteşti	RO	44.85	24.8667	141275
Bacău	RO	46.5672	26.9138	136087
Sibiu	RO	45.8	24.15	134309
Satu Mare	RO	47.7993	22.8625	112490
Baia Mare	RO	47.6573	23.5681	108759
Buzău	RO	45.15	26.8333	103481
Piatra Neamţ	RO	46.9167	26.3333	102688
Râmnicu Vâlcea	RO	45.1	24.3667	93151
Botoşani	RO	47.75	26.6667	90010
Suceava	RO	47.6333	26.25	84308
Reşiţa	RO	45.3008	21.8892	81228
Drobeta-Turnu Severin	RO	44.6269	22.6529	79865
Bistriţa	RO	47.1332	24.5001	78877
Târgu Jiu	RO	45.05	23.2833	73545
Hunedoara	RO	45.75	22.9	69136
Roman	RO	46.9212	26.9265	67819
Bârlad	RO	46.2317	27.6691	67818
Deva	RO	45.8833	22.9	67802
Târgovişte	RO	44.9254	25.4567	66965
Focșani	RO	45.7	27.1833	66648
Tulcea	RO	45.1787	28.805	65624
Alba Iulia	RO	46.0667	23.5833	64227
Slatina	RO	44.4333	24.3667	63487
Vaslui	RO	46.6333	27.7333	63035
Giurgiu	RO	43.8866	25.9627	54551
Mediaş	RO	46.1667	24.35	53040
Zalău	RO	47.2	23.05	52359
Sfântu Gheorghe	RO	45.8667	25.7833	50080
Paşcani	RO	47.2469	26.7229	45000
Petroşani	RO	45.4167	23.3667	44187
Turda	RO	46.5667	23.7833	43319
Medgidia	RO	44.25	28.2833	43315
Lugoj	RO	45.6886	21.9031	43243
Câmpina	RO	45.1262	25.735	41554
Slobozia	RO	44.5647	27.3633	41550
Tecuci	RO	45.8497	27.4344	41154
Sighetu Marmaţiei	RO	47.932	23.886	40653
Alexandria	RO	43.9833	25.3333	40390
Mangalia	RO	43.8162	28.5766	39619
Râmnicu Sărat	RO	45.3833	27.05	38526
Dej	RO	47.15	23.8667	38033
Odorheiu Secuiesc	RO	46.3	25.3	36532
Sighișoara	RO	46.2214	24.7928	34537
Miercurea-Ciuc	RO	46.35	25.8	34484
Caracal	RO	44.1167	24.35	33761
Năvodari	RO	44.3167	28.6	33106
Feteşti	RO	44.3833	27.8333	32866
Curtea de Argeş	RO	45.1342	24.6741	32178
Dorohoi	RO	47.95	26.4	30776
Făgăraș	RO	45.85	24.9667	30714
Lupeni	RO	45.3603	23.2383	30488
Voluntari	RO	44.49	26.1734	30323
Săcele	RO	45.6167	25.711	29918
Fălticeni	RO	47.45	26.3	29576
Huşi	RO	46.6736	28.0594	29129
Mioveni	RO	44.959	24.942	29062
Turnu Măgurele	RO	43.7469	24.8685	28783
Târnăveni	RO	46.3319	24.2966	28634
Aiud	RO	46.3101	23.7213	28341
Caransebeş	RO	45.4167	22.2167	27521
Roșiorii de Vede	RO	44.1167	24.9833	27416
Sebeş	RO	45.9565	23.571	27246
Borşa	RO	47.6553	24.6633	26966
Câmpia Turzii	RO	46.55	23.8833	26457
Petrila	RO	45.45	23.4167	25234
Zărnești	RO	45.5609	25.3179	24926
Cugir	RO	45.8365	23.37	24734
Moineşti	RO	46.4752	26.4891	23981
Rădăuți	RO	47.85	25.9167	23822
Gherla	RO	47.0333	23.9167	23741
Comăneşti	RO	46.4213	26.4365	23729
Olteniţa	RO	44.0833	26.6333	22624
Motru	RO	44.8033	22.9719	22319
Carei	RO	47.6833	22.4667	20775
Orăştie	RO	45.8333	23.2	20763
Buftea	RO	44.5614	25.9489	20691
Drăgăşani	RO	44.65	24.2667	20630
Balş	RO	44.35	24.1	20626
Moreni	RO	44.983	25.6441	20596
Codlea	RO	45.7	25.45	20534
Târgu Neamţ	RO	47.2	26.3667	20473
Blaj	RO	46.1751	23.9158	20371
Târgu Secuiesc	RO	46.0	26.1333	20067
Corabia	RO	43.7751	24.5015	20047
Băicoi	RO	45.0333	25.85	19869
Gheorgheni	RO	46.7229	25.6005	19777
Vulcan	RO	45.3833	23.2667	19772
Câmpulung Moldovenesc	RO	47.5333	25.5667	19765
Băileşti	RO	44.0167	23.35	19599
Filiaşi	RO	44.55	23.5167	18995
Calafat	RO	43.9907	22.9333	18643
Cernavodă	RO	44.3396	28.0327	18502
Buhuşi	RO	46.7167	26.7	18395
Breaza	RO	45.1833	25.6667	17949
Salonta	RO	46.8	21.65	17561
Luduş	RO	46.4833	24.1	17165
Urziceni	RO	44.7167	26.6333	16770
Baia Sprie	RO	47.6619	23.6922	16746
Bocşa	RO	45.3733	21.7092	16349
Pantelimon	RO	44.45	26.2	16206
Vatra Dornei	RO	47.35	25.3667	16054
Brad	RO	46.1333	22.7833	15988
Gura Humorului	RO	47.55	25.9	15728
Şimleu Silvaniei	RO	47.2333	22.8	15721
Mizil	RO	45.0167	26.45	15532
Vişeu de Sus	RO	47.7079	24.4295	15349
Ocna Mureş	RO	46.3833	23.85	15316
Popeşti-Leordeni	RO	44.3833	26.1667	15279
Râşnov	RO	45.5833	25.45	15253
Zimnicea	RO	43.6564	25.3645	15228
Adjud	RO	46.0991	27.1814	15178
Cisnădie	RO	45.7167	24.15	15042
Găeşti	RO	44.7167	25.3167	15037
Sânpetru	RO	45.7108	25.6368	15000
Pucioasa	RO	45.0781	25.4323	14971
Dărmăneşti	RO	46.3667	26.4833	14290
Vicovu de Sus	RO	47.9333	25.6833	14077
Avrig	RO	45.7167	24.3833	14032
Marghita	RO	47.35	22.3333	13871
Simeria	RO	45.85	23.0167	13827
Târgu Frumos	RO	47.2	27.0	13797
Dăbuleni	RO	43.8	24.0833	13641
Negreşti-Oaş	RO	47.8667	23.4333	13456
Moldova Nouă	RO	44.7375	21.6669	13263
Ovidiu	RO	44.258	28.5608	13257
Comarnic	RO	45.25	25.6333	13254
Târgu Ocna	RO	46.279	26.613	13127
Sânnicolau Mare	RO	46.0833	20.6333	12888
Ştefăneşti	RO	44.8651	24.9496	12837
Pecica	RO	46.1667	21.0667	12804
Chitila	RO	44.5081	25.9822	12788
Călan	RO	45.7333	22.9833	12782
Ţăndărei	RO	44.6413	27.6563	12761
Sântana	RO	46.35	21.5	12706
Poiana Mare	RO	43.9167	23.0667	12633
Topliţa	RO	46.9243	25.3519	12609
Scorniceşti	RO	44.5667	24.55	12456
Orşova	RO	44.723	22.3962	12350
Oraviţa	RO	45.0325	21.6894	12332
Rovinari	RO	44.9167	23.1833	12259
Drăgăneşti-Olt	RO	44.1667	24.5333	12056
Vălenii de Munte	RO	45.1833	26.0333	12044
Jilava	RO	44.3333	26.0781	12023
Holboca	RO	47.15	27.7	11971
Sinaia	RO	45.35	25.55	11918
Darabani	RO	48.1833	26.5833	11890
Tomeşti	RO	47.1167	27.6833	11828
Videle	RO	44.2781	25.5244	11813
Storeşti	RO	47.55	26.8667	11806
Urlaţi	RO	44.9833	26.2333	11798
Bolintin Vale	RO	44.4489	25.7578	11700
Matca	RO	45.85	27.5333	11642
Strehaia	RO	44.6167	23.2	11607
Oţelu Roşu	RO	45.5333	22.3667	11482
Sovata	RO	46.5833	25.0667	11465
Boldeşti-Scăeni	RO	45.0333	26.0333	11460
Nehoiu	RO	45.4167	26.3	11350
Belceşti	RO	47.3	27.0833	11335
Hârlău	RO	47.4333	26.9	11295
Pechea	RO	45.6333	27.8	11287
Ianca	RO	45.1333	27.45	11209
Jibou	RO	47.259	23.2565	11183
Lipova	RO	46.0909	21.6963	11041
Topoloveni	RO	44.8167	25.0833	11039
Dolhasca	RO	47.4333	26.6	11025
Covasna	RO	45.85	26.1833	10979
Lieşti	RO	45.6167	27.5167	10956
Beclean	RO	47.1833	24.1833	10909
Murfatlar	RO	44.1833	28.4167	10906
Haţeg	RO	45.6167	22.95	10865
Jimbolia	RO	45.7914	20.7172	10860
Dofteana	RO	46.3167	26.5167	10785
Beiuş	RO	46.6667	22.35	10721
Costeşti	RO	44.6667	24.8833	10654
Agnita	RO	45.9667	24.6167	10505
Deleni	RO	47.4667	26.8833	10484
Vladimirescu	RO	46.1663	21.401	10451
Bumbeşti-Jiu	RO	45.1667	23.4	10445
Călineşti	RO	44.8167	25.05	10419
Seini	RO	47.75	23.2833	10382
Năsăud	RO	47.2833	24.4	10380
Valea Călugărească	RO	44.9667	26.15	10378
Otopeni	RO	44.55	26.0667	10332
Măcin	RO	45.2437	28.1356	10295
Bucov	RO	44.9667	26.0833	10279
Aleşd	RO	47.0581	22.3995	10264
Cormaia	RO	47.3667	24.6833	10254
Victoria	RO	45.7297	24.7028	10247
Valea lui Mihai	RO	47.5167	22.15	10240
Săbăoani	RO	47.0114	26.8654	10218
Filipeştii de Pădure	RO	45.0	25.75	10169
Nicolae Bălcescu	RO	46.4667	26.9167	10140
Ciurea	RO	47.05	27.5667	10110
Babadag	RO	44.9	28.7167	10101
Titu	RO	44.65	25.5333	10081
Hârşova	RO	44.6855	27.9501	10055
Ineu	RO	46.4337	21.8405	10051
Negreşti	RO	46.8333	27.4333	10043
Sascut	RO	46.2	27.1	10031
Mihail Kogălniceanu	RO	44.368	28.46	9970
Uricani	RO	45.3373	23.1524	9924
Buşteni	RO	45.4	25.5333	9906
Homocea	RO	46.1333	27.2333	9869
Poienile de sub Munte	RO	47.8167	24.4333	9865
Liteni	RO	47.5667	26.2	9833
Munteni	RO	45.9333	27.4333	9760
Podu Iloaiei	RO	47.2167	27.2667	9752
Cumpăna	RO	44.1167	28.5667	9731
Modelu	RO	44.1957	27.3872	9672
Iveşti	RO	45.6833	27.5167	9671
Curtici	RO	46.35	21.3	9615
Budeşti	RO	44.2347	26.4658	9598
Oituz	RO	46.2	26.6167	9596
Cristuru Secuiesc	RO	46.2833	25.0333	9554
Borcea	RO	44.3333	27.75	9546
Cernica	RO	44.4167	26.2833	9530
Zorleni	RO	46.2667	27.7167	9511
Eforie Sud	RO	44.0229	28.6494	9498
Marginea	RO	47.8167	25.8167	9488
Berca	RO	45.2833	26.6833	9479
Tăşnad	RO	47.4833	22.5833	9466
Şimian	RO	44.6142	22.7072	9434
Baraolt	RO	46.0751	25.6003	9429
Huedin	RO	46.8667	23.05	9395
Măgurele	RO	44.35	26.0333	9375
Băbeni	RO	44.9667	24.2333	9350
Iernut	RO	46.45	24.25	9343
Siret	RO	47.95	26.0667	9246
Bărcăneşti	RO	44.8833	26.05	9225
Brăneşti	RO	45.0333	25.4167	9094
Preuteşti	RO	47.45	26.4167	9048
Vadu Paşii	RO	45.1667	26.9	9034
Întorsura Buzăului	RO	45.6833	26.0333	9026
Cobadin	RO	44.0833	28.2167	8979
Borleşti	RO	46.7667	26.4833	8965
Moisei	RO	47.6556	24.5401	8877
Puchenii Mari	RO	44.8167	26.0833	8869
Lovrin	RO	45.9681	20.7703	8851
Mărășești	RO	45.8833	27.2333	8844
Panciu	RO	45.9	27.0833	8810
Hotarele	RO	44.1725	26.3703	8790
Ariceştii-Rahtivani	RO	44.95	25.8333	8764
Bascov	RO	44.9	24.8167	8759
Valu lui Traian	RO	44.1667	28.4667	8733
Anina	RO	45.0794	21.8569	8689
Roznov	RO	46.8333	26.5167	8688
Apahida	RO	46.8167	23.75	8658
Salcea	RO	47.65	26.3667	8655
Târgu Cărbuneşti	RO	44.95	23.5167	8646
Brăneşti	RO	44.45	26.3333	8645
Dragalina	RO	44.4333	27.3167	8642
Joiţa	RO	44.4942	25.8539	8616
Verneşti	RO	45.2167	26.7333	8603
Pipirig	RO	47.25	26.0667	8569
Milcovul	RO	45.65	27.25	8547
Recaş	RO	45.7989	21.5008	8508
Călimăneşti	RO	45.2333	24.3333	8485
Târgşoru Vechi	RO	44.8667	25.9167	8460
Turceni	RO	44.6833	23.3667	8458
Brazii de Sus	RO	44.8667	26.0167	8406
Milişăuţi	RO	47.7833	26.0	8399
Zlatna	RO	46.1063	23.2316	8393
Popeşti	RO	47.2333	22.4167	8386
Roata de Jos	RO	44.4108	25.5433	8350
Bicaz	RO	46.9167	26.0667	8340
Vidra	RO	44.2606	26.1697	8322
Răzvad	RO	44.9333	25.5333	8305
Potlogi	RO	44.55	25.5833	8299
Tămăşeni	RO	46.9833	26.9333	8292
Sadova	RO	43.9	23.95	8277
Bragadiru	RO	44.3711	25.9775	8274
Corbii Mari	RO	44.55	25.5	8257
Sângeorz-Băi	RO	47.3685	24.6721	8244
Băleni Sârbi	RO	44.8167	25.6333	8231
Răuceşti	RO	47.25	26.4167	8204
Orbeasca de Sus	RO	44.15	25.3167	8203
Dragomireşti	RO	44.9167	25.3333	8194
Chişineu-Criş	RO	46.5251	21.5184	8171
Dumbrăveni	RO	46.2333	24.5667	8167
Miroslava	RO	47.15	27.5167	8127
Săveni	RO	47.95	26.8667	8126
Dumbrăveni	RO	47.65	26.4167	8110
Prejmer	RO	45.7167	25.7667	8106
Chiajna	RO	44.46	25.9733	8105
Nădlac	RO	46.1667	20.75	8067
Cudalbi	RO	45.7833	27.7	8055
Baciu	RO	46.8	23.5167	8046
Mărgineni-Munteni	RO	46.6	26.9	8033
Odobeşti	RO	45.7667	27.05	8026
Chirnogi	RO	44.1167	26.5667	8022
Şiria	RO	46.2667	21.6333	8004
Gătaia	RO	45.4311	21.43	8002
Vorona Teodoru	RO	47.55	26.6	7992
Cotnari	RO	47.35	26.9833	7985
Balcani	RO	46.6333	26.55	7958
Segarcea	RO	44.1	23.75	7944
Poduri	RO	46.4667	26.5333	7937
Câmpeni	RO	46.3667	23.05	7932
Dărmăneşti	RO	44.9167	25.7833	7919
Moţăţei	RO	44.0833	23.2	7898
Corod	RO	45.9	27.6167	7855
Piatra Şoimului	RO	46.8333	26.4333	7848
Vasilaţi	RO	44.2878	26.4475	7840
Răcăciuni	RO	46.3333	26.9833	7839
1 Decembrie	RO	44.2908	26.0581	7817
Castelu	RO	44.259	28.337	7816
Peretu	RO	44.05	25.0833	7816
Văcăreşti	RO	44.85	25.4833	7812
Filipeştii de Târg	RO	44.9833	25.7833	7794
Adâncata	RO	47.7333	26.3	7779
Pogoanele	RO	44.9167	27.0	7777
Sângeorgiu de Mureş	RO	46.5696	24.5945	7776
Suraia	RO	45.6833	27.4	7770
Tismana	RO	45.05	22.9667	7751
Gilău	RO	46.7325	23.3617	7745
Plopeni	RO	45.0496	25.952	7718
Comana	RO	44.1706	26.145	7717
Răducăneni	RO	46.95	27.9333	7706
Brăhăşeştii de Sus	RO	46.05	27.35	7692
Murgeni	RO	46.2044	28.0197	7665
Ţibăneşti	RO	46.9167	27.3333	7662
Blejoi	RO	45.0	26.0167	7646
Buziaş	RO	45.6492	21.6036	7625
Scobinţi	RO	47.402	26.912	7618
Corneşti	RO	44.7833	25.8667	7616
Ulmi	RO	44.4867	25.7803	7606
Band	RO	46.5833	24.3833	7599
Şomcuta Mare	RO	47.5167	23.4667	7584
Fieni	RO	45.1333	25.4167	7566
Amara	RO	44.6167	27.3167	7557
Scheia	RO	47.65	26.2333	7533
Floreşti	RO	45.05	25.7833	7507
Mihăileşti	RO	44.3267	25.9083	7506
Tuluceşti	RO	45.5667	28.0333	7503
Sarichioi	RO	44.95	28.85	7483
Sagna	RO	46.9833	27.0167	7443
Asău	RO	46.443	26.4004	7438
Vidra	RO	45.9167	26.9	7423
Floreşti	RO	46.7457	23.4937	7397
Girov	RO	46.95	26.5167	7396
Sărmaşu	RO	46.75	24.1667	7371
Bixad	RO	47.9333	23.4	7369
Doljeşti	RO	47.0333	26.9833	7359
Băleşti	RO	45.0167	23.2167	7333
Vadu Moldovei	RO	47.3833	26.3667	7325
Însurăţei	RO	44.9167	27.6	7309
Cornu Luncii	RO	47.4667	26.15	7288
Bălan	RO	46.6505	25.8083	7275
Vânători-Neamţ	RO	47.2	26.3167	7270
Măieru	RO	47.4	24.75	7259
Armăşeşti	RO	44.75	26.5833	7243
Cajvana	RO	47.7	25.9667	7236
Periş	RO	44.6847	26.0139	7235
Glina	RO	44.3833	26.25	7227
Tărlungeni	RO	45.6333	25.75	7219
Ciacova	RO	45.5081	21.1286	7205
Cojasca	RO	44.7167	25.85	7205
Helegiu	RO	46.35	26.75	7195
Măneşti	RO	44.8667	25.85	7186
Halmeu	RO	47.9667	23.0167	7184
Gruiu	RO	44.7333	26.2333	7183
Udeşti	RO	47.5667	26.4167	7177
Lumina	RO	44.2833	28.5667	7168
Blăgeşti	RO	46.6833	26.65	7165
Mălini	RO	47.4667	26.0833	7163
Merei	RO	45.1333	26.6833	7137
Pâncota	RO	46.3333	21.7	7133
Făget	RO	45.85	22.1833	7125
Cordun	RO	46.95	26.8667	7124
Medieşu Aurit	RO	47.7833	23.15	7122
Umbrăreşti	RO	45.7167	27.4667	7116
Teiuş	RO	46.2	23.6833	7112
Dăneţi	RO	43.9833	24.05	7110
Dumbrava Roşie	RO	46.8833	26.4333	7104
Ţibana	RO	46.9833	27.3333	7098
Mărăcineni	RO	45.2	26.8	7096
Vereşti	RO	47.6	26.4333	7089
Copălău	RO	47.6167	26.8333	7086
Vărbilău	RO	45.1833	25.95	7084
Techirghiol	RO	44.05	28.6	7083
Săcueni	RO	47.35	22.1	7075
Cărpiniş	RO	45.7872	20.9042	7071
Luncaviţa	RO	45.2833	28.2667	7050
Ulmeni	RO	47.4667	23.3	7047
Cogealac	RO	44.55	28.5667	7046
Cioranii de Jos	RO	44.8167	26.4167	7036
Griviţa	RO	44.7333	27.2833	7032
Smeeni	RO	44.9833	26.85	7015
Tileagd	RO	47.0667	22.2	6994
Volovăţ	RO	47.8167	25.9	6990
Mircea Vodă	RO	44.2833	28.1667	6983
Todireşti	RO	47.3167	26.8333	6970
Feldru	RO	47.2833	24.6	6967
Slănic	RO	45.25	25.9333	6967
Coşereni	RO	44.6833	26.5667	6957
Vlăhiţa	RO	46.345	25.527	6922
Dragodana	RO	44.7333	25.35	6918
Dancu	RO	47.1542	27.6662	6903
Izvoarele	RO	45.0333	25.2667	6836
Livada	RO	47.8667	23.1333	6833
Răcari	RO	44.6333	25.7333	6828
Cleja	RO	46.4167	26.9	6816
Siculeni	RO	46.4167	25.75	6807
Dor Mărunt	RO	44.45	26.9167	6806
Bucşani	RO	44.8667	25.65	6797
Mirceşti	RO	47.0833	26.8333	6797
Baloteşti	RO	44.6167	26.1167	6795
Păuneşti	RO	46.0333	27.1	6778
Bărbuleţu	RO	45.1333	25.3	6777
Doftana	RO	45.15	25.8	6777
Baia	RO	47.4167	26.2167	6762
Popricani	RO	47.3	27.5167	6752
Horezu	RO	45.15	24.0167	6743
Vânju-Mare	RO	44.4253	22.8697	6740
Praid	RO	46.55	25.1333	6739
Oraşu Nou	RO	47.8333	23.2833	6737
Arbore	RO	47.7333	25.9333	6736
Văleni	RO	46.5949	28.0646	6723
Poiana Lacului	RO	44.8167	24.7333	6705
Afumaţi	RO	44.5167	26.2667	6696
Laza	RO	46.65	27.5833	6694
Turţ	RO	47.9833	23.2167	6693
Pârjol	RO	46.5833	26.6	6688
Călăraşi	RO	44.2051	27.3136	6687
Crevedia	RO	44.6	25.9333	6674
Brezoi	RO	45.338	24.2486	6668
Fundulea	RO	44.4667	26.5167	6668
Leţcani	RO	47.1833	27.4167	6642
Bălţăteşti	RO	47.1167	26.3	6635
Călăraşi	RO	43.7931	24.044	6632
Agăş	RO	46.4833	26.2167	6619
Vişina	RO	44.5833	25.3333	6604
Dobroeşti	RO	44.45	26.1833	6599
Starchiojd	RO	45.3167	26.1833	6592
Albeşti	RO	47.7	27.0667	6578
Broşteni	RO	47.2333	25.7	6578
Brebu Mânăstirei	RO	45.1833	25.7667	6576
Plopşoru	RO	44.7833	23.35	6576
Periam	RO	46.05	20.8667	6563
Borca	RO	47.1833	25.7667	6556
Rediu	RO	47.2167	27.5	6548
Lehliu-Gară	RO	44.4333	26.85	6538
Diosig	RO	47.3	22.0	6529
Ștei	RO	46.5333	22.45	6529
Cosmeşti	RO	45.8702	27.3112	6526
Corni	RO	47.65	26.5833	6521
Frasin	RO	47.5333	25.8	6519
Măgureni	RO	45.0667	25.7333	6515
Botoroaga	RO	44.1483	25.5447	6488
Lunca	RO	43.8333	24.7667	6485
Gugeşti	RO	45.5667	27.1333	6478
Ungheni	RO	46.4833	24.4667	6449
Gherăeşti	RO	47.0167	26.8167	6448
Călugăreni	RO	44.1717	25.9956	6444
Vărăşti	RO	44.2378	26.2486	6412
Ciprian Porumbescu	RO	47.5667	26.0667	6405
Plosca	RO	44.0333	25.1333	6404
Şărmăşag	RO	47.35	22.8333	6400
Hudeşti	RO	48.15	26.5	6360
Telega	RO	45.1333	25.7833	6358
Ardud	RO	47.6333	22.8833	6357
Tamaşi	RO	46.4833	26.9833	6330
Piatra Olt	RO	44.3667	24.2667	6313
Feldioara	RO	45.8167	25.6	6307
Sândominic	RO	46.584	25.7803	6306
Viziru	RO	45.0167	27.7	6305
Podari	RO	44.25	23.7833	6302
Ghidigeni	RO	46.05	27.5	6294
Ighiu	RO	46.15	23.5167	6294
Tuzla	RO	44.0	28.6333	6292
Lucieni	RO	44.85	25.4333	6286
Vinga	RO	46.0167	21.2	6283
Buzoeşti	RO	44.5833	24.9167	6281
Gurghiu	RO	46.7667	24.85	6277
Băbăiţa	RO	44.1667	25.3833	6276
Zvoriştea	RO	47.8333	26.2833	6275
Bosanci	RO	47.5833	26.3167	6270
Bârsana	RO	47.8167	24.0667	6266
Valea Stanciului	RO	43.9833	23.8667	6264
Mihăeşti	RO	45.0333	24.25	6263
Deta	RO	45.3889	21.2244	6252
Stulpicani	RO	47.4667	25.7667	6234
Crasna	RO	47.1667	22.9	6233
Biled	RO	45.8864	20.9589	6230
Remetea	RO	46.7833	25.45	6225
Ruginoasa	RO	47.25	26.85	6220
Rodna	RO	47.4167	24.8167	6218
Gălăneşti	RO	47.9167	25.8	6211
Băiculeşti	RO	45.0667	24.7	6207
Cefa	RO	46.9167	21.7333	6206
Mihail Kogălniceanu	RO	44.6833	27.7333	6181
Fălciu	RO	46.2961	28.1408	6178
Săcălaz	RO	45.7583	21.1122	6176
Sebiş	RO	46.3667	22.1167	6168
Sâncraiu de Mureş	RO	46.5512	24.5266	6161
Voineşti	RO	47.0667	27.4167	6161
Voineşti	RO	45.0667	25.25	6159
Nicoreşti	RO	45.9322	27.3087	6147
Târnova	RO	46.3167	21.8	6146
Rucăr	RO	45.4	25.1667	6142
Bolintin Deal	RO	44.4592	25.8211	6139
Lespezi	RO	47.3667	26.7	6138
Snagov	RO	44.7	26.1833	6126
Suciu de Sus	RO	47.4333	24.0333	6125
Mânăstirea	RO	44.2167	26.9	6123
Abrud	RO	46.2741	23.0634	6122
Sâncrăieni	RO	46.3144	25.8394	6105
Corund	RO	46.4667	25.1833	6091
Zăneşti	RO	46.8167	26.55	6077
Rozavlea	RO	47.7333	24.2167	6076
Gura Văii	RO	46.3333	26.7333	6075
Frumuşica	RO	47.5333	26.9	6069
Macea	RO	46.3833	21.3	6056
Variaş	RO	46.0167	20.95	6054
Hălchiu	RO	45.7667	25.55	6051
Focuri	RO	47.35	27.2167	6030
Islaz	RO	43.7201	24.7644	6029
Băile Herculane	RO	44.8797	22.4125	6022
Potcoava	RO	44.4833	24.65	6022
Petreşti	RO	44.65	25.3333	6020
Leordeni	RO	44.7833	25.1167	6019
Săvineşti	RO	46.85	26.4667	6012
Scorţeni	RO	45.1	25.85	5995
Vama	RO	47.5667	25.6833	5995
Tanacu	RO	46.6833	27.8167	5986
Barcea	RO	45.75	27.4667	5985
Poşta Câlnău	RO	45.2333	26.85	5982
Berceni	RO	44.9333	26.1167	5976
Pârscov	RO	45.2833	26.55	5968
Vicovu de Jos	RO	47.9	25.7333	5956
Teaca	RO	46.9167	24.5167	5954
Ciupercenii Noi	RO	43.9097	22.9483	5949
Gura Viţioarei	RO	45.15	26.0333	5947
Corcova	RO	44.7	23.05	5946
Lechinţa	RO	47.0167	24.35	5939
Geoagiu	RO	45.9167	23.2	5919
Cetate	RO	44.1	23.05	5908
Aninoasa	RO	44.9667	25.4333	5907
Adămuş	RO	46.3	24.2333	5905
Făcăeni	RO	44.5667	27.9	5893
Pănet	RO	46.5551	24.4697	5880
Drăgăneşti	RO	45.7833	27.4667	5874
Stănileşti	RO	46.6183	28.1714	5874
Pietroşani	RO	45.1833	24.85	5871
Amărăştii de Jos	RO	43.95	24.1667	5870
Ditrău	RO	46.8167	25.5167	5858
Urecheşti	RO	45.6	27.0667	5855
Tălmaciu	RO	45.6671	24.2646	5849
Roseţi	RO	44.2148	27.4485	5843
Mihăeşti	RO	45.1167	25.0	5825
Săsciori	RO	45.8667	23.5833	5822
Hălăuceşti	RO	47.1	26.8	5819
Dărmăneşti	RO	47.7333	26.15	5817
Albeştii Pământeni	RO	45.2071	24.6683	5815
Valea Moldovei	RO	47.4667	26.0333	5814
Tulnici	RO	45.9167	26.6667	5803
Şipote	RO	47.4667	27.2167	5800
Bârla	RO	44.4261	24.7774	5795
Gorneşti	RO	46.6713	24.6476	5787
Viişoara	RO	46.55	23.9167	5786
Vedea	RO	43.7833	25.7833	5785
Mugeni	RO	46.25	25.2167	5784
Tufeşti	RO	45.05	27.8167	5784
Sânpetru Mare	RO	46.0451	20.8183	5782
Jijila	RO	45.3	28.15	5770
Calafindeşti	RO	47.85	26.1167	5764
Todireşti	RO	47.7	26.0333	5763
Runcu	RO	45.1167	23.1333	5760
Maglavit	RO	44.0333	23.1	5753
Secusigiu	RO	46.0833	20.9833	5748
Truşeşti	RO	47.7667	27.0167	5748
Copalnic Mănăştur	RO	47.5	23.6833	5747
Dudeştii Vechi	RO	46.05	20.4833	5746
Miercurea Nirajului	RO	46.5333	24.8	5741
Ostroveni	RO	43.8	23.9	5731
Mătăsaru	RO	44.7167	25.4167	5722
Lunguleţu	RO	44.6167	25.65	5718
Cochirleanca	RO	45.2167	27.0333	5712
Albeşti-Paleologu	RO	44.95	26.2167	5695
Bălceşti	RO	44.6167	23.95	5683
Zetea	RO	46.3833	25.3667	5670
Bereşti-Tazlău	RO	46.4667	26.6667	5661
Drajna de Jos	RO	45.2167	26.05	5660
Sălişte	RO	45.7963	23.8868	5660
Mihai Viteazu	RO	46.5333	23.75	5659
Erbiceni	RO	47.2667	27.2333	5655
Tătăruşi	RO	47.35	26.6	5651
Băneşti	RO	45.1	25.7667	5636
Joseni	RO	46.7	25.5	5635
Păltinoasa	RO	47.55	25.95	5635
Mavrodin	RO	44.0333	25.25	5628
Stolniceni-Prăjescu	RO	47.1986	26.7481	5625
Tutova	RO	46.1167	27.55	5619
Predeal	RO	45.5	25.5667	5615
Corbeni	RO	45.3	24.65	5613
Rupea	RO	46.0333	25.2167	5610
Ştefăneşti-Sat	RO	47.7955	27.1954	5607
Berbeşti	RO	44.9833	23.8833	5606
Lenauheim	RO	45.8719	20.7994	5605
Banca	RO	46.3	27.8	5600
Fântânele	RO	46.1237	21.3842	5597
Berezeni	RO	46.3761	28.1478	5590
Negru Vodă	RO	43.8167	28.2	5585
Băneasa	RO	44.0461	26.0642	5582
Petricani	RO	47.1667	26.4667	5580
Săveni	RO	44.6	27.65	5579
Dobreşti	RO	46.85	22.3	5573
Brusturi	RO	47.2833	26.3833	5554
Perişoru	RO	44.45	27.55	5535
Frăteşti	RO	43.9667	25.9667	5527
Vânători	RO	45.7333	27.25	5521
Podoleni	RO	46.8	26.6167	5520
Ostrov	RO	44.1167	27.3667	5516
Frătăuţii Noi	RO	47.9426	25.8447	5512
Cristeşti	RO	46.5	24.4833	5507
Tudor Vladimirescu	RO	45.5667	27.65	5498
Vulcan	RO	45.6333	25.4167	5493
Avrămeni	RO	48.0167	26.95	5490
Colceag	RO	44.95	26.35	5473
Râfov	RO	44.8667	26.1333	5472
Crasna	RO	45.1667	23.5	5466
Bratca	RO	46.9333	22.6167	5462
Gorgota	RO	44.7833	26.0833	5459
Zărneşti	RO	45.3	26.8667	5459
Nimigea de Sus	RO	47.2833	24.3167	5457
Găiseni	RO	44.515	25.6453	5455
Piscu Vechi	RO	43.9	23.1667	5445
Fundeni	RO	44.3833	26.35	5443
Nuşfalău	RO	47.2	22.7333	5436
Novaci	RO	44.3011	25.9863	5431
Săgeata	RO	45.1	26.9833	5427
Domnești	RO	44.3992	25.9162	5423
Tătărani	RO	45.0	25.2667	5422
Coşeşti	RO	45.0667	24.8667	5416
Zagon	RO	45.7667	26.1167	5416
Mătăsari	RO	44.85	23.0833	5411
Cârţa	RO	46.5333	25.75	5407
Agigea	RO	44.0926	28.6108	5405
Griviţa	RO	46.15	27.65	5405
Leu	RO	44.1833	24.0	5404
Răşinari	RO	45.7	24.0667	5403
Comişani	RO	44.8833	25.5833	5401
Ţigăneşti	RO	43.9	25.3667	5397
Todireşti	RO	46.85	27.3667	5388
Grumăzeşti	RO	47.1333	26.3667	5385
Greci	RO	45.1833	28.2333	5384
Albeşti	RO	46.2333	24.85	5382
Isaccea	RO	45.2667	28.4667	5375
Budeşti	RO	45.05	24.3833	5362
Recea	RO	47.6333	23.5167	5360
Giarmata	RO	45.8383	21.3108	5357
Suharău	RO	48.1333	26.4167	5356
Gura Şuţii	RO	44.75	25.5167	5355
Ciocăneşti	RO	44.6	25.85	5354
Sihlea	RO	45.5	27.1167	5354
Osica de Sus	RO	44.25	24.3167	5351
Copşa Mică	RO	46.1167	24.25	5349
Căianu Mic	RO	47.2333	24.15	5340
Satulung	RO	47.5667	23.4333	5334
Coţuşca	RO	48.1333	26.85	5333
Şirna	RO	44.8	25.95	5331
Certeze	RO	47.9	23.4667	5330
Topraisar	RO	44.0167	28.45	5329
Corbasca	RO	46.2833	27.1667	5328
Tudor Vladimirescu	RO	45.2167	27.8	5327
Celaru	RO	44.05	24.1333	5326
Telciu	RO	47.4333	24.4	5314
Măicăneşti	RO	45.5	27.5	5312
Gogoşu	RO	44.3739	22.5931	5309
Târgu Trotuş	RO	46.2667	26.6667	5305
Mogoşoaia	RO	44.5292	26.0	5304
Straja	RO	47.9167	25.55	5304
Sânandrei	RO	45.8531	21.1681	5302
Jebel	RO	45.5556	21.2136	5298
Drăguşeni	RO	45.9667	27.75	5297
Chiscani	RO	45.1833	27.9333	5294
Berzunţi	RO	46.4	26.6333	5285
Borduşani	RO	44.4833	27.9	5285
Ulmeni	RO	44.15	26.7167	5285
Băneasa	RO	44.0667	27.7	5280
Sângeru	RO	45.1333	26.35	5271
Pleniţa	RO	44.2167	23.1833	5260
Gârla-Mare	RO	44.2092	22.775	5258
Perieni	RO	46.3	27.6167	5258
Poiana Câmpina	RO	45.127	25.711	5254
Ţicleni	RO	44.8833	23.4	5250
Ghimeş-Făget	RO	46.5833	26.0667	5248
Lazuri	RO	47.85	22.8667	5237
Bucu	RO	44.6053	27.4934	5232
Grădiştea	RO	44.2333	27.2167	5232
Trifeşti	RO	47.45	27.5167	5232
Vurpăr	RO	46.0	23.4667	5215
Odobeşti	RO	44.6167	25.5667	5211
Frumuşiţa	RO	45.6667	28.0667	5206
Ceptura de Sus	RO	45.0167	26.3167	5204
Ţifeşti	RO	45.85	27.1	5202
Vişeu de Jos	RO	47.7256	24.3661	5201
Slatina	RO	47.45	26.0167	5196
Măstăcani	RO	45.7833	28.0333	5185
Ruscova	RO	47.7929	24.2855	5183
Rediu	RO	46.756	26.5625	5182
Corbu	RO	44.3833	28.65	5180
Bran	RO	45.5167	25.35	5177
Zemeş	RO	46.5833	26.4167	5171
Curcani	RO	44.2	26.5833	5167
Drăgăneşti	RO	44.8167	26.3	5156
Lunca de Jos	RO	46.5667	25.9833	5152
Poiana Teiului	RO	47.1	25.9667	5145
Batăr	RO	46.7	21.8167	5143
Bucecea	RO	47.7667	26.4333	5143
Ernei	RO	46.605	24.6415	5141
Faraoaní	RO	46.4333	26.9	5141
Tudora	RO	47.5167	26.6333	5139
Horodnic de Sus	RO	47.8401	25.8235	5136
Jurilovca	RO	44.7667	28.8667	5133
Drăguţeşti	RO	44.9667	23.2333	5126
Bodeşti	RO	47.0333	26.4167	5122
Deleşti	RO	46.7	27.55	5122
Săliştea de Sus	RO	47.65	24.35	5119
Dridu	RO	44.7	26.45	5111
Frumuşani	RO	44.2961	26.3256	5111
Ceraşu	RO	45.3167	26.0333	5105
Dersca	RO	47.9833	26.2	5105
Moceşti	RO	45.05	26.25	5100
Felnac	RO	46.1167	21.15	5097
Dobroteşti	RO	44.2833	24.8833	5096
Moţca	RO	47.25	26.6167	5095
Bradu	RO	44.7833	24.9	5091
Izbiceni	RO	43.8222	24.6633	5089
Havârna	RO	48.0667	26.65	5088
Stâlpeni	RO	45.05	24.9667	5088
Podu Turcului	RO	46.2	27.3833	5081
Suseni	RO	46.6667	25.55	5079
Cavnic	RO	47.6482	23.8221	5072
Sanislău	RO	47.6333	22.3333	5072
Padeş	RO	45.0167	22.85	5071
Păuleşti	RO	45.0008	25.9599	5069
Bezdead	RO	45.15	25.5167	5067
Tărtăşeşti	RO	44.5772	25.8128	5066
Lungani	RO	47.1833	27.15	5065
Radovanu	RO	44.2	26.5167	5065
Cornetu	RO	44.3417	25.9408	5063
Bălţaţi	RO	47.2167	27.15	5061
Slobozia Bradului	RO	45.5	27.05	5060
Mireşu Mare	RO	47.5	23.3333	5054
Puieşti	RO	46.4287	27.4898	5050
Fărcaşele	RO	44.15	24.4333	5045
Slobozia	RO	44.5253	25.2426	5045
Moroeni	RO	45.2167	25.4333	5042
Duda	RO	46.7493	28.0424	5037
Mihăileni	RO	47.9667	26.15	5037
Coşoveni	RO	44.25	23.9333	5024
Trifeşti	RO	46.9167	26.8167	5018
Băluşeni	RO	47.6667	26.8	5017
Viişoara	RO	46.9333	26.2333	5014
Ludeşti	RO	44.8667	25.2333	5011
Răchitoasa	RO	46.4333	27.3667	5009
Tritenii de Jos	RO	46.5833	24.0	5008
Josenii Bârgăului	RO	47.2167	24.6833	5006
Piscu	RO	45.5	27.7333	5002
Belgrade	RS	44.804	20.4651	1273651
Niš	RS	43.3247	21.9033	250000
Novi Sad	RS	45.2517	19.8369	215400
Novi Beograd	RS	44.8056	20.4242	209763
Zemun	RS	44.8458	20.4012	155591
Kragujevac	RS	44.0167	20.9167	147473
Čačak	RS	43.8914	20.3497	117072
Subotica	RS	46.1	19.6667	100000
Leskovac	RS	42.9981	21.9461	94758
Novi Pazar	RS	43.1367	20.5122	85996
Kraljevo	RS	43.7258	20.6894	82846
Zrenjanin	RS	45.3836	20.3819	79773
Pančevo	RS	44.8718	20.6417	76654
Kruševac	RS	43.58	21.3339	75256
Užice	RS	43.8586	19.8488	63577
Smederevo	RS	44.6644	20.9276	62000
Valjevo	RS	44.2751	19.8982	61035
Vranje	RS	42.5514	21.9003	56199
Šabac	RS	44.7467	19.69	55114
Zaječar	RS	43.9036	22.2641	49800
Trstenik	RS	43.6169	21.0025	49043
Sombor	RS	45.7742	19.1122	48454
Kikinda	RS	45.8297	20.4653	41935
Požarevac	RS	44.6213	21.1878	41736
Pirot	RS	43.1531	22.5861	40678
Bor	RS	44.0749	22.0959	39387
Sremska Mitrovica	RS	44.9764	19.6122	39084
Vršac	RS	45.1167	21.3036	36300
Jagodina	RS	43.9771	21.2612	35589
Ruma	RS	45.0081	19.8222	32229
Bačka Palanka	RS	45.2497	19.3966	29449
Prokuplje	RS	43.2342	21.5881	27673
Smederevska Palanka	RS	44.3655	20.9589	27000
Vrbas	RS	45.5714	19.6408	25907
Bečej	RS	45.6163	20.0333	25774
Knjazevac	RS	43.5663	22.257	25000
Inđija	RS	45.0482	20.0816	24450
Aranđelovac	RS	44.3069	20.56	24309
Gornji Milanovac	RS	44.026	20.4615	23982
Lazarevac	RS	44.3853	20.2557	23551
Sremčica	RS	44.6765	20.3923	23000
Ćuprija	RS	43.9275	21.37	20585
Senta	RS	45.9275	20.0772	20302
Loznica	RS	44.5312	19.2427	19515
Apatin	RS	45.6726	18.978	18320
Futog	RS	45.2387	19.7142	18018
Negotin	RS	44.2264	22.5308	17612
Obrenovac	RS	44.6549	20.2002	16821
Stara Pazova	RS	44.985	20.1608	16217
Bačka Topola	RS	45.8152	19.6318	16154
Nova Pazova	RS	44.9437	20.2193	15488
Aleksinac	RS	43.5417	21.7078	14593
Kovin	RS	44.7475	20.9761	14250
Sremska Kamenica	RS	45.2233	19.8426	14205
Petrovaradin	RS	45.2467	19.8794	13917
Surčin	RS	44.7931	20.2803	12575
Kać	RS	45.3041	19.943	11067
Ripanj	RS	44.6386	20.5214	11000
Bela Crkva	RS	44.8975	21.4172	10675
Veternik	RS	45.2545	19.7588	10226
Vrnjačka Banja	RS	43.6272	20.8963	10207
Kanjiža	RS	46.0667	20.05	10200
Majdanpek	RS	44.4277	21.946	10071
Čurug	RS	45.4722	20.0686	9231
Vrčin	RS	44.6684	20.5933	9088
Bačko Petrovo Selo	RS	45.7068	20.0793	8959
Sremski Karlovci	RS	45.2028	19.9337	8839
Bajina Bašta	RS	43.9708	19.5675	8533
Crvenka	RS	45.661	19.4544	8532
Padinska Skela	RS	44.9429	20.4255	8519
Žabalj	RS	45.3722	20.0639	8503
Novi Kneževac	RS	46.05	20.1	8166
Mol	RS	45.7646	20.1329	7950
Novo Miloševo	RS	45.7192	20.3036	7805
Melenci	RS	45.5168	20.3196	7685
Dobanovci	RS	44.8263	20.2249	7592
Lapovo	RS	44.1842	21.0973	7422
Kovačica	RS	45.1117	20.6214	7357
Bački Petrovac	RS	45.3606	19.5917	7229
Bogatić	RS	44.8375	19.4806	7225
Sivac	RS	45.7045	19.3827	6950
Arilje	RS	43.7531	20.0956	6762
Starčevo	RS	44.8073	20.7055	6661
Vinča	RS	44.7591	20.6175	6580
Mokrin	RS	45.9336	20.4122	6567
Debeljača	RS	45.0707	20.6015	6413
Beška	RS	45.1309	20.067	6377
Padina	RS	45.1199	20.7286	6367
Banatski Karlovac	RS	45.0499	21.018	6319
Titel	RS	45.2061	20.2944	6227
Filmski Grad	RS	44.7567	20.4378	6000
Paraćin	RS	43.8608	21.4078	6000
Sonta	RS	45.5943	19.0972	5991
Badovinci	RS	44.7853	19.3715	5879
Bačko Gradište	RS	45.5327	20.0308	5764
Umka	RS	44.6781	20.3047	5618
Palić	RS	46.1065	19.7565	5476
Stanišić	RS	45.9389	19.1671	5476
Srpska Crnja	RS	45.7254	20.6901	5467
Čoka	RS	45.9425	20.1433	5414
Crepaja	RS	45.0098	20.637	5369
Zvečka	RS	44.6403	20.1643	5321
Ečka	RS	45.3233	20.4429	5293
Kovilj	RS	45.2342	20.0233	5279
Vladimirovac	RS	45.0312	20.8657	5106
Bavanište	RS	44.8191	20.8765	5082
Barič	RS	44.6507	20.2594	5033
Prigrevica	RS	45.6764	19.0881	5026
Čelarevo	RS	45.27	19.5248	5017
Moscow	RU	55.752	37.6178	10381222
Saint Petersburg	RU	59.9386	30.3141	5351935
Nizhniy Novgorod	RU	56.3287	44.002	1259013
Rostov-on-Don	RU	47.22	39.7077	1130305
Voronezh	RU	51.6683	39.192	1047549
Volgograd	RU	48.7138	44.4976	1013533
Krasnodar	RU	45.0453	38.9818	899541
Yaroslavl	RU	57.6299	39.8737	608722
Ryazan’	RU	54.627	39.7041	538962
Lipetsk	RU	52.5876	39.5515	509735
Tula	RU	54.1961	37.6182	482873
Kaliningrad	RU	54.7064	20.511	475056
Kursk	RU	51.7269	36.1846	448733
Stavropol	RU	45.0344	41.9642	433931
Bryansk	RU	53.271	34.3214	427236
Tver	RU	56.8584	35.9006	420065
Ivanovo	RU	56.9999	40.9726	406113
Vladimir	RU	56.1385	40.3998	357024
Arkhangel’sk	RU	64.5461	40.5518	349742
Belgorod	RU	50.6034	36.5809	345289
Kaluga	RU	54.5306	36.27	340851
Smolensk	RU	54.7783	32.0509	330025
Sochi	RU	43.597	39.7248	327608
Volzhsky	RU	48.7858	44.7797	323293
Cherepovets	RU	59.1333	37.9	315738
Vologda	RU	59.2239	39.884	312420
Vladikavkaz	RU	43.041	44.6699	306258
Orël	RU	52.9688	36.0791	303696
Murmansk	RU	68.9678	33.0992	295374
Tambov	RU	52.7363	41.441	293661
Petrozavodsk	RU	61.7849	34.3469	279190
Taganrog	RU	47.2363	38.9053	279056
Kostroma	RU	57.7664	40.9283	277280
Novorossiysk	RU	44.7319	37.7618	241856
Khimki	RU	55.9001	37.4285	239967
Nalchik	RU	43.4981	43.6189	239300
Dzerzhinsk	RU	56.2442	43.4554	233126
Staryy Oskol	RU	51.3025	37.8461	226977
Velikiy Novgorod	RU	58.5213	31.271	222868
Shakhty	RU	47.7192	40.216	221312
Rybinsk	RU	58.0456	38.8381	216724
Zelenograd	RU	55.9825	37.1814	215727
Pskov	RU	57.8192	28.3318	210501
Armavir	RU	44.9985	41.1147	199548
Severodvinsk	RU	64.5583	39.8297	194292
Podolsk	RU	55.4242	37.5547	179400
Volgodonsk	RU	47.5114	42.1527	167731
Novocherkassk	RU	47.4222	40.0937	166974
Nazran	RU	43.226	44.7732	164131
Mytishchi	RU	55.911	37.7296	160542
Lyubertsy	RU	55.6772	37.8932	154650
Kovrov	RU	56.3575	41.3189	154224
Balashikha	RU	55.7948	37.9479	150103
Kolomna	RU	55.0711	38.784	147690
Elektrostal’	RU	55.7865	38.4571	144387
Pyatigorsk	RU	44.05	43.0504	142865
Maykop	RU	44.6079	40.1024	141970
Zheleznodorozhnyy	RU	55.744	38.0168	141648
Korolev	RU	55.9142	37.8256	139798
Kolpino	RU	59.7507	30.5886	138979
Odintsovo	RU	55.6698	37.2772	137041
Nevinnomyssk	RU	44.6333	41.9444	134345
Kislovodsk	RU	43.9133	42.7208	132771
Novomoskovsk	RU	54.011	38.2908	130982
Serpukhov	RU	54.9198	37.4162	128158
Murom	RU	55.5685	42.0239	126931
Cherkessk	RU	44.2238	42.0462	122395
Orekhovo-Zuyevo	RU	55.8124	38.9915	120000
Noginsk	RU	55.8649	38.4485	115979
Yelets	RU	52.6144	38.5093	115688
Novo-Peredelkino	RU	55.6453	37.3358	115536
Shchyolkovo	RU	55.925	37.9722	113000
Bataysk	RU	47.1375	39.7571	109962
Arzamas	RU	55.3956	43.8381	109479
Sergiyev Posad	RU	56.312	38.1387	109252
Obninsk	RU	55.1099	36.6124	107392
Elista	RU	46.3079	44.2554	106971
Cherëmushki	RU	55.6647	37.5613	106587
Velikiye Luki	RU	56.3406	30.5438	103149
Pushkino	RU	55.9946	37.829	102816
Novoshakhtinsk	RU	47.7604	39.9333	99478
Balashov	RU	51.551	43.1707	98107
Zheleznogorsk	RU	52.342	35.3592	97900
Zhukovsky	RU	55.5953	38.1203	97200
Ramenskoye	RU	55.5634	38.2415	96000
Vostochnoe Degunino	RU	55.8801	37.5576	95000
Michurinsk	RU	52.9076	40.4823	93499
Kineshma	RU	57.4367	42.1277	92983
Krasnogorsk	RU	55.819	37.3298	92932
Pushkin	RU	59.7142	30.3964	92889
Gatchina	RU	59.5764	30.1283	89761
Sarov	RU	54.948	43.3152	88000
Yeysk	RU	46.6926	38.2791	87814
Gubkin	RU	51.2837	37.5351	87000
Obruchevo	RU	55.6591	37.5229	85616
Yegor’yevsk	RU	55.3795	39.0412	85200
Azov	RU	47.1069	39.4149	82133
Yessentuki	RU	44.0483	42.8564	81015
Klin	RU	56.3317	36.7292	80778
Kropotkin	RU	45.4372	40.5704	79599
Vyborg	RU	60.7076	28.7528	78633
Reutov	RU	55.7627	37.863	78370
Voskresensk	RU	55.313	38.691	77086
Mineralnye Vody	RU	44.2103	43.1353	76280
Kamensk-Shakhtinsky	RU	48.3178	40.2595	75814
Chekhov	RU	55.1455	37.4619	75643
Peterhof	RU	59.8833	29.9	73199
Georgiyevsk	RU	44.1494	43.4702	72649
Naro-Fominsk	RU	55.3875	36.7331	72632
Adler	RU	43.429	39.9239	70200
Borisoglebsk	RU	51.3689	42.098	68597
Sosnovyy Bor	RU	59.8996	29.0857	68563
Dolgoprudnyy	RU	55.9496	37.5018	68259
Budyonnovsk	RU	44.7839	44.1658	67962
Kstovo	RU	56.1475	44.1987	67242
Aleksin	RU	54.5048	37.067	66885
Klintsy	RU	52.7603	32.239	66336
Gukovo	RU	48.0513	39.9305	66079
Slavyansk-na-Kubani	RU	45.2514	38.1213	65196
Tikhoretsk	RU	45.8531	40.1187	64387
Rossosh’	RU	51.1209	38.5116	64323
Tuapse	RU	44.1008	39.0833	64234
Aleksandrov	RU	56.3973	38.714	64088
Pavlovo	RU	55.9686	43.0912	63338
Novaya Balakhna	RU	56.4899	43.6011	63083
Gus’-Khrustal’nyy	RU	55.6117	40.6502	62746
Rzhev	RU	56.2629	34.3289	62246
Tikhvin	RU	59.6392	33.5256	62075
Rossosh’	RU	50.1964	39.5663	62000
gorod Solnetchnogorsk	RU	56.1859	36.9756	62000
Petrodvorets	RU	59.8957	29.8014	61973
Labinsk	RU	44.636	40.7357	61945
Lobnya	RU	56.0271	37.4679	61772
Vyksa	RU	55.3206	42.174	61664
Dmitrov	RU	56.3449	37.5204	61607
Apatity	RU	67.5827	33.4134	61186
Sal’sk	RU	46.4749	41.5416	61000
Stupino	RU	54.8974	38.068	60999
Prokhladnyy	RU	43.7574	44.0297	60800
Shuya	RU	56.8486	41.3869	60705
Shchëkino	RU	54.0073	37.5065	60700
Bor	RU	56.3594	44.073	60647
Dubna	RU	56.7405	37.1865	60604
Pavlovskiy Posad	RU	55.7819	38.6502	60051
Mikhaylovsk	RU	45.131	42.027	59198
Mikhaylovka	RU	50.0619	43.2334	58898
Solnechnogorsk	RU	56.1753	36.9708	58891
Uzlovaya	RU	53.9839	38.1598	58458
Krymsk	RU	44.9263	37.9903	57555
Roslavl’	RU	53.9539	32.8641	56971
Borovichi	RU	58.3942	33.9186	56571
Kirishi	RU	59.4742	32.0401	56190
Liski	RU	50.9824	39.504	55939
Vyaz’ma	RU	55.21	34.297	55500
Klimovsk	RU	55.3635	37.5298	55206
Belorechensk	RU	44.77	39.8725	54526
Timashyovsk	RU	45.6169	38.9453	53940
Severomorsk	RU	69.0694	33.4081	53921
Domodedovo	RU	55.4422	37.7537	53887
Vyshniy Volochëk	RU	57.5888	34.5685	53800
Anapa	RU	44.895	37.3162	53600
Fryazevo	RU	55.7332	38.4646	53212
Yartsevo	RU	55.0649	32.6969	52706
Fryazino	RU	55.9613	38.0464	52255
Kimry	RU	56.8746	37.3596	52070
Vidnoye	RU	55.5523	37.7088	51721
Ivanteyevka	RU	55.9711	37.9208	51085
Donetsk	RU	48.3371	39.9523	50850
Gelendzhik	RU	44.5801	38.0665	50715
Lytkarino	RU	55.5765	37.9124	50619
Kingisepp	RU	59.3763	28.6141	50566
Monchegorsk	RU	67.9397	32.8739	49868
Ruzayevka	RU	54.06	44.949	49311
Torzhok	RU	57.0436	34.9622	48546
Vsevolozhsk	RU	60.0151	30.6731	48224
Kurganinsk	RU	44.8845	40.5889	47681
Mtsensk	RU	53.2788	36.5805	47609
Belaya Kalitva	RU	48.1793	40.7792	47521
Gryazi	RU	52.4954	39.9403	47413
Dzerzhinsky	RU	55.6274	37.858	47163
Livny	RU	52.4243	37.5996	46779
Kurchatov	RU	51.6536	35.6865	46600
Staryy Malgobek	RU	43.5444	44.5959	46334
Safonovo	RU	55.1109	33.2373	46000
Rasskazovo	RU	52.6638	41.8892	45957
Kol’chugino	RU	56.3045	39.3766	45912
Volkhov	RU	59.9233	32.3397	45673
Yefremov	RU	53.1376	38.1186	45497
Kanevskaya	RU	46.0953	38.9769	45334
Shebekino	RU	50.4134	36.9254	45194
Chernyakhovsk	RU	54.6335	21.8156	45187
Krasnyy Sulin	RU	47.8925	40.0718	44133
Ust’-Labinsk	RU	45.2144	39.6884	44088
Rtishchevo	RU	52.2597	43.7868	44013
Tutayev	RU	57.8729	39.5297	43828
Sertolovo	RU	60.1444	30.2017	43622
Malgobek	RU	43.5112	44.5905	43400
Morshansk	RU	53.4432	41.8106	43311
Sovetsk	RU	55.0839	21.8785	43309
Kronstadt	RU	59.992	29.7762	43005
Novodvinsk	RU	64.4164	40.8167	42900
Zavolzh’ye	RU	56.6405	43.3945	42900
Novozybkov	RU	52.5371	31.9366	42571
Lomonosov	RU	59.9061	29.7725	42505
Konakovo	RU	56.7015	36.773	42239
Sokol	RU	59.4617	40.1206	42174
Korenovsk	RU	45.4672	39.4492	41665
Uryupinsk	RU	50.806	42.0092	41644
Lyudinovo	RU	53.8664	34.4478	41392
Zelenokumsk	RU	44.4104	43.8801	41306
Dzerzhinskiy	RU	55.6287	37.8443	41146
Frolovo	RU	49.7688	43.6542	40882
Mozdok	RU	43.7398	44.6516	40823
Apsheronsk	RU	44.4599	39.73	40451
Pereslavl’-Zalesskiy	RU	56.7391	38.8597	40283
Tosno	RU	59.54	30.8775	40198
Luga	RU	58.7388	29.8476	40114
Kashira	RU	54.8476	38.1821	40084
Yagry	RU	64.5942	39.8103	40000
Alexeyevka	RU	50.6309	38.6903	39848
Svetlograd	RU	45.3274	42.8562	39727
Gorod Shebekino	RU	50.4167	36.9167	39680
Kirov	RU	54.0689	34.2989	39319
Vyazniki	RU	56.2423	42.1491	39243
Vichuga	RU	57.2145	41.9256	39071
Izobil’nyy	RU	45.3665	41.7091	39022
Aksay	RU	47.2633	39.869	38871
Leningradskaya	RU	46.3214	39.3855	38712
Millerovo	RU	48.9252	40.3998	38527
Kandalaksha	RU	67.1512	32.4128	38431
Furmanov	RU	57.2542	41.1112	38380
Uglich	RU	57.5232	38.3226	37732
Kulebaki	RU	55.4133	42.5325	37622
Troitsk	RU	55.485	37.3074	37591
Baksan	RU	43.6837	43.5351	37519
Novovoronezh	RU	51.3153	39.2187	37392
Protvino	RU	54.8682	37.2158	37329
Sestroretsk	RU	60.098	29.9638	37248
Bogorodsk	RU	56.1015	43.5101	36652
Serdobsk	RU	52.4586	44.2169	36652
Temryuk	RU	45.2689	37.3975	36546
Novokubansk	RU	45.1133	41.0365	36401
Slantsy	RU	59.1179	28.0883	36209
Teykovo	RU	56.8585	40.5403	36015
Blagodarnyy	RU	45.0978	43.4364	35995
Valuyki	RU	50.1966	38.1167	35887
Beslan	RU	43.1928	44.5327	35604
Kasimov	RU	54.9438	41.4034	35355
Goryachevodskiy	RU	44.0236	43.0922	35075
Gul’kevichi	RU	45.3538	40.6947	34953
Abinsk	RU	44.8706	38.1576	34668
Dinskaya	RU	45.2167	39.2259	34573
Baltiysk	RU	54.6546	19.9093	34540
Karabulak	RU	43.3051	44.8995	34511
Ostrogozhsk	RU	50.8659	39.0781	34403
Kondopoga	RU	62.2041	34.2693	34360
Staraya Russa	RU	57.9962	31.36	34303
Ust’-Dzheguta	RU	44.0834	41.9763	34001
Krasnoznamensk	RU	55.5953	37.0523	33700
Yablonovskiy	RU	44.989	38.9432	33431
Istra	RU	55.9198	36.8688	33390
Nartkala	RU	43.5544	43.855	33390
Segezha	RU	63.7455	34.3161	33354
Primorsko-Akhtarsk	RU	46.0485	38.179	33102
Kotovsk	RU	52.5905	41.5025	33077
Kamenka	RU	53.1814	44.0494	33060
Maloyaroslavets	RU	55.0146	36.4719	32669
Yubileyny	RU	55.9333	37.8333	32508
Desnogorsk	RU	54.1508	33.2815	32451
Lukhovitsy	RU	54.9766	39.0444	32387
Udomlya	RU	57.876	35.007	32373
Drozhzhino	RU	55.5238	37.5895	32345
Donskoy	RU	53.968	38.3315	31968
Kimovsk	RU	53.9731	38.535	31947
Gorodets	RU	56.655	43.4727	31788
Nakhabino	RU	55.8485	37.1779	31715
Mozhaysk	RU	55.5019	36.0272	31557
Pavlovskaya	RU	46.139	39.7862	31133
Likino-Dulevo	RU	55.7083	38.9542	31100
Rostov Veliky	RU	57.1908	39.4131	31039
Kirzhach	RU	56.1527	38.8551	30566
Starominskaya	RU	46.5309	39.0516	30461
Bogoroditsk	RU	53.7717	38.123	30216
Balabanovo	RU	55.1816	36.6606	30194
Kostomuksha	RU	64.571	30.5767	30135
Shatura	RU	55.5726	39.5342	30069
Kudrovo	RU	59.9035	30.5106	30000
Lazarevskoye	RU	43.9089	39.3314	30000
Petrovskaya	RU	55.55	37.7833	30000
Kushchyovskaya	RU	46.5599	39.6321	29915
Sasovo	RU	54.3537	41.9199	29858
Kirovsk	RU	67.6148	33.6727	29605
Morozovsk	RU	48.351	41.829	29289
Zernograd	RU	46.8486	40.3116	29268
Ipatovo	RU	45.718	42.9061	29073
Unecha	RU	52.8429	32.6876	29028
Krasnoarmeyskaya	RU	45.3655	38.2119	29009
Kokhma	RU	56.9321	41.0947	28984
Gagarin	RU	55.5533	34.9968	28879
Inozemtsevo	RU	44.0926	43.0911	28779
Uvarovo	RU	51.982	42.2617	28771
Gusev	RU	54.5922	22.1997	28690
Buturlinovka	RU	50.8262	40.598	28581
Isakogorka	RU	64.446	40.6531	28571
Kochubeyevskoye	RU	44.6442	41.8453	28491
Tomilino	RU	55.6562	37.9471	28310
Bezhetsk	RU	57.7842	36.7008	28114
Goryachiy Klyuch	RU	44.6339	39.1358	28078
Shcherbinka	RU	55.498	37.5579	28065
Aleksandrovskoye	RU	44.7142	43.0008	28006
Mirnyy	RU	62.7644	40.3385	28000
Neftekumsk	RU	44.7558	44.9925	27716
Rodniki	RU	57.105	41.7356	27681
Novoaleksandrovsk	RU	45.4975	41.2253	27610
Kalach-na-Donu	RU	48.691	43.5264	27522
Dedovsk	RU	55.8686	37.1222	27001
Kotovo	RU	50.3157	44.81	26981
Pavlovsk	RU	50.4543	40.1237	26565
Buy	RU	58.4796	41.5359	26486
Metallostroy	RU	59.8008	30.5478	26361
Semiluki	RU	51.6821	39.0302	26257
Kubinka	RU	55.5796	36.7039	25942
Ozëry	RU	54.86	38.5506	25900
Krasnoarmeysk	RU	56.1	38.1333	25688
Ekazhevo	RU	43.2122	44.8231	25549
Kireyevsk	RU	53.9297	37.9215	25513
Nerekhta	RU	57.4579	40.5717	25352
Nelidovo	RU	56.2276	32.7747	25349
Yushkovo	RU	55.5574	36.9718	25324
Mostovskoy	RU	44.4115	40.7928	25188
Bologoye	RU	57.8859	34.0532	25142
Dyat’kovo	RU	53.5978	34.3383	25000
Volokolamsk	RU	56.0336	35.9694	25000
Zverevo	RU	48.0271	40.123	24978
Kirovsk	RU	59.88	30.9955	24678
Zaraysk	RU	54.7633	38.8808	24637
Zheleznovodsk	RU	44.1432	43.0048	24632
Ostrov	RU	57.3438	28.3536	24500
Tbilisskaya	RU	45.3645	40.1968	24446
Novopavlovsk	RU	43.9594	43.6316	24408
Skopin	RU	53.825	39.5531	24357
Semënov	RU	56.7876	44.4962	24300
Nizhniy Lomov	RU	53.5304	43.6766	23835
Troitskaya	RU	43.3066	44.984	23745
Olenegorsk	RU	68.1432	33.2529	23670
Semikarakorsk	RU	47.5168	40.8083	23583
L’govskiy	RU	51.6307	35.2775	23500
Kabanovo	RU	55.7482	38.9351	23414
Lermontov	RU	44.1072	42.978	23369
Vel’sk	RU	61.0692	42.0992	23126
Otradnaya	RU	44.3932	41.5193	22985
Il’skiy	RU	44.8422	38.5669	22970
Lebedyan’	RU	53.0153	39.1446	22970
Dankov	RU	53.2498	39.1441	22913
Severskaya	RU	44.8539	38.6792	22849
Onega	RU	63.9057	38.0994	22693
Novotitarovskaya	RU	45.2376	38.9806	22630
Bryukhovetskaya	RU	45.7996	38.9967	22309
Nyandoma	RU	61.6718	40.2122	22179
Novaya Usman’	RU	51.6435	39.4114	22165
Lodeynoye Pole	RU	60.7256	33.5606	22164
Svetlyy	RU	54.675	20.1347	22119
Losino-Petrovskiy	RU	55.8701	38.1932	22116
Staraya Kupavna	RU	55.808	38.1805	22099
Pikalëvo	RU	59.5183	34.1664	22072
Ryazhsk	RU	53.7059	40.0804	22041
Roshal’	RU	55.6685	39.8749	21951
Khadyzhensk	RU	44.4258	39.5362	21685
Kovylkino	RU	54.0372	43.9187	21400
Otradnoye	RU	59.7775	30.8181	21397
Sheksna	RU	59.21	38.5107	21197
Terek	RU	43.4833	44.1378	21180
Zelenchukskaya	RU	43.855	41.5902	21117
Suvorov	RU	54.1223	36.4966	21059
Novy Oskol	RU	50.7633	37.8642	21035
Dugulubgey	RU	43.6625	43.5369	20965
Khot'kovo	RU	56.257	37.9954	20872
Novomichurinsk	RU	54.0384	39.7479	20821
Sortavala	RU	61.7123	30.7095	20760
Elektrogorsk	RU	55.8843	38.7864	20724
Surovikino	RU	48.6097	42.8569	20677
Bobrov	RU	51.0984	40.0301	20587
Chernogolovka	RU	56.0012	38.3649	20483
Sobinka	RU	55.99	40.0205	20458
Kalach	RU	50.425	41.0159	20449
Karachayevsk	RU	43.7723	41.9137	20264
Tyrnyauz	RU	43.3828	42.9183	20104
Pushchino	RU	54.8337	37.6114	20072
Andreyevskoye	RU	55.5549	37.9257	20000
Dagomys	RU	43.6697	39.6686	20000
Elektrougli	RU	55.7244	38.2091	20000
Khosta	RU	43.5148	39.8683	20000
Vnukovo	RU	55.6119	37.2961	20000
Zavety Il’icha	RU	56.0428	37.8515	20000
Yessentukskaya	RU	44.0258	42.8749	19956
Usman’	RU	52.0448	39.7257	19910
Yur’yev-Pol’skiy	RU	56.5046	39.6793	19906
Monino	RU	55.8424	38.1936	19852
Karachev	RU	53.1225	34.9849	19757
Zhukovka	RU	53.5338	33.7308	19690
Alagir	RU	43.0425	44.2202	19665
Kotel’nikovo	RU	47.6301	43.1416	19622
Podporozh’ye	RU	60.91	34.1619	19600
Ostashkov	RU	57.1469	33.1066	19563
Kovdor	RU	67.5663	30.4777	19518
Gorodishche	RU	48.8026	44.4749	19509
Kozel’sk	RU	54.0366	35.7709	19500
Proletarsk	RU	46.7024	41.7249	19493
Akhtyrskiy	RU	44.8546	38.3031	19468
Novopokrovskaya	RU	45.9576	40.6981	19342
Orlovskiy	RU	46.8744	42.0522	19325
Yelizavetinskaya	RU	45.0462	38.7949	19306
Nikol’skoye	RU	59.7006	30.7847	19280
Novoanninskiy	RU	50.5283	42.6746	19231
Shchigry	RU	51.876	36.9053	19198
Kurovskoye	RU	55.5818	38.9199	19173
Rybnoye	RU	54.7253	39.513	19159
Anna	RU	51.4901	40.4224	19148
Skhodnya	RU	55.9481	37.2978	18897
Konstantinovsk	RU	47.5811	41.0934	18876
Manturovo	RU	58.3258	44.7588	18817
Staroshcherbinovskaya	RU	46.6303	38.6638	18785
Vyselki	RU	45.5806	39.6574	18746
Kalininsk	RU	51.4978	44.4768	18685
Bronnitsy	RU	55.4211	38.2619	18645
Stroitel	RU	50.7882	36.4775	18636
Galich	RU	58.3788	42.3463	18594
Valday	RU	57.9773	33.2515	18549
Starodub	RU	52.585	32.7631	18539
Nezlobnaya	RU	44.1181	43.4028	18412
Malakhovka	RU	55.6478	38.0249	18399
Ardon	RU	43.1789	44.2946	18313
Kotel’niki	RU	55.6538	37.8623	18300
Priozërsk	RU	61.0403	30.1392	18300
Beloozyorskiy	RU	55.4598	38.4436	18297
Afipskiy	RU	44.9001	38.8426	18209
Sel’tso	RU	53.3683	34.1033	18167
Yasnogorsk	RU	54.4809	37.6982	18022
Povorino	RU	51.1981	42.246	18004
Chegem	RU	43.5672	43.5853	18000
Belaya Glina	RU	46.0812	40.8735	17997
Yegorlykskaya	RU	46.5659	40.6571	17978
Kirsanov	RU	52.6509	42.7348	17975
Zhirnovsk	RU	50.9788	44.7789	17887
Privolzhsk	RU	57.3839	41.2916	17864
Nevel’	RU	56.02	29.9282	17832
Raduzhnyy	RU	56.0038	40.3391	17811
Zapolyarnyy	RU	69.426	30.811	17789
Aprelevka	RU	55.5519	37.0801	17780
Volgorechensk	RU	57.4444	41.1634	17700
Zimovniki	RU	47.1462	42.4704	17678
Enem	RU	44.9264	38.9058	17665
Svobody	RU	44.0256	43.0503	17661
Kholmskiy	RU	44.8469	38.385	17494
Chudovo	RU	59.1223	31.6812	17377
Boksitogorsk	RU	59.4778	33.8501	17366
Kantyshevo	RU	43.2282	44.6332	17363
Kommunar	RU	59.6206	30.39	17358
Gavrilov-Yam	RU	57.3026	39.8526	17351
Polyarnyy	RU	69.2028	33.437	17332
Suvorovskaya	RU	44.1901	42.6595	17261
Gribanovskiy	RU	51.4502	41.9621	17220
Ryl’sk	RU	51.5714	34.6832	17007
Kudepsta	RU	43.4955	39.8929	17000
Medvedovskaya	RU	45.4515	39.0249	16941
Pridonskoy	RU	51.6826	39.0676	16896
Tuchkovo	RU	55.6011	36.4681	16826
Danilov	RU	58.1908	40.1708	16808
Plavsk	RU	53.7084	37.2946	16763
Lakinsk	RU	56.0193	39.9485	16706
Kashin	RU	57.3592	37.6081	16598
Severo-Zadonsk	RU	54.0348	38.4017	16569
Medvezh’yegorsk	RU	62.9145	34.4586	16551
Vostryakovo	RU	55.3993	37.8083	16509
Zvenigorod	RU	55.734	36.8592	16395
Surkhakhi	RU	43.1875	44.9019	16215
Krasnogvardeyskoye	RU	45.8449	41.5174	16169
Shilovo	RU	54.3201	40.8796	16159
Gryazovets	RU	58.88	40.2525	16133
Sukhinichi	RU	54.0999	35.3425	16100
Trubchevsk	RU	52.5803	33.7657	16100
Pavlovsk	RU	59.6833	30.4347	16087
Golitsyno	RU	55.6093	36.9821	16056
Zherdevka	RU	51.8543	41.4549	16019
Pestovo	RU	58.5938	35.8024	15910
Melenki	RU	55.3358	41.6275	15902
Pokrov	RU	55.918	39.1724	15867
Petushki	RU	55.9272	39.4607	15866
Arzgir	RU	45.3741	44.2198	15838
Svetogorsk	RU	61.1121	28.8632	15733
Persianovka	RU	47.5273	39.4193	15730
Divnoye	RU	45.9097	43.3494	15700
Venëv	RU	54.3507	38.263	15700
Zelenogradsk	RU	54.9589	20.4767	15644
Karabanovo	RU	56.3108	38.7025	15615
Nikel	RU	69.4129	30.222	15596
Shushary	RU	59.8092	30.3817	15503
Strunino	RU	56.3733	38.5832	15483
Donskoye	RU	45.4535	41.9724	15469
Moskovskiy	RU	55.5991	37.3552	15435
Tsimlyansk	RU	47.648	42.0934	15341
Bagayevskaya	RU	47.3205	40.3847	15300
Belëv	RU	53.8122	36.1334	15300
Sofrino	RU	56.15	37.9333	15265
Chernyanka	RU	50.9382	37.8151	15261
Dubovka	RU	49.0562	44.8291	15217
Yelan’	RU	50.9488	43.7371	15181
Giaginskaya	RU	44.8621	40.072	15169
Uchkeken	RU	43.9451	42.5165	15118
Pochep	RU	52.9331	33.447	15100
Polyarnyye Zori	RU	67.3661	32.4981	15092
Boguchar	RU	49.9346	40.5545	15048
Peresvet	RU	56.423	38.1761	15000
Bobrovo	RU	55.5275	37.615	14991
Zelenogorsk	RU	60.1997	29.7018	14958
Ladozhskaya	RU	45.309	39.938	14904
Navashino	RU	55.5431	42.1931	14830
Pervomaysk	RU	54.8686	43.8035	14810
Chaltyr	RU	47.2848	39.4823	14689
Yuzha	RU	56.5837	42.0118	14678
Kuleshovka	RU	47.0785	39.5553	14668
Kalyazin	RU	57.2398	37.8329	14655
Krylovskaya	RU	46.3211	39.9701	14605
Klimovo	RU	52.3788	32.1963	14482
Korablino	RU	53.9267	40.0237	14469
Kondrovo	RU	54.8059	35.9307	14462
Varenikovskaya	RU	45.1208	37.6417	14409
Arkadak	RU	51.9375	43.504	14392
Matveyev Kurgan	RU	47.5667	38.8689	14342
Krasnoslobodsk	RU	48.7071	44.577	14334
Gorokhovets	RU	56.1996	42.6887	14247
Gadzhiyevo	RU	69.2551	33.3362	14225
Lopatinskiy	RU	55.341	38.7237	14219
Toropets	RU	56.4995	31.6392	14187
Murmashi	RU	68.8154	32.8115	14152
Borisovka	RU	50.5994	36.0172	14148
Oboyan’	RU	51.2122	36.2786	14000
Anapskaya	RU	44.8967	37.386	13965
Kameshkovo	RU	56.3492	40.9986	13935
Verkhnedneprovskiy	RU	54.9813	33.3457	13903
Srednyaya Akhtuba	RU	48.71	44.8672	13887
Okulovka	RU	58.408	33.2885	13852
Malaya Vishera	RU	58.8451	32.2223	13834
Kem’	RU	64.957	34.5918	13829
Sirius	RU	43.405	39.9596	13768
Navlya	RU	52.8254	34.4996	13735
Somovo	RU	51.7422	39.3659	13729
Tovarkovo	RU	54.6762	35.9386	13708
Lopatino	RU	55.528	37.6467	13687
Kletnya	RU	53.3898	33.2173	13658
Krasnokumskoye	RU	44.1781	43.5019	13630
Donskoy	RU	47.414	40.2574	13627
Likhovskoy	RU	48.1519	40.1793	13617
Chkalovsk	RU	56.7649	43.2469	13577
Opochka	RU	56.7145	28.6629	13548
Chaplygin	RU	53.2342	39.9614	13488
Ruza	RU	55.7017	36.1932	13480
Zaozërsk	RU	69.4013	32.4484	13429
Talovaya	RU	51.1196	40.7251	13367
Kalininskaya	RU	45.4847	38.6636	13363
Udel’naya	RU	55.636	38.045	13357
Petrovskaya	RU	45.4314	37.955	13340
Syas’stroy	RU	60.1367	32.5691	13300
Sudogda	RU	55.9517	40.8735	13277
Pechory	RU	57.8164	27.6119	13246
Pervomayskiy	RU	53.2463	40.2891	13196
Svetlyy Yar	RU	48.4745	44.785	13131
Taldom	RU	56.731	37.5282	13112
Starovelichkovskaya	RU	45.4288	38.7326	13111
Pitkyaranta	RU	61.5739	31.4789	13090
Gvardeysk	RU	54.6477	21.0651	13088
Solnechnodol’sk	RU	45.3179	41.5407	13068
Selyatino	RU	55.5151	36.9775	12954
Staroderevyankovskaya	RU	46.1276	38.9674	12918
Lukoyanov	RU	55.0314	44.4818	12913
Mikhaylov	RU	54.2323	39.0292	12907
Zavolzhsk	RU	57.482	42.1382	12847
Vasyurinskaya	RU	45.1181	39.424	12830
Strel'na	RU	59.8519	30.0361	12800
Kuz’molovskiy	RU	60.1092	30.4909	12794
Kantemirovka	RU	49.7044	39.8583	12770
Nartan	RU	43.5108	43.6994	12694
Yakhroma	RU	56.3006	37.4577	12666
Ertil’	RU	51.8382	40.8017	12622
Pokrovskoye	RU	47.4144	38.8988	12576
Zaprudnya	RU	56.5667	37.4333	12517
Neman	RU	55.0311	22.0264	12507
Sosenskiy	RU	54.059	35.9623	12484
Volokonovka	RU	50.485	37.8609	12413
Vaskelovo	RU	60.3957	30.3542	12388
Konosha	RU	60.9731	40.2632	12383
Vorsma	RU	55.9906	43.2725	12362
Starotitarovskaya	RU	45.2194	37.1548	12351
Babayevo	RU	59.3936	35.9371	12300
Zhukov	RU	55.0238	36.7422	12300
Dorogobuzh	RU	54.9151	33.2988	12293
Likhoslavl’	RU	57.1266	35.4642	12290
Kamenolomni	RU	47.6678	40.2048	12262
Mar’yanskaya	RU	45.1034	38.64	12215
Adygeysk	RU	44.8852	39.1906	12208
Belomorsk	RU	64.53	34.7629	12165
Mayskiy	RU	47.696	40.1026	12136
Shlissel’burg	RU	59.9473	31.0385	12115
Volosovo	RU	59.4453	29.4891	12096
Siverskiy	RU	59.3544	30.0783	12076
Novominskaya	RU	46.3163	38.9586	12049
Kurskaya	RU	44.0431	44.455	12036
Snezhnogorsk	RU	69.1933	33.2531	12014
Yemetsk	RU	63.4719	41.7802	12000
Digora	RU	43.1567	44.1563	11999
Znamenka	RU	52.8979	35.977	11995
Kremenki	RU	54.8863	37.1195	11994
Pargolovo	RU	60.0812	30.2763	11962
Surazh	RU	53.0175	32.3918	11962
Ilovlya	RU	49.3001	43.9844	11930
Zemetchino	RU	53.4973	42.6163	11928
Bolkhov	RU	53.443	36.0055	11904
Porkhov	RU	57.765	29.5561	11886
Pionerskiy	RU	54.9508	20.2275	11856
Lokot’	RU	52.5747	34.5767	11853
Sagopshi	RU	43.4851	44.5906	11848
Uspenskoye	RU	44.8318	41.3865	11843
Kraskovo	RU	55.658	37.98	11832
Nekrasovskiy	RU	56.0867	37.4975	11740
Pochinki	RU	54.7015	44.8576	11724
Platnirovskaya	RU	45.3953	39.3842	11710
Krasnozavodsk	RU	56.4481	38.2151	11694
Kavkazskaya	RU	45.4439	40.667	11680
Mokshan	RU	53.4365	44.6132	11652
Borovsk	RU	55.2034	36.4909	11578
Shalushka	RU	43.5325	43.5661	11577
Kaduy	RU	59.2	37.15	11570
Sunzha	RU	43.0586	44.8228	11548
Mulino	RU	56.2892	42.9201	11513
Redkino	RU	56.6475	36.2967	11507
Yur’yevets	RU	57.3121	43.1039	11488
Gur’yevsk	RU	54.7732	20.6052	11474
Nogir	RU	43.0816	44.6365	11469
Praskoveya	RU	44.7444	44.2031	11420
Drezna	RU	55.7421	38.8475	11386
Levokumskoye	RU	44.8219	44.6606	11377
Ust’-Donetskiy	RU	47.6438	40.8718	11357
Peschanokopskoye	RU	46.1945	41.0815	11340
Khanskaya	RU	44.677	39.9616	11297
Tatsinskaya	RU	48.1945	41.2797	11258
Pogar	RU	52.5529	33.2596	11242
Glubokiy	RU	48.5272	40.3314	11225
Anastasiyevskaya	RU	45.2158	37.8926	11204
L’vovskiy	RU	55.3187	37.5234	11202
Suzdal’	RU	56.4241	40.4498	11183
Neya	RU	58.2971	43.8683	11144
Kharovsk	RU	59.9642	40.1912	11115
Vyritsa	RU	59.4078	30.3481	11107
Vytegra	RU	61.0064	36.4481	11099
Fryanovo	RU	56.1333	38.45	11088
Tselina	RU	46.5342	41.0316	11075
Ivangorod	RU	59.3715	28.2162	11074
Soldato-Aleksandrovskoye	RU	44.2659	43.7531	11059
Belozërsk	RU	60.0288	37.8084	11049
Kursavka	RU	44.4615	42.5041	11043
Chertkovo	RU	49.3836	40.1523	11000
Kupavna	RU	55.7458	38.1314	11000
Oktyabr’skiy	RU	55.6081	37.9774	11000
Svetlogorsk	RU	54.9399	20.1548	11000
Novoye Devyatkino	RU	60.0636	30.4833	10978
Vorotynsk	RU	54.4283	36.0465	10977
Kargopol’	RU	61.5036	38.9486	10966
Kuvshinovo	RU	57.0286	34.179	10960
Chegem Vtoroy	RU	43.5958	43.5994	10951
Navoloki	RU	57.4657	41.9634	10951
Roven’ki	RU	49.9179	38.9074	10939
Starokorsunskaya	RU	45.0573	39.3161	10915
Islamey	RU	43.6756	43.455	10899
Plesetsk	RU	62.7116	40.291	10870
Volodarsk	RU	56.2255	43.1758	10862
Suoyarvi	RU	62.0881	32.3733	10833
Kazanskaya	RU	45.4106	40.4361	10794
Nadvoitsy	RU	63.889	34.258	10780
Vysokovsk	RU	56.3167	36.55	10772
Krasnoslobodsk	RU	54.4255	43.7856	10748
Mikhnëvo	RU	55.1275	37.9545	10726
Gorodoviki	RU	46.1353	41.9656	10706
Bykovo	RU	55.6361	38.0803	10700
Psebay	RU	44.1234	40.8107	10700
Bologoye-4	RU	57.9	33.65	10661
Samarskoye	RU	46.9361	39.6825	10638
Kenzhe	RU	43.4986	43.5541	10636
Sol’tsy	RU	58.1223	30.3183	10625
Staromyshastovskaya	RU	45.3433	39.0761	10625
Ayutinskiy	RU	47.7823	40.1476	10623
Imeni Morozova	RU	59.9757	31.0376	10623
Ozherel’ye	RU	54.792	38.2656	10618
Obukhovo	RU	55.8328	38.2725	10616
Davydovo	RU	55.6086	38.8611	10606
Pudozh	RU	61.8041	36.5277	10605
Kola	RU	68.8814	33.0177	10600
Rakitnoye	RU	50.8408	35.8521	10596
Ustyuzhna	RU	58.8394	36.4321	10566
Zayukovo	RU	43.6161	43.3339	10559
Tot’ma	RU	59.9738	42.7649	10500
Mikhaylovskoye	RU	43.0997	44.6316	10479
Staronizhestebliyevskaya	RU	45.3832	38.443	10478
Sosnovka	RU	53.2309	41.3656	10475
Konobeyevo	RU	55.4078	38.6626	10434
Belyye Berega	RU	53.2085	34.6641	10425
Pravdinskiy	RU	56.0603	37.8627	10372
Novomikhaylovskiy	RU	44.2626	38.8585	10370
Shakhovskaya	RU	56.0308	35.5064	10353
Zadonsk	RU	52.3904	38.9261	10326
Aleksandriyskaya	RU	44.2272	43.3453	10279
Inzhavino	RU	52.3198	42.4915	10278
Dvubratskiy	RU	45.2389	39.805	10272
Novopodrezkovo	RU	55.9397	37.3442	10271
Novonikolayevskiy	RU	50.9745	42.36	10251
Lysogorskaya	RU	44.1064	43.2756	10219
Tarusa	RU	54.7247	37.1722	10180
Sovetskaya	RU	44.7769	41.1722	10166
Prokhorovka	RU	51.0359	36.7314	10136
Zubova Polyana	RU	54.0781	42.8364	10119
Yermolino	RU	55.1949	36.5951	10100
Bolokhovo	RU	54.0838	37.8289	10084
Dobrinka	RU	52.1653	40.4731	10063
Sholokhovskiy	RU	48.2807	41.0459	10062
Yel’nya	RU	54.5774	33.1847	10050
Gigant	RU	46.5067	41.3419	10034
Troitskoye	RU	46.413	44.2579	10025
Olonets	RU	60.9811	32.9726	10005
Koltushi	RU	59.9297	30.6446	10000
Noginsk-9	RU	56.0668	38.5001	10000
Krasnyy Oktyabr’	RU	56.1167	38.8833	9999
Zalukokoazhe	RU	43.9006	43.2143	9997
Dalakovo	RU	43.2376	44.5896	9994
Zapadnaya Dvina	RU	56.259	32.0745	9962
Ozerniy	RU	57.8666	33.664	9951
Novomyshastovskaya	RU	45.1991	38.5827	9916
Puchezh	RU	56.9761	43.1666	9881
Serafimovich	RU	49.5757	42.7323	9847
Leninskiy	RU	54.2873	37.4571	9834
Pankovka	RU	58.5	31.1999	9828
Kokoshkino	RU	55.5991	37.1711	9818
Gorodovikovsk	RU	46.0878	41.9334	9809
Revda	RU	67.9371	34.5615	9780
Kresttsy	RU	58.2478	32.518	9737
Ivanovskaya	RU	45.276	38.4644	9729
Kievskiy	RU	55.43	36.8666	9700
Novaya Ladoga	RU	60.1025	32.3019	9680
Bashmakovo	RU	53.2133	43.0342	9654
Rudnya	RU	54.9471	31.0923	9615
Dno	RU	57.8288	29.9692	9607
Dedovichi	RU	57.5516	29.9468	9606
Plastunovskaya	RU	45.2943	39.2651	9604
Naryshkino	RU	52.9678	35.7268	9600
Vinogradovo	RU	55.9467	37.5384	9600
Sarmakovo	RU	43.7456	43.2003	9588
Sokolovo-Kundryuchenskiy	RU	47.8354	39.9471	9585
Mga	RU	59.75	31.0667	9565
Oblivskaya	RU	48.5362	42.5014	9528
Vatutinki	RU	55.4965	37.3299	9502
Kamenka	RU	51.3223	42.7678	9450
Maksatikha	RU	57.797	35.8825	9441
Taman	RU	45.2117	36.7161	9417
Suzëmka	RU	52.3183	34.079	9394
Verkhniye Achaluki	RU	43.3469	44.6975	9393
Yershovo	RU	55.7691	36.8593	9367
Kosterevo	RU	55.9299	39.6144	9349
Roshchino	RU	60.2519	29.6085	9346
Grigoropolisskaya	RU	45.2972	41.0567	9310
Pochinok	RU	54.4054	32.4391	9310
Vëshenskaya	RU	49.6308	41.7252	9303
Gornyatskiy	RU	48.2965	40.924	9292
Bogorodskoye	RU	56.55	37.8833	9275
Perevoz	RU	55.5957	44.5454	9228
Krasnaya Gorbatka	RU	55.877	41.7551	9225
Andreapol’	RU	56.6509	32.264	9209
Bogorodskoye	RU	56.5	38.1833	9200
Ul’yanovka	RU	59.6394	30.7647	9197
Pokoynoye	RU	44.8097	44.2517	9175
Imeni Sverdlova	RU	59.7961	30.6658	9151
Torbeyevo	RU	54.0774	43.2499	9138
Staritsa	RU	56.5054	34.934	9134
Novosel’ye	RU	59.8078	30.0728	9082
Krasnogvardeyskoye	RU	45.1324	39.5744	9071
Neklyudovo	RU	56.4142	43.9772	9052
Novosokol’niki	RU	56.3477	30.1568	9029
Trudobelikovskiy	RU	45.2685	38.1538	9013
Oktyabr’skiy	RU	61.0893	43.1718	9008
Pontonnyy	RU	59.7867	30.6153	9001
Gostagayevskaya	RU	45.0228	37.5051	9000
Komsomol’sk	RU	57.0294	40.3757	8975
Lev Tolstoy	RU	53.2099	39.4543	8955
Serebryanyye Prudy	RU	54.4748	38.7279	8953
Tarasovskiy	RU	48.7296	40.3639	8949
Vinsady	RU	44.0808	42.9653	8949
Masalovka	RU	48.4037	40.2606	8948
Dubovka	RU	53.9522	38.0628	8946
Balakirevo	RU	56.5059	38.8432	8932
Rodnikovskaya	RU	44.7644	40.6656	8925
Roslyakovo	RU	69.043	33.1991	8921
Znamenka	RU	52.4184	41.4317	8915
Insar	RU	53.8672	44.3691	8837
Vesëlyy	RU	47.0924	40.7421	8820
Mamontovka	RU	55.9808	37.8197	8817
Fastovetskaya	RU	45.9189	40.1589	8806
Belinskiy	RU	52.9647	43.4165	8800
Proletarskiy	RU	50.7914	35.7731	8786
Novovelichkovskaya	RU	45.2764	38.8417	8774
Shatki	RU	55.1877	44.1207	8773
Magas	RU	43.2226	44.7726	8771
Novoselitskoye	RU	44.7508	43.4369	8723
Ardatov	RU	55.2392	43.0956	8710
Yutsa	RU	43.9564	43.0128	8702
Razvilka	RU	55.5921	37.7409	8701
Lesnoy	RU	56.0667	37.9167	8689
Spassk-Ryazanskiy	RU	54.4084	40.3766	8655
Pachelma	RU	53.2443	43.352	8620
Kamenka	RU	50.7137	39.4245	8594
Temirgoyevskaya	RU	45.1141	40.2803	8588
Samoylovka	RU	51.1854	43.7088	8584
Novo-Talitsy	RU	57.0039	40.8594	8563
Chermen	RU	43.1519	44.7123	8550
Kizlyar	RU	43.7038	44.5944	8544
Pereyaslovskaya	RU	45.8412	39.0238	8542
Rayevskaya	RU	44.8357	37.5558	8518
Strugi-Krasnyye	RU	58.2707	29.1117	8518
Demidov	RU	55.2702	31.5163	8516
Sychëvka	RU	55.8296	34.277	8510
Oktyabr’skiy	RU	50.4452	36.3607	8471
Koksovyy	RU	48.1974	40.6433	8458
Chernomorskiy	RU	44.8506	38.4936	8454
Lakhdenpokh’ya	RU	61.5197	30.1976	8448
Rogovskaya	RU	45.7312	38.7396	8435
Dubrovka	RU	53.6925	33.5053	8427
Nadezhda	RU	44.1	44.6	8426
Belousovo	RU	55.095	36.6732	8421
Molochnoye	RU	59.2917	39.6787	8421
Andreyevka	RU	55.9803	37.135	8395
Kolyshley	RU	52.7005	44.5367	8371
Mglin	RU	53.0603	32.8477	8368
Kideksha	RU	56.4238	40.5215	8301
Il’inskiy	RU	55.619	38.1182	8284
Staraya Stanitsa	RU	48.3458	40.2938	8284
Verkhniy Mamon	RU	50.1642	40.3894	8278
Lipki	RU	54.3262	37.5201	8277
Parfino	RU	57.9726	31.6478	8254
Temnikov	RU	54.6306	43.2192	8252
Argudan	RU	43.416	43.9113	8250
Kamenka	RU	60.4464	29.0829	8212
Sosnovskoye	RU	55.8062	43.1719	8207
Ves’yegonsk	RU	58.6677	37.2636	8200
Arkhipo-Osipovka	RU	44.3719	38.5297	8170
Velizh	RU	55.6045	31.1986	8146
Pesochnyy	RU	60.123	30.164	8130
Smolenskaya	RU	44.7864	38.8033	8130
Verkhov’ye	RU	52.8103	37.2419	8100
Novosin’kovo	RU	56.3774	37.3287	8073
Rudnya	RU	50.806	44.5563	8062
Kumylzhenskaya	RU	49.8818	42.5861	8061
Mikhaylovskaya	RU	44.9947	40.5964	8050
Dubovskoye	RU	47.4104	42.7655	8019
Arkhonskaya	RU	43.11	44.5125	7991
Storozhevaya	RU	43.8789	41.4514	7986
Lezhnevo	RU	56.7751	40.8917	7977
Mendeleyevo	RU	56.0333	37.2167	7964
Khokhol’skiy	RU	51.5695	38.7709	7963
Tovarkovskiy	RU	53.6822	38.2092	7959
Tamala	RU	52.541	43.2514	7956
Myskhako	RU	44.6615	37.7641	7954
Krasnoye-na-Volge	RU	57.5148	41.239	7953
Yukhnov	RU	54.744	35.2323	7934
Ramon’	RU	51.9138	39.3368	7928
Krasnaya Yaruga	RU	50.802	35.6577	7924
Tomarovka	RU	50.6834	36.2344	7916
Novotroitskaya	RU	45.3267	41.5253	7910
Sovetskaya	RU	44.0267	44.05	7886
Vniissok	RU	55.6564	37.2119	7876
Verkhnyaya Khava	RU	51.8424	39.9385	7870
Volya	RU	51.7696	39.5359	7869
Vyyezdnoye	RU	55.3815	43.7864	7857
Suponevo	RU	53.2101	34.3071	7845
Polessk	RU	54.8621	21.1028	7835
Kardonikskaya	RU	43.8658	41.7143	7830
Ivnya	RU	51.0576	36.148	7824
Stavrovo	RU	56.1331	40.0129	7822
Muchkapskiy	RU	51.8509	42.4765	7814
Medyn	RU	54.9692	35.8586	7791
Yavas	RU	54.4159	42.8491	7783
Duminichi	RU	53.9338	35.1104	7779
Imeni Karla Libknekhta	RU	51.6195	35.4763	7773
Dubrovka	RU	59.8447	30.9342	7771
Kambileyevskoye	RU	43.0786	44.7522	7770
Severnyy	RU	50.6754	36.5587	7752
Romanovka	RU	51.7431	42.7526	7746
Krasnyy Yar	RU	50.6965	44.7279	7727
Podgornoye	RU	51.7362	39.1483	7681
Alkhan-Churt	RU	43.3519	44.7869	7666
Novozavidovskiy	RU	56.55	36.4333	7641
Ryzdvyanyy	RU	45.2656	41.8389	7602
Makar’yev	RU	57.885	43.8064	7600
Ol’gino	RU	59.837	29.9227	7600
Sevsk	RU	52.149	34.4935	7594
Ali-Yurt	RU	43.1425	44.8525	7593
Kamennomostskiy	RU	44.2891	40.188	7585
Novyy Rogachik	RU	48.6769	44.0608	7575
Gorbunki	RU	59.8131	29.9848	7566
Sovetsk	RU	53.936	37.6277	7556
Povarovo	RU	56.0667	37.05	7539
Mayskiy	RU	50.5217	36.4666	7537
Maslovka	RU	51.5502	39.2447	7518
Zagoryanskiy	RU	55.9325	37.9581	7514
Semibratovo	RU	57.3046	39.5369	7511
Konokovo	RU	44.8616	41.3266	7507
Lysyye Gory	RU	51.5508	44.8398	7501
Kakhun	RU	43.5431	43.8764	7490
Kirillov	RU	59.863	38.3813	7468
Gidrotorf	RU	56.4756	43.5381	7424
Krasnosel’skiy	RU	45.3919	40.6075	7403
Zavidovo	RU	56.5333	36.5333	7400
Zubtsov	RU	56.1753	34.5894	7397
Kabardinka	RU	44.652	37.9366	7395
Remontnoye	RU	46.5608	43.6488	7374
Rumyantsevo	RU	55.9728	36.5342	7345
Lesnoy	RU	54.2125	40.4713	7335
Koshekhabl’	RU	44.9001	40.5033	7313
Bagrationovsk	RU	54.3871	20.6437	7306
Chagoda	RU	59.164	35.3285	7288
Veydelevka	RU	50.1511	38.449	7280
Vladimirskaya	RU	44.5455	40.7933	7278
Mamonovo	RU	54.4643	19.938	7271
Ilyinogorsk	RU	56.2278	42.9539	7267
Gayduk	RU	44.7849	37.7005	7266
Kurlovo	RU	55.4325	40.4854	7263
Gizel’	RU	43.04	44.5708	7256
Latnaya	RU	51.65	38.8992	7232
Malka	RU	43.8039	43.3242	7220
Zelenoborskiy	RU	66.845	32.3622	7207
Elin-Yurt	RU	43.6731	44.9589	7200
Dolzhanskaya	RU	46.6337	37.8025	7194
Bezopasnoye	RU	45.6483	41.936	7176
Spassk	RU	53.9256	43.1839	7175
Panino	RU	51.6542	40.1313	7164
Staraya Stanitsa	RU	45.0098	41.1512	7145
Chikola	RU	43.1954	43.9204	7142
Konstantinovskaya	RU	44.0456	43.1583	7137
Mordovo	RU	52.0866	40.7726	7112
Vokhtoga	RU	58.8095	41.0624	7107
Kromy	RU	52.6876	35.7666	7098
Selizharovo	RU	56.8519	33.4487	7096
Komarichi	RU	52.4209	34.7976	7090
Kolpna	RU	52.2226	37.031	7081
Chelbasskaya	RU	45.9792	39.3719	7080
Vidyayevo	RU	69.3191	32.8049	7062
Baksanenok	RU	43.6897	43.6547	7058
Nikolina Gora	RU	55.7343	37.0436	7046
Achikulak	RU	44.5517	44.8378	7040
Biruch	RU	50.6492	38.4036	7026
Murino	RU	60.048	30.452	7023
Voznesenskaya	RU	44.5527	41.0318	7009
Ivanovskoye	RU	44.5795	41.8764	7003
Bol’shoye Murashkino	RU	55.7826	44.7754	7000
Gzhel’	RU	55.6101	38.394	7000
Novokhopërsk	RU	51.0969	41.6252	7000
Kovernino	RU	57.128	43.8146	6988
Voznesenskaya	RU	43.5438	44.7461	6972
Beloomut	RU	54.9448	39.3394	6971
Urazovo	RU	50.0836	38.0395	6966
Psedakh	RU	43.4672	44.5692	6964
Gavrilov Posad	RU	56.5589	40.1204	6948
Sudzha	RU	51.191	35.271	6940
Terbuny	RU	52.1453	38.2811	6936
Galashki	RU	43.1174	44.9905	6928
Melekhovo	RU	56.2773	41.2935	6922
Natukhayevskaya	RU	44.9105	37.5713	6922
Poshekhon’ye	RU	58.4993	39.1353	6900
Staroyur’yevo	RU	53.3195	40.7023	6900
Soligalich	RU	59.0784	42.2871	6886
Psygansu	RU	43.4134	43.7907	6885
Romanovskaya	RU	47.5427	42.0222	6885
Pelagiada	RU	45.2064	42.0236	6871
Vysokiy	RU	68.1358	33.4192	6860
Novoleushkovskaya	RU	45.9956	39.9921	6853
Kagal’nitskaya	RU	46.8805	40.148	6848
Psyzh	RU	44.2331	42.0183	6840
Krylovskaya	RU	46.1097	39.3035	6831
Turki	RU	51.9869	43.2748	6821
Bekovo	RU	52.4663	43.712	6800
Kratovo	RU	55.5973	38.1774	6799
Tumbotino	RU	55.9993	43.0236	6791
Novorozhdestvenskaya	RU	45.8606	39.9497	6780
Pytalovo	RU	57.0692	27.9154	6767
Gorshechnoye	RU	51.5236	38.038	6758
Andzhiyevskiy	RU	44.2389	43.0856	6755
Bol’shoye Kozino	RU	56.404	43.7142	6723
Girey	RU	45.4012	40.6587	6712
Novoderevyankovskaya	RU	46.324	38.7469	6712
Zavetnoye	RU	47.1189	43.8894	6711
Reshetikha	RU	56.2157	43.288	6710
Verbilki	RU	56.5333	37.6	6708
Vozhega	RU	60.4725	40.2213	6703
Staryy Cherek	RU	43.4707	43.8561	6702
Vad	RU	55.5302	44.2067	6698
Dmitriyevka	RU	52.8812	40.7901	6695
Chern’	RU	53.4521	36.9118	6689
Sebezh	RU	56.287	28.4829	6688
Supsekh	RU	44.8629	37.3663	6669
Glazunovka	RU	52.5006	36.32	6666
Sinegorskiy	RU	48.0139	40.8447	6660
Podgorenskiy	RU	50.4102	39.642	6652
Ternevskaya	RU	45.8513	40.4125	6643
Spirovo	RU	57.4196	34.981	6640
Khvoynaya	RU	58.8967	34.512	6637
Petropavlovskaya	RU	45.0819	40.4513	6632
Vacha	RU	55.8003	42.7745	6618
Dondukovskaya	RU	44.8819	40.3627	6609
Kurchanskaya	RU	45.2225	37.5718	6600
Pregradnaya	RU	43.9519	41.1912	6595
Stromyn’	RU	56.0435	38.4832	6593
Kalnibolotskaya	RU	46.0058	40.4568	6578
Sovetskiy	RU	60.5395	28.6776	6574
Berezanskaya	RU	45.7056	39.5932	6568
Gritsovskiy	RU	54.1376	38.1604	6568
Kuloy	RU	61.0305	42.4925	6557
Zmeyskaya	RU	43.3362	44.1573	6533
Mechetinskaya	RU	46.7713	40.456	6517
Kshenskiy	RU	51.8408	37.7136	6504
Muranovo	RU	56.1833	37.9	6500
Sheremet’yevskiy	RU	55.9758	37.4942	6500
Zaokskiy	RU	54.7303	37.3973	6480
Troitskaya	RU	45.1349	38.1254	6479
Sokol’skoye	RU	57.1395	43.1626	6474
Krasnaya Gora	RU	52.9995	31.6023	6468
Tokaryovka	RU	52.0001	41.1497	6468
Trunovskoye	RU	45.4878	42.1358	6459
Dedenëvo	RU	56.2428	37.5177	6455
Borodinskiy	RU	53.9986	37.8179	6447
Sarayi	RU	53.7295	41.0022	6439
Yekaterinovka	RU	52.0491	44.3462	6435
Tuma	RU	55.148	40.5537	6432
Novoshcherbinovskaya	RU	46.4767	38.6476	6415
Diveyevo	RU	55.0407	43.2476	6390
Buturlino	RU	55.5669	44.895	6388
Odoyev	RU	53.9357	36.6882	6386
Gundelen	RU	43.5975	43.1719	6363
Nekrasovskoye	RU	57.6796	40.365	6353
Tereze	RU	43.9361	42.4434	6335
Primorsk	RU	60.3662	28.6061	6334
Sadovoye	RU	47.774	44.5108	6333
Nizhnedevitsk	RU	51.5441	38.3644	6320
Kamennomostskoye	RU	43.7372	43.0514	6316
Ashukino	RU	56.1667	37.95	6310
Ivot	RU	53.6745	34.1893	6294
Alakurtti	RU	66.9672	30.349	6293
Kashary	RU	49.0397	41.0043	6292
Zmiyëvka	RU	52.6657	36.3774	6288
Poputnaya	RU	44.5125	41.4392	6279
Voznesenskoye	RU	54.8898	42.757	6252
Nikologory	RU	56.1413	41.9922	6244
Korenevo	RU	51.4106	34.9001	6236
Troitskiy	RU	51.3588	37.5253	6236
Rozhdestvenskiy	RU	54.2957	37.5702	6222
Berëznik	RU	62.8581	42.7019	6218
Grayvoron	RU	50.4789	35.6809	6212
Kamennogorsk	RU	60.9545	29.1339	6208
Pirogovskiy	RU	55.9781	37.7336	6208
Rodionovo-Nesvetaiskoye	RU	47.6	39.7	6197
Rodionovo-Nesvetayskaya	RU	47.6092	39.7124	6188
Dmitriyev	RU	52.1257	35.0755	6171
Polyany	RU	54.718	39.8293	6170
Yërzovka	RU	48.9365	44.6455	6161
Bugry	RU	60.0712	30.3923	6154
Khlevnoye	RU	52.1947	39.0891	6150
Zarech’ye	RU	55.6867	37.3924	6144
Savino	RU	56.593	41.2131	6133
Umba	RU	66.6871	34.3429	6128
Krasnyy Kholm	RU	58.0617	37.1198	6120
Saratovskaya	RU	44.7075	39.2216	6117
Temizhbekskaya	RU	45.4456	40.845	6111
Vityazevo	RU	45.0013	37.2821	6104
Zhirnov	RU	48.1709	41.1261	6069
Oktyabr’skiy	RU	54.2268	38.894	6067
Tatarka	RU	44.9589	41.9517	6062
Lyubim	RU	58.3618	40.687	6057
Kadom	RU	54.5591	42.4676	6027
Dubna	RU	54.1545	36.9614	6019
Talitsy	RU	56.528	42.3323	6003
Borinskoye	RU	52.4569	39.3713	5998
Sukhobezvodnoye	RU	57.0491	44.8891	5970
Danilovka	RU	50.3579	44.1149	5956
Kurkino	RU	53.426	38.656	5944
Spas-Klepiki	RU	55.1376	40.18	5942
Pavlovskaya Sloboda	RU	55.8152	37.0825	5937
Ageyevo	RU	54.1588	36.4693	5934
Myshkin	RU	57.7903	38.454	5932
Novoukrainskoye	RU	45.3783	40.5297	5928
Zalegoshch’	RU	52.8991	36.8896	5925
Sosnovo	RU	60.5515	30.2144	5923
Ozërnyy	RU	55.5802	32.4127	5921
Pushkinskiye Gory	RU	57.0171	28.9249	5920
Kirovskaya	RU	46.9748	40.0402	5918
Talovyy	RU	47.8077	40.1094	5909
Shenkursk	RU	62.109	42.9006	5893
Korocha	RU	50.8109	37.1961	5890
Novoivanovskoye	RU	55.7038	37.3651	5885
Divnomorskoye	RU	44.5017	38.1342	5880
Karagach	RU	43.8053	43.775	5870
Novomalorossiyskaya	RU	45.6348	39.8948	5867
Toksovo	RU	60.1532	30.5165	5863
Kolodeznyy	RU	51.3333	39.1833	5857
Shirochanka	RU	46.6562	38.3368	5853
Davydovka	RU	51.1578	39.4291	5841
Besskorbnaya	RU	44.6447	41.311	5837
Kyzburun Pervyy	RU	43.6517	43.395	5833
Borisoglebskiy	RU	57.262	39.154	5832
Malyye Derbety	RU	47.9552	44.6813	5822
Konstantinovskoye	RU	45.2992	42.6367	5816
Khabez	RU	44.0442	41.7705	5806
Bol’shiye Dvory	RU	55.8201	38.6452	5790
Kuybyshevo	RU	47.8135	38.9115	5790
Edissiya	RU	44.0511	44.5408	5775
Bol’shoye Polpino	RU	53.2443	34.5048	5766
Loukhi	RU	66.075	33.0487	5764
Velikovechnoye	RU	44.934	39.755	5762
Zhizdra	RU	53.746	34.7395	5737
Staroleushkovskaya	RU	45.9867	39.7599	5733
Pavlodol’skaya	RU	43.7192	44.4781	5731
Fatezh	RU	52.0897	35.8591	5722
Konstantinovskiy	RU	57.83	39.5899	5718
Belaya Berëzka	RU	52.3848	33.4823	5716
Ozërsk	RU	54.4106	22.0117	5705
Lebyazh’ye	RU	59.9618	29.4149	5696
Demyansk	RU	57.6446	32.4657	5693
Rzhaksa	RU	52.1392	42.0276	5692
Rasshevatskaya	RU	45.5748	41.035	5686
Shatsk	RU	54.0237	41.717	5686
Maslova Pristan’	RU	50.457	36.736	5669
Levokumka	RU	44.2317	43.15	5651
Romanovka	RU	60.0443	30.714	5647
Zavoronezhskoye	RU	52.8801	40.5526	5645
Mitrofanovka	RU	49.9708	39.6939	5643
Sverdlovskiy	RU	55.9097	38.1498	5636
Priyutnoye	RU	46.101	43.5109	5632
Idritsa	RU	56.3315	28.8932	5623
Zvëzdnyy Gorodok	RU	55.8779	38.1126	5622
Glushkovo	RU	51.3407	34.6392	5618
Palekh	RU	56.801	41.8573	5616
Krasnomayskiy	RU	57.6194	34.4099	5611
Novovyazniki	RU	56.1975	42.1711	5611
Georgiyevskaya	RU	44.1114	43.4922	5610
Stepnoye	RU	44.2698	44.5819	5600
Dolgorukovo	RU	52.3232	38.3541	5599
Staraya Vichuga	RU	57.2683	41.8787	5599
Savinskiy	RU	62.9317	40.1407	5596
Suda	RU	59.1525	37.5582	5582
Altud	RU	43.7219	43.8658	5578
Belyye Stolby	RU	55.3314	37.854	5563
Ukholovo	RU	53.7921	40.4866	5558
Korenëvo	RU	55.6719	38.0078	5555
Dobroye	RU	52.8626	39.8051	5550
Issa	RU	53.8705	44.8578	5532
Barsukovskaya	RU	44.7632	41.8191	5529
Yantarnyy	RU	54.871	19.9402	5527
Gdov	RU	58.7444	27.8196	5521
Udobnaya	RU	44.1932	41.5529	5519
Vol’ginskiy	RU	55.948	39.239	5515
Kislyakovskaya	RU	46.4417	39.675	5501
Gofitskoye	RU	45.0792	43.0464	5493
Linda	RU	56.6157	44.0954	5489
Urvan’	RU	43.4894	43.7638	5484
Moskovskoye	RU	45.2842	41.9103	5482
Khrenovoye	RU	51.1183	40.2904	5476
Preobrazhenskaya	RU	50.7407	43.0526	5475
Demikhovo	RU	55.7968	38.884	5474
Mstera	RU	56.3789	41.92	5470
Pristen’	RU	51.2374	36.698	5463
Chernyshkovskiy	RU	48.4243	42.2291	5458
Yaroslavskaya	RU	44.6106	40.4642	5458
Skoropuskovskiy	RU	56.3667	38.1667	5434
Strelka	RU	45.2063	37.2865	5433
Tarnogskiy Gorodok	RU	60.4997	43.5761	5432
Kalevala	RU	65.1987	31.19	5431
Chukhloma	RU	58.753	42.6863	5430
Chernolesskoye	RU	44.7156	43.7133	5386
Kashkhatau	RU	43.3169	43.6077	5367
Novodzhereliyevskaya	RU	45.7737	38.6723	5365
Kletskaya	RU	49.3136	43.0628	5362
Golovchino	RU	50.5346	35.8063	5356
Pervomayskoye	RU	43.9385	42.476	5345
Novozavedennoye	RU	44.2628	43.6381	5336
Podgornaya	RU	44.2031	43.4297	5336
Linëvo	RU	50.8885	44.8308	5335
Petrovsk	RU	57.0104	39.2693	5324
Dzhubga	RU	44.3211	38.7073	5314
Kadnikov	RU	59.5022	40.338	5312
Molochnyy	RU	68.8539	33.0205	5308
Krasnolesnyy	RU	51.8829	39.5771	5305
Imeni Vorovskogo	RU	55.7319	38.3237	5303
Spokoynaya	RU	44.2468	41.4015	5291
Lotoshino	RU	56.2343	35.6441	5286
Rzhanitsa	RU	53.4284	33.923	5281
Sambek	RU	47.7427	39.824	5278
Yelan’-Koleno	RU	51.1523	41.2306	5270
Obolensk	RU	54.9774	37.2245	5264
Zlynka	RU	52.4268	31.7386	5260
Lenina	RU	46.0667	39.7833	5259
Ol’ginskaya	RU	47.1873	39.9519	5255
Pustoshka	RU	56.3353	29.3689	5253
Slavsk	RU	55.0425	21.677	5248
Nizhniye Achaluki	RU	43.4028	44.7591	5247
Proletariy	RU	58.4342	31.7046	5240
LMS	RU	55.3143	37.1855	5238
Sudislavl’	RU	57.882	41.7075	5236
Blagodatnoye	RU	45.3997	42.5867	5230
Novodmitriyevskaya	RU	44.8328	38.8785	5230
Gumrak	RU	48.7826	44.3824	5227
Mosrentgen	RU	55.6183	37.4662	5214
Stanovoye	RU	52.7612	38.3439	5211
Gundorovskiy	RU	46.7805	41.8968	5210
Grivenskaya	RU	45.6473	38.176	5208
Andreyevo	RU	55.9465	41.1505	5204
Kamyshevatskaya	RU	46.4132	37.9563	5201
Verkhovazh’ye	RU	60.7472	42.0465	5200
Krasnoyarskaya	RU	47.6501	42.0443	5198
Lyubokhna	RU	53.5033	34.3885	5188
Peno	RU	56.9252	32.7438	5187
Novopetrovskoye	RU	55.9928	36.4719	5184
Dmitrovsk	RU	52.505	35.1464	5177
Priladozhskiy	RU	59.872	31.3175	5159
Ryazanskaya	RU	44.9553	39.5889	5157
Tëploye	RU	53.6169	37.5887	5149
Avsyunino	RU	55.5652	39.1232	5148
Starozhilovo	RU	54.233	39.9093	5147
Stolbovaya	RU	55.2502	37.4925	5142
Ostrovskoye	RU	57.8055	42.2433	5138
Novokorsunskaya	RU	45.6408	39.1464	5133
Gremyachevo	RU	55.3919	43.0273	5131
Novosmolinskiy	RU	56.2841	43.0507	5128
Doschatoye	RU	55.3886	42.1032	5125
Pryamitsyno	RU	51.6561	35.9373	5120
Takhtamukay	RU	44.922	38.9949	5120
Ladovskaya Balka	RU	45.6296	41.4023	5117
Pravokumskoye	RU	44.7694	44.6472	5117
Sotnikovskoye	RU	45.0039	43.7772	5116
Spas-Demensk	RU	54.4122	34.0226	5114
Chistyye Bory	RU	58.369	41.65	5103
Novobataysk	RU	46.8984	39.7822	5097
Ali-Berdukovskiy	RU	43.9895	41.7421	5093
Vygonichi	RU	53.0998	34.0674	5086
Shvartsevskiy	RU	54.0917	37.9905	5083
Opalikha	RU	55.8259	37.2528	5081
Olenino	RU	56.2092	33.4889	5079
Uryv-Pokrovka	RU	51.1159	39.1639	5074
Nesterov	RU	54.6306	22.5714	5071
Vorontsovka	RU	50.6132	40.3549	5067
Yasnaya Polyana	RU	44.0225	42.7539	5064
Starocherkasskaya	RU	47.2408	40.0419	5060
Lesnoy Gorodok	RU	55.6389	37.2083	5056
Nogamerzin-Yurt	RU	43.6536	44.8889	5053
Novaya Tavolzhanka	RU	50.3512	36.8298	5053
Pindushi	RU	62.9152	34.58	5053
Seshcha	RU	53.7361	33.3387	5038
Bokovskaya	RU	49.2273	41.8304	5032
Kalashnikovo	RU	57.284	35.229	5032
Agalatovo	RU	60.2195	30.2739	5028
Pokrovo-Prigorodnoye	RU	52.683	41.4235	5012
Sadovoye	RU	51.5306	40.5016	5011
Shkurinskaya	RU	46.5858	39.3599	5005
Stockholm	SE	59.3294	18.0687	1515017
Gothenburg	SE	57.7072	11.9668	608462
Malmö	SE	55.6059	13.0007	362133
Uppsala	SE	59.8588	17.6389	177074
Linköping	SE	58.4109	15.6216	166673
Örebro	SE	59.2741	15.2066	155989
Sollentuna	SE	59.428	17.9509	139606
Umeå	SE	63.8284	20.2597	130224
Västerås	SE	59.6162	16.5528	127799
Jönköping	SE	57.7814	14.1562	112766
Helsingborg	SE	56.0467	12.6944	104250
Norrköping	SE	58.5942	16.1826	93765
Huddinge	SE	59.2371	17.9819	90182
Lund	SE	55.7058	13.1932	87244
Luleå	SE	65.5841	22.1547	77832
Haninge	SE	59.1677	18.1448	74968
Gävle	SE	60.6745	17.1417	74884
Borås	SE	57.721	12.9401	71700
Växjö	SE	56.8777	14.8091	71282
Södertälje	SE	59.1955	17.6253	70777
Halmstad	SE	56.6745	12.8568	70480
Eskilstuna	SE	59.3666	16.5077	67359
Solna	SE	59.36	18.0009	66909
Karlskrona	SE	56.1616	15.5866	66675
Karlstad	SE	59.3793	13.5036	61492
Mölndal	SE	57.6554	12.0138	59430
Täby	SE	59.4439	18.0687	58123
Sundsvall	SE	62.3913	17.3063	57606
Östersund	SE	63.1792	14.6357	49806
Trollhättan	SE	58.2837	12.2886	48573
Lidingö	SE	59.3667	18.1333	42466
Borlänge	SE	60.4858	15.4371	41955
Tumba	SE	59.1986	17.8332	40832
Kristianstad	SE	56.0313	14.1524	39762
Nyköping	SE	58.753	17.0079	38780
Kalmar	SE	56.6616	16.3616	38408
Falun	SE	60.6036	15.626	37291
Skövde	SE	58.3912	13.8451	36842
Upplands Väsby	SE	59.5184	17.9113	36534
Skellefteå	SE	64.7507	20.9528	35516
Uddevalla	SE	58.3478	11.9424	34781
Sundbyberg	SE	59.3613	17.9711	34529
Varberg	SE	57.1056	12.2508	34248
Åkersberga	SE	59.4794	18.2997	32659
Örnsköldsvik	SE	63.2909	18.7153	32493
Danderyd	SE	59.404	18.0238	32425
Landskrona	SE	55.8708	12.8302	32229
Vallentuna	SE	59.5344	18.0776	31937
Motala	SE	58.5371	15.0365	30944
Trelleborg	SE	55.3751	13.1569	29316
Partille	SE	57.7395	12.1064	28648
Karlskoga	SE	59.3267	14.5239	27490
Märsta	SE	59.6216	17.8548	27034
Lerum	SE	57.7705	12.269	26913
Alingsås	SE	57.9303	12.5335	26329
Nacka	SE	59.3105	18.1637	25170
Härnösand	SE	62.6323	17.9379	25012
Sandviken	SE	60.6167	16.7667	24724
Kungälv	SE	57.871	11.9805	24101
Falkenberg	SE	56.9055	12.4912	24099
Jakobsberg	SE	59.4227	17.8351	24046
Visby	SE	57.6409	18.296	23402
Katrineholm	SE	58.9959	16.2072	23283
Ängelholm	SE	56.2428	12.8622	23240
Vänersborg	SE	58.3807	12.3234	23119
Trångsund	SE	59.2333	18.1333	23110
Björlanda	SE	57.7667	11.8333	23088
Piteå	SE	65.3172	21.4794	23067
Lidköping	SE	58.5052	13.1577	22988
Enköping	SE	59.6361	17.0777	22553
Huskvarna	SE	57.786	14.3021	21500
Västervik	SE	57.7584	16.6373	21178
Gustavsberg	SE	59.3268	18.3897	20774
Karlshamn	SE	56.1706	14.8619	20112
Limhamn	SE	55.5833	12.95	20000
Norrtälje	SE	59.758	18.705	19365
Rinkeby	SE	59.3871	17.9275	19349
Hässleholm	SE	56.1591	13.7664	19309
Värnamo	SE	57.186	14.04	19061
Ystad	SE	55.4297	13.8204	18806
Kungsbacka	SE	57.4872	12.0761	18698
Eslöv	SE	55.8393	13.3039	18592
Kristinehamn	SE	59.3098	14.1081	18557
Köping	SE	59.514	15.9925	18355
Oskarshamn	SE	57.2645	16.4484	18287
Nässjö	SE	57.6531	14.6968	17719
Mölnlycke	SE	57.6589	12.1179	17579
Falköping	SE	58.1735	13.5507	17170
Kiruna	SE	67.8557	20.2251	17037
Boden	SE	65.8252	21.6886	16830
Kumla	SE	59.1277	15.1434	16663
Mariestad	SE	58.7097	13.8237	16122
Hudiksvall	SE	61.7274	17.1056	16081
Tullinge	SE	59.2	17.9	16000
Västra Frölunda	SE	57.6467	11.9294	15924
Ljungby	SE	56.8332	13.9408	15785
Staffanstorp	SE	55.6428	13.2064	15373
Ludvika	SE	60.1496	15.1878	15245
Kinna	SE	57.5073	12.6946	15019
Höllviken	SE	55.4098	12.9558	14889
Billdal	SE	57.5667	11.9333	14874
Höganäs	SE	56.1997	12.5579	14778
Tranås	SE	58.0372	14.9782	14550
Nynäshamn	SE	58.9034	17.9479	14532
Arvika	SE	59.6553	12.5852	13926
Bollnäs	SE	61.3482	16.3946	13716
Strängnäs	SE	59.3774	17.0312	13693
Skoghall	SE	59.3232	13.4655	13605
Vetlanda	SE	57.4289	15.0776	13430
Bålsta	SE	59.5671	17.5278	13138
Stenungsund	SE	58.0705	11.8181	13093
Sala	SE	59.9199	16.6065	13087
Bunkeflostrand	SE	55.5448	12.9238	13048
Nybro	SE	56.7446	15.9071	13039
Mjölby	SE	58.3259	15.1236	12858
Finspång	SE	58.7058	15.7674	12807
Oxie	SE	55.5401	13.096	12665
Ronneby	SE	56.21	15.276	12612
Mora	SE	61.007	14.5432	12602
Lomma	SE	55.6724	13.0685	12368
Onsala	SE	57.4253	12.029	12275
Söderhamn	SE	61.3037	17.0592	12259
Höör	SE	55.9344	13.5385	12152
Avesta	SE	60.1427	16.1629	11949
Fagersta	SE	60.0042	15.7932	11936
Svedala	SE	55.5079	13.2352	11796
Handen	SE	59.1681	18.138	11524
Ekerö	SE	59.291	17.8121	11505
Skara	SE	58.3866	13.4384	11437
Alby	SE	59.2335	17.8538	11400
Oxelösund	SE	58.6706	17.1015	11157
Lindome	SE	57.5667	12.0833	10942
Arboga	SE	59.3939	15.8388	10841
Hallstahammar	SE	59.614	16.2285	10787
Jordbro	SE	59.1497	18.1167	10757
Ulricehamn	SE	57.7916	13.4142	10629
Bjuv	SE	56.0837	12.9191	10602
Timrå	SE	62.4865	17.3261	10495
Gällivare	SE	67.1339	20.6528	10362
Kista	SE	59.4032	17.9448	10254
Gislaved	SE	57.3044	13.5408	10180
Eksjö	SE	57.6664	14.972	10157
Kungsängen	SE	59.4786	17.7483	10151
Torslanda	SE	57.7243	11.7701	10129
Vårby	SE	59.2667	17.8841	10115
Bjärred	SE	55.7167	13.0167	9844
Åhus	SE	55.9167	14.2833	9840
Sävja	SE	59.8187	17.6996	9723
Lindesberg	SE	59.592	15.2304	9571
Älmhult	SE	56.5515	14.1383	9495
Saltsjöbaden	SE	59.2833	18.3	9477
Åmål	SE	59.051	12.7049	9373
Kävlinge	SE	55.7919	13.1102	9320
Älta	SE	59.2667	18.1833	9274
Åstorp	SE	56.1357	12.9443	9215
Säffle	SE	59.1323	12.9289	9150
Arlöv	SE	55.6325	13.0714	9108
Sigtuna	SE	59.6173	17.7236	9074
Sölvesborg	SE	56.0521	14.5753	8972
Torshälla	SE	59.4167	16.4667	8928
Djursholm	SE	59.3993	18.0562	8856
Landvetter	SE	57.6867	12.2117	8839
Kvissleby	SE	62.2936	17.375	8785
Alvesta	SE	56.8993	14.5556	8627
Lycksele	SE	64.5954	18.6735	8545
Bankeryd	SE	57.8602	14.124	8506
Klippan	SE	56.1356	13.1309	8411
Tibro	SE	58.4245	14.1616	8396
Bro	SE	59.5167	17.6333	8266
Tidaholm	SE	58.1803	13.9582	8175
Hallsberg	SE	59.0646	15.1099	8146
Fisksätra	SE	59.2915	18.2549	8117
Skurup	SE	55.4784	13.5019	8040
Vimmerby	SE	57.6659	15.8552	8037
Gårdsten	SE	57.8048	12.0288	8025
Brevik	SE	59.35	18.2	8024
Knivsta	SE	59.7256	17.7875	7977
Hammarkullen	SE	57.7805	12.036	7914
Sjöbo	SE	55.6313	13.7062	7910
Bromölla	SE	56.0755	14.4696	7854
Habo	SE	57.9119	14.0744	7740
Lysekil	SE	58.2743	11.4358	7734
Kil	SE	59.5023	13.3128	7627
Osby	SE	56.3817	13.9936	7554
Olofström	SE	56.2773	14.534	7526
Fittja	SE	59.2487	17.8599	7500
Kalix	SE	65.853	23.1564	7495
Hörby	SE	55.8524	13.6609	7459
Söderköping	SE	58.4806	16.3222	7418
Sollefteå	SE	63.1667	17.2667	7399
Hedemora	SE	60.2797	15.9886	7371
Nykvarn	SE	59.1772	17.4323	7327
Bergshamra	SE	59.3808	18.0343	7300
Ljusdal	SE	61.8288	16.0913	7259
Degerfors	SE	59.238	14.4308	7190
Strömstad	SE	58.9395	11.1712	7176
Valbo	SE	60.65	17.0333	7147
Lövgärdet	SE	57.8156	12.0386	7113
Skanör med Falsterbo	SE	55.4	12.85	7077
Åtvidaberg	SE	58.2015	15.9977	7014
Åby	SE	58.6667	16.1833	6917
Tomelilla	SE	55.5429	13.9546	6826
Kållered	SE	57.6099	12.0511	6784
Simrishamn	SE	55.5565	14.3504	6779
Ljungsbro	SE	58.5167	15.5	6763
Haparanda	SE	65.8355	24.1368	6679
Nora	SE	59.5193	15.0398	6597
Flen	SE	59.0583	16.5878	6594
Kramfors	SE	62.9316	17.7765	6582
Laholm	SE	56.5121	13.0437	6527
Vellinge	SE	55.4712	13.0197	6496
Löddeköpinge	SE	55.7667	13.0167	6481
Forshaga	SE	59.5254	13.4813	6361
Storvreta	SE	59.9593	17.7059	6340
Södra Sandby	SE	55.7168	13.3466	6306
Dalby	SE	55.6666	13.3498	6302
Skutskär	SE	60.6251	17.4155	6279
Surahammar	SE	59.7073	16.2219	6270
Hjo	SE	58.3013	14.2878	6203
Filipstad	SE	59.7124	14.1683	6119
Leksand	SE	60.7303	14.9999	6107
Hofors	SE	60.5457	16.2867	6090
Åsa	SE	57.35	12.1167	6084
Järna	SE	59.0917	17.5662	6038
Nykvarn	SE	59.8	18.3	6032
Gråbo	SE	57.8362	12.2995	6021
Malmberget	SE	67.1753	20.6549	6017
Surte	SE	57.8253	12.016	6003
Holmsund	SE	63.706	20.3641	5962
Åkarp	SE	55.654	13.1111	5959
Södra Sandby	SE	56.5667	16.6167	5941
Rydebäck	SE	55.9667	12.7667	5904
Kungsör	SE	59.4224	16.0966	5885
Perstorp	SE	56.1383	13.3948	5847
Vi	SE	62.4333	17.4167	5841
Trosa	SE	58.8962	17.5481	5836
Tierp	SE	60.3427	17.5181	5826
Gnesta	SE	59.0475	17.3119	5772
Lindsdal	SE	56.7333	16.3	5709
Vadstena	SE	58.4486	14.8897	5674
Färjestaden	SE	56.6499	16.4686	5645
Viken	SE	56.1506	12.5743	5610
Mullsjö	SE	57.9171	13.8783	5584
Hultsfred	SE	57.4881	15.8436	5510
Skåre	SE	59.4333	13.4333	5444
Fristad	SE	57.8248	13.0106	5409
Åkarp	SE	58.2333	13.65	5393
Vårgårda	SE	58.0371	12.8091	5384
Sävsjö	SE	57.4033	14.6624	5374
Orsa	SE	61.1203	14.6155	5349
Hönö	SE	57.6897	11.6497	5293
Smedjebacken	SE	60.1418	15.4142	5258
Ödåkra	SE	56.1041	12.7477	5231
Örkelljunga	SE	56.2834	13.2777	5193
Skåre	SE	55.3833	13.05	5173
Rättvik	SE	60.8863	15.1179	5160
Båstad	SE	56.4269	12.8534	5146
Vaggeryd	SE	57.4981	14.1484	5122
Anderstorp	SE	57.2833	13.6333	5076
Malmslätt	SE	58.411	15.5165	5074
Krokek	SE	58.6723	16.3674	5053
Grums	SE	59.3514	13.1111	5040
Götene	SE	58.5282	13.4946	5027
Sunne	SE	59.8376	13.143	5026
Ljubljana	SI	46.0511	14.5051	272220
Maribor	SI	46.5558	15.6459	96209
Celje	SI	46.2309	15.2604	38059
Kranj	SI	46.2389	14.3556	37966
Koper	SI	45.5482	13.7296	25753
Novo Mesto	SI	45.804	15.1689	24446
Velenje	SI	46.3572	15.1128	24327
Ptuj	SI	46.4201	15.8702	17984
Trbovlje	SI	46.1541	15.0518	15163
Kamnik	SI	46.2259	14.6121	13644
Jesenice	SI	46.4324	14.0623	13255
Domžale	SI	46.1377	14.5937	13204
Nova Gorica	SI	45.956	13.6484	13031
Škofja Loka	SI	46.1655	14.3063	11619
Izola	SI	45.5366	13.6601	11223
Murska Sobota	SI	46.6626	16.1664	11107
Postojna	SI	45.7743	14.2153	9605
Logatec	SI	45.9168	14.2265	8942
Šentilj v Slov. Goricah	SI	46.6817	15.6481	8452
Vrhnika	SI	45.9635	14.2948	8413
Kočevje	SI	45.6432	14.8604	8113
Slovenska Bistrica	SI	46.3931	15.5735	7454
Slovenj Gradec	SI	46.5109	15.0838	7249
Grosuplje	SI	45.9558	14.6589	7098
Ravne na Koroškem	SI	46.5431	14.9705	6979
Krško	SI	45.9592	15.4917	6852
Ajdovščina	SI	45.886	13.9095	6843
Brežice	SI	45.9073	15.5932	6843
Litija	SI	46.0604	14.8218	6505
Zagorje ob Savi	SI	46.1318	14.9969	6439
Mengeš	SI	46.1686	14.5744	6112
Lucija	SI	45.5053	13.6024	6057
Sežana	SI	45.7092	13.8733	6037
Idrija	SI	46.0029	14.0279	5955
Radovljica	SI	46.3435	14.1755	5940
Hrastnik	SI	46.1465	15.0846	5621
Črnomelj	SI	45.5726	15.1919	5496
Medvode	SI	46.1422	14.4111	5380
Bled	SI	46.3686	14.1165	5181
Rogaška Slatina	SI	46.2373	15.6391	5111
Žalec	SI	46.2515	15.1648	4943
Šentjur	SI	46.2172	15.3975	4940
Slovenske Konjice	SI	46.3374	15.4233	4869
Sevnica	SI	46.0079	15.3165	4660
Prevalje	SI	46.547	14.9202	4643
Ilirska Bistrica	SI	45.5676	14.2457	4553
Ruše	SI	46.5401	15.5179	4503
Piran	SI	45.5278	13.5706	4192
Cerknica	SI	45.797	14.3626	4018
Trzin	SI	46.1364	14.5617	3925
Miklavž na Dravskem Polju	SI	46.5061	15.697	3854
Šempeter pri Gorici	SI	45.9293	13.6412	3694
Tržič	SI	46.3636	14.3105	3670
Preddvor	SI	46.3026	14.4222	3659
Ribnica	SI	45.7386	14.7275	3604
Žiri	SI	46.044	14.1074	3588
Tolmin	SI	46.183	13.7332	3534
Trebnje	SI	45.9042	15.0224	3477
Ljutomer	SI	46.5177	16.1982	3460
Laško	SI	46.1546	15.2355	3456
Dravograd	SI	46.5885	15.0187	3289
Lenart v Slovenskih Goricah	SI	46.5768	15.8317	3285
Ankaran	SI	45.579	13.7362	3278
Mežica	SI	46.5203	14.8531	3254
Brezovica pri Ljubljani	SI	46.0233	14.415	3221
Metlika	SI	45.6498	15.3133	3206
Gornja Radgona	SI	46.6726	15.9922	3159
Šenčur	SI	46.2471	14.4203	3152
Lendava	SI	46.5649	16.4509	3129
Železniki	SI	46.2248	14.1721	3075
Zreče	SI	46.3822	15.3792	2935
Šoštanj	SI	46.38	15.0486	2880
Radlje ob Dravi	SI	46.6153	15.2247	2811
Rače	SI	46.4522	15.6809	2693
Spodnje Hoče	SI	46.4996	15.6489	2555
Črna na Koroškem	SI	46.4704	14.8501	2409
Beltinci	SI	46.6054	16.2412	2394
Polzela	SI	46.2836	15.0651	2351
Muta	SI	46.6116	15.1662	2300
Vojnik	SI	46.2933	15.3036	2292
Ig	SI	45.9589	14.5281	2262
Štore	SI	46.2208	15.3139	2257
Škofljica	SI	45.9841	14.5748	2209
Ivančna Gorica	SI	45.937	14.8053	2205
Radenci	SI	46.642	16.0378	2201
Ormož	SI	46.4121	16.1522	2174
Radeče	SI	46.0655	15.1821	2168
Borovnica	SI	45.9175	14.3644	2162
Pivka	SI	45.6829	14.1959	2088
Mozirje	SI	46.3383	14.9649	2052
Semič	SI	45.6465	15.1814	2000
Straža	SI	45.7811	15.0757	1996
Lovrenc na Pohorju	SI	46.5413	15.3917	1977
Mislinja	SI	46.4414	15.2003	1862
Vipava	SI	45.8459	13.9623	1771
Bohinjska Bistrica	SI	46.2722	13.9535	1767
Šmarje pri Jelšah	SI	46.2272	15.5192	1755
Naklo	SI	46.2735	14.3173	1716
Cerklje na Gorenjskem	SI	46.2501	14.4862	1710
Prebold	SI	46.2366	15.0926	1709
Spodnji Duplek	SI	46.5036	15.7452	1689
Odranci	SI	46.5864	16.2797	1641
Bovec	SI	46.3381	13.5525	1631
Cerkno	SI	46.1253	13.9827	1596
Vodice	SI	46.1899	14.4949	1589
Vuzenica	SI	46.5966	15.1635	1580
Rogatec	SI	46.2277	15.6986	1558
Turnišče	SI	46.6257	16.3139	1509
Miren	SI	45.8954	13.6082	1460
Dragomer	SI	46.0161	14.3843	1446
Šmartno pri Litiji	SI	46.044	14.8448	1444
Kranjska Gora	SI	46.4569	13.7782	1439
Šentjernej	SI	45.8421	15.3341	1434
Mirna	SI	45.9517	15.0619	1398
Divača	SI	45.6848	13.9705	1357
Oplotnica	SI	46.3873	15.4458	1352
Selnica ob Dravi	SI	46.5518	15.4929	1348
Horjul	SI	46.0227	14.2974	1329
Kanal	SI	46.0874	13.6349	1269
Dornava	SI	46.4357	15.9529	1267
Kidričevo	SI	46.4031	15.7987	1253
Gorenja Vas	SI	46.1074	14.1477	1192
Črenšovci	SI	46.5579	16.3041	1178
Poljčane	SI	46.3143	15.5781	1153
Kobarid	SI	46.2476	13.5791	1121
Ljubno ob Savinji	SI	46.3436	14.8338	1104
Žužemberk	SI	45.8338	14.928	1053
Gornji Grad	SI	46.2954	14.8079	1048
Mirna Peč	SI	45.8594	15.0831	990
Središče ob Dravi	SI	46.3942	16.2681	984
Dobrovnik	SI	46.6514	16.3525	972
Moravče	SI	46.1369	14.745	957
Benedikt	SI	46.6065	15.891	955
Dobrova	SI	46.0458	14.3919	921
Pesnica	SI	46.6069	15.6767	913
Veržej	SI	46.5833	16.164	903
Dolenjske Toplice	SI	45.7566	15.0592	882
Komenda	SI	46.2048	14.5384	881
Nazarje	SI	46.319	14.9501	872
Velika Polana	SI	46.5722	16.3472	870
Vitanje	SI	46.3834	15.2972	859
Zgornja Hajdina	SI	46.4061	15.8384	858
Sodražica	SI	45.7613	14.6357	832
Vransko	SI	46.2444	14.951	808
Starše	SI	46.4658	15.7672	803
Hrpelje	SI	45.6072	13.9428	792
Gorišnica	SI	46.4147	16.0135	788
Sv. Trojica v Slov. Goricah	SI	46.5767	15.8769	754
Moravske Toplice	SI	46.6831	16.2208	735
Velike Lašče	SI	45.8337	14.6364	729
Kostanjevica na Krki	SI	45.8456	15.4204	695
Grad	SI	46.7976	16.0984	686
Komen	SI	45.8156	13.7483	650
Šmartno ob Paki	SI	46.3333	15.0333	642
Kostel	SI	45.5084	14.9092	637
Mokronog	SI	45.939	15.1394	637
Kozje	SI	46.0733	15.5599	634
Puconci	SI	46.7047	16.1573	633
Majšperk	SI	46.3503	15.7341	606
Videm	SI	45.8498	14.6943	590
Podčetrtek	SI	46.1568	15.5969	578
Zgornje Jezersko	SI	46.3941	14.5066	568
Dobrna	SI	46.3371	15.2262	548
Apače	SI	46.6978	15.9093	543
Kobilje	SI	46.6852	16.3937	542
Leskova Dolina	SI	45.6214	14.4606	539
Zgornja Kungota	SI	46.6387	15.6149	535
Rečica ob Savinji	SI	46.3167	14.9167	516
Zgornje Gorje	SI	46.3796	14.0694	500
Markovci	SI	46.3956	15.9283	495
Križevci pri Ljutomeru	SI	46.5683	16.1386	490
Bukovica	SI	45.9008	13.6672	475
Videm pri Ptuju	SI	46.3687	15.9063	471
Breznica	SI	46.3939	14.1541	470
Cankova	SI	46.7203	16.0224	446
Cirkulane	SI	46.3441	15.9947	434
Šalovci	SI	46.8241	16.2978	426
Gornji Petrovci	SI	46.8036	16.219	419
Lukovica pri Domžalah	SI	46.1699	14.6918	419
Luče	SI	46.355	14.7476	413
Tišina	SI	46.6542	16.0936	412
Tabor	SI	46.2346	15.0167	406
Ribnica na Pohorju	SI	46.535	15.2728	404
Žetale	SI	46.2736	15.8266	392
Jurovski Dol	SI	46.6067	15.7846	385
Braslovče	SI	46.288	15.0398	383
Juršinci	SI	46.4859	15.9682	381
Podlehnik	SI	46.3354	15.8791	378
Kuzma	SI	46.8351	16.0807	375
Hrib-Loški Potok	SI	45.7069	14.6167	373
Trnovska Vas	SI	46.5202	15.8866	367
Podvelka	SI	46.5884	15.3279	343
Dobrovo	SI	45.9974	13.5271	334
Vitomarci	SI	46.5275	15.9394	329
Šentrupert na Dolenjskem	SI	45.978	15.093	329
Šmarjeta	SI	45.8833	15.25	326
Nova Vas	SI	45.7727	14.5065	293
Sveti Tomaž	SI	46.4835	16.0791	284
Rogašovci	SI	46.7978	16.0361	254
Razkrižje	SI	46.5218	16.2788	252
Škocjan	SI	45.9069	15.2913	246
Dol pri Ljubljani	SI	46.0886	14.6007	241
Bistrica ob Sotli	SI	46.0575	15.6633	235
Hodoš	SI	46.8218	16.3259	228
Makole	SI	46.3164	15.6663	221
Solčava	SI	46.4196	14.6937	214
Sveti Jurij	SI	46.5695	16.0235	209
Destrnik	SI	46.4925	15.8789	172
Sv. Ana v Slov. Goricah	SI	46.6492	15.8442	155
Cerkvenjak	SI	46.568	15.9437	135
Dobje pri Planini	SI	46.1375	15.3941	114
Osilnica	SI	45.5291	14.6984	87
Zavrč	SI	46.3905	16.05	73
Olonkinbyen	SJ	70.9221	-8.7187	14
Bratislava	SK	48.1482	17.1067	423737
Košice	SK	48.7144	21.258	225044
Petržalka	SK	48.1233	17.1287	112380
Nitra	SK	48.3076	18.0845	86329
Prešov	SK	48.9992	21.2355	82927
Žilina	SK	49.2231	18.7394	81219
Banská Bystrica	SK	48.7395	19.1493	74590
Trnava	SK	48.3777	17.586	62806
Trenčín	SK	48.8945	18.0444	58278
Martin	SK	49.0665	18.924	51139
Poprad	SK	49.0614	20.298	49091
Prievidza	SK	48.7745	18.6275	43645
Zvolen	SK	48.5744	19.1532	39844
Považská Bystrica	SK	49.1215	18.4217	37483
Nové Zámky	SK	47.9854	18.162	36781
Michalovce	SK	48.7543	21.9195	35874
Karlova Ves	SK	48.1534	17.0552	35644
Dúbravka	SK	48.1887	17.0352	35518
Spišská Nová Ves	SK	48.9446	20.5615	34855
Komárno	SK	48.1167	18.3167	32287
Komárno	SK	47.7636	18.1226	32287
Levice	SK	48.2156	18.6071	30556
Humenné	SK	48.9371	21.9163	30450
Bardejov	SK	49.2918	21.2727	30267
Liptovský Mikuláš	SK	49.0806	19.6222	30162
Piešťany	SK	48.5948	17.8259	26862
Ružomberok	SK	49.0748	19.3075	26671
Lučenec	SK	48.3325	19.6671	25191
Pezinok	SK	48.2899	17.2666	24443
Topoľčany	SK	48.5636	18.1671	24086
Podunajské Biskupice	SK	48.1325	17.2096	23464
Trebišov	SK	48.6286	21.7195	22851
Dunajská Streda	SK	47.9927	17.6121	22730
Čadca	SK	49.435	18.7889	22655
Snina	SK	48.9886	22.151	22221
Dubnica nad Váhom	SK	48.9598	18.1663	21914
Rimavská Sobota	SK	48.3828	20.0224	21434
Partizánske	SK	48.6286	18.3846	20739
Vrakuňa	SK	48.1383	17.2087	20711
Vranov nad Topľou	SK	48.8884	21.6848	20595
Šaľa	SK	48.1513	17.8806	20239
Senec	SK	48.2195	17.4004	20115
Hlohovec	SK	48.4317	17.8031	19883
Brezno	SK	48.8043	19.6363	19866
Senica	SK	48.6792	17.367	19355
Nové Mesto nad Váhom	SK	48.7576	17.8309	19325
Malacky	SK	48.436	17.0219	18804
Dolný Kubín	SK	49.2098	19.3034	17660
Devínska Nová Ves	SK	48.2071	16.9786	17153
Rožňava	SK	48.6601	20.5376	17122
Púchov	SK	49.1249	18.326	16995
Žiar nad Hronom	SK	48.5918	18.8496	16955
Bánovce nad Bebravou	SK	48.7213	18.2575	16486
Handlová	SK	48.7276	18.7601	15694
Stará Ľubovňa	SK	49.2986	20.6862	15667
Skalica	SK	48.8449	17.2264	15466
Galanta	SK	48.19	17.7275	15277
Kežmarok	SK	49.1357	20.4335	15271
Sereď	SK	48.2912	17.7333	15228
Kysucké Nové Mesto	SK	49.3	18.7833	14350
Levoča	SK	49.0217	20.5921	13979
Detva	SK	48.5608	19.4195	13666
Šamorín	SK	48.0301	17.3097	13566
Stupava	SK	48.2747	17.0317	12744
Sabinov	SK	49.1031	21.0988	12290
Zlaté Moravce	SK	48.3855	18.4006	11803
Bytča	SK	49.224	18.5588	11491
Revúca	SK	48.6835	20.1173	11033
Holíč	SK	48.8111	17.1624	11024
Myjava	SK	48.7588	17.5687	10626
Veľký Krtíš	SK	48.2106	19.3504	10552
Kolárovo	SK	47.9229	17.9847	10470
Nová Dubnica	SK	48.9348	18.1463	10425
Bernolákovo	SK	48.2007	17.3019	10296
Moldava nad Bodvou	SK	48.6143	20.9996	10266
Svidník	SK	49.3082	21.5703	9839
Stropkov	SK	49.2021	21.6522	9835
Fiľakovo	SK	48.2676	19.8247	9726
Banská Štiavnica	SK	48.4486	18.91	9426
Štúrovo	SK	47.795	18.7175	9361
Šurany	SK	48.0861	18.1845	9326
Modra	SK	48.334	17.3071	9237
Smižany	SK	48.9545	20.5234	9023
Tvrdošín	SK	49.337	19.556	8786
Krompachy	SK	48.9145	20.8751	8615
Sečovce	SK	48.7007	21.661	8531
Veľké Kapušany	SK	48.552	22.0804	8527
Stará Turá	SK	48.7772	17.6943	8432
Vráble	SK	48.2437	18.3085	8432
Veľký Meder	SK	47.858	17.7688	8301
Chorvátsky Grob	SK	48.2279	17.2909	8047
Dunajská Lužná	SK	48.0835	17.2607	7955
Chorvátsky Grob - Čierna Voda	SK	48.2249	17.2324	7885
Lamač	SK	48.193	17.0508	7878
Svit	SK	49.0601	20.2069	7700
Krupina	SK	48.3554	19.0647	7520
Námestovo	SK	49.4079	19.4803	7502
Hurbanovo	SK	47.8698	18.1923	7472
Vrútky	SK	49.1133	18.9171	7424
Kráľovský Chlmec	SK	48.4234	21.9794	7391
Jarovnice	SK	49.058	21.0581	7247
Ivanka pri Dunaji	SK	48.1868	17.2554	7175
Hriňová	SK	48.5779	19.5257	7045
Turzovka	SK	49.4043	18.6226	7043
Liptovský Hrádok	SK	49.0396	19.7233	7038
Trstená	SK	49.361	19.6125	7019
Miloslavov	SK	48.1058	17.3	7005
Šahy	SK	48.0741	18.9495	6992
Veľký Šariš	SK	49.0411	21.1993	6976
Nová Baňa	SK	48.4231	18.6404	6881
Tornaľa	SK	48.4192	20.3257	6766
Spišská Belá	SK	49.1872	20.4595	6663
Hnúšťa	SK	48.5726	19.9539	6616
Želiezovce	SK	48.0508	18.6542	6588
Krásno nad Kysucou	SK	49.3957	18.8343	6563
Rovinka	SK	48.0978	17.2363	6528
Lipany	SK	49.1538	20.9638	6450
Slovenský Grob	SK	48.2576	17.2743	6290
Nemšová	SK	48.967	18.1189	6266
Turčianske Teplice	SK	48.8623	18.8605	6213
Čaňa	SK	48.6099	21.3262	6109
Beluša	SK	49.0649	18.3269	6022
Svätý Jur	SK	48.2522	17.2154	5983
Sobrance	SK	48.7445	22.1814	5848
Gelnica	SK	48.8558	20.9371	5829
Rajec	SK	49.089	18.6401	5818
Medzilaborce	SK	49.2719	21.9007	5776
Oščadnica	SK	49.4357	18.8819	5745
Zákamenné	SK	49.3886	19.2929	5738
Žarnovica	SK	48.4812	18.7157	5699
Lendak	SK	49.2344	20.3565	5689
Vrbové	SK	48.6197	17.7226	5637
Raková	SK	49.4448	18.7379	5626
Veľká Lomnica	SK	49.1125	20.3601	5612
Sládkovičovo	SK	48.2014	17.6385	5415
Ilava	SK	48.9977	18.2353	5411
Šenkvice	SK	48.2982	17.3496	5325
Gabčíkovo	SK	47.8921	17.5788	5265
Skalité	SK	49.4966	18.8971	5231
Poltár	SK	48.4309	19.7941	5178
Rabča	SK	49.486	19.4762	5160
Dobšiná	SK	48.8207	20.3699	5143
Veľké Úľany	SK	48.1665	17.5752	5094
Tvrdošovce	SK	48.0945	18.0669	5075
Nesvady	SK	47.9282	18.1268	5037
Bojnice	SK	48.7851	18.5864	5024
Dvory nad Žitavou	SK	47.9895	18.2672	5015
Serravalle	SM	43.969	12.4817	9258
Dogana	SM	43.9803	12.4905	7000
Valdragone	SM	43.9402	12.4562	6983
Borgo Maggiore	SM	43.9419	12.4474	6424
San Marino	SM	43.9367	12.4464	4500
Domagnano	SM	43.9496	12.4683	3161
Fiorentino	SM	43.91	12.4574	2510
Acquaviva	SM	43.9459	12.4185	1530
Faetano	SM	43.9283	12.498	1177
Poggio di Chiesanuova	SM	43.9045	12.4214	951
Monte Giardino	SM	43.9088	12.482	910
Aleppo	SY	36.2012	37.1612	2098210
Homs	SY	34.724	36.7256	775404
Latakia	SY	35.5312	35.7909	709000
Ar Raqqah	SY	35.9528	39.0079	531952
Ḩamāh	SY	35.1318	36.7578	460602
Ţarţūs	SY	34.889	35.8866	458327
Al Ḩasakah	SY	36.5024	40.7477	422445
Deir ez-Zor	SY	35.3359	40.1408	271800
Al Qāmishlī	SY	37.0521	41.2314	184231
Al Bāb	SY	36.3705	37.5157	130745
Idlib	SY	35.9306	36.6339	128840
Manbij	SY	36.5281	37.9549	99497
As Salamīyah	SY	35.0113	37.0532	94887
Al-Tabqa	SY	35.8376	38.5483	87880
I‘zāz	SY	36.5866	37.0463	66138
Jablah	SY	35.3621	35.9276	65915
As Safīrah	SY	36.077	37.3725	63708
Ālbū Kamāl	SY	34.4523	40.9185	57572
Al Mayādīn	SY	35.0198	40.4515	54534
Ar Rastan	SY	34.9267	36.7324	53152
Kabbasin	SY	36.4327	37.5686	51230
Tadmur	SY	34.5624	38.284	51015
‘Ayn al ‘Arab	SY	36.8909	38.3535	50000
An Nabk	SY	34.024	36.7285	49372
Khān Shaykhūn	SY	35.4421	36.651	48975
‘Afrīn	SY	36.5119	36.8695	48693
Kafranbel	SY	35.6138	36.5645	45652
Al Quşayr	SY	34.5078	36.5803	41062
Jisr ash Shughūr	SY	35.8142	36.3198	39311
Bāniyās	SY	35.1819	35.9487	39066
Tallbīsah	SY	34.8407	36.7309	38491
Tādif	SY	36.3481	37.5309	34670
Saraqib	SY	35.8645	36.8059	34231
Maşyāf	SY	35.0653	36.3406	32262
Ma‘arratmişrīn	SY	36.0115	36.6718	32163
Al Qaryatayn	SY	34.2296	37.2407	31748
Salqīn	SY	36.1386	36.4524	31608
Şūrān	SY	35.2919	36.7485	30716
Binnish	SY	35.9566	36.7138	30354
Burj Islām	SY	35.674	35.8026	30000
Tallkalakh	SY	34.6684	36.26	29754
Ţayyibat al Imām	SY	35.2659	36.7122	29259
Hajīn	SY	34.6951	40.8314	29237
Dayr Ḩāfir	SY	36.1569	37.7078	28905
Şāfītā	SY	34.821	36.1177	27815
‘Āmūdā	SY	37.1042	40.93	26821
Al Mālikīyah	SY	37.177	42.1401	26311
Tall Rif‘at	SY	36.4723	37.0947	25658
Batabo	SY	36.1345	36.7398	25560
Nubl	SY	36.3787	36.9929	25546
Subaykhān	SY	34.8531	40.5999	25514
Jarābulus	SY	36.8175	38.0111	24997
Ḩalfāyā	SY	35.2601	36.6058	23403
Kafr Takhārīm	SY	36.1168	36.5152	22436
Ad Dānā	SY	36.2125	36.77	21987
Kafr Zaytā	SY	35.3743	36.6033	21845
Kafr Lāhā	SY	34.8947	36.4958	21819
Ad Darbāsīyah	SY	37.0728	40.652	21481
Qārah	SY	34.1556	36.7428	20656
Maharda	SY	35.2479	36.5725	17578
Mūrak	SY	35.3762	36.6897	14307
Jindayris	SY	36.395	36.6889	13661
Kafr Buhum	SY	35.0596	36.699	12194
Qabbāsīn	SY	36.3077	38.156	12000
Ad Duraykīsh	SY	34.8951	36.143	11918
Al Ghanţū	SY	34.822	36.6961	9412
Mukharram al Fawqānī	SY	34.8152	37.0868	9112
As Sūsah	SY	34.5337	40.9582	8797
Shaţḩah	SY	35.5051	36.2438	8076
Tremseh	SY	35.2718	36.504	6927
Afis	SY	35.9069	36.8042	6338
Tunis	TN	36.819	10.1658	693210
Sfax	TN	34.7406	10.7603	280566
Sousse	TN	35.8254	10.637	221715
Sukrah	TN	36.8774	10.2468	159862
Kairouan	TN	35.6781	10.0963	139070
Bizerte	TN	37.2744	9.8739	138430
Sīdī Ḥusayn	TN	36.7558	10.1183	130255
Sakiet ed Daier	TN	34.7944	10.8062	125204
El Mourouj	TN	36.7136	10.2096	120732
Aryanah	TN	36.8601	10.1934	114486
Hammamet	TN	36.4	10.6167	106326
Sakiet ez Zit	TN	34.8019	10.7636	100000
Gafsa	TN	34.425	8.7842	95242
Rawad	TN	36.8948	10.186	94961
Monastir	TN	35.778	10.8262	93306
La Marsa	TN	36.8782	10.3247	92987
Msaken	TN	35.7292	10.5808	89745
Ben Arous	TN	36.7545	10.2217	88322
Le Kram	TN	36.8358	10.3164	88302
Kasserine	TN	35.1676	8.8365	84365
Ettadhamen	TN	36.8325	10.1099	84312
Douar Hicher	TN	36.8266	10.0897	82532
Feriana	TN	34.9453	8.5679	75000
Radès	TN	36.7695	10.2747	72209
Le Bardo	TN	36.8106	10.1348	71961
Nabeul	TN	36.4561	10.7376	70437
La Mohammedia	TN	36.6745	10.1563	66593
Oued Lill	TN	36.8341	10.0406	66100
Korba	TN	36.5786	10.8586	65542
Skanes	TN	35.7749	10.7946	64222
Kelaa Kebira	TN	35.8728	10.5372	63264
Kélibia	TN	36.8476	11.0939	62993
Moknine	TN	35.6333	10.9	62802
Béja	TN	36.7256	9.1817	61568
Douane	TN	36.4477	10.7557	60192
Menzel Bourguiba	TN	37.1537	9.7859	58800
Mnihla	TN	36.8477	10.1108	58641
Ksar Hellal	TN	35.6477	10.8905	55415
Djemmal	TN	35.6223	10.757	55285
El Kef	TN	36.1742	8.7049	53596
Mahdia	TN	35.5047	11.0622	51803
Jendouba	TN	36.5011	8.7802	51408
Sidi Bouzid	TN	35.0382	9.4849	47595
La Goulette	TN	36.8192	10.3065	45711
Fouchana	TN	36.7005	10.1685	45107
Soliman	TN	36.6964	10.4917	45053
Jedeïda	TN	36.8311	9.9242	45000
Kalaa Srira	TN	35.8224	10.5574	44220
Hammam-Lif	TN	36.7287	10.3416	44207
El Ain	TN	34.8	10.7833	43333
Hammam Sousse	TN	35.8609	10.6031	42691
Dar Chabanne	TN	36.468	10.7517	42140
Teboulba	TN	35.6402	10.9673	41731
Gremda	TN	34.7908	10.7206	40862
Metlaoui	TN	34.3208	8.4016	39021
Menzel Temime	TN	36.7822	10.9875	38908
Ksour Essaf	TN	35.4181	10.9947	37683
Ez Zahra	TN	36.7461	10.3083	34962
La Sebala du Mornag	TN	36.6793	10.2919	33421
Sidi Abid	TN	34.7	10.695	33419
Mateur	TN	37.0404	9.6656	32492
Manouba	TN	36.8101	10.0956	32005
Borj Cedria	TN	36.697	10.3865	31858
Rass el Djebel	TN	37.2157	10.1253	31574
Siliana	TN	36.085	9.3708	31251
Dahmani	TN	35.9439	8.8278	30720
Tebourba	TN	36.8293	9.8393	29948
Grombalia	TN	36.5989	10.5003	27236
Akouda	TN	35.8691	10.5653	27200
Ar Rudayyif	TN	34.3827	8.1555	26976
Dar el Haj Taïeb	TN	34.7844	10.7439	26304
Mégrine	TN	36.7692	10.2364	25863
El Fahs	TN	36.3742	9.9065	25100
Carthage	TN	36.8611	10.3316	24216
Takelsa	TN	36.7833	10.6333	24109
Medjez el Bab	TN	36.6496	9.6123	24100
Sbeitla	TN	35.2315	9.1232	23764
Ouerdanine	TN	35.6901	10.676	23707
La Mornaghia	TN	36.759	10.017	23100
Menzel Jemil	TN	37.2362	9.9145	22231
Chebba	TN	35.2372	11.115	22227
Beni Khiar	TN	36.4692	10.7822	21624
El Jem	TN	35.3	10.7167	21544
Sahline	TN	35.7517	10.7111	21533
Moularès	TN	34.4888	8.2687	21431
Tinja	TN	37.1596	9.7606	21167
Tabursuq	TN	36.4569	9.2475	21022
Zaouiet Sousse	TN	35.7855	10.6273	20992
Zaghouan	TN	36.4029	10.1429	20798
Bekalta	TN	35.6174	10.9947	20506
Tabarka	TN	36.9544	8.758	19770
Ghardimaou	TN	36.4479	8.4413	19574
Tajerouine	TN	35.8917	8.5528	19362
Menzel Abderhaman	TN	37.2374	9.8631	19078
Maatmeur	TN	35.7517	10.6908	18996
Douar Tindja	TN	37.1667	9.75	18551
Mennzel Bou Zelfa	TN	36.6831	10.5843	18551
El Alia	TN	37.1691	10.0348	18410
Ouardenine	TN	35.7092	10.674	18287
Thala	TN	35.5724	8.6703	18230
Galaat el Andeless	TN	37.0629	10.1183	18225
Ezzouhour	TN	35.7901	10.5826	17348
Zeramedine	TN	35.5752	10.7346	16806
Bembla et Mnara	TN	35.6991	10.7952	16078
Mahires	TN	34.5275	10.5008	15878
Kellabine	TN	34.7088	11.2147	15501
Beni Khalled	TN	36.6504	10.59	15439
El Maknassi	TN	34.6043	9.6082	14773
Bou Salem	TN	36.6073	8.9698	14571
Ksibet el Mediouni	TN	35.6856	10.8426	14490
Bennane Bodheur	TN	35.6753	10.8358	14258
El Guetar	TN	34.3363	8.9496	14088
Messadine	TN	35.7644	10.5969	13766
Seïada	TN	35.6689	10.8925	13711
Maktar	TN	35.858	9.2007	13576
Testour	TN	36.5513	9.4431	13397
Bou Arada	TN	36.3525	9.6218	13170
Menzel Hayet	TN	35.5421	10.5744	12952
Khunays	TN	35.7167	10.8167	12892
M’dhilla	TN	34.251	8.747	12814
Banbalah	TN	35.7	10.8	12367
Bou Arkoub	TN	36.5385	10.5509	12312
As Sars	TN	36.0764	9.0212	12137
Skhira	TN	34.2992	10.07	11944
Zriba-Village	TN	36.3426	10.2491	11849
Menzel Ennour	TN	35.6687	10.7808	11772
Agareb	TN	34.7406	10.5253	11513
Er Regueb	TN	34.8593	9.7865	11420
Rejiche	TN	35.4667	11.0385	11410
Sidi Tabet	TN	36.9099	10.0422	11351
Ksiba	TN	35.7697	10.6281	11312
Enfidha	TN	36.1353	10.3808	11138
Hajeb el Aïoun	TN	35.3956	9.5438	10631
Rhar el Melah	TN	37.1694	10.1906	10530
Sidi Bou Ali	TN	35.9567	10.4731	10282
Gafour	TN	36.3205	9.3242	10272
Bou Ficha	TN	36.3003	10.4548	9931
Al Matlīn	TN	37.2452	10.05	9904
Rafrāf	TN	37.1904	10.1837	9850
Jerissa	TN	35.8451	8.6303	9807
Aïne Draham	TN	36.7787	8.6874	9659
As Sanad	TN	34.4628	9.264	9533
El Haouaria	TN	37.05	11.0144	9508
Tazarka	TN	36.5537	10.8387	9388
Ben Aoun	TN	34.8526	9.1439	9297
Hammam el Rhezez	TN	36.8748	11.1084	9087
Ousseltia	TN	35.8478	9.5894	9006
Beni Hassane	TN	35.5672	10.8087	8801
Haffouz	TN	35.6324	9.6762	8472
Khledia	TN	36.6461	10.1934	8470
Sidi Ameur	TN	35.75	10.7	8453
Menzel Kamel	TN	35.6248	10.6673	8432
Maagoula	TN	36.709	9.2119	8392
Bir M’cherga	TN	36.5181	9.9579	8329
Kalaat es Senam	TN	35.7682	8.3423	8145
Amiret Hajjaj	TN	35.5013	10.8203	8121
El Maamoura	TN	36.465	10.8061	8039
Sbikha	TN	35.9333	10.0208	8036
Zaouiat Djedidi	TN	36.6437	10.5743	7886
Le Krib	TN	36.328	9.1361	7841
Sidi Amor Bou Hajela	TN	35.3974	10.0477	7828
Dar Ouled Khalifa	TN	35.35	8.6167	7703
Sidi Alouane	TN	35.3751	10.939	7610
Hencha	TN	35.1223	10.7422	7575
Djebibina	TN	36.1167	10.1	7567
Kerker	TN	35.4816	10.6422	7478
Harqalah	TN	36.0303	10.509	7423
El Bahira	TN	35.3333	11.0	7412
Mezzouna	TN	34.5776	9.8419	7390
Djebel Abiod	TN	36.9762	9.0785	7302
Touza	TN	35.6354	10.8273	7236
Djebeniana	TN	35.035	10.9081	7190
Menzel Bouzaiane	TN	34.5732	9.4257	7113
Es Somaa	TN	36.5436	10.7806	7019
Melloulèche	TN	35.1662	11.035	6948
Thelepte	TN	34.9778	8.5926	6932
Zaouiet Kountech	TN	35.6333	10.7667	6713
Borj el Amri	TN	36.7131	9.8825	6519
Sbiba	TN	35.5433	9.0737	6504
Bir el Hafey	TN	34.9321	9.1932	6498
Borj Mejen Bel Abbès	TN	34.7501	8.5198	6471
El-Hamma-Djerid	TN	34.0115	8.1531	6467
El Battan	TN	36.8037	9.8442	6458
Sakiet Sidi Youssef	TN	36.2229	8.3555	6442
Amiret Touazra	TN	35.4864	10.7628	6261
Bou Hadjar	TN	35.6833	10.8667	6137
Port el Kantaoui	TN	35.8924	10.5943	6000
Jilma	TN	35.2731	9.4238	5887
Lemta	TN	35.6667	10.8833	5790
Sejenane	TN	37.0572	9.2381	5718
Chorbane	TN	35.2858	10.3858	5710
El Ksour	TN	35.8961	8.8849	5576
Menzel Heurr	TN	36.7282	10.9576	5473
Souassi	TN	35.3432	10.5474	5381
Zaouiet Medien	TN	36.7677	9.0889	5356
Cheylus	TN	36.5572	10.06	5325
Amiret El Fhoul	TN	35.4445	10.8277	5255
Aousja	TN	37.1413	10.1017	5126
Chehimet Nord	TN	35.434	10.3945	5120
Dar Ali Ben Hassene	TN	35.5	10.7	5068
Zaouiet Azmour	TN	36.9244	11.0078	5057
Nasrallah	TN	35.3561	9.8307	5012
Istanbul	TR	41.0138	28.9497	15701602
Ankara	TR	39.9199	32.8543	3517182
Bursa	TR	40.1956	29.0601	3101833
İzmir	TR	38.4127	27.1384	2938292
Gaziantep	TR	37.0594	37.3825	2222415
Diyarbakır	TR	37.9136	40.2172	1833684
Adana	TR	36.9862	35.3253	1816750
Kayseri	TR	38.7322	35.4853	1452458
Konya	TR	37.8713	32.4846	1433861
Antalya	TR	36.9081	30.6956	1335002
Esenyurt	TR	41.027	28.6773	983571
Eskişehir	TR	39.7767	30.5206	921630
Çankaya	TR	39.9179	32.8627	792189
Küçükçekmece	TR	40.991	28.7712	792030
Erzurum	TR	39.9086	41.2769	767848
Malatya	TR	38.3502	38.3167	750491
Bağcılar	TR	41.039	28.8567	740069
Bahçelievler	TR	41.0023	28.8598	576799
Ümraniye	TR	41.0164	29.1248	573265
Mersin	TR	36.812	34.6389	537842
Nilüfer	TR	40.214	28.9157	536365
Van	TR	38.4946	43.3832	525016
Üsküdar	TR	41.0227	29.0137	524452
Esenler	TR	41.0435	28.8762	520235
Sancaktepe	TR	41.0024	29.2319	489848
Karabağlar	TR	38.382	27.132	479338
Bornova	TR	38.4792	27.2399	452479
Batman	TR	37.8874	41.1322	452157
Muratpaşa	TR	36.8916	30.765	450000
Şanlıurfa	TR	37.1671	38.7939	449549
Elazığ	TR	38.6743	39.2232	443363
Sultangazi	TR	41.1065	28.8685	436935
Maltepe	TR	40.9357	29.1551	427040
Beylikdüzü	TR	40.982	28.6399	415290
Antakya	TR	36.2066	36.1572	399045
Samsun	TR	41.2798	36.3361	394050
Kahramanmaraş	TR	37.5847	36.9264	384953
Uşak	TR	38.6735	29.4058	369433
Alanya	TR	36.5438	31.9998	364180
Ataşehir	TR	40.9833	29.1167	361615
Sultanbeyli	TR	40.9607	29.2707	358201
Fatih	TR	41.0225	28.9408	356025
Tarsus	TR	36.9177	34.8928	350732
Karşıyaka	TR	38.4577	27.1142	339624
Konak	TR	38.4	27.1	332277
Aksaray	TR	38.3725	34.0254	327575
Şişli	TR	41.0605	28.9872	314684
Denizli	TR	37.7742	29.0875	313238
Adıyaman	TR	37.7644	38.2763	290883
Adapazarı	TR	40.7806	30.4033	286787
Gebze	TR	40.8028	29.4307	281436
Zeytinburnu	TR	40.9944	28.9042	280896
Merkezefendi	TR	37.8054	29.0424	280341
Çorum	TR	40.5489	34.9533	269595
Sivas	TR	39.7483	37.0161	264022
Afyonkarahisar	TR	38.7567	30.5433	251799
İskenderun	TR	36.5872	36.1735	251682
Trabzon	TR	41.005	39.7269	244083
Manisa	TR	38.612	27.4265	243971
Balıkesir	TR	39.6492	27.8861	238151
Ordu	TR	40.9778	37.8905	229214
Çiğli	TR	38.4965	27.0703	214065
Osmaniye	TR	37.0742	36.2478	202837
Çorlu	TR	41.1607	27.8009	202578
Arnavutköy	TR	41.1835	28.7402	198165
İzmit	TR	40.765	29.9293	196571
Düzce	TR	40.8389	31.1639	194097
Başakşehir	TR	41.106	28.791	193750
Kırıkkale	TR	39.8453	33.5064	186960
Kütahya	TR	39.4242	29.9833	185008
Bolu	TR	40.7358	31.6061	184682
Edirne	TR	41.6772	26.556	180002
Karaman	TR	37.1811	33.215	175390
Siverek	TR	37.755	39.3167	175341
Isparta	TR	37.7644	30.5522	172334
Gölbaşı	TR	39.7904	32.809	165201
Büyükçekmece	TR	41.0207	28.585	163140
Aydın	TR	37.845	27.8396	163022
Ereğli	TR	37.5133	34.0467	156253
Viranşehir	TR	37.2235	39.7552	154163
Erzincan	TR	39.7392	39.4901	150714
Kırşehir	TR	39.1458	34.1639	150700
Kızıltepe	TR	37.1884	40.5772	150174
Çanakkale	TR	40.1555	26.4127	143622
Cizre	TR	37.3302	42.1848	134041
İnegol	TR	40.0781	29.5133	133959
Silifke	TR	36.3778	33.9344	132665
Mardin	TR	37.3131	40.7436	129864
Tokat	TR	40.3139	36.5544	129702
Bingöl	TR	38.8847	40.4939	128935
Giresun	TR	40.917	38.3874	125682
Kastamonu	TR	41.3781	33.7753	125622
Derince	TR	40.7569	29.8147	125485
Karabük	TR	41.2049	32.6277	125403
Ağrı	TR	39.7147	43.0401	124483
Samandağ	TR	36.0801	35.976	123447
Tekirdağ	TR	40.9781	27.511	122287
Rize	TR	41.0208	40.5219	119828
Nazilli	TR	37.9163	28.3223	119370
Salihli	TR	38.4826	28.1477	119311
Amasya	TR	40.6533	35.8331	114921
Silopi	TR	37.2438	42.4635	114645
Siirt	TR	37.9293	41.9413	114034
Kilis	TR	36.7161	37.115	111648
Turhal	TR	40.3875	36.0811	110884
Arsuz	TR	36.413	35.8903	109550
Bandırma	TR	40.3522	27.9767	107631
Turgutlu	TR	38.4953	27.6997	103292
Zonguldak	TR	41.4514	31.7931	101749
Iğdır	TR	39.9237	44.045	101700
Mustafakemalpaşa	TR	40.0382	28.4087	101412
Suruç	TR	36.9761	38.4253	101178
Manavgat	TR	36.7867	31.4409	99254
Soma	TR	39.1855	27.6094	98714
Kâhta	TR	37.7855	38.6237	97875
Ceyhan	TR	37.0247	35.8175	96303
Burdur	TR	37.7203	30.2908	95436
Polatlı	TR	39.5772	32.1413	93262
Bafra	TR	41.5679	35.9031	92944
Muğla	TR	37.2181	28.3665	92328
Erciş	TR	39.0259	43.3596	91915
Kars	TR	40.5983	43.0855	91450
Niğde	TR	37.9658	34.6793	91039
Lüleburgaz	TR	41.4017	27.3575	90899
Körfez	TR	40.767	29.7828	90580
Çankırı	TR	40.5999	33.6153	90564
Nusaybin	TR	37.0703	41.2146	88977
Ereğli	TR	41.2826	31.4181	88848
Kozan	TR	37.4552	35.8157	88115
Yozgat	TR	39.82	34.8044	87881
Patnos	TR	39.2249	42.8569	87451
Akhisar	TR	38.9185	27.8401	84659
Akçapınar	TR	38.9473	38.9423	84366
Çerkezköy	TR	41.2863	27.9994	84234
Muş	TR	38.7316	41.4848	82536
Nizip	TR	37.0097	37.7942	82308
Fatsa	TR	41.0289	37.4998	82160
Bartın	TR	41.6358	32.3375	81692
Elbistan	TR	38.2059	37.1983	80456
Hakkâri	TR	37.5744	43.7408	77699
Ünye	TR	41.1405	37.2885	77585
Midyat	TR	37.4191	41.3391	76268
Nevşehir	TR	38.625	34.7122	75527
Bismil	TR	37.8451	40.6593	74493
Bilecik	TR	40.1419	29.9793	74457
Belek	TR	36.8631	31.0654	73260
Tatvan	TR	38.4922	42.2827	73222
Yüksekova	TR	37.5736	44.2872	71729
Yalova	TR	40.655	29.2769	71289
Gemlik	TR	40.4309	29.1597	71063
Kadirli	TR	37.3739	36.0961	70248
Doğubayazıt	TR	39.5469	44.0842	70171
Ayvalık	TR	39.3193	26.6934	70002
Söke	TR	37.7482	27.4061	68230
Ardeşen	TR	41.1906	40.9793	67965
Şırnak	TR	37.5139	42.4543	67662
Ödemiş	TR	38.2278	27.9696	67153
Silvan	TR	38.1371	41.0082	65956
Ahlat	TR	38.7489	42.4801	64695
Akşehir	TR	38.3575	31.4164	64446
Kuşadası	TR	37.8601	27.2571	63177
Urla	TR	38.3229	26.764	62989
Sorgun	TR	39.8101	35.186	62862
Çubuk	TR	40.2386	33.0322	62602
Biga	TR	40.2281	27.2422	61066
Kırıkhan	TR	36.4994	36.3576	60916
Fethiye	TR	36.6404	29.1276	60437
Kırklareli	TR	41.7351	27.2252	58223
Bergama	TR	39.1207	27.1805	57200
Anamur	TR	36.0751	32.8369	57128
Reyhanlı	TR	36.2679	36.5675	56995
Dörtyol	TR	36.8392	36.2302	56513
Gölcük	TR	40.715	29.8182	56189
Bolvadin	TR	38.7111	31.0486	55870
Zile	TR	40.3031	35.8864	55680
Bozüyük	TR	39.9078	30.0367	55365
Menemen	TR	38.6075	27.0694	53489
Silivri	TR	41.0739	28.2464	53167
Bitlis	TR	38.4012	42.1078	53023
Adilcevaz	TR	38.7991	42.7316	52781
Ergani	TR	38.269	39.7545	52684
Erbaa	TR	40.6689	36.5675	52185
Tavşanlı	TR	39.5424	29.4987	52182
Orhangazi	TR	40.4892	29.3089	51792
Seydişehir	TR	37.4193	31.8453	51089
Merzifon	TR	40.8733	35.4631	50658
Kavaklı	TR	41.0926	28.3317	50502
Çarşamba	TR	41.1989	36.7219	50459
Torbalı	TR	38.182	27.335	50303
Niksar	TR	40.5917	36.9517	49865
Keskin	TR	39.6731	33.6136	49679
Karapınar	TR	37.716	33.5506	49509
Mut	TR	36.6439	33.4389	49397
Alaşehir	TR	38.3508	28.5172	48147
Bayburt	TR	40.2563	40.2229	48036
Suluova	TR	40.8313	35.6479	47572
Şebin Karahisar	TR	40.2883	38.4236	47360
Tire	TR	38.0888	27.7351	47220
Kulu	TR	39.0951	33.0799	47037
Erdemli	TR	36.605	34.3084	46570
Çumra	TR	37.5732	32.7745	45657
Kireçocağı	TR	37.05	35.2333	45476
Akçaabat	TR	41.0212	39.5715	45105
Aliağa	TR	38.7998	26.972	44883
Keşan	TR	40.8552	26.6327	44644
Beyşehir	TR	37.6773	31.7246	44460
Birecik	TR	37.0258	37.9784	44284
Karacabey	TR	40.2132	28.3612	44256
Şereflikoçhisar	TR	38.9393	33.5386	44101
Bulancak	TR	40.938	38.2315	43635
Milas	TR	37.3164	27.7839	43193
Sandıklı	TR	38.4647	30.2695	42981
Besni	TR	37.6928	37.8611	41892
Edremit	TR	39.5961	27.0244	40777
Gönen	TR	40.1049	27.654	40763
Çatalca	TR	41.1407	28.4597	39678
Afşin	TR	38.2477	36.914	39613
Cimin	TR	39.7095	39.7002	39591
Karasu Mahallesi	TR	41.071	30.7854	39508
Bodrum	TR	37.0383	27.4292	39317
Gümüşhane	TR	40.46	39.4718	39214
Yalvaç	TR	38.2956	31.1778	39145
Beypazarı	TR	40.1675	31.9211	38769
Burhaniye	TR	39.5004	26.9727	38083
Vakfıkebir	TR	41.0458	39.2764	37728
Sungurlu	TR	40.1675	34.3739	37526
Beşikdüzü	TR	41.052	39.2329	36987
Serik	TR	36.9175	31.1046	36925
Talas	TR	38.6908	35.5538	36890
Uzunköprü	TR	41.2691	26.686	36470
Osmancık	TR	40.9782	34.8047	36443
Kestel	TR	40.1983	29.2124	36185
Görükle	TR	40.2311	28.8402	35882
Develi	TR	38.3906	35.4922	35868
Hınıs	TR	39.3577	41.6925	35472
Dinar	TR	38.065	30.1656	35359
Yerköy	TR	39.6381	34.4672	35294
Hendek	TR	40.7994	30.7481	35257
Safranbolu	TR	41.2508	32.6942	35242
Tunceli	TR	39.0992	39.5435	35161
Akçakoca	TR	41.0894	31.1236	35151
Simav	TR	39.0882	28.9777	34909
Sinop	TR	42.0268	35.1625	34834
Göksun	TR	38.021	36.4973	34243
Çay	TR	38.5917	31.0286	34215
Marmaris	TR	36.855	28.2742	33731
Çeşme	TR	38.3261	26.3057	33259
Şarkîkaraağaç	TR	38.0794	31.3664	32771
Bor	TR	37.8906	34.5589	32435
Kumru	TR	40.8744	37.2639	32174
Akçakale	TR	36.7111	38.9475	32114
Kurtalan	TR	37.9253	41.6849	32114
Yeşilli	TR	37.3381	40.8174	32072
Of	TR	40.9406	40.2592	31951
İmamoğlu	TR	37.2651	35.6572	31916
Ceylanpınar	TR	36.8472	40.05	31488
Bulanık	TR	39.0866	42.2716	31430
Ortaköy	TR	38.7373	34.0387	31144
Kula	TR	38.5473	28.6498	31100
Mimarsinan	TR	41.0149	28.5608	31002
Karasu	TR	41.1044	30.6966	30746
Karamürsel	TR	40.6913	29.6165	30525
Kemalpaşa	TR	38.4262	27.4173	30411
Görele	TR	41.0308	39.0031	30381
Beykonak	TR	36.3257	30.303	30339
Araklı	TR	40.9385	40.0584	29917
Karakoçan	TR	38.9518	40.0271	29735
Kozluk	TR	38.1912	41.4778	29502
Gürpınar	TR	40.992	28.603	29411
Bucak	TR	37.4592	30.595	29234
Selçuk	TR	37.9514	27.3685	29101
Oba	TR	36.5501	32.0596	28864
Yakuplu	TR	40.9889	28.6758	28811
Yenişehir	TR	40.2644	29.6531	28656
Kaman	TR	39.3575	33.7239	28605
Foça	TR	38.6703	26.7566	28594
Gerede	TR	40.8008	32.1969	28582
Bozyazı	TR	36.1082	32.9611	28456
Terme	TR	41.2092	36.9739	28397
Gölbaşı	TR	37.7836	37.6367	28078
Boyabat	TR	41.4689	34.7667	27717
Malkara	TR	40.891	26.902	27427
Ilgın	TR	38.2792	31.9139	27423
Hıdırbey	TR	36.208	36.1279	27057
Alaca	TR	40.1683	34.8425	27019
Babaeski	TR	41.4281	27.0966	26724
Akyurt	TR	40.1351	33.0861	26572
Kulp	TR	38.4975	41.0067	26569
Erzin	TR	36.9535	36.1984	26316
Çan	TR	40.0333	27.0524	26201
Altınşehir	TR	37.7412	38.229	26153
Malazgirt	TR	39.1465	42.5354	26108
Didim	TR	37.385	27.2564	26000
Artvin	TR	41.1816	41.8217	25841
Güroymak	TR	38.5758	42.0156	25826
Suşehri	TR	40.16	38.0841	25820
Elmadağ	TR	39.9208	33.2308	25394
Sapanca	TR	40.6914	30.2674	25224
Gelibolu	TR	40.4084	26.6717	25178
Kağızman	TR	40.1567	43.1342	25157
Vezirköprü	TR	41.1436	35.4547	25155
Akyazı	TR	40.685	30.6222	25068
Yahyalı	TR	38.1023	35.357	25019
Susurluk	TR	39.9136	28.1578	24816
Devrek	TR	41.2192	31.9558	24559
Çayeli	TR	41.0861	40.7221	24556
Pasinler	TR	39.9798	41.67	24553
Gürsu	TR	40.2188	29.1949	24510
Mahmutlar	TR	36.4946	32.0909	24227
Tosya	TR	41.0155	34.0401	24013
Kazan	TR	40.2317	32.6839	23889
Kelkit	TR	40.1268	39.4342	23870
Pazarcık	TR	37.4868	37.2996	23850
Emet	TR	39.343	29.2585	23812
Şarkışla	TR	39.3519	36.4098	23800
Ferizli	TR	40.9408	30.4858	23740
Sarıkamış	TR	40.3277	42.587	23665
Oltu	TR	40.5395	41.9872	23504
Mudanya	TR	40.3752	28.8838	23161
Yakınca	TR	38.3053	38.2383	23063
Akdağmadeni	TR	39.6603	35.8836	23048
Kovancılar	TR	38.7188	39.8627	22976
İdil	TR	37.3348	41.8894	22960
Ardahan	TR	41.1087	42.7022	22927
Erdek	TR	40.3996	27.7935	22678
Zekeriya	TR	41.1981	29.0303	22558
Genç	TR	38.7477	40.5534	22493
İznik	TR	40.4286	29.7211	22230
Gediz	TR	38.9939	29.3913	22058
Menderes	TR	38.2496	27.1343	21965
Kırkağaç	TR	39.1064	27.6693	21789
Çaycuma	TR	41.4264	32.0756	21773
Tepecik	TR	41.0293	28.5498	21699
Bozova	TR	37.3625	38.5267	21502
Havza	TR	40.9706	35.6622	21500
Cikcilli	TR	36.554	32.0296	21449
Demirci	TR	39.0461	28.6589	21378
Çine	TR	37.6127	28.0591	21327
Hacılar	TR	38.6463	35.4494	21167
Çermik	TR	38.1354	39.445	20975
Alaplı	TR	41.1814	31.3851	20890
Dargeçit	TR	37.5462	41.7165	20793
Çubuklu	TR	41.1042	29.0833	20698
Karaçoban	TR	39.3436	42.0992	20467
Korkuteli	TR	37.065	30.1957	20465
Darende	TR	38.5458	37.5058	20388
Kaynaşlı	TR	40.7692	31.3221	20379
Geyve	TR	40.5075	30.2925	20199
Belen	TR	36.4887	36.1949	20113
Hadim	TR	36.9878	32.4567	20110
Emirdağ	TR	39.0197	31.15	20063
Sürmene	TR	40.9059	40.1279	20039
İskilip	TR	40.7353	34.4739	19829
Hayrabolu	TR	41.2131	27.1069	19793
Şile	TR	41.1789	29.6108	19778
Yomra	TR	40.9533	39.8555	19770
Ortaca	TR	36.8391	28.7646	19741
Seferihisar	TR	38.1975	26.8388	19596
Dalaman	TR	36.7659	28.8028	19292
Taşova	TR	40.7597	36.3225	19253
Nallıhan	TR	40.1859	31.3518	19106
Yatağan	TR	37.3402	28.1428	19020
Şemdinli	TR	37.3051	44.5742	18978
Sarayköy	TR	37.9245	28.9252	18937
Gürgentepe	TR	40.7899	37.6007	18771
Varto	TR	39.1737	41.454	18691
İncirliova	TR	37.8522	27.7236	18572
Narlıca	TR	36.2353	36.2146	18445
Gazipaşa	TR	36.2694	32.3179	18371
Diyadin	TR	39.5406	43.6713	18172
Kızılcahamam	TR	40.4697	32.6506	17975
Konaklı	TR	36.5925	31.8954	17966
Çerkeş	TR	40.8116	32.8936	17802
Yumurtalık	TR	36.7686	35.7894	17654
Dursunbey	TR	39.586	28.6257	17532
Hopa	TR	41.3905	41.4197	17519
Denizciler	TR	36.6411	36.2142	17495
Taşköprü	TR	41.5098	34.2141	17491
Kemer	TR	36.5978	30.5606	17300
Tekkeköy	TR	41.2117	36.46	17226
Serinhisar	TR	37.581	29.2664	17169
Tirebolu	TR	41.0069	38.8139	17124
Banaz	TR	38.7371	29.7519	17080
Horasan	TR	40.0388	42.1637	17067
Hilvan	TR	37.5869	38.955	16990
Ermenek	TR	36.6404	32.8918	16986
Gemerek	TR	39.1834	36.0719	16916
Eğirdir	TR	37.8746	30.8504	16891
Bayındır	TR	38.2174	27.6474	16850
Serinyol	TR	36.3614	36.2136	16753
Korgan	TR	40.8247	37.3467	16733
Ürgüp	TR	38.6296	34.912	16642
Elmalı	TR	36.7358	29.9178	16587
Mucur	TR	39.0615	34.3829	16522
Turgutreis	TR	37.0167	27.2667	16490
Lice	TR	38.4582	40.6389	16336
Kandıra	TR	41.07	30.1526	16264
Arhavi	TR	41.3512	41.3046	16217
Arsin	TR	40.9527	39.9267	16148
Sarigerme	TR	36.7155	28.7044	16000
Baskil	TR	38.5687	38.8163	15922
Senirkent	TR	38.1044	30.5486	15919
Osmaneli	TR	40.3572	30.0142	15708
Ezine	TR	39.7856	26.3408	15677
Çat	TR	39.6064	40.9684	15556
Çağlayancerit	TR	37.7452	37.2862	15530
Aşkale	TR	39.9208	40.695	15462
Kestel	TR	36.5086	32.0828	15445
Solhan	TR	38.9652	41.0544	15303
Hizan	TR	38.225	42.4183	15302
Kadınhanı	TR	38.2397	32.2114	15301
Bigadiç	TR	39.3925	28.1311	15242
Yeşilova	TR	38.1557	36.2576	15242
Akhisar	TR	40.1183	29.4662	15198
Taşucu	TR	36.3214	33.8817	15184
Kocaali	TR	41.0534	30.8528	15076
Espiye	TR	40.947	38.703	15058
Pamukova	TR	40.5081	30.1673	14885
Demirci	TR	39.8	29.0167	14824
Buldan	TR	38.045	28.8306	14811
Doğanşehir	TR	38.0857	37.8712	14794
Akçadağ	TR	38.339	37.9702	14788
Gümüşhacıköy	TR	40.8731	35.2147	14734
Çayıralan	TR	39.3028	35.6439	14734
Şiran	TR	40.1906	39.1175	14692
Tonya	TR	40.884	39.2849	14544
Başkale	TR	38.0453	44.0172	14516
Demre	TR	36.2444	29.985	14420
Çaykara	TR	40.7427	40.2317	14398
Yeşilhisar	TR	38.3523	35.0887	14354
Gönen	TR	37.9564	30.5114	14137
Dikili	TR	39.071	26.8902	14125
Yunak	TR	38.8142	31.7322	14050
Çivril	TR	38.3014	29.7386	14002
Hekimhan	TR	38.8162	37.9288	13946
Şefaatlı	TR	39.5043	34.7563	13922
Şuhut	TR	38.5311	30.5458	13842
Altınoluk	TR	39.5794	26.7372	13800
Cihanbeyli	TR	38.6607	32.9244	13782
Yeşilyurt	TR	38.296	38.2453	13766
Harran	TR	36.86	39.0314	13640
Özdere	TR	38.0161	27.1281	13500
Yıldızlı	TR	41.0012	39.6073	13443
Hanımçiftliği	TR	38.3785	38.3348	13322
Divriği	TR	39.371	38.1137	13139
Mazıdağı	TR	37.478	40.4815	13138
Eynesil	TR	41.0644	39.1427	13133
Bahçe	TR	37.1972	36.5766	13117
Altınekin	TR	38.3078	32.8686	13090
Maçka	TR	40.8107	39.6046	13078
Dicle	TR	38.3657	40.0645	13017
Ilgaz	TR	40.9251	33.6259	12963
Çelikhan	TR	38.0256	38.2366	12961
Saruhanlı	TR	38.7345	27.5681	12947
Kalecik	TR	40.0972	33.4083	12932
Altpınar	TR	39.2042	32.7478	12925
Ilıca	TR	39.9465	41.0952	12922
İspir	TR	40.4798	40.9937	12906
Gölmarmara	TR	38.7139	27.9142	12857
Avanos	TR	38.715	34.8467	12833
Avsallar	TR	36.6245	31.7694	12829
Nurdağı	TR	37.1682	36.7362	12827
Bünyan	TR	38.8463	35.8603	12821
Zara	TR	39.8978	37.7583	12797
Sarıgöl	TR	38.2395	28.6966	12794
Gölhisar	TR	37.1459	29.5088	12721
Gürün	TR	38.7223	37.271	12715
Atabey	TR	37.9508	30.6386	12658
Uluborlu	TR	38.0782	30.4502	12514
Çamlıdere	TR	40.4896	32.475	12484
Özerli	TR	36.8188	36.2255	12456
Derinkuyu	TR	38.3751	34.7342	12408
Gülnar	TR	36.3415	33.3992	12385
Pınarbaşı	TR	38.7229	36.3931	12333
Acarlar	TR	37.8244	27.7467	12297
Delice	TR	39.9537	34.0259	12286
Varsak	TR	36.9901	30.7165	12258
Tercan	TR	39.7771	40.3778	12235
Cide	TR	41.8921	33.0044	12095
Sarıhamzalı	TR	36.9775	35.2253	11977
Kurşunlu	TR	40.841	33.2603	11956
Umurlu	TR	37.85	27.9627	11953
Kumburgaz	TR	41.03	28.4539	11949
Göle	TR	40.7875	42.606	11943
Haymana	TR	39.4321	32.4973	11896
Kangal	TR	39.2335	37.3911	11888
Gevaş	TR	38.2921	43.1019	11879
Taşkent	TR	36.9243	32.4913	11838
Boyalık	TR	41.2634	28.6314	11835
İscehisar	TR	38.8619	30.7503	11809
Perşembe	TR	41.0656	37.7714	11808
Ayancık	TR	41.9447	34.5861	11779
Tomarza	TR	38.4472	35.7992	11753
Kiraz	TR	38.2306	28.2044	11718
Tosmur	TR	36.532	32.0529	11712
İmrahor	TR	41.2169	28.744	11706
Durağan	TR	41.4158	35.0544	11626
Akseki	TR	37.0486	31.79	11616
Tavas	TR	37.5735	29.0706	11584
Oğuzeli	TR	36.9657	37.5134	11527
Hüyük	TR	37.9539	31.5964	11502
Yenifakılı	TR	39.2114	35.0004	11470
Sason	TR	38.3277	41.4138	11403
Ahmetli	TR	38.5196	27.9386	11377
Baykan	TR	38.1575	41.7733	11346
Palu	TR	38.6913	39.9198	11271
Gerze	TR	41.8036	35.2011	11260
Yalıkavak	TR	37.1053	27.2972	11227
Germencik	TR	37.8706	27.6028	11217
Pınarhisar	TR	41.6271	27.5148	11180
Saraykent	TR	39.6936	35.5111	11175
Gördes	TR	38.9328	28.2894	11168
Araban	TR	37.4267	37.689	11128
Keçiborlu	TR	37.9425	30.3022	11083
Hani	TR	38.4074	40.3858	11055
Havran	TR	39.5583	27.0983	11050
Vize	TR	41.5763	27.7673	11027
Eşme	TR	38.3998	28.969	11000
Pınarbaşı	TR	36.7034	34.3627	10964
Bozkır	TR	37.1896	32.2474	10958
Marmara Ereğlisi	TR	40.9691	27.955	10956
Acıpayam	TR	37.4239	29.3494	10924
Diliskelesi	TR	40.7757	29.5268	10910
Sındırgı	TR	39.2413	28.1784	10907
Kınık	TR	39.0872	27.3833	10753
İkizce	TR	41.0583	37.0803	10743
Cumayeri	TR	40.8739	30.9509	10695
Çekerek	TR	40.0731	35.4947	10585
Selimpaşa	TR	41.0553	28.3678	10563
Sivrihisar	TR	39.4504	31.5341	10535
Çamaş	TR	40.902	37.5279	10535
Pozantı	TR	37.4278	34.8717	10517
Side	TR	36.7667	31.3889	10505
Aksu	TR	40.0896	38.0347	10500
Karacaören	TR	37.4779	37.6823	10428
Savaştepe	TR	39.3832	27.6561	10324
Şalpazarı	TR	40.9383	39.1901	10254
Akbez	TR	36.8555	36.5179	10228
Akkuş	TR	40.7931	37.0164	10206
Sarayönü	TR	38.262	32.4046	10198
Çifteler	TR	39.3831	31.0392	10166
Datça	TR	36.7378	27.6842	10121
Narman	TR	40.3445	41.8609	10104
Lapseki	TR	40.3442	26.6856	10076
Keşap	TR	40.9103	38.5013	10047
Arapgir	TR	39.0412	38.4952	10022
Pamukkale	TR	37.9164	29.1173	10000
Piraziz	TR	40.9224	38.1246	9959
Borçka	TR	41.3579	41.6658	9942
İnebolu	TR	41.9789	33.7601	9935
Tuzluca	TR	40.0387	43.6521	9876
Uskumruköy	TR	41.2203	29.0233	9864
Doğanhisar	TR	38.1463	31.6765	9857
Eleşkirt	TR	39.798	42.6757	9788
Gülşehir	TR	38.7459	34.6252	9740
Hassa	TR	36.7994	36.5178	9719
Mihalgazi	TR	40.0262	30.5771	9677
Köşk	TR	37.8533	28.0517	9676
Kadriye	TR	36.8865	31.0061	9658
İçmeler	TR	36.7986	28.2264	9604
Ladik	TR	40.9106	35.8919	9542
Beşiri	TR	37.9157	41.2865	9513
Davutlar	TR	37.7339	27.2928	9484
Tortum	TR	40.2889	41.541	9429
Çeltik	TR	39.0244	31.7906	9429
Samsat	TR	37.5819	38.4742	9308
Kabala	TR	37.3505	40.8029	9275
Finike	TR	36.295	30.1406	9250
Karataş	TR	36.582	35.3701	9221
Köseköy	TR	40.7401	30.0056	9200
İhsaniye	TR	40.6909	29.8347	9186
Çıplaklı	TR	36.5627	32.0523	9139
Kalkandere	TR	40.9205	40.4369	9115
Karayılan	TR	36.7107	36.2049	9074
Kabataş	TR	40.75	37.45	9066
Gökçebey	TR	41.3058	32.1423	9044
Kavak	TR	41.0783	36.0425	9042
Şenköy	TR	37.4644	41.1906	8975
Orhaneli	TR	39.9033	28.9906	8959
İbradı	TR	37.0969	31.5992	8883
Çukurca	TR	37.2481	43.6136	8843
Ayazlı	TR	41.027	37.4789	8830
Uludere	TR	37.4407	42.8524	8827
Kullar	TR	40.7242	29.9894	8820
Karlıova	TR	39.2904	41.0059	8801
Ağva	TR	41.1381	29.8567	8750
Selendi	TR	38.7444	28.8678	8735
Köse	TR	40.2069	39.6463	8705
Sarıyahşi	TR	38.9835	33.8414	8704
Andırın	TR	37.5776	36.3549	8660
Savur	TR	37.5354	40.8788	8658
Bahçecik	TR	40.6681	29.9148	8648
Ulubey	TR	40.8686	37.754	8626
Nurhak	TR	37.9637	37.4405	8595
Koçarlı	TR	37.7611	27.7058	8594
Gercüş	TR	37.5625	41.3775	8590
Kızılcaşar	TR	39.8226	32.7329	8581
Toprakkale	TR	37.0686	36.1466	8577
Ayaş	TR	40.0193	32.3322	8570
Çavuşlu	TR	37.5002	41.2511	8555
Kuluncak	TR	38.8766	37.6628	8495
Dereli	TR	40.7389	38.4434	8473
Karakeçili	TR	39.5942	33.3778	8468
Emirgazi	TR	37.9022	33.8372	8466
Başmakçı	TR	37.8972	30.0117	8415
Aydıncık	TR	36.1437	33.3202	8385
Hayrat	TR	40.8853	40.365	8384
Bozdoğan	TR	37.6713	28.3139	8378
Sarıçam	TR	37.1517	35.5077	8362
Turunçova	TR	36.3689	30.1375	8356
Beytüşşebap	TR	37.5632	43.1658	8354
Yayladağı	TR	35.9025	36.0627	8308
Gözyeri	TR	40.866	32.5417	8305
Türkeli	TR	41.9476	34.3386	8287
Bolluca	TR	41.2036	28.7664	8274
Tekman	TR	39.6411	41.5054	8270
Özalp	TR	38.6546	43.9887	8249
Atakent	TR	36.4007	34.0579	8195
Yavuzeli	TR	37.3177	37.5682	8170
Çayırhan	TR	40.0981	31.6732	8156
Şavşat	TR	41.2534	42.3553	8151
Hozat	TR	39.1003	39.2082	8105
Düzköy	TR	40.8746	39.4154	8090
Korkut	TR	38.7339	41.784	8078
İpsala	TR	40.9211	26.3827	8060
Söğütlü	TR	40.9059	30.4745	8051
Güzelçamlı	TR	37.7133	27.2278	7981
Honaz	TR	37.7573	29.27	7974
Aydıntepe	TR	40.3832	40.1427	7961
Derbent	TR	38.0142	32.0164	7919
Velimeşe	TR	41.2536	27.8783	7893
Eruh	TR	37.7418	42.1742	7868
Göynük	TR	36.66	30.55	7868
Gökçeada	TR	40.2011	25.909	7822
Konuklu	TR	37.1263	38.8486	7813
Kaş	TR	36.2018	29.6377	7800
Kindirip	TR	37.4471	41.2198	7798
Celâliye	TR	41.0515	28.4196	7788
Buharkent	TR	37.964	28.7427	7723
Şabanözü	TR	40.4825	33.2835	7717
Aktoprak	TR	37.1862	37.2858	7695
Korgun	TR	40.7348	33.5184	7659
Akgedik	TR	38.6399	27.2794	7654
Çınarcık	TR	40.6454	29.1245	7629
Atça	TR	37.8886	28.2153	7602
Tut	TR	37.7953	37.9161	7560
Şenoba	TR	37.4629	42.7228	7556
Acırlı	TR	37.4562	41.2951	7553
Sultandağı	TR	38.5311	31.2281	7550
Havsa	TR	41.549	26.8221	7510
Sarıveliler	TR	36.6976	32.6167	7507
Ortaköy	TR	37.223	40.784	7486
Edremit	TR	38.4207	43.2589	7464
Savulca	TR	37.738	27.3989	7414
Başçiftlik	TR	40.5469	37.1692	7410
Gölpazarı	TR	40.2847	30.3172	7406
Uğurludağ	TR	40.4463	34.4526	7399
Sivaslı	TR	38.4994	29.6836	7378
Karayazı	TR	39.696	42.1428	7340
Yuvacık	TR	40.6882	29.9674	7338
Adalar	TR	40.8678	29.1331	7335
Dilek	TR	38.4422	38.2508	7321
Arpaçbahşiş	TR	36.6455	34.3508	7285
Gelendost	TR	38.1208	31.0153	7274
Kale	TR	37.4392	28.8453	7255
Işıklar	TR	38.671	30.741	7250
Türkler	TR	36.602	31.8207	7240
Başverimli	TR	37.2033	42.5376	7214
Ömerli	TR	37.399	40.9544	7194
İmranlı	TR	39.8754	38.1136	7192
Çolaklı	TR	36.8374	31.3184	7190
Mavikent	TR	36.3167	30.35	7036
Kuyucak	TR	37.9133	28.4592	7017
Kurttepe	TR	37.0547	35.2757	6978
Dernekpazarı	TR	40.7966	40.2446	6880
Ayvacık	TR	39.6011	26.4047	6879
Atayurt	TR	36.3836	34.0223	6876
Hacıbektaş	TR	38.9408	34.5577	6873
Yeşilyurt	TR	40.3279	36.3514	6860
Yeniçağa	TR	40.7711	32.0337	6852
Yusufeli	TR	40.8204	41.5374	6847
Pertek	TR	38.8657	39.3227	6837
Narlı	TR	37.3915	37.1361	6781
Pınarkent	TR	37.7973	29.222	6778
Yeşilova	TR	37.5081	29.7547	6777
Aydıncık	TR	40.1273	35.2876	6760
Baklan	TR	37.9769	29.6086	6756
Acıgöl	TR	38.5503	34.5092	6749
Pazaryeri	TR	39.9939	29.9042	6730
Demirtaş	TR	40.2719	29.0983	6702
Karaisalı	TR	37.2567	35.0589	6690
Salat	TR	37.8417	40.8865	6677
Devrekani	TR	41.603	33.8392	6640
Sulakyurt	TR	40.1573	33.716	6592
Mesudiye	TR	40.4545	37.7735	6581
Alifakı	TR	36.8831	34.995	6551
Yenipazar	TR	37.8233	28.1957	6513
Kocaköy	TR	38.2889	40.4979	6485
Gelinkaya	TR	37.4173	41.2695	6470
Dazkırı	TR	37.9186	29.8606	6450
Yıldızeli	TR	39.8664	36.5989	6420
Ovacık	TR	39.3526	39.2089	6407
Sutaşı	TR	36.0821	36.0063	6402
Eldivan	TR	40.5297	33.499	6397
Yapraklı	TR	40.7578	33.7782	6394
Pazarlar	TR	38.995	29.1258	6387
Kocakaymaz	TR	40.9532	30.1022	6377
Göreme	TR	38.6428	34.8289	6350
Doğanyol	TR	38.3075	39.0343	6332
Hasanbeyli	TR	37.1284	36.5461	6315
Almus	TR	40.3758	36.9044	6303
Ekinözü	TR	38.0597	37.1879	6298
Hazro	TR	38.249	40.7713	6291
Kemalpaşa	TR	41.4834	41.5275	6276
Mudurnu	TR	40.473	31.2076	6267
Sultanhisar	TR	37.8899	28.1544	6259
Artova	TR	40.1158	36.3001	6231
Karacasu	TR	37.7282	28.6057	6201
Yalıntaş	TR	40.0184	28.3985	6193
Kaynarca	TR	41.0308	30.3075	6183
Marmaracık	TR	41.2067	27.7544	6182
Amasra	TR	41.7463	32.3863	6177
İvrindi	TR	39.5839	27.4864	6119
Yalıhüyük	TR	37.3008	32.0855	6116
Orta	TR	40.6242	33.1093	6072
Çamyuva	TR	36.5536	30.5596	6067
Bozkurt	TR	41.9577	34.0109	6050
Tuzlukçu	TR	38.4778	31.6264	6008
Karakise	TR	36.85	36.2167	5994
Kemerağzı	TR	37.1065	30.3986	5991
Poyracık	TR	39.0872	27.351	5990
Kargıcak	TR	36.4782	32.1093	5989
Alpu	TR	39.769	30.9606	5981
Güneysu	TR	40.9813	40.6046	5976
Pervari	TR	37.9357	42.5493	5974
Düğrek	TR	37.2062	28.4097	5973
Sinanpaşa	TR	38.7444	30.2428	5940
Güdül	TR	40.2105	32.2455	5929
Çeşmeli	TR	36.686	34.4219	5925
Uzungeçit	TR	37.4943	42.993	5916
Pazaryolu	TR	40.4114	40.7678	5878
Keban	TR	38.7938	38.7352	5837
Ağaçören	TR	38.8748	33.9167	5822
Aralık	TR	39.8728	44.5192	5809
Gündoğmuş	TR	36.8111	32.0	5792
Çeştepe	TR	37.8252	27.8517	5787
İhsaniye	TR	39.0292	30.4164	5767
Hasyurt	TR	36.3242	30.2229	5751
Çiftlikköy	TR	40.6603	29.3236	5750
Kocahasanlı	TR	36.5842	34.2736	5738
Ayvacık	TR	40.9911	36.6314	5731
Bağarası	TR	37.7071	27.5487	5728
Kadışehri	TR	39.9957	35.7919	5722
Felahiye	TR	39.0906	35.5672	5716
Başyayla	TR	36.7534	32.6802	5713
Altınyayla	TR	39.2725	36.751	5674
Kastal	TR	36.2476	36.2409	5637
Bayat	TR	40.6458	34.2614	5613
Kayabağlar	TR	37.986	41.6676	5601
Göynük	TR	40.4003	30.7883	5600
Bostanbükü	TR	41.2149	32.6879	5596
Araç	TR	41.2422	33.3277	5590
Refahiye	TR	39.8931	38.7661	5579
İncek	TR	39.807	32.6982	5578
Uzundere	TR	40.5322	41.5383	5555
İnönü	TR	37.3167	33.7667	5552
Gürbüz	TR	38.3791	40.3625	5550
Kepsut	TR	39.6889	28.1522	5542
Sincik	TR	38.0365	38.6126	5531
Ulus	TR	41.5842	32.6414	5519
Altınkum	TR	37.3576	27.2879	5516
Mutki	TR	38.4062	41.9202	5510
Şirvan	TR	38.0625	42.0252	5510
Mecitözü	TR	40.52	35.2953	5506
Koyulhisar	TR	40.3018	37.8234	5495
Sivrice	TR	38.4422	39.3094	5481
Taşlıçay	TR	39.6297	43.3688	5477
Nikfer	TR	37.4054	29.1373	5474
Çanta	TR	41.079	28.0832	5470
Akarsu	TR	37.2262	41.0514	5440
Mordoğan	TR	38.5162	26.6249	5433
Payallar	TR	36.6016	31.8506	5425
Saimbeyli	TR	37.9863	36.0906	5423
Yolbaşı	TR	37.3874	41.3166	5400
Sarıoğlan	TR	39.0769	35.9667	5393
Manyas	TR	40.0464	27.97	5327
Ardanuç	TR	41.1195	42.0688	5318
Köprübaşı	TR	40.8069	40.1144	5317
Tefenni	TR	37.3097	29.7754	5317
Ula	TR	37.1049	28.4167	5275
İyidere	TR	41.0119	40.3618	5273
Şambayadı	TR	37.0421	35.1994	5251
Kayapınar	TR	37.5576	41.1623	5226
Daday	TR	41.4787	33.4667	5199
Yenişarbademli	TR	37.7078	31.3864	5198
Karslı	TR	37.059	35.299	5172
Arıcak	TR	38.5634	40.1248	5168
Kale	TR	39.0333	38.0	5167
Tufanbeyli	TR	38.2633	36.2206	5158
Yazıhan	TR	38.5929	38.1733	5156
Dursunlu	TR	36.1674	36.1579	5147
Beylikova	TR	39.6869	31.2056	5131
Doğankent	TR	36.8443	35.344	5130
Arpaçay	TR	40.8452	43.3275	5126
Avsuyu	TR	36.1936	36.3135	5124
Hanak	TR	41.2334	42.8404	5122
Eceabat	TR	40.1842	26.3574	5120
Pazar	TR	40.2765	36.2835	5105
Çüngüş	TR	38.208	39.2855	5103
Ulubey	TR	38.4199	29.2913	5092
Atkaracalar	TR	40.8159	33.0756	5088
Yakakent	TR	41.6325	35.5289	5086
Şaphane	TR	39.0273	29.2222	5085
Ambar	TR	37.8531	40.528	5063
Ömerli	TR	40.3125	28.0483	5057
Derebucak	TR	37.3918	31.5092	5035
Domaniç	TR	39.8019	29.6092	5015
Kumçatı	TR	37.4733	42.3163	5005
Altınsu	TR	37.3217	44.5521	5004
İliç	TR	39.4565	38.5647	5003
Kyiv	UA	50.4547	30.5238	2952301
Kharkiv	UA	49.9818	36.2548	1421125
Odesa	UA	46.4857	30.7438	1010537
Dnipro	UA	48.4666	35.0407	968502
Donetsk	UA	48.023	37.8022	901645
Lviv	UA	49.8383	24.0232	717273
Zaporizhzhya	UA	47.8517	35.1171	710052
Kryvyy Rih	UA	47.9057	33.394	603904
Sevastopol	UA	44.608	33.5213	547820
Mykolayiv	UA	46.9763	31.993	470011
Vinnytsya	UA	49.2322	28.4687	430091
Luhansk	UA	48.5681	39.3055	397677
Makiyivka	UA	48.0478	37.9258	338968
Simferopol	UA	44.9572	34.1108	336460
Chernihiv	UA	51.5054	31.2866	282747
Poltava	UA	49.5892	34.5537	279593
Khmelnytskyi	UA	49.4183	26.9794	274452
Cherkasy	UA	49.4445	32.0574	269836
Chernivtsi	UA	48.2904	25.9324	264298
Zhytomyr	UA	50.2623	28.6791	261624
Sumy	UA	50.9174	34.7991	256474
Rivne	UA	50.6204	26.237	243873
Horlivka	UA	48.2999	38.0171	239828
Ivano-Frankivsk	UA	48.9231	24.7125	238196
Mariupol	UA	47.0951	37.5413	230000
Kamyanske	UA	48.5172	34.6062	226845
Ternopil	UA	49.554	25.5907	225238
Kremenchuk	UA	49.0625	33.4048	224997
Kropyvnytskyi	UA	48.5083	32.2662	219676
Lutsk	UA	50.7578	25.3502	215986
Bila Tserkva	UA	49.7994	30.1165	207273
Kerch	UA	45.3567	36.4754	148932
Melitopol	UA	46.8473	35.382	148851
Kramatorsk	UA	48.7311	37.5678	147145
Cheremushky	UA	46.4325	30.7115	120000
Uzhhorod	UA	48.6242	22.2947	115449
Brovary	UA	50.511	30.7911	109806
Yevpatoriya	UA	45.2009	33.3665	107040
Berdyansk	UA	46.7558	36.7882	106311
Alchevsk	UA	48.4691	38.7974	106062
Nikopol	UA	47.5683	34.3913	105160
Slovyansk	UA	48.8497	37.5974	105141
Pavlohrad	UA	48.5321	35.8688	101430
Siverskodonetsk	UA	48.9441	38.4875	99067
Kamyanets-Podilskyi	UA	48.6788	26.5852	97908
Lysychansk	UA	48.9121	38.4209	93340
Mukachevo	UA	48.4425	22.718	85569
Konotop	UA	51.2325	33.2004	84787
Uman	UA	48.7501	30.2194	81525
Bakhmut	UA	48.5942	37.9989	80500
Khrustalnyi	UA	48.1424	38.9237	79533
Yalta	UA	44.5022	34.1662	77003
Yenakiyeve	UA	48.2386	38.204	76673
Oleksandriya	UA	48.6747	33.1176	76097
Drohobych	UA	49.352	23.5112	73682
Kadiyivka	UA	48.5682	38.6435	73248
Shostka	UA	51.8643	33.4728	73197
Berdychiv	UA	49.8942	28.5824	73046
Shakhtarsk	UA	48.0566	38.4383	71700
Samar	UA	48.6289	35.2589	70550
Izmayil	UA	45.3506	28.8375	69932
Feodosiya	UA	45.032	35.3815	68562
Kovel	UA	51.2155	24.7008	67575
Kostyantynivka	UA	48.5273	37.7059	67350
Nizhyn	UA	51.0477	31.8884	66983
Smila	UA	49.233	31.8843	66475
Kherson	UA	46.6369	32.6146	66000
Irpin	UA	50.522	30.2404	65167
Kalush	UA	49.024	24.3721	65088
Sheptytskyi	UA	50.394	24.2394	64297
Boryspil	UA	50.3505	30.9526	64117
Dovzhansk	UA	48.0761	39.6474	62691
Pervomaysk	UA	48.0448	30.8478	62426
Inhulets	UA	47.7301	33.2519	62173
Korosten	UA	50.9512	28.6386	61496
Stryi	UA	49.261	23.8484	61404
Kolomyia	UA	48.525	25.0371	60821
Pokrovsk	UA	48.2801	37.1771	60127
Chornomors’k	UA	46.2991	30.6553	57983
Khartsyzk	UA	48.0428	38.1403	56182
Zvyahel	UA	50.5914	27.6088	55925
Snizhne	UA	48.0233	38.7621	55587
Rubizhne	UA	49.0085	38.3797	55247
Lozova	UA	48.8907	36.3141	54026
Druzhkivka	UA	48.62	37.5254	53977
Chystyakove	UA	48.0388	38.5969	53462
Khanzhonkivskyi	UA	48.0951	38.042	53040
Enerhodar	UA	47.4905	34.662	52887
Pryluky	UA	50.5953	32.3838	52553
Antratsyt	UA	48.1164	39.0886	52150
Horishni Plavni	UA	49.0084	33.6293	49854
Novovolynsk	UA	50.7295	24.1598	49772
Sorokyne	UA	48.2933	39.7332	49352
Bilhorod-Dnistrovskyi	UA	46.1948	30.3483	47727
Okhtyrka	UA	50.3085	34.8947	47216
Myrnohrad	UA	48.3099	37.2651	46098
Izyum	UA	49.207	37.2768	45884
Rovenky	UA	48.0828	39.377	45514
Marhanets	UA	47.6309	34.6245	44980
Bryanka	UA	48.511	38.6722	44760
Lubny	UA	50.0141	32.9997	44595
Nova Kakhovka	UA	46.7597	33.3559	44427
Fastiv	UA	50.078	29.9196	44014
Svitlovodsk	UA	49.0629	33.2458	43130
Vyshneve	UA	50.3883	30.3681	42983
Bucha	UA	50.5474	30.2088	42279
Zhovti Vody	UA	48.3452	33.4974	42052
Varash	UA	51.3404	25.8555	42000
Dzhankoy	UA	45.7131	34.3927	41731
Shepetivka	UA	50.1812	27.0652	40802
Bilychi	UA	50.4654	30.3465	40200
Myrhorod	UA	49.9646	33.6086	39575
Podilsk	UA	47.7499	29.5307	39220
Pivdennoukrainsk	UA	47.8288	31.1751	38560
Romny	UA	50.7403	33.4952	38305
Volodymyr-Volynskyi	UA	50.8503	24.3212	37910
Yasynuvata	UA	48.1268	37.8592	37600
Pokrov	UA	47.6536	34.1149	37493
Dubno	UA	50.4075	25.7624	37257
Vasylkiv	UA	50.1802	30.3119	37068
Chuhuyiv	UA	49.8354	36.6865	36519
Netishyn	UA	50.3286	26.6487	36492
Sokolohirsk	UA	48.6279	38.5239	36091
Kakhovka	UA	46.816	33.4786	35983
Avdiyivka	UA	48.1402	37.7501	35826
Slavuta	UA	50.2961	26.8661	35068
Zhmerynka	UA	49.0352	28.114	34498
Boyarka	UA	50.3191	30.2973	34394
Starokostyantyniv	UA	49.7552	27.2123	34232
Sambir	UA	49.5162	23.2013	34152
Voznesensk	UA	47.5622	31.336	33442
Vyshhorod	UA	50.5831	30.4857	33109
Pivdenne	UA	46.6247	31.1018	32677
Boryslav	UA	49.29	23.4289	32473
Hlukhiv	UA	51.6798	33.9168	31789
Obukhiv	UA	50.1163	30.6333	31557
Novoyavorivs'k	UA	49.9302	23.5736	31366
Toretsk	UA	48.3948	37.8478	30914
Kostopil	UA	50.8773	26.448	30838
Yany Kapu	UA	45.9555	33.7926	30700
Mohyliv-Podilskyy	UA	48.4428	27.7997	30589
Synelnykove	UA	48.3236	35.5261	30556
Masany	UA	51.5332	31.2313	30000
Alushta	UA	44.6773	34.4097	29586
Tokmak	UA	47.2555	35.7084	29573
Sarny	UA	51.339	26.6069	28865
Zlatopil	UA	49.3765	36.2185	28510
Khust	UA	48.1719	23.2979	28424
Chortkiv	UA	49.017	25.7981	28393
Saky	UA	45.1342	33.6	28322
Novyi Rozdil	UA	49.4714	24.1335	28304
Truskavets	UA	49.2807	23.5037	28287
Dobropillya	UA	48.4667	37.0857	28170
Zolotonosha	UA	49.6693	32.0364	27818
Khmilnyk	UA	49.5581	27.9568	27707
Shakhtarske	UA	48.3479	36.3964	27573
Bakhchysaray	UA	44.7552	33.8578	27448
Khrestivka	UA	48.1497	38.3594	27370
Kupyansk	UA	49.71	37.6158	27169
Ternivka	UA	48.5266	36.0705	26961
Holubivka	UA	48.6375	38.6428	26654
Balakliya	UA	49.456	36.8443	26334
Pereiaslav	UA	50.0674	31.4497	26273
Sofiivska Borschahivka	UA	50.4093	30.3591	25882
Haysyn	UA	48.8129	29.3792	25735
Dolynska	UA	48.1172	32.7769	25362
Vynohradiv	UA	48.1413	23.0362	25317
Malyn	UA	50.7676	29.2422	25172
Perevalsk	UA	48.4392	38.8284	24817
Oleshky	UA	46.6255	32.7243	24639
Zdolbuniv	UA	50.5221	26.2482	24501
Slavutych	UA	51.5225	30.7181	24464
Armyansk	UA	46.1092	33.6921	24442
Debaltseve	UA	48.3359	38.4026	24209
Korostyshiv	UA	50.3169	29.0577	24129
Krolevets	UA	51.5518	33.3804	24115
Lebedyn	UA	50.5823	34.4826	23892
Pisochyn	UA	49.9516	36.1026	23509
Kaniv	UA	49.7519	31.47	23503
Hadyach	UA	50.3691	33.997	23480
Berehove	UA	48.2051	22.6445	23325
Kozyatyn	UA	49.7164	28.8386	23241
Brody	UA	50.0885	25.1461	23134
Dokuchayevsk	UA	47.7522	37.6776	22835
Zolochiv	UA	49.8074	24.9038	22608
Nadvirna	UA	48.6366	24.5714	22504
Ladyzhyn	UA	48.6844	29.2364	22459
Otamanivka	UA	48.3459	39.6523	22449
Znamyanka	UA	48.7207	32.6582	22444
Vilnohirsk	UA	48.4842	34.0171	22079
Selydove	UA	48.1465	37.3022	21521
Berestyn	UA	49.3776	35.4449	21426
Bilohorodka	UA	50.3898	30.2273	21369
Merefa	UA	49.8211	36.0567	21202
Volnovakha	UA	47.6008	37.4936	21166
Kremenets	UA	50.0986	25.7279	21063
Polonne	UA	50.1194	27.5086	20785
Dolyna	UA	48.9716	23.9656	20417
Sukhodilsk	UA	48.3508	39.7257	20390
Sokal	UA	50.4745	24.2809	20373
Saperna Slobidka	UA	50.4008	30.5349	20200
Stebnyk	UA	49.301	23.552	20200
Lyman	UA	48.9901	37.8084	20066
Liubotyn	UA	49.9469	35.9291	20001
Kivsharivka	UA	49.6303	37.6775	19738
Trostyanets	UA	50.4848	34.9657	19544
Kiliya	UA	45.4445	29.264	19540
Henichesk	UA	46.1682	34.8086	19501
Popasna	UA	48.6317	38.371	19199
Pidhorodnye	UA	48.5742	35.097	19138
Vynnyky	UA	49.8167	24.1442	19037
Yahotyn	UA	50.2754	31.7634	18995
Krasyliv	UA	49.6538	26.9721	18868
Balaklava	UA	44.5112	33.5994	18649
Reni	UA	45.4542	28.2773	18530
Balta	UA	47.936	29.6223	18511
Kalynivka	UA	49.4613	28.5154	18492
Volochysk	UA	49.5361	26.2068	18474
Hostomel	UA	50.5684	30.2651	18466
Kurakhove	UA	47.9847	37.2807	18220
Pyatykhatky	UA	48.4082	33.7092	18140
Kreminna	UA	49.0481	38.2155	18116
Polohy	UA	47.4787	36.2546	18111
Amvrosiyivka	UA	47.7906	38.4785	17998
Skadovsk	UA	46.1131	32.9098	17915
Pelahiivka	UA	48.1075	38.6134	17877
Zuhres	UA	48.0143	38.266	17871
Rozdilna	UA	46.8548	30.0709	17858
Bohodukhiv	UA	50.1615	35.5237	17818
Korsun-Shevchenkivskyi	UA	49.4182	31.2517	17763
Dniprorudne	UA	47.3899	35.0007	17736
Berezhany	UA	49.4458	24.9369	17697
Kotsyubynske	UA	50.4884	30.3296	17623
Vovchansk	UA	50.2908	36.9411	17459
Skvyra	UA	49.734	29.6635	17452
Derhachi	UA	50.1079	36.1209	17139
Svalyava	UA	48.5474	22.9867	17068
Lutuhyne	UA	48.4043	39.213	17061
Katerynivka	UA	48.5559	39.1828	16948
Mostyska	UA	49.7947	23.1508	16945
Bakhmach	UA	51.1814	32.8346	16862
Shpola	UA	49.0129	31.3926	16674
Sudak	UA	44.8492	34.9747	16597
Zvenyhorodka	UA	49.0776	30.9607	16490
Novoukrayinka	UA	48.3166	31.5236	16479
Bilohirsk	UA	45.0568	34.6039	16428
Berezan	UA	50.3107	31.4677	16202
Svyatopetrivske	UA	50.3821	30.3228	16200
Iziaslav	UA	50.1198	26.8248	16162
Svatove	UA	49.4093	38.1553	16145
Horodok	UA	49.1721	26.5636	16046
Horodok	UA	49.7848	23.6481	15993
Starobilsk	UA	49.2788	38.9075	15947
Apostolove	UA	47.6598	33.7195	15828
Slobozhanske	UA	49.5905	36.5217	15825
Bohuslav	UA	49.5464	30.8741	15789
Bahacheve	UA	49.012	31.0466	15763
Dunayivtsi	UA	48.887	26.8482	15707
Rakhiv	UA	48.0547	24.2031	15621
Bilopillia	UA	51.1475	34.3108	15600
Bortnychi	UA	50.3849	30.6954	15500
Verkhnodniprovsk	UA	48.6556	34.3262	15477
Ilovays’k	UA	47.925	38.2024	15447
Bar	UA	49.0736	27.674	15337
Ovruch	UA	51.3274	28.8016	15332
Radomyshl	UA	50.4962	29.23	15252
Voznesenivka	UA	48.078	39.7871	15218
Novhorod-Siverskyi	UA	52.0068	33.2634	15175
Bolhrad	UA	45.6779	28.6181	15044
Vilnyansk	UA	47.9477	35.4403	15044
Tulchyn	UA	48.674	28.8685	15011
Novi Kodaky	UA	48.4867	34.9564	15000
Pyryatyn	UA	50.2439	32.5203	14988
Novyi Buh	UA	47.6906	32.5121	14969
Ostroh	UA	50.329	26.5211	14894
Putyvl	UA	51.3353	33.8689	14886
Burshtyn	UA	49.2519	24.6334	14737
Krasnohorivka	UA	48.0046	37.5069	14666
Bilozerske	UA	48.5337	37.0627	14634
Hayvoron	UA	48.3432	29.8659	14523
Mykolayiv	UA	49.5255	23.9779	14498
Orikhiv	UA	47.5761	35.7833	14479
Karlivka	UA	49.4555	35.1349	14470
Tetiiv	UA	49.3702	29.6693	14388
Artsyz	UA	45.9853	29.4329	14355
Nyzhnya Krynka	UA	48.1138	38.1596	14253
Koryukivka	UA	51.7746	32.2475	14215
Mykolaivka	UA	48.8619	37.7683	14210
Storozhynets	UA	48.1594	25.7214	14198
Vuhledar	UA	47.7797	37.25	14144
Novohrodivka	UA	48.2005	37.3388	14037
Velykodolynske	UA	46.3464	30.579	13856
Zhovkva	UA	50.0575	23.9735	13852
Borodianka	UA	50.6431	29.9233	13832
Kivertsi	UA	50.8352	25.456	13798
Zbarazh	UA	49.6616	25.7793	13746
Zmiyiv	UA	49.6969	36.3621	13737
Ochakiv	UA	46.6147	31.545	13663
Ukrayinka	UA	50.1432	30.7461	13636
Horodyshche	UA	49.2911	31.4403	13609
Slobozhanske	UA	48.532	35.0715	13556
Nova Odesa	UA	47.3127	31.7697	13547
Hola Prystan	UA	46.5297	32.5241	13544
Bunhe	UA	48.2214	38.2837	13495
Hulyaypole	UA	47.6668	36.2558	13446
Terebovlia	UA	49.2997	25.6889	13425
Talne	UA	48.8889	30.6965	13318
Taromske	UA	48.4428	34.7885	13289
Berezne	UA	51.0034	26.7462	13280
Rozhyshche	UA	50.9163	25.2712	13280
Zhashkiv	UA	49.2459	30.0989	13242
Kaharlyk	UA	49.859	30.8233	13133
Lymanka	UA	46.3856	30.6774	13085
Zolote	UA	48.6952	38.5151	13007
Tarashcha	UA	49.5572	30.4962	12952
Nosivka	UA	50.938	31.5803	12908
Yavoriv	UA	49.9377	23.3835	12785
Antonivka	UA	46.6767	32.7306	12777
Zelenodolsk	UA	47.555	33.6591	12692
Perehinske	UA	48.8112	24.192	12681
Petrovo-Krasnosillya	UA	48.2966	38.8789	12642
Hvardiyske	UA	45.1169	34.0219	12589
Vasylivka	UA	47.4422	35.2821	12567
Primorskyi	UA	45.112	35.4786	12560
Khorol	UA	49.7829	33.2718	12540
Hatne	UA	50.3544	30.375	12500
Bilyayivka	UA	46.4843	30.2089	12477
Beryslav	UA	46.8385	33.4266	12417
Solonytsivka	UA	49.9968	36.0346	12378
Stanytsya-Luhanska	UA	48.6625	39.4836	12258
Chasiv Yar	UA	48.5877	37.8341	12250
Bershad	UA	48.3635	29.5146	12205
Hnivan	UA	49.0939	28.3378	12191
Bashtanka	UA	47.4053	32.4344	12180
Buchach	UA	49.0623	25.395	12171
Kotelva	UA	50.0685	34.747	12122
Kamyanka-Dniprovska	UA	47.4963	34.4103	12117
Snihurivka	UA	47.0765	32.8197	12045
Vasylkivka	UA	48.2082	36.0221	12028
Chaiky	UA	50.4303	30.2839	12000
Mykhaylivka	UA	47.2686	35.2221	11949
Uzyn	UA	49.8248	30.4249	11921
Zhdanivka	UA	48.1532	38.2569	11867
Manevychi	UA	51.2938	25.5306	11775
Pivnichne	UA	48.3978	37.9094	11747
Nemyriv	UA	48.97	28.8378	11662
Ovidiopol	UA	46.2472	30.4375	11572
Kostyantynivka	UA	46.8178	35.4242	11540
Horodnia	UA	51.8913	31.5963	11506
Kamyanka	UA	49.0395	32.1017	11501
Sofiyivka	UA	48.2638	38.1593	11458
Kal'mius'ke	UA	47.6639	38.0775	11422
Bokovo-Khrustalne	UA	48.1512	38.7804	11421
Shchastya	UA	48.7378	39.2305	11411
Zymna Voda	UA	49.8263	23.8822	11365
Syeverne	UA	48.0956	38.6836	11314
Illintsi	UA	49.1054	29.2059	11284
Baranivka	UA	50.2969	27.6622	11161
Prymorsk	UA	46.7341	36.346	11157
Kurman	UA	45.5027	34.3013	11134
Svitlodarsk	UA	48.4337	38.2233	11127
Myronivka	UA	49.6601	30.9823	11103
Yakymivka	UA	46.7011	35.1633	11069
Novoazovs'k	UA	47.1139	38.086	11051
Kamin-Kashyrskyi	UA	51.6251	24.9628	11042
Chornomorske	UA	45.5066	32.6978	11039
Lokhvytsya	UA	50.3644	33.2715	11014
Vysokyi	UA	49.8942	36.1238	10988
Yampil	UA	48.2406	28.2814	10957
Mena	UA	51.5221	32.2136	10935
Siversk	UA	48.8648	38.0968	10875
Sosnivka	UA	50.2897	24.2514	10838
Tatarbunary	UA	45.8386	29.6112	10836
Bobrynets	UA	48.0567	32.1655	10758
Novomyrhorod	UA	48.7934	31.649	10715
Ukrayinsk	UA	48.0978	37.3653	10655
Novotroyitske	UA	46.3509	34.3325	10647
Borshchiv	UA	48.8032	26.0317	10632
Snovsk	UA	51.8167	31.9425	10620
Shcholkine	UA	45.4299	35.8225	10593
Novodnistrovsk	UA	48.5832	27.4366	10590
Bobrovytsia	UA	50.7456	31.382	10541
Hrebinka	UA	50.1202	32.4297	10541
Soledar	UA	48.6921	38.071	10490
Mospyne	UA	47.8901	38.0638	10471
Nova Vodolaha	UA	49.7188	35.8601	10455
Krasnoyilsk	UA	48.0187	25.56	10428
Radyvyliv	UA	50.1304	25.2518	10427
Ichki	UA	45.3427	34.9246	10410
Kamyanka-Buzka	UA	50.1065	24.3445	10397
Ichnia	UA	50.8591	32.3913	10390
Korolevo	UA	48.1573	23.1377	10385
Mala Vyska	UA	48.6469	31.6323	10382
Valky	UA	49.837	35.6139	10381
Hirnyk	UA	48.0573	37.3716	10357
Zhydachiv	UA	49.3832	24.1392	10353
Letychiv	UA	49.3801	27.6189	10335
Haspra	UA	44.4363	34.1125	10310
Liuboml	UA	51.2254	24.0323	10295
Baryshivka	UA	50.3593	31.32	10294
Verkhivtseve	UA	48.4813	34.24	10262
Bolekhiv	UA	49.0648	23.8595	10259
Biyuk-Onlar	UA	45.2887	34.1352	10244
Inkerman	UA	44.6139	33.6098	10204
Novooleksiyivka	UA	46.23	34.6458	10154
Tavriysk	UA	46.7543	33.4166	10108
Sartana	UA	47.1752	37.6918	10070
Olevsk	UA	51.2248	27.6523	10032
Ivankiv	UA	50.9395	29.902	9993
Pokotylivka	UA	49.9134	36.1751	9962
Teplodar	UA	46.502	30.3226	9958
Sniatyn	UA	48.4488	25.5599	9942
Dubove	UA	48.1747	23.8869	9938
Khrystynivka	UA	48.8128	29.9688	9879
Pokrovske	UA	47.9813	36.2345	9868
Rodynske	UA	48.3541	37.2064	9850
Hresivskyi	UA	45.008	34.0266	9835
Dubliany	UA	49.9041	24.0864	9793
Derazhnya	UA	49.2692	27.4291	9772
Kobelyaky	UA	49.1494	34.2019	9772
Nyu-York	UA	48.3303	37.8411	9735
Pereshchepyne	UA	49.0251	35.3689	9720
Vesele	UA	47.0097	34.9184	9719
Andriyivka	UA	49.5354	36.6264	9705
Chaplynka	UA	46.3645	33.5409	9687
Radekhiv	UA	50.2809	24.6384	9680
Ratne	UA	51.6692	24.5264	9657
Velyki Luchky	UA	48.4171	22.5726	9650
Berezivka	UA	47.2004	30.9094	9644
Shyroke	UA	47.6855	33.2615	9623
Pohrebyshche	UA	49.4851	29.2599	9620
Aydar	UA	49.5332	39.1185	9619
Velyka Dymerka	UA	50.5911	30.901	9606
Makariv	UA	50.4573	29.8146	9589
Mizhhirya	UA	48.5243	23.5009	9567
Bilozerka	UA	46.6265	32.4445	9565
Zymohirya	UA	48.5853	38.9375	9557
Smoline	UA	48.6013	31.3129	9547
Zinkiv	UA	50.2099	34.3595	9514
Horodenka	UA	48.669	25.5033	9508
Novyi Svit	UA	47.8067	38.021	9488
Borzna	UA	51.2534	32.4269	9454
Bilenke	UA	48.7659	37.6331	9441
Pustomyty	UA	49.7169	23.9068	9434
Hlyboka	UA	48.0876	25.9284	9424
Cherepkivtsi	UA	48.0156	25.9643	9376
Oprysheny	UA	48.0533	26.027	9376
Staryi Krym	UA	45.0289	35.0917	9370
Hlobyne	UA	49.3789	33.2756	9349
Dubrovytsya	UA	51.5708	26.5637	9343
Sloboda	UA	49.3728	32.1574	9333
Volodymyrets	UA	51.4191	26.1435	9315
Bezliudivka	UA	49.8679	36.2835	9296
Tysmenytsia	UA	48.9036	24.8469	9287
Mirnoye	UA	44.9833	34.0616	9284
Hirske	UA	48.7405	38.496	9274
Rozsoshentsi	UA	49.5409	34.5057	9272
Irmino	UA	48.599	38.5882	9270
Velykyy Bychkiv	UA	47.9682	24.0106	9255
Kalanchak	UA	46.255	33.2906	9251
Reshetylivka	UA	49.563	34.079	9240
Cherniakhiv	UA	50.4541	28.6672	9214
Obukhivka	UA	48.5488	34.8539	9178
Stryzhavka	UA	49.3096	28.4721	9165
Irshava	UA	48.3123	23.0406	9163
Mar'yinka	UA	47.9453	37.5054	9089
Lyubashivka	UA	47.8339	30.2521	9055
Ilnytsia	UA	48.3566	23.0762	9050
Sokilnyky	UA	49.7816	23.9815	9021
Tyachiv	UA	48.0109	23.5717	9019
Kozova	UA	49.4321	25.1455	8989
Velyka Znamianka	UA	47.4454	34.3508	8989
Chornobaivka	UA	46.6964	32.5451	8954
Khodoriv	UA	49.4074	24.3129	8954
Khotyn	UA	48.5055	26.4898	8936
Hurzuf	UA	44.5508	34.2909	8933
Zalishchyky	UA	48.641	25.7317	8928
Donets	UA	49.5076	36.566	8893
Tlumach	UA	48.8652	25.0038	8886
Sokyryany	UA	48.4491	27.4114	8877
Mahala	UA	48.2941	26.0425	8876
Yavornytske	UA	48.4046	35.2793	8836
Kryzhopil	UA	48.3821	28.8677	8754
Pomichna	UA	48.2398	31.4087	8750
Hlevakha	UA	50.2743	30.3253	8742
Nizhnegorskiy	UA	45.4479	34.7384	8741
Chyhyryn	UA	49.0804	32.6608	8664
Monastyryshche	UA	48.9949	29.8099	8647
Solotvyno	UA	47.9473	23.8743	8632
Bilovods'k	UA	49.2085	39.5898	8626
Chop	UA	48.4316	22.2045	8626
Lyubymivka	UA	48.0464	39.4385	8599
Chahor	UA	48.2433	25.9939	8564
Yasinya	UA	48.2726	24.3603	8559
Nerubayske	UA	46.5444	30.6292	8558
Uspenka	UA	48.3908	39.1628	8550
Dachne	UA	46.5823	30.5475	8549
Nove	UA	48.5273	32.1222	8533
Kosiv	UA	48.3205	25.0911	8522
Kodyma	UA	48.1031	29.126	8514
Bilozirya	UA	49.301	31.8936	8506
Hrushovo	UA	48.0068	23.7743	8500
Rava-Ruska	UA	50.2325	23.6217	8494
Usatove	UA	46.5289	30.6495	8483
Pervomayske	UA	45.7174	33.856	8470
Oleksandrivka	UA	48.968	32.2397	8464
Andrushivka	UA	50.0192	29.0188	8458
Bushtyno	UA	48.0473	23.4858	8444
Horokhiv	UA	50.5022	24.7568	8444
Lanivtsi	UA	49.861	26.0905	8434
Velyka Berezovytsya	UA	49.4987	25.6123	8391
Buryn	UA	51.1994	33.8334	8359
Busk	UA	49.9655	24.6123	8355
Lypovets	UA	49.2278	29.0567	8303
Delyatyn	UA	48.5248	24.6257	8276
Vyshkovo	UA	48.0489	23.4199	8243
Mlyniv	UA	50.5103	25.6172	8228
Bohorodchany	UA	48.8081	24.5373	8222
Kupyansk-Vuzlovyi	UA	49.6706	37.6432	8212
Novi Sanzhary	UA	49.3338	34.315	8179
Kvasyliv	UA	50.5623	26.2594	8117
Yaremche	UA	48.4489	24.5533	8094
Alupka	UA	44.4195	34.0449	8087
Slov`yanoserbsk	UA	48.6978	38.9813	8065
Bilky	UA	48.3141	23.1326	8064
Velyka Lepetykha	UA	47.1714	33.9315	8047
Yasnohirka	UA	48.7737	37.554	8030
Krasnokutsk	UA	50.066	35.1628	8008
Rzhyshchiv	UA	49.9693	31.0424	7993
Oleksiyevo-Druzhkivka	UA	48.5791	37.6094	7959
Vradiyivka	UA	47.8642	30.5888	7956
Zastavna	UA	48.5214	25.8426	7896
Podvirky	UA	49.9799	36.0924	7890
Kushuhum	UA	47.7096	35.2164	7886
Lanchyn	UA	48.5517	24.7492	7855
Krasnopillya	UA	50.7739	35.2563	7849
Pidvolochysk	UA	49.5313	26.144	7843
Barvinkove	UA	48.9052	37.0226	7840
Zavodske	UA	50.4006	33.4012	7832
Sosnytsia	UA	51.5239	32.4999	7825
Nikol's’ke	UA	47.2053	37.3214	7801
Rohatyn	UA	49.4104	24.611	7797
Ananyiv	UA	47.7197	29.9571	7789
Ruska Poliana	UA	49.417	31.9201	7780
Novoaidar	UA	48.9629	39.0038	7773
Bilytske	UA	48.4064	37.1811	7764
Zolochiv	UA	50.2733	35.9776	7744
Lysyanka	UA	49.2505	30.8278	7737
Manhush	UA	47.0562	37.3119	7731
Panteleymonivka	UA	48.2015	37.9739	7727
Malynivka	UA	49.799	36.7198	7725
Velykyy Bereznyy	UA	48.8934	22.4612	7713
Bilokurakyne	UA	49.5331	38.7284	7712
Vylkove	UA	45.4028	29.5869	7712
Novi Petrivtsi	UA	50.6268	30.4428	7700
Pochayiv	UA	50.0041	25.5093	7691
Varva	UA	50.4986	32.7227	7689
Vypasne	UA	46.1909	30.2562	7675
Dykanka	UA	49.8259	34.522	7662
Velykyi Dalnyk	UA	46.4721	30.5629	7655
Kozelets	UA	50.9121	31.1166	7646
Mankivka	UA	48.9639	30.3363	7634
Oleksandrivka	UA	46.3287	30.6356	7600
Molodyozhnoye	UA	45.0035	34.0563	7597
Novoselytsya	UA	48.2181	26.2677	7588
Vlasivka	UA	49.1183	33.2797	7587
Trostyanets	UA	48.5091	29.2274	7584
Berehomet	UA	48.1715	25.3303	7583
Kryve Ozero	UA	47.9476	30.347	7583
Solone	UA	48.2091	34.8758	7557
Bereznehuvate	UA	47.3087	32.851	7552
Teresva	UA	47.9977	23.699	7547
Krasnopavlivka	UA	49.137	36.3201	7495
Nova Zburivka	UA	46.4546	32.4528	7489
Kripenskyi	UA	48.0771	39.058	7487
Yedy-Kuyu	UA	45.2986	35.7771	7426
Turka	UA	49.1536	23.0293	7395
Novoozerne	UA	45.3839	33.1171	7393
Yarmolyntsi	UA	49.1927	26.8344	7381
Volodarka	UA	49.525	29.9102	7355
Rudne	UA	49.8333	23.9	7350
Khoroshiv	UA	50.5948	28.4449	7337
Zarichne	UA	51.8139	26.1308	7336
Ivanivka	UA	48.2431	38.945	7333
Tsarychanka	UA	48.9419	34.486	7328
Rozdolne	UA	45.7702	33.4909	7326
Pivdenne	UA	49.8813	36.0681	7319
Romaniv	UA	50.1473	27.9314	7318
Vapnyarka	UA	48.5311	28.747	7316
Babayi	UA	49.8963	36.1931	7304
Vuhlehirsk	UA	48.3149	38.2718	7294
Peremyshliany	UA	49.6693	24.5576	7284
Masandra	UA	44.5152	34.1844	7280
Dokuchayevske	UA	49.8925	36.4516	7251
Borova	UA	50.1763	30.1043	7241
Nyzhnia Apsha	UA	48.0037	23.8329	7227
Kelmentsi	UA	48.4664	26.8328	7211
Mala Danylivka	UA	50.062	36.1679	7211
Kypuche	UA	48.4406	38.732	7203
Yampil’	UA	51.9477	33.7876	7200
Chornobay	UA	49.6707	32.3236	7162
Seredyna-Buda	UA	52.1889	34.0361	7161
Petrove	UA	48.3381	33.2653	7150
Troitske	UA	49.912	38.2842	7144
Poninka	UA	50.1841	27.5282	7120
Lymanske	UA	46.6795	29.9723	7119
Shabo	UA	46.1266	30.3857	7108
Zorynsk	UA	48.4119	38.6236	7096
Shevchenkove	UA	49.6951	37.1763	7090
Markivka	UA	49.525	39.57	7087
Husiatyn	UA	49.0712	26.2046	7083
Sharhorod	UA	48.7356	28.0846	7067
Islyam-Terek	UA	45.2297	35.1999	7064
Lymanivka	UA	48.9376	36.2772	7038
Mezhova	UA	48.2542	36.7318	7022
Chornomorske	UA	46.584	30.9307	7020
Sakhnovshchyna	UA	49.1502	35.8727	7010
Kazanka	UA	47.8269	32.8306	6972
Vilino	UA	44.8456	33.6716	6960
Petropavlivka	UA	48.4635	36.4306	6944
Korets	UA	50.6192	27.1579	6914
Desna	UA	50.9274	30.7668	6906
Komyshany	UA	46.6399	32.5034	6896
Peresichna	UA	50.0245	35.9787	6894
Piskivka	UA	50.6942	29.6217	6889
Vorzel	UA	50.5444	30.1531	6859
Dobroslav	UA	46.821	30.9452	6847
Kamyanka	UA	48.0279	25.8996	6847
Tomakivka	UA	47.8108	34.7432	6828
Nova Mayachka	UA	46.5994	33.2243	6811
Vorozhba	UA	51.1732	34.2266	6809
Bilmak	UA	47.3591	36.6533	6802
Shchaslyve	UA	50.3784	30.7911	6800
Bile	UA	48.4952	39.0505	6775
Velyki Komiaty	UA	48.2374	22.9772	6772
Vinnytski Khutory	UA	49.2069	28.5548	6770
Chynadiyovo	UA	48.4867	22.8337	6762
Holmivskyi	UA	48.4039	38.082	6750
Budy	UA	49.8913	36.021	6742
Ladan	UA	50.5183	32.5842	6719
Petrovka	UA	45.4978	34.2882	6714
Novodruzhesk	UA	48.9635	38.352	6705
Khorostkiv	UA	49.2139	25.9196	6703
Zboriv	UA	49.6649	25.1402	6695
Perechyn	UA	48.7349	22.4772	6683
Vilshany	UA	50.0544	35.8823	6682
Velyka Oleksandrivka	UA	47.3189	33.2906	6654
Lityn	UA	49.3271	28.087	6652
Ripky	UA	51.8017	31.0858	6643
Karnaukhivka	UA	48.4754	34.7363	6634
Sofiyivka	UA	48.0473	33.8724	6601
Nova Praha	UA	48.5687	32.9043	6593
Pryazovske	UA	46.7312	35.6408	6578
Sofiyivska Borschagivka	UA	50.41	30.3672	6571
Voronizh	UA	51.7757	33.4594	6560
Kubey	UA	45.7913	28.7446	6544
Slatyne	UA	50.2104	36.1538	6544
Dovhe	UA	48.3665	23.2811	6541
Hornostayivka	UA	47.0117	33.7299	6541
Shyryayeve	UA	47.3848	30.1907	6537
Rokytne	UA	51.2789	27.2171	6521
Pryvillia	UA	49.0056	38.2988	6520
Voronovytsya	UA	49.109	28.6868	6516
Teofipol	UA	49.8389	26.4204	6509
Kopychyntsi	UA	49.103	25.9116	6502
Skole	UA	49.0377	23.5136	6491
Petropavlivska Borshchahivka	UA	50.4338	30.3287	6485
Sudova Vyshnia	UA	49.7868	23.374	6470
Bryukhovychi	UA	49.9047	23.9597	6440
Lozuvatka	UA	48.0601	33.2814	6412
Oleksandrivsk	UA	48.5861	39.1895	6401
Zhulyany	UA	50.3943	30.4406	6400
Dobrotvir	UA	50.2053	24.3835	6381
Drabiv	UA	49.9589	32.1503	6358
Irshansk	UA	50.7532	28.7212	6346
Heorhiivka	UA	48.4228	39.2528	6287
Velyki Mosty	UA	50.2432	24.14	6286
Tsyrkuny	UA	50.0844	36.3872	6284
Klishkivtsi	UA	48.4234	26.2523	6279
Chervonohryhorivka	UA	47.6191	34.5378	6270
Arbuzynka	UA	47.9079	31.317	6266
Savran	UA	48.1293	30.0833	6264
Fontanka	UA	46.5686	30.8592	6260
Krasne	UA	49.914	24.6149	6250
Teplyk	UA	48.6654	29.7448	6250
Hradyzk	UA	49.2394	33.1394	6248
Novovorontsovka	UA	47.505	33.9232	6248
Zuya	UA	45.0542	34.3215	6230
Kitsman	UA	48.4387	25.7611	6229
Ivano-Frankove	UA	49.9217	23.7249	6223
Trebukhiv	UA	50.4843	30.903	6207
Rozkishne	UA	48.4896	39.2788	6205
Velyka Bilozerka	UA	47.2757	34.6846	6200
Partenit	UA	44.578	34.3446	6193
Zarichne	UA	48.7325	35.3093	6191
Svesa	UA	51.9513	33.9338	6186
Nemishayeve	UA	50.5594	30.0866	6178
Turbiv	UA	49.3408	28.7183	6166
Yemilchyne	UA	50.8719	27.802	6162
Vinkivtsi	UA	49.034	27.2313	6127
Rodakove	UA	48.5589	39.0252	6122
Novoarkhanhelsk	UA	48.6619	30.8071	6121
Mahdalynivka	UA	48.912	34.9139	6119
Ruske Pole	UA	48.0573	23.5351	6112
Popilnia	UA	49.9532	29.4526	6109
Molochansk	UA	47.2041	35.5979	6099
Semenivka	UA	49.5966	33.1794	6089
Halych	UA	49.1237	24.7275	6086
Chutove	UA	49.7141	35.1575	6079
Shklo	UA	49.9567	23.5441	6069
Stavyshche	UA	49.3915	30.191	6056
Kosmach	UA	48.3311	24.8142	6054
Blahovishchenske	UA	48.3282	30.2362	6051
Volodymyrivka	UA	47.7339	37.3882	6047
Starobesheve	UA	47.7507	38.0304	6044
Sutysky	UA	49.039	28.4196	6027
Yizhivtsi	UA	48.0253	25.6463	5987
Staryi Krym	UA	47.1611	37.4881	5977
Domanivka	UA	47.6287	30.9865	5972
Mayaky	UA	46.4125	30.2672	5937
Pobuzke	UA	48.1595	30.5925	5897
Novodonetske	UA	48.6351	36.9828	5895
Vasyshcheve	UA	49.8347	36.3312	5862
Murovani Kurylivtsi	UA	48.7181	27.5308	5859
Holovanivsk	UA	48.3874	30.4595	5857
Balabyne	UA	47.7369	35.2136	5850
Verkhovyna	UA	48.1554	24.8299	5829
Mamayvtsi	UA	48.3472	25.8275	5818
Chernihivka	UA	47.1945	36.2165	5813
Turiisk	UA	51.0872	24.5262	5808
Bylbasivka	UA	48.8393	37.5018	5807
Veselynove	UA	47.3569	31.2322	5785
Ozerne	UA	50.1782	28.7338	5777
Zelenivka	UA	46.7172	32.657	5775
Oleksandrivka	UA	48.7074	36.9127	5740
Oleksandrivka	UA	47.9207	37.5787	5740
Shchyrets	UA	49.6525	23.8579	5733
Balky	UA	47.386	34.9313	5717
Mala Bilozerka	UA	47.2442	34.9307	5717
Chornukhyne	UA	48.3228	38.5174	5703
Liubeshiv	UA	51.7651	25.5132	5702
Bessarabske	UA	46.1876	29.1464	5692
Borivske	UA	48.8686	38.567	5692
Vodiane	UA	47.4867	34.5025	5685
Kamyanets	UA	48.3609	32.6547	5675
Novofedorovka	UA	45.0947	33.5721	5651
Kehychivka	UA	49.2866	35.7615	5628
Kalyny	UA	48.144	23.8739	5627
Ispas	UA	48.2988	25.2694	5625
Shevchenkove	UA	45.5549	29.3335	5625
Dymer	UA	50.7858	30.3036	5624
Novofedorivka	UA	46.1748	32.3177	5620
Monastyryska	UA	49.0906	25.1715	5618
Lyubymivka	UA	46.8105	33.5684	5611
Velyka Dobron	UA	48.4198	22.3886	5607
Staryi Sambir	UA	49.44	23.0008	5603
Makiv	UA	48.7946	26.6814	5602
Semenivka	UA	52.1786	32.5818	5600
Dobrovelychkivka	UA	48.3894	31.1804	5575
Oster	UA	50.9497	30.8773	5564
Morshyn	UA	49.1552	23.8706	5562
Avanhard	UA	46.4687	30.6155	5554
Dniprovske	UA	48.5904	34.4139	5554
Pionerskoye	UA	44.8808	34.2019	5534
Hlybokyi Potik	UA	48.0577	23.8959	5531
Zorya	UA	45.9912	29.6923	5528
Yalta	UA	46.961	37.2745	5519
Katerynopil	UA	48.9456	30.9719	5513
Nova Borova	UA	50.6911	28.6319	5494
Velyka Bahachka	UA	49.7982	33.7201	5488
Mishkovo-Pohorilove	UA	46.9946	32.1099	5484
Broshniv-Osada	UA	48.9976	24.1942	5482
Hubynykha	UA	48.808	35.2583	5471
Shumsk	UA	50.1178	26.1179	5470
Serednie Vodiane	UA	47.9829	23.909	5465
Velyki Kopani	UA	46.4894	32.9721	5464
Tomashpil	UA	48.5369	28.513	5463
Koreyiz	UA	44.4315	34.084	5455
Chudniv	UA	50.0525	28.1206	5448
Otyniia	UA	48.7379	24.8611	5444
Vilne	UA	47.6379	34.8167	5432
Bedevlya	UA	48.005	23.6643	5423
Milove	UA	49.3762	40.1365	5418
Verkhniy Rohachyk	UA	47.2521	34.3356	5404
Hnidyn	UA	50.3257	30.7147	5400
Teple	UA	48.3124	39.5628	5398
Krasnorichenske	UA	49.2191	38.2097	5381
Ozerne	UA	45.4056	28.6686	5370
Donske	UA	47.5136	37.5373	5362
Horenka	UA	50.5573	30.3322	5358
Marshyntsi	UA	48.2119	26.2993	5353
Rozhniv	UA	48.365	25.2284	5351
Eskhar	UA	49.7974	36.5902	5349
Serhiyivka	UA	46.0251	30.3683	5343
Staromykhailivka	UA	47.9926	37.5858	5333
Tarasivtsi	UA	48.2056	26.3644	5330
Savyntsi	UA	49.4004	37.0513	5326
Nedryhailiv	UA	50.8359	33.8785	5323
Novosilky	UA	50.3122	30.0754	5316
Vashkivtsi	UA	48.3839	25.5175	5312
Pishchanka	UA	48.2125	28.8806	5311
Stara Synyava	UA	49.5971	27.615	5311
Velyka Mykhaylivka	UA	47.0785	29.8525	5303
Rivne	UA	48.2427	31.7581	5296
Okny	UA	47.5429	29.4559	5290
Opishnya	UA	49.9595	34.6063	5278
Rudky	UA	49.6535	23.4867	5278
Verkhnye Vodyane	UA	48.0038	23.9599	5272
Shatsk	UA	51.4993	23.9359	5266
Chudei	UA	48.051	25.6221	5265
Talalaivka	UA	50.8429	33.1417	5249
Kolinkivtsy	UA	48.4125	26.1246	5245
Bilohirya	UA	49.9989	26.4144	5244
Novohuivynske	UA	50.2069	28.6921	5240
Pechenizhyn	UA	48.5167	24.8832	5240
Horodnytsia	UA	50.8066	27.3142	5238
Novomykolayivka	UA	47.9736	35.8981	5238
Iza	UA	48.2152	23.3287	5237
Plakhtiyivka	UA	46.095	29.7189	5237
Velyka Novosilka	UA	47.8428	36.8363	5235
Velyka Pysarivka	UA	50.4233	35.483	5235
Mykulychyn	UA	48.409	24.609	5221
Khutir-Mykhaylivskyi	UA	52.0477	33.9453	5220
Komyshuvakha	UA	47.7149	35.5241	5211
Knyazhichi	UA	50.4627	30.7837	5207
Chemerivtsi	UA	49.0091	26.34	5200
Oleksandrivka	UA	47.6901	31.2776	5200
Lypova Dolyna	UA	50.5629	33.7915	5199
Davydiv	UA	49.7469	24.1393	5193
Krasnosilka	UA	46.6229	30.7697	5187
Troyitske	UA	46.5417	30.0235	5178
Borova	UA	49.3805	37.6193	5174
Berezna	UA	51.5782	31.7874	5172
Bratske	UA	47.8666	31.5753	5164
Zakharivka	UA	47.3313	29.754	5142
Pulyny	UA	50.4674	28.27	5141
Horodkivka	UA	48.3788	28.6934	5138
Volovets	UA	48.7109	23.1851	5128
Chisten’koye	UA	44.8815	34.0472	5126
Pechenihy	UA	49.8693	36.9386	5112
Starokozache	UA	46.3358	29.9888	5108
Horodnye	UA	45.892	28.8495	5104
Chabany	UA	50.3413	30.4286	5100
Hoshcha	UA	50.6025	26.681	5084
Korop	UA	51.5667	32.9522	5071
Stari Kuty	UA	48.2794	25.163	5068
Romankivtsi	UA	48.4842	27.2141	5066
Obolon	UA	49.6041	32.8745	5063
Stara Vyzhivka	UA	51.4366	24.4396	5058
Talalaivka	UA	50.9578	31.9209	5054
Znamyanka Druha	UA	48.7116	32.5966	5038
Ruska Lozova	UA	50.1421	36.2861	5018
Bohdanivka	UA	48.5019	36.1217	5016
Vatican City	VA	41.9027	12.4541	829
Pristina	XK	42.6727	21.1669	550000
Prizren	XK	42.2139	20.7397	171464
Mitrovicë	XK	42.8833	20.8667	107045
Gjakovë	XK	42.3803	20.4308	94158
Suva Reka	XK	42.3586	20.825	72229
Ferizaj	XK	42.3706	21.1553	59504
Glogovac	XK	42.6283	20.8939	58579
Gjilan	XK	42.4605	21.4699	51912
Deçan	XK	42.5402	20.2879	50500
Pejë	XK	42.6591	20.2883	48962
Vitina	XK	42.3214	21.3583	46959
Istok	XK	42.7808	20.4875	40000
Dragash	XK	42.0265	20.6533	35000
Podujeva	XK	42.9106	21.1931	35000
Shtime	XK	42.4331	21.0397	35000
Vushtrri	XK	42.8231	20.9675	30651
Orahovac	XK	42.3994	20.6547	22049
Llazicë	XK	42.5553	20.7633	19863
Leposaviq	XK	43.1039	20.8028	19000
Zvečan	XK	42.9075	20.8403	17000
Kosovo Polje	XK	42.6639	21.0961	16154
Zubin Potok	XK	42.9144	20.6897	14900
Obiliq	XK	42.6869	21.0703	11612
Kačanik	XK	42.2319	21.2594	9800
Hani i Elezit	XK	42.15	21.2967	9389
Kamenica	XK	42.5781	21.5803	9312
Lipljan	XK	42.5217	21.1258	9047
Klina	XK	42.6217	20.5778	8050
Štrpce	XK	42.2394	21.0272	6913
Novo Brdo	XK	42.6159	21.434	6720
Zhabari i Ultë	XK	42.8714	20.8411	6470
Strellc i Epërm	XK	42.5784	20.294	6100
Mamuša	XK	42.3308	20.7269	5507
Isniq	XK	42.5575	20.3028	5500
Srbica	XK	42.7467	20.7886	5089
